UserID,Age,Preferred_Mode,Loyalty_Points,user_total_trips,user_total_revenue,user_rain_trip_share,user_peak_trip_share,Predicted_Churn_Probability,Predicted_Churn_Label,Churn_Risk_Level,Recommended_Action
U1952,25,Shuttle,690,1.0,18000.0,0.0,1.0,0.7615049998473191,1,High,Send retention offer + proactive service recovery message
U1390,28,Shuttle,4146,1.0,20000.0,0.0,0.0,0.7281990997344661,1,High,Send retention offer + proactive service recovery message
U1402,21,Metro/Bus,2979,1.0,7000.0,0.0,0.0,0.7133538086202343,1,High,Send retention offer + proactive service recovery message
U0742,30,Shuttle,2476,1.0,20000.0,0.0,1.0,0.7004003593873404,1,High,Send retention offer + proactive service recovery message
U0019,40,Shuttle,169,2.0,86000.0,0.0,1.0,0.7003790855439739,1,High,Send retention offer + proactive service recovery message
U1889,21,Metro/Bus,2580,1.0,15000.0,0.0,1.0,0.6940972797210107,1,Medium,Send personalized cross-modal loyalty incentive
U1309,20,E-Bike,452,2.0,30500.0,0.0,0.5,0.6923224455756547,1,Medium,Send personalized cross-modal loyalty incentive
U0074,43,Metro/Bus,557,1.0,7500.0,0.0,0.0,0.687743949722932,1,Medium,Send personalized cross-modal loyalty incentive
U0560,33,E-Bike,3296,2.0,25500.0,0.0,0.5,0.6803194573822894,1,Medium,Send personalized cross-modal loyalty incentive
U1299,54,E-Bike,1743,2.0,60000.0,0.0,0.5,0.6761778925569468,1,Medium,Send personalized cross-modal loyalty incentive
U1846,53,E-Bike,4172,1.0,20000.0,0.0,1.0,0.6745754915675285,1,Medium,Send personalized cross-modal loyalty incentive
U0013,19,Shuttle,2004,1.0,20000.0,0.0,0.0,0.674061212560452,1,Medium,Send personalized cross-modal loyalty incentive
U0686,19,E-Bike,1337,2.0,64500.0,0.0,1.0,0.6724528777435411,1,Medium,Send personalized cross-modal loyalty incentive
U1975,21,E-Bike,3245,2.0,78000.0,0.0,0.5,0.6698238297203215,1,Medium,Send personalized cross-modal loyalty incentive
U0259,30,Shuttle,943,1.0,15000.0,0.0,1.0,0.6680445424798459,1,Medium,Send personalized cross-modal loyalty incentive
U1250,45,E-Bike,1996,2.0,47000.0,0.0,0.5,0.6666231951903777,1,Medium,Send personalized cross-modal loyalty incentive
U1238,36,E-Bike,3226,1.0,15000.0,0.0,0.0,0.666582255253553,1,Medium,Send personalized cross-modal loyalty incentive
U1375,36,Metro/Bus,4639,1.0,7000.0,0.0,0.0,0.6630063103458812,1,Medium,Send personalized cross-modal loyalty incentive
U0701,52,E-Bike,289,1.0,40000.0,0.0,0.0,0.6627371949481992,1,Medium,Send personalized cross-modal loyalty incentive
U0154,48,Metro/Bus,3766,1.0,20000.0,0.0,0.0,0.6608031278707354,1,Medium,Send personalized cross-modal loyalty incentive
U0780,22,E-Bike,1423,1.0,40000.0,0.0,1.0,0.659511237251525,1,Medium,Send personalized cross-modal loyalty incentive
U1177,24,E-Bike,3888,1.0,40000.0,0.0,0.0,0.659065200288921,1,Medium,Send personalized cross-modal loyalty incentive
U1999,29,E-Bike,4853,1.0,40000.0,0.0,1.0,0.6552274545225565,1,Medium,Send personalized cross-modal loyalty incentive
U0211,44,Shuttle,2342,1.0,28500.0,0.0,0.0,0.6546621698106622,1,Medium,Send personalized cross-modal loyalty incentive
U1048,33,E-Bike,2217,2.0,47000.0,0.5,0.5,0.654616612455177,1,Medium,Send personalized cross-modal loyalty incentive
U1499,25,Metro/Bus,812,2.0,30000.0,0.0,0.0,0.6545669647861763,1,Medium,Send personalized cross-modal loyalty incentive
U0547,52,Metro/Bus,4978,1.0,15000.0,0.0,1.0,0.6520237530281846,1,Medium,Send personalized cross-modal loyalty incentive
U1003,55,Metro/Bus,4940,1.0,15000.0,0.0,0.0,0.6517525963857899,1,Medium,Send personalized cross-modal loyalty incentive
U1875,22,E-Bike,1927,1.0,20000.0,0.0,0.0,0.6516352238928422,1,Medium,Send personalized cross-modal loyalty incentive
U1636,39,Metro/Bus,3651,1.0,18000.0,0.0,1.0,0.6508110315431569,1,Medium,Send personalized cross-modal loyalty incentive
U2056,37,Shuttle,4249,2.0,23500.0,0.0,0.0,0.6502749151719894,1,Medium,Send personalized cross-modal loyalty incentive
U1230,32,E-Bike,186,2.0,96000.0,0.0,0.5,0.6496873881601617,1,Medium,Send personalized cross-modal loyalty incentive
U0240,45,Metro/Bus,4351,1.0,16500.0,0.0,0.0,0.6486359984193023,1,Medium,Send personalized cross-modal loyalty incentive
U0230,41,E-Bike,4689,1.0,24000.0,0.0,1.0,0.6480404351770965,1,Medium,Send personalized cross-modal loyalty incentive
U1445,38,E-Bike,952,1.0,57000.0,0.0,0.0,0.646725514646765,1,Medium,Send personalized cross-modal loyalty incentive
U1251,42,Shuttle,1602,1.0,7000.0,1.0,0.0,0.6462716693697119,1,Medium,Send personalized cross-modal loyalty incentive
U1324,30,E-Bike,1240,1.0,19500.0,0.0,0.0,0.6441031900382385,1,Medium,Send personalized cross-modal loyalty incentive
U2141,51,E-Bike,1732,1.0,40000.0,0.0,0.0,0.6433105624641946,1,Medium,Send personalized cross-modal loyalty incentive
U0163,38,Shuttle,547,5.0,103500.0,0.0,0.4,0.6426749248947627,1,Medium,Send personalized cross-modal loyalty incentive
U2199,50,E-Bike,3879,1.0,33000.0,0.0,1.0,0.6416621150768917,1,Medium,Send personalized cross-modal loyalty incentive
U2124,25,Shuttle,2400,2.0,57000.0,0.5,1.0,0.6414355352833065,1,Medium,Send personalized cross-modal loyalty incentive
U0503,44,Shuttle,1058,3.0,36000.0,0.0,0.3333333333333333,0.6411466489242327,1,Medium,Send personalized cross-modal loyalty incentive
U0382,35,E-Bike,996,2.0,47000.0,0.0,0.0,0.6410713683612329,1,Medium,Send personalized cross-modal loyalty incentive
U0305,25,E-Bike,499,2.0,47500.0,0.0,1.0,0.6408789491815606,1,Medium,Send personalized cross-modal loyalty incentive
U0855,43,Shuttle,668,3.0,57000.0,0.3333333333333333,0.0,0.6386164895123119,1,Medium,Send personalized cross-modal loyalty incentive
U1192,54,E-Bike,1275,1.0,40000.0,0.0,1.0,0.6383072632514777,1,Medium,Send personalized cross-modal loyalty incentive
U2156,44,E-Bike,3032,1.0,15000.0,0.0,1.0,0.637646015986478,1,Medium,Send personalized cross-modal loyalty incentive
U0057,36,Metro/Bus,4591,1.0,22500.0,0.0,1.0,0.637254267617654,1,Medium,Send personalized cross-modal loyalty incentive
U0445,40,E-Bike,2965,1.0,7500.0,0.0,0.0,0.6364206198601912,1,Medium,Send personalized cross-modal loyalty incentive
U0604,34,Shuttle,4247,1.0,40000.0,0.0,0.0,0.636175364037802,1,Medium,Send personalized cross-modal loyalty incentive
U0053,19,E-Bike,1749,2.0,55000.0,0.0,0.5,0.6359117903231937,1,Medium,Send personalized cross-modal loyalty incentive
U2079,36,E-Bike,3809,1.0,55500.0,0.0,1.0,0.6354406192574797,1,Medium,Send personalized cross-modal loyalty incentive
U0884,45,E-Bike,3054,1.0,21000.0,0.0,1.0,0.6352242872126335,1,Medium,Send personalized cross-modal loyalty incentive
U2015,23,Shuttle,1139,3.0,67000.0,0.0,0.3333333333333333,0.6343905076656898,1,Medium,Send personalized cross-modal loyalty incentive
U1837,18,E-Bike,357,2.0,78000.0,0.0,0.5,0.6343270009426447,1,Medium,Send personalized cross-modal loyalty incentive
U2153,48,Shuttle,636,2.0,52500.0,0.0,0.5,0.6338039788738131,1,Medium,Send personalized cross-modal loyalty incentive
U1695,20,Metro/Bus,745,2.0,27500.0,0.0,1.0,0.6327870080616539,1,Medium,Send personalized cross-modal loyalty incentive
U1732,31,E-Bike,1429,2.0,22000.0,0.5,0.5,0.632679478531001,1,Medium,Send personalized cross-modal loyalty incentive
U2197,29,E-Bike,3750,1.0,31500.0,0.0,1.0,0.6325333215344068,1,Medium,Send personalized cross-modal loyalty incentive
U1228,19,Metro/Bus,2264,2.0,66000.0,0.0,0.5,0.6311810615219483,1,Medium,Send personalized cross-modal loyalty incentive
U1704,50,E-Bike,3340,2.0,19000.0,0.5,0.5,0.6296027112615402,1,Medium,Send personalized cross-modal loyalty incentive
U1756,31,E-Bike,524,4.0,178000.0,0.0,0.75,0.6289597205185636,1,Medium,Send personalized cross-modal loyalty incentive
U1195,45,Shuttle,861,4.0,170000.0,0.0,0.75,0.6281360831847936,1,Medium,Send personalized cross-modal loyalty incentive
U0609,26,E-Bike,2542,2.0,80000.0,0.0,0.0,0.6277538249659116,1,Medium,Send personalized cross-modal loyalty incentive
U0443,41,Shuttle,4104,1.0,57000.0,0.0,1.0,0.627724935790947,1,Medium,Send personalized cross-modal loyalty incentive
U0440,25,E-Bike,3447,1.0,28500.0,0.0,0.0,0.6277021964584398,1,Medium,Send personalized cross-modal loyalty incentive
U1037,48,E-Bike,3914,2.0,50500.0,0.0,1.0,0.6268128160083922,1,Medium,Send personalized cross-modal loyalty incentive
U1191,48,Shuttle,1240,2.0,47500.0,0.0,0.5,0.6265565814035452,1,Medium,Send personalized cross-modal loyalty incentive
U0426,38,Shuttle,3876,2.0,60000.0,0.0,0.5,0.6236354591983237,1,Medium,Send personalized cross-modal loyalty incentive
U0931,27,E-Bike,2135,3.0,100500.0,0.0,0.0,0.6219960339449115,1,Medium,Send personalized cross-modal loyalty incentive
U0535,55,E-Bike,2397,1.0,48000.0,0.0,1.0,0.6190500993539497,1,Medium,Send personalized cross-modal loyalty incentive
U1381,36,E-Bike,3858,1.0,37500.0,0.0,0.0,0.6188878767631136,1,Medium,Send personalized cross-modal loyalty incentive
U0936,28,E-Bike,1763,3.0,79500.0,0.0,0.0,0.6185668471174911,1,Medium,Send personalized cross-modal loyalty incentive
U0988,28,Metro/Bus,522,2.0,44500.0,0.0,0.0,0.6185039462677603,1,Medium,Send personalized cross-modal loyalty incentive
U1124,45,E-Bike,2444,2.0,55000.0,0.0,0.5,0.6180899963266016,1,Medium,Send personalized cross-modal loyalty incentive
U0345,23,E-Bike,3701,2.0,42000.0,0.0,0.0,0.6180560914676172,1,Medium,Send personalized cross-modal loyalty incentive
U0763,20,E-Bike,298,3.0,78500.0,0.3333333333333333,0.6666666666666666,0.6178103019787228,1,Medium,Send personalized cross-modal loyalty incentive
U0121,49,E-Bike,3940,1.0,39000.0,0.0,0.0,0.6170207079154072,1,Medium,Send personalized cross-modal loyalty incentive
U1477,26,E-Bike,3624,3.0,34000.0,0.3333333333333333,0.3333333333333333,0.6169917070554207,1,Medium,Send personalized cross-modal loyalty incentive
U1301,44,E-Bike,4215,1.0,31500.0,0.0,0.0,0.615904648462902,1,Medium,Send personalized cross-modal loyalty incentive
U2115,40,Metro/Bus,295,2.0,59500.0,0.0,0.5,0.6158000604544229,1,Medium,Send personalized cross-modal loyalty incentive
U0148,49,E-Bike,578,1.0,46500.0,0.0,0.0,0.6156688778344311,1,Medium,Send personalized cross-modal loyalty incentive
U1997,25,Metro/Bus,3394,2.0,40000.0,0.0,0.0,0.6156058268981437,1,Medium,Send personalized cross-modal loyalty incentive
U0482,33,Metro/Bus,3503,2.0,31500.0,0.0,0.5,0.6147897506340618,1,Medium,Send personalized cross-modal loyalty incentive
U0251,47,Metro/Bus,3491,1.0,15000.0,0.0,1.0,0.6145552948868249,1,Medium,Send personalized cross-modal loyalty incentive
U0436,37,E-Bike,454,3.0,119500.0,0.0,0.6666666666666666,0.6134487390367273,1,Medium,Send personalized cross-modal loyalty incentive
U0932,54,E-Bike,2991,1.0,63000.0,0.0,1.0,0.6123212368902992,1,Medium,Send personalized cross-modal loyalty incentive
U1804,55,Shuttle,464,2.0,20500.0,0.5,0.5,0.6114982156199855,1,Medium,Send personalized cross-modal loyalty incentive
U1492,25,E-Bike,250,4.0,86500.0,0.0,0.75,0.6113144216432453,1,Medium,Send personalized cross-modal loyalty incentive
U2031,33,E-Bike,2022,2.0,82500.0,0.0,0.5,0.6111862534537429,1,Medium,Send personalized cross-modal loyalty incentive
U0208,53,E-Bike,3514,3.0,62000.0,0.0,0.6666666666666666,0.6107644626034987,1,Medium,Send personalized cross-modal loyalty incentive
U1175,23,E-Bike,1144,3.0,62500.0,0.3333333333333333,0.6666666666666666,0.6095329591656065,1,Medium,Send personalized cross-modal loyalty incentive
U0124,26,E-Bike,121,3.0,39500.0,0.0,0.3333333333333333,0.6088737969606994,1,Medium,Send personalized cross-modal loyalty incentive
U0841,48,Metro/Bus,3111,1.0,20000.0,0.0,0.0,0.6087288896502092,1,Medium,Send personalized cross-modal loyalty incentive
U1345,37,Metro/Bus,1823,1.0,9000.0,0.0,1.0,0.6086353119330232,1,Medium,Send personalized cross-modal loyalty incentive
U0696,20,E-Bike,1468,1.0,40000.0,0.0,1.0,0.6083550695398219,1,Medium,Send personalized cross-modal loyalty incentive
U1608,46,Shuttle,3880,1.0,20000.0,0.0,0.0,0.6080722237138598,1,Medium,Send personalized cross-modal loyalty incentive
U0511,44,Metro/Bus,3903,2.0,42000.0,0.0,0.5,0.6076401559692858,1,Medium,Send personalized cross-modal loyalty incentive
U2025,55,Shuttle,527,3.0,55500.0,0.3333333333333333,0.6666666666666666,0.6056629037557748,1,Medium,Send personalized cross-modal loyalty incentive
U1938,22,Metro/Bus,2756,2.0,14000.0,0.0,0.5,0.6056606997393774,1,Medium,Send personalized cross-modal loyalty incentive
U1046,31,Shuttle,4166,2.0,49000.0,0.0,0.5,0.6052965389752879,1,Medium,Send personalized cross-modal loyalty incentive
U2052,18,Metro/Bus,3246,2.0,34500.0,0.0,0.5,0.6052905541692027,1,Medium,Send personalized cross-modal loyalty incentive
U1793,50,Metro/Bus,4391,2.0,67000.0,0.0,0.0,0.6050679917908425,1,Medium,Send personalized cross-modal loyalty incentive
U1548,19,Shuttle,723,3.0,64500.0,0.0,1.0,0.6039268879046193,1,Medium,Send personalized cross-modal loyalty incentive
U0890,47,Metro/Bus,2542,2.0,38000.0,0.0,0.0,0.6034246229428961,1,Medium,Send personalized cross-modal loyalty incentive
U1524,49,Shuttle,4561,2.0,37000.0,0.5,0.5,0.6029923665601274,1,Medium,Send personalized cross-modal loyalty incentive
U0881,18,E-Bike,4153,2.0,42000.0,0.0,1.0,0.602498546245471,1,Medium,Send personalized cross-modal loyalty incentive
U1749,37,E-Bike,3632,1.0,40000.0,0.0,0.0,0.6019517292393636,1,Medium,Send personalized cross-modal loyalty incentive
U2183,32,E-Bike,594,5.0,192000.0,0.2,0.6,0.6009731079548298,1,Medium,Send personalized cross-modal loyalty incentive
U1382,30,E-Bike,4086,3.0,118500.0,0.0,0.3333333333333333,0.600632387013872,1,Medium,Send personalized cross-modal loyalty incentive
U0335,32,Shuttle,1574,2.0,46000.0,0.0,0.5,0.6005510252548705,1,Medium,Send personalized cross-modal loyalty incentive
U1144,46,Shuttle,2113,4.0,145500.0,0.25,0.5,0.6005148778982705,1,Medium,Send personalized cross-modal loyalty incentive
U1821,32,Shuttle,2075,4.0,123500.0,0.0,0.5,0.600463711346408,1,Medium,Send personalized cross-modal loyalty incentive
U0924,21,Metro/Bus,435,1.0,40000.0,0.0,0.0,0.6004520943943888,1,Medium,Send personalized cross-modal loyalty incentive
U1353,41,Shuttle,2000,2.0,63000.0,0.0,0.0,0.6001937842291741,1,Medium,Send personalized cross-modal loyalty incentive
U0770,34,E-Bike,2381,3.0,75000.0,0.0,0.6666666666666666,0.5999155253402287,1,Medium,Send personalized cross-modal loyalty incentive
U0581,51,Shuttle,1771,3.0,85000.0,0.3333333333333333,0.6666666666666666,0.5998977885642809,1,Medium,Send personalized cross-modal loyalty incentive
U0945,44,Metro/Bus,4814,2.0,104500.0,0.0,0.5,0.5992564498107745,1,Medium,Send personalized cross-modal loyalty incentive
U1030,22,E-Bike,2115,4.0,135000.0,0.0,0.25,0.5989324055999609,1,Medium,Send personalized cross-modal loyalty incentive
U1591,37,Shuttle,379,4.0,185500.0,0.0,0.25,0.5987891741130635,1,Medium,Send personalized cross-modal loyalty incentive
U1458,48,E-Bike,2087,1.0,15000.0,1.0,0.0,0.5983385069671173,1,Medium,Send personalized cross-modal loyalty incentive
U1743,43,Shuttle,4233,2.0,49000.0,0.0,0.5,0.5982832709506455,1,Medium,Send personalized cross-modal loyalty incentive
U0254,20,E-Bike,3222,2.0,52500.0,0.5,0.5,0.5980712569314858,1,Medium,Send personalized cross-modal loyalty incentive
U1128,20,E-Bike,1283,2.0,50500.0,0.0,0.0,0.5979391599424813,1,Medium,Send personalized cross-modal loyalty incentive
U0250,49,E-Bike,1701,5.0,232500.0,0.0,0.8,0.5979295764019035,1,Medium,Send personalized cross-modal loyalty incentive
U0800,32,E-Bike,179,2.0,84000.0,0.0,1.0,0.5972266525051501,1,Medium,Send personalized cross-modal loyalty incentive
U1146,50,Shuttle,540,4.0,102000.0,0.0,0.75,0.5967142767038409,1,Medium,Send personalized cross-modal loyalty incentive
U0160,34,Shuttle,3359,4.0,121000.0,0.0,0.25,0.5963932997247335,1,Medium,Send personalized cross-modal loyalty incentive
U1699,54,E-Bike,3043,2.0,86500.0,0.0,0.0,0.5963649622039525,1,Medium,Send personalized cross-modal loyalty incentive
U0754,48,E-Bike,4343,2.0,60000.0,0.0,0.5,0.596252331574599,1,Medium,Send personalized cross-modal loyalty incentive
U1120,40,Metro/Bus,1710,2.0,105000.0,0.0,0.5,0.5961742271230767,1,Medium,Send personalized cross-modal loyalty incentive
U1472,55,Shuttle,2208,2.0,79500.0,0.0,0.0,0.5959810033072849,1,Medium,Send personalized cross-modal loyalty incentive
U0119,42,E-Bike,3461,1.0,37500.0,0.0,1.0,0.5954523478602006,1,Medium,Send personalized cross-modal loyalty incentive
U0422,34,Shuttle,3430,3.0,80500.0,0.0,0.6666666666666666,0.5952185297619921,1,Medium,Send personalized cross-modal loyalty incentive
U0361,22,E-Bike,3311,3.0,67500.0,0.3333333333333333,0.6666666666666666,0.5950401366824121,1,Medium,Send personalized cross-modal loyalty incentive
U1827,37,E-Bike,331,2.0,75000.0,0.0,0.5,0.5945191551803921,1,Medium,Send personalized cross-modal loyalty incentive
U2087,54,E-Bike,4465,2.0,48000.0,0.0,1.0,0.5942729787798063,1,Medium,Send personalized cross-modal loyalty incentive
U0726,30,E-Bike,454,1.0,42000.0,0.0,1.0,0.5940499209832134,1,Medium,Send personalized cross-modal loyalty incentive
U2185,34,E-Bike,3833,3.0,100000.0,0.0,0.3333333333333333,0.5936608668332591,1,Medium,Send personalized cross-modal loyalty incentive
U1961,47,E-Bike,264,2.0,37500.0,0.0,0.5,0.5934986060414965,1,Medium,Send personalized cross-modal loyalty incentive
U0568,23,Shuttle,878,2.0,47000.0,0.0,0.5,0.5920325494061182,1,Medium,Send personalized cross-modal loyalty incentive
U1626,32,Metro/Bus,178,1.0,63000.0,0.0,0.0,0.5919640056465267,1,Medium,Send personalized cross-modal loyalty incentive
U1824,50,E-Bike,2454,2.0,57000.0,0.0,0.0,0.5918340817669195,1,Medium,Send personalized cross-modal loyalty incentive
U1156,51,Shuttle,2251,3.0,64500.0,0.0,0.6666666666666666,0.591674609399604,1,Medium,Send personalized cross-modal loyalty incentive
U0411,55,E-Bike,1050,4.0,114000.0,0.0,0.0,0.5911864275024901,1,Medium,Send personalized cross-modal loyalty incentive
U1276,32,E-Bike,3040,1.0,15000.0,0.0,1.0,0.5901678253151728,1,Medium,Send personalized cross-modal loyalty incentive
U0898,49,Metro/Bus,738,3.0,120000.0,0.0,0.6666666666666666,0.5901633621546883,1,Medium,Send personalized cross-modal loyalty incentive
U0359,23,Metro/Bus,3913,2.0,33500.0,0.0,1.0,0.5892790146995165,1,Medium,Send personalized cross-modal loyalty incentive
U0642,43,Metro/Bus,1150,3.0,115500.0,0.0,0.3333333333333333,0.58904953587953,1,Medium,Send personalized cross-modal loyalty incentive
U0985,25,Metro/Bus,90,2.0,97500.0,0.5,1.0,0.5889838977761415,1,Medium,Send personalized cross-modal loyalty incentive
U1556,21,E-Bike,172,3.0,101500.0,0.0,0.6666666666666666,0.5889809223445648,1,Medium,Send personalized cross-modal loyalty incentive
U1095,43,E-Bike,342,2.0,80000.0,0.0,0.0,0.5882856068940082,1,Medium,Send personalized cross-modal loyalty incentive
U0365,27,E-Bike,2688,5.0,176500.0,0.2,0.8,0.5881356632364368,1,Medium,Send personalized cross-modal loyalty incentive
U1105,34,Shuttle,3623,3.0,86500.0,0.3333333333333333,0.6666666666666666,0.5875629452658147,1,Medium,Send personalized cross-modal loyalty incentive
U1405,29,Shuttle,22,3.0,75000.0,0.3333333333333333,0.6666666666666666,0.5874504325090439,1,Medium,Send personalized cross-modal loyalty incentive
U1989,31,Shuttle,4656,3.0,129000.0,0.3333333333333333,0.0,0.5874460893225875,1,Medium,Send personalized cross-modal loyalty incentive
U1473,55,E-Bike,1226,2.0,46500.0,0.0,1.0,0.587039114841073,1,Medium,Send personalized cross-modal loyalty incentive
U0792,49,E-Bike,2703,3.0,70000.0,0.0,0.6666666666666666,0.5869851066296131,1,Medium,Send personalized cross-modal loyalty incentive
U0134,36,Shuttle,2942,4.0,203500.0,0.0,0.75,0.5867782582807338,1,Medium,Send personalized cross-modal loyalty incentive
U1080,29,Shuttle,2503,2.0,51000.0,0.5,0.5,0.5866389378852664,1,Medium,Send personalized cross-modal loyalty incentive
U0672,37,Shuttle,2310,2.0,69500.0,0.0,0.5,0.5866257731668588,1,Medium,Send personalized cross-modal loyalty incentive
U0048,33,E-Bike,2755,3.0,80000.0,0.0,0.6666666666666666,0.5866011009216041,1,Medium,Send personalized cross-modal loyalty incentive
U2134,22,Shuttle,1224,1.0,40000.0,0.0,1.0,0.5865023615384035,1,Medium,Send personalized cross-modal loyalty incentive
U0249,26,E-Bike,2297,3.0,52500.0,0.3333333333333333,1.0,0.5862347601444103,1,Medium,Send personalized cross-modal loyalty incentive
U1525,55,E-Bike,3743,2.0,67500.0,0.5,0.5,0.5857662404560016,1,Medium,Send personalized cross-modal loyalty incentive
U1091,39,Shuttle,4701,1.0,40000.0,0.0,1.0,0.5855761186025307,1,Medium,Send personalized cross-modal loyalty incentive
U1995,43,Shuttle,2336,1.0,22500.0,1.0,1.0,0.5852766891911286,1,Medium,Send personalized cross-modal loyalty incentive
U1629,22,Metro/Bus,2656,4.0,139000.0,0.25,0.75,0.5845629469861199,1,Medium,Send personalized cross-modal loyalty incentive
U2154,50,E-Bike,1977,4.0,55000.0,0.0,0.0,0.5838051568007789,1,Medium,Send personalized cross-modal loyalty incentive
U0605,48,E-Bike,3263,3.0,137500.0,0.0,0.3333333333333333,0.5835110041815736,1,Medium,Send personalized cross-modal loyalty incentive
U0965,35,E-Bike,1952,3.0,97500.0,0.0,1.0,0.5831363803730938,1,Medium,Send personalized cross-modal loyalty incentive
U1338,19,Shuttle,4964,4.0,137000.0,0.0,0.75,0.5829047331153349,1,Medium,Send personalized cross-modal loyalty incentive
U1996,38,E-Bike,2167,2.0,41500.0,0.0,0.0,0.5828359073393273,1,Medium,Send personalized cross-modal loyalty incentive
U0218,28,E-Bike,3411,1.0,52500.0,0.0,1.0,0.5823488046023724,1,Medium,Send personalized cross-modal loyalty incentive
U1970,31,Metro/Bus,275,2.0,36000.0,0.5,0.5,0.5822935670592007,1,Medium,Send personalized cross-modal loyalty incentive
U1878,41,E-Bike,222,3.0,62000.0,0.3333333333333333,0.3333333333333333,0.5821088526820628,1,Medium,Send personalized cross-modal loyalty incentive
U1199,54,Shuttle,2902,1.0,37500.0,0.0,0.0,0.5819087659414457,1,Medium,Send personalized cross-modal loyalty incentive
U2155,40,E-Bike,58,3.0,48000.0,0.6666666666666666,0.3333333333333333,0.5817771526736081,1,Medium,Send personalized cross-modal loyalty incentive
U1939,46,Shuttle,4596,2.0,52000.0,0.0,1.0,0.5816820092712617,1,Medium,Send personalized cross-modal loyalty incentive
U1928,43,Shuttle,105,4.0,133000.0,0.0,0.5,0.5806039922802059,1,Medium,Send personalized cross-modal loyalty incentive
U0061,45,E-Bike,2280,4.0,127500.0,0.5,0.5,0.5800274071737465,1,Medium,Send personalized cross-modal loyalty incentive
U0086,44,E-Bike,3009,1.0,33000.0,0.0,0.0,0.5797397732586858,1,Medium,Send personalized cross-modal loyalty incentive
U0075,31,Shuttle,3233,1.0,15000.0,0.0,0.0,0.5796911685372117,1,Medium,Send personalized cross-modal loyalty incentive
U0765,49,Metro/Bus,1330,4.0,144500.0,0.25,0.75,0.5796070391901424,1,Medium,Send personalized cross-modal loyalty incentive
U1717,31,Metro/Bus,1590,3.0,142500.0,0.3333333333333333,0.3333333333333333,0.5792579871358803,1,Medium,Send personalized cross-modal loyalty incentive
U0432,52,E-Bike,25,3.0,67000.0,0.6666666666666666,0.3333333333333333,0.5788413810905136,1,Medium,Send personalized cross-modal loyalty incentive
U0611,43,E-Bike,2192,2.0,81000.0,0.5,0.0,0.578580102180635,1,Medium,Send personalized cross-modal loyalty incentive
U2161,32,E-Bike,4169,2.0,55000.0,0.0,0.0,0.5784529399945251,1,Medium,Send personalized cross-modal loyalty incentive
U1204,27,Shuttle,319,3.0,69000.0,0.0,0.6666666666666666,0.5784242756074631,1,Medium,Send personalized cross-modal loyalty incentive
U0740,22,Metro/Bus,4499,3.0,143000.0,0.0,0.0,0.578199095005419,1,Medium,Send personalized cross-modal loyalty incentive
U1325,28,Shuttle,776,2.0,42000.0,0.5,0.0,0.5779941353650375,1,Medium,Send personalized cross-modal loyalty incentive
U1200,53,Shuttle,3083,1.0,15000.0,0.0,0.0,0.5777987760046832,1,Medium,Send personalized cross-modal loyalty incentive
U0299,49,Shuttle,469,2.0,53000.0,0.5,0.0,0.5777208957803381,1,Medium,Send personalized cross-modal loyalty incentive
U1039,33,Shuttle,475,3.0,76000.0,0.0,0.6666666666666666,0.5776192431070171,1,Medium,Send personalized cross-modal loyalty incentive
U0402,55,E-Bike,733,2.0,69000.0,0.0,0.5,0.5773425687910385,1,Medium,Send personalized cross-modal loyalty incentive
U0748,52,E-Bike,1081,3.0,76000.0,0.0,0.0,0.5771305429176982,1,Medium,Send personalized cross-modal loyalty incentive
U1197,21,E-Bike,3930,4.0,65000.0,0.0,0.75,0.5769532592560516,1,Medium,Send personalized cross-modal loyalty incentive
U0247,33,Shuttle,391,2.0,79000.0,0.5,1.0,0.5766053342709231,1,Medium,Send personalized cross-modal loyalty incentive
U1820,22,Shuttle,389,2.0,60000.0,0.5,0.5,0.576251924610883,1,Medium,Send personalized cross-modal loyalty incentive
U1454,48,E-Bike,3994,5.0,210000.0,0.2,0.6,0.5761235197534746,1,Medium,Send personalized cross-modal loyalty incentive
U0005,36,Shuttle,3199,2.0,94000.0,0.5,0.5,0.5757853525622201,1,Medium,Send personalized cross-modal loyalty incentive
U0901,48,Metro/Bus,1191,2.0,96000.0,0.0,0.5,0.575718609559607,1,Medium,Send personalized cross-modal loyalty incentive
U1799,43,E-Bike,592,3.0,97500.0,0.0,0.3333333333333333,0.5754660862366038,1,Medium,Send personalized cross-modal loyalty incentive
U1709,55,E-Bike,4035,4.0,97000.0,0.0,0.5,0.5754633258125728,1,Medium,Send personalized cross-modal loyalty incentive
U1340,33,Metro/Bus,4282,2.0,25500.0,0.0,0.0,0.5753839863134333,1,Medium,Send personalized cross-modal loyalty incentive
U0744,27,E-Bike,2699,3.0,75000.0,0.0,0.6666666666666666,0.5752315296878507,1,Medium,Send personalized cross-modal loyalty incentive
U1484,24,Metro/Bus,1544,5.0,192000.0,0.2,0.6,0.5749865236987052,1,Medium,Send personalized cross-modal loyalty incentive
U1772,53,E-Bike,2996,3.0,71000.0,0.0,0.3333333333333333,0.5748584896759309,1,Medium,Send personalized cross-modal loyalty incentive
U1255,41,E-Bike,2045,3.0,65000.0,0.0,0.3333333333333333,0.5747804942070579,1,Medium,Send personalized cross-modal loyalty incentive
U1313,54,Metro/Bus,1185,2.0,23500.0,0.0,0.0,0.5747767149170274,1,Medium,Send personalized cross-modal loyalty incentive
U1893,45,E-Bike,4979,3.0,96500.0,0.0,0.6666666666666666,0.5738129502023966,1,Medium,Send personalized cross-modal loyalty incentive
U1483,27,E-Bike,2130,1.0,20000.0,0.0,0.0,0.5732495470020517,1,Medium,Send personalized cross-modal loyalty incentive
U1914,40,E-Bike,4723,4.0,165500.0,0.0,0.5,0.5732402859930218,1,Medium,Send personalized cross-modal loyalty incentive
U0870,54,E-Bike,1169,2.0,79000.0,0.0,0.5,0.573202099536508,1,Medium,Send personalized cross-modal loyalty incentive
U1428,28,E-Bike,4226,2.0,28000.0,0.0,0.0,0.5729848383228818,1,Medium,Send personalized cross-modal loyalty incentive
U0541,51,E-Bike,2907,1.0,15000.0,0.0,0.0,0.5728759498687587,1,Medium,Send personalized cross-modal loyalty incentive
U1132,19,E-Bike,1184,4.0,159000.0,0.0,0.5,0.5728340222756808,1,Medium,Send personalized cross-modal loyalty incentive
U1017,31,E-Bike,3455,3.0,78000.0,0.3333333333333333,0.6666666666666666,0.5722363536737516,1,Medium,Send personalized cross-modal loyalty incentive
U1565,53,E-Bike,3260,2.0,88500.0,0.0,0.5,0.5722282511952103,1,Medium,Send personalized cross-modal loyalty incentive
U0529,49,E-Bike,2413,3.0,118500.0,0.0,0.6666666666666666,0.571935746891506,1,Medium,Send personalized cross-modal loyalty incentive
U1210,43,E-Bike,2413,3.0,82000.0,0.0,1.0,0.571712966816632,1,Medium,Send personalized cross-modal loyalty incentive
U0169,50,E-Bike,4876,2.0,60000.0,0.5,0.5,0.571184913707979,1,Medium,Send personalized cross-modal loyalty incentive
U0666,51,E-Bike,4320,2.0,40000.0,0.0,0.5,0.5707929901334313,1,Medium,Send personalized cross-modal loyalty incentive
U0308,18,Metro/Bus,69,3.0,98500.0,0.0,0.3333333333333333,0.5706102988658793,1,Medium,Send personalized cross-modal loyalty incentive
U2071,24,E-Bike,657,3.0,100500.0,0.3333333333333333,0.6666666666666666,0.5703813640581286,1,Medium,Send personalized cross-modal loyalty incentive
U0099,30,E-Bike,1179,1.0,40000.0,0.0,1.0,0.570358551492619,1,Medium,Send personalized cross-modal loyalty incentive
U1658,31,E-Bike,964,1.0,39000.0,0.0,1.0,0.5702898319851533,1,Medium,Send personalized cross-modal loyalty incentive
U0699,18,E-Bike,2962,1.0,30000.0,0.0,1.0,0.57007410206647,1,Medium,Send personalized cross-modal loyalty incentive
U1672,21,E-Bike,1257,3.0,74500.0,0.0,1.0,0.56988690613464,1,Medium,Send personalized cross-modal loyalty incentive
U2158,26,Shuttle,4455,3.0,80500.0,0.0,0.6666666666666666,0.569610715367472,1,Medium,Send personalized cross-modal loyalty incentive
U1948,18,E-Bike,4871,2.0,80000.0,0.0,0.5,0.5695727570565791,1,Medium,Send personalized cross-modal loyalty incentive
U1360,31,Shuttle,1142,3.0,67000.0,0.3333333333333333,0.0,0.569412904314923,1,Medium,Send personalized cross-modal loyalty incentive
U1941,37,Shuttle,2874,3.0,56000.0,0.3333333333333333,0.3333333333333333,0.5694013567410839,1,Medium,Send personalized cross-modal loyalty incentive
U1597,53,Metro/Bus,1788,2.0,67000.0,0.0,0.5,0.5691228114357001,1,Medium,Send personalized cross-modal loyalty incentive
U0685,49,E-Bike,4609,2.0,32000.0,0.0,0.5,0.5686398044314213,1,Medium,Send personalized cross-modal loyalty incentive
U0287,50,Shuttle,366,5.0,198500.0,0.0,0.8,0.568628082523078,1,Medium,Send personalized cross-modal loyalty incentive
U1789,52,E-Bike,3007,3.0,44000.0,0.3333333333333333,1.0,0.5684128890281562,1,Medium,Send personalized cross-modal loyalty incentive
U1414,32,E-Bike,4739,3.0,71000.0,0.3333333333333333,0.3333333333333333,0.5683796425944815,1,Medium,Send personalized cross-modal loyalty incentive
U0528,35,E-Bike,3492,2.0,67500.0,0.0,0.0,0.5681611044313178,1,Medium,Send personalized cross-modal loyalty incentive
U0513,32,E-Bike,901,2.0,106000.0,0.0,0.0,0.5679163477354686,1,Medium,Send personalized cross-modal loyalty incentive
U1638,49,E-Bike,3191,2.0,68500.0,0.0,0.0,0.5675463204279008,1,Medium,Send personalized cross-modal loyalty incentive
U0602,45,Metro/Bus,4304,3.0,69000.0,0.0,0.3333333333333333,0.567251415690055,1,Medium,Send personalized cross-modal loyalty incentive
U1082,52,Metro/Bus,889,4.0,150000.0,0.0,0.5,0.5665160688149166,1,Medium,Send personalized cross-modal loyalty incentive
U0646,18,Metro/Bus,949,2.0,64000.0,0.0,0.0,0.5663630170351754,1,Medium,Send personalized cross-modal loyalty incentive
U1235,41,Shuttle,1464,3.0,61000.0,0.0,0.3333333333333333,0.5663465655780754,1,Medium,Send personalized cross-modal loyalty incentive
U1507,49,E-Bike,4774,2.0,73500.0,0.0,0.0,0.5663390086287584,1,Medium,Send personalized cross-modal loyalty incentive
U2104,49,Metro/Bus,3100,2.0,46500.0,0.0,0.5,0.5662610346421366,1,Medium,Send personalized cross-modal loyalty incentive
U1443,37,E-Bike,2417,3.0,104500.0,0.0,0.0,0.5662430986520924,1,Medium,Send personalized cross-modal loyalty incentive
U0817,51,Shuttle,421,4.0,71000.0,0.0,0.25,0.5659829699970359,1,Medium,Send personalized cross-modal loyalty incentive
U0782,32,E-Bike,2008,3.0,46000.0,0.0,0.0,0.5658461500296427,1,Medium,Send personalized cross-modal loyalty incentive
U1104,23,E-Bike,2261,2.0,50000.0,0.5,0.5,0.5658383598505298,1,Medium,Send personalized cross-modal loyalty incentive
U0316,35,Metro/Bus,2958,4.0,99500.0,0.0,0.5,0.5656890049176633,1,Medium,Send personalized cross-modal loyalty incentive
U0691,29,E-Bike,1636,4.0,83000.0,0.25,0.5,0.5656710728216691,1,Medium,Send personalized cross-modal loyalty incentive
U0854,36,E-Bike,376,3.0,118500.0,0.0,0.6666666666666666,0.5655513520328244,1,Medium,Send personalized cross-modal loyalty incentive
U1886,36,E-Bike,88,3.0,109000.0,0.0,0.6666666666666666,0.5652071806523935,1,Medium,Send personalized cross-modal loyalty incentive
U1660,43,Shuttle,870,2.0,58000.0,0.5,1.0,0.5650237525783219,1,Medium,Send personalized cross-modal loyalty incentive
U0534,30,E-Bike,1873,2.0,52500.0,0.0,0.0,0.5649859712726837,1,Medium,Send personalized cross-modal loyalty incentive
U0266,54,Metro/Bus,1743,3.0,94000.0,0.3333333333333333,0.0,0.5649067201130844,1,Medium,Send personalized cross-modal loyalty incentive
U0769,30,Metro/Bus,763,2.0,69000.0,0.0,0.5,0.5647585380556125,1,Medium,Send personalized cross-modal loyalty incentive
U2097,21,Shuttle,2160,6.0,164500.0,0.0,1.0,0.5646420054929655,1,Medium,Send personalized cross-modal loyalty incentive
U1766,34,Shuttle,869,4.0,149500.0,0.0,0.25,0.5645000703644715,1,Medium,Send personalized cross-modal loyalty incentive
U1182,21,Metro/Bus,1334,4.0,57500.0,0.5,0.5,0.5644890128783598,1,Medium,Send personalized cross-modal loyalty incentive
U0056,24,Shuttle,120,4.0,94000.0,0.25,0.25,0.564372172646625,1,Medium,Send personalized cross-modal loyalty incentive
U0210,31,Shuttle,1618,3.0,84000.0,0.0,0.6666666666666666,0.5643563105585405,1,Medium,Send personalized cross-modal loyalty incentive
U1747,36,Shuttle,1849,5.0,119000.0,0.4,0.2,0.5642257398068509,1,Medium,Send personalized cross-modal loyalty incentive
U1109,21,E-Bike,4204,3.0,119500.0,0.0,0.3333333333333333,0.5640648791579481,1,Medium,Send personalized cross-modal loyalty incentive
U1686,40,E-Bike,1957,3.0,107500.0,0.6666666666666666,0.6666666666666666,0.563952718800056,1,Medium,Send personalized cross-modal loyalty incentive
U1125,54,Shuttle,1131,3.0,84000.0,0.0,0.3333333333333333,0.5637056549881522,1,Medium,Send personalized cross-modal loyalty incentive
U1598,18,E-Bike,4507,4.0,115500.0,0.0,0.5,0.5636511494482394,1,Medium,Send personalized cross-modal loyalty incentive
U1857,20,Metro/Bus,2194,3.0,110000.0,0.0,1.0,0.5633380214637366,1,Medium,Send personalized cross-modal loyalty incentive
U1868,50,Shuttle,2468,3.0,87000.0,0.3333333333333333,0.6666666666666666,0.5633294584929357,1,Medium,Send personalized cross-modal loyalty incentive
U1022,23,E-Bike,2622,3.0,87000.0,0.3333333333333333,0.0,0.5633159583189188,1,Medium,Send personalized cross-modal loyalty incentive
U1934,19,Shuttle,1501,3.0,70500.0,0.3333333333333333,1.0,0.5631739051689365,1,Medium,Send personalized cross-modal loyalty incentive
U0063,18,Shuttle,4519,1.0,40000.0,0.0,0.0,0.5628158704887923,1,Medium,Send personalized cross-modal loyalty incentive
U1723,55,Metro/Bus,2751,3.0,70000.0,0.0,0.6666666666666666,0.56268622274817,1,Medium,Send personalized cross-modal loyalty incentive
U0284,40,Metro/Bus,344,1.0,43500.0,0.0,0.0,0.5625553952212986,1,Medium,Send personalized cross-modal loyalty incentive
U1850,49,E-Bike,3648,4.0,117500.0,0.0,0.5,0.5621596455957285,1,Medium,Send personalized cross-modal loyalty incentive
U2116,39,E-Bike,2530,4.0,123000.0,0.25,0.5,0.5617753165759797,1,Medium,Send personalized cross-modal loyalty incentive
U1676,24,E-Bike,1052,1.0,28500.0,0.0,0.0,0.5616737423129473,1,Medium,Send personalized cross-modal loyalty incentive
U0023,26,Shuttle,3594,1.0,40000.0,0.0,0.0,0.561633029519068,1,Medium,Send personalized cross-modal loyalty incentive
U0524,24,Shuttle,1294,2.0,81000.0,0.5,0.5,0.5615519408121817,1,Medium,Send personalized cross-modal loyalty incentive
U0143,53,E-Bike,951,4.0,86000.0,0.25,0.25,0.5613546621219807,1,Medium,Send personalized cross-modal loyalty incentive
U1354,45,E-Bike,3590,2.0,42000.0,0.5,0.5,0.5612272501009103,1,Medium,Send personalized cross-modal loyalty incentive
U0986,24,Metro/Bus,2355,3.0,50000.0,0.0,0.6666666666666666,0.5611281491117803,1,Medium,Send personalized cross-modal loyalty incentive
U0796,28,E-Bike,2358,4.0,133000.0,0.0,0.75,0.5609784511482458,1,Medium,Send personalized cross-modal loyalty incentive
U0453,28,Shuttle,4219,4.0,152000.0,0.0,0.75,0.5608694818764484,1,Medium,Send personalized cross-modal loyalty incentive
U1981,43,E-Bike,3452,3.0,92500.0,0.0,0.0,0.5608596523697748,1,Medium,Send personalized cross-modal loyalty incentive
U1797,30,Shuttle,3891,3.0,88500.0,0.3333333333333333,1.0,0.5607323458931843,1,Medium,Send personalized cross-modal loyalty incentive
U1906,21,Metro/Bus,2421,3.0,102500.0,0.3333333333333333,0.6666666666666666,0.5604597639312567,1,Medium,Send personalized cross-modal loyalty incentive
U1463,35,E-Bike,2196,1.0,20000.0,1.0,1.0,0.560329419822427,1,Medium,Send personalized cross-modal loyalty incentive
U0055,33,Shuttle,2226,1.0,45000.0,0.0,0.0,0.5599751996001762,1,Medium,Send personalized cross-modal loyalty incentive
U2111,55,E-Bike,396,3.0,54000.0,0.0,0.3333333333333333,0.5597682419458958,1,Medium,Send personalized cross-modal loyalty incentive
U0202,34,E-Bike,3370,3.0,34000.0,0.0,0.6666666666666666,0.5596934263007595,1,Medium,Send personalized cross-modal loyalty incentive
U1634,37,E-Bike,1785,3.0,94500.0,0.3333333333333333,0.3333333333333333,0.5595855841812325,1,Medium,Send personalized cross-modal loyalty incentive
U0504,44,Shuttle,1742,5.0,142500.0,0.2,0.4,0.5595346508105228,1,Medium,Send personalized cross-modal loyalty incentive
U1399,35,E-Bike,546,2.0,39000.0,0.0,0.0,0.5594846521713014,1,Medium,Send personalized cross-modal loyalty incentive
U0917,40,E-Bike,94,4.0,111500.0,0.0,0.5,0.5594063493220323,1,Medium,Send personalized cross-modal loyalty incentive
U1682,47,E-Bike,1769,5.0,170000.0,0.0,0.2,0.5592718448441051,1,Medium,Send personalized cross-modal loyalty incentive
U0976,39,E-Bike,1313,5.0,140500.0,0.0,0.4,0.559260354449078,1,Medium,Send personalized cross-modal loyalty incentive
U0865,19,Metro/Bus,2556,2.0,88500.0,0.5,0.0,0.5589652530792157,1,Medium,Send personalized cross-modal loyalty incentive
U1315,44,E-Bike,4624,3.0,125000.0,0.3333333333333333,0.6666666666666666,0.5585826909930534,1,Medium,Send personalized cross-modal loyalty incentive
U1611,25,Shuttle,2304,3.0,138000.0,0.0,0.3333333333333333,0.558547872543908,1,Medium,Send personalized cross-modal loyalty incentive
U1079,54,E-Bike,3962,4.0,121500.0,0.25,0.25,0.5579247867893828,1,Medium,Send personalized cross-modal loyalty incentive
U1767,21,Shuttle,628,1.0,63000.0,0.0,1.0,0.5578545065330788,1,Medium,Send personalized cross-modal loyalty incentive
U0368,37,E-Bike,246,5.0,146000.0,0.2,0.2,0.557665460525398,1,Medium,Send personalized cross-modal loyalty incentive
U1925,35,E-Bike,4310,6.0,189000.0,0.3333333333333333,0.6666666666666666,0.557642659552023,1,Medium,Send personalized cross-modal loyalty incentive
U0510,22,E-Bike,4886,4.0,50000.0,0.25,0.75,0.5575648408231648,1,Medium,Send personalized cross-modal loyalty incentive
U1982,33,Metro/Bus,2266,2.0,76500.0,0.0,0.5,0.557247879182289,1,Medium,Send personalized cross-modal loyalty incentive
U1271,52,E-Bike,561,5.0,173500.0,0.0,0.6,0.5572307729387108,1,Medium,Send personalized cross-modal loyalty incentive
U0283,26,Metro/Bus,1265,3.0,65500.0,0.0,0.6666666666666666,0.557093861034638,1,Medium,Send personalized cross-modal loyalty incentive
U0051,20,Metro/Bus,475,4.0,191500.0,0.0,0.0,0.5570092358980636,1,Medium,Send personalized cross-modal loyalty incentive
U1056,23,E-Bike,2103,3.0,73500.0,0.3333333333333333,0.6666666666666666,0.5568537897739149,1,Medium,Send personalized cross-modal loyalty incentive
U1870,45,Shuttle,4196,3.0,62500.0,0.3333333333333333,0.3333333333333333,0.5565174447406726,1,Medium,Send personalized cross-modal loyalty incentive
U0484,34,E-Bike,562,5.0,184500.0,0.4,0.6,0.5565146260894768,1,Medium,Send personalized cross-modal loyalty incentive
U1705,37,E-Bike,3079,4.0,146500.0,0.25,0.5,0.5564775842066674,1,Medium,Send personalized cross-modal loyalty incentive
U2121,23,E-Bike,675,4.0,46000.0,0.0,0.5,0.5563523292034571,1,Medium,Send personalized cross-modal loyalty incentive
U1214,45,E-Bike,4184,5.0,248500.0,0.0,0.0,0.5563387073045726,1,Medium,Send personalized cross-modal loyalty incentive
U1552,22,E-Bike,433,3.0,38000.0,0.0,1.0,0.5563038816758242,1,Medium,Send personalized cross-modal loyalty incentive
U1295,30,E-Bike,1568,3.0,61500.0,0.0,0.6666666666666666,0.5562235806395911,1,Medium,Send personalized cross-modal loyalty incentive
U1860,40,Metro/Bus,928,2.0,79000.0,0.5,1.0,0.5560151081271777,1,Medium,Send personalized cross-modal loyalty incentive
U0849,42,Metro/Bus,1553,2.0,58500.0,0.0,0.5,0.5560030426609506,1,Medium,Send personalized cross-modal loyalty incentive
U0907,31,Metro/Bus,1488,3.0,85000.0,0.0,0.3333333333333333,0.5559256123965048,1,Medium,Send personalized cross-modal loyalty incentive
U1419,42,Metro/Bus,3906,4.0,99500.0,0.0,0.25,0.5554121008948126,1,Medium,Send personalized cross-modal loyalty incentive
U1866,33,E-Bike,3064,3.0,67000.0,0.0,0.6666666666666666,0.5552767474467114,1,Medium,Send personalized cross-modal loyalty incentive
U0974,19,E-Bike,1364,4.0,108500.0,0.25,0.75,0.5552767223466163,1,Medium,Send personalized cross-modal loyalty incentive
U0972,23,Metro/Bus,1016,3.0,87000.0,0.0,0.3333333333333333,0.5552556004566213,1,Medium,Send personalized cross-modal loyalty incentive
U0140,19,E-Bike,772,4.0,196500.0,0.25,0.5,0.555226217380755,1,Medium,Send personalized cross-modal loyalty incentive
U0788,49,Metro/Bus,3474,2.0,36500.0,0.5,0.5,0.5551894813520788,1,Medium,Send personalized cross-modal loyalty incentive
U1621,31,E-Bike,758,3.0,66000.0,0.0,0.3333333333333333,0.555083288543869,1,Medium,Send personalized cross-modal loyalty incentive
U1685,48,Shuttle,711,4.0,99000.0,0.0,1.0,0.5550762399339165,1,Medium,Send personalized cross-modal loyalty incentive
U1615,33,E-Bike,1359,2.0,70500.0,0.0,0.5,0.5549617942483613,1,Medium,Send personalized cross-modal loyalty incentive
U0268,18,E-Bike,2991,3.0,66500.0,0.0,0.3333333333333333,0.5549017044357176,1,Medium,Send personalized cross-modal loyalty incentive
U2099,24,Metro/Bus,370,1.0,39000.0,0.0,0.0,0.5547521703336475,1,Medium,Send personalized cross-modal loyalty incentive
U1601,31,E-Bike,1583,4.0,134500.0,0.0,0.75,0.5546609040168353,1,Medium,Send personalized cross-modal loyalty incentive
U2172,25,Shuttle,2333,4.0,160000.0,0.0,0.5,0.5545353151753153,1,Medium,Send personalized cross-modal loyalty incentive
U2118,51,Shuttle,556,2.0,82000.0,0.5,0.5,0.5543781311434774,1,Medium,Send personalized cross-modal loyalty incentive
U0224,22,Shuttle,4565,3.0,93500.0,0.0,0.3333333333333333,0.5542351476717737,1,Medium,Send personalized cross-modal loyalty incentive
U0753,38,Metro/Bus,1041,3.0,104500.0,0.3333333333333333,0.6666666666666666,0.5540425901919334,1,Medium,Send personalized cross-modal loyalty incentive
U1537,36,E-Bike,2032,4.0,61500.0,0.25,0.25,0.5539877844362965,1,Medium,Send personalized cross-modal loyalty incentive
U1007,19,Shuttle,4731,2.0,58000.0,0.5,1.0,0.5539782712117475,1,Medium,Send personalized cross-modal loyalty incentive
U0020,40,E-Bike,1170,1.0,63000.0,0.0,1.0,0.5537160171112022,1,Medium,Send personalized cross-modal loyalty incentive
U1089,51,E-Bike,497,5.0,164000.0,0.4,0.4,0.5535511812637028,1,Medium,Send personalized cross-modal loyalty incentive
U1842,52,E-Bike,2356,2.0,38500.0,0.0,0.5,0.5534921578329658,1,Medium,Send personalized cross-modal loyalty incentive
U0128,28,E-Bike,265,3.0,77500.0,0.3333333333333333,0.0,0.5531859846606748,1,Medium,Send personalized cross-modal loyalty incentive
U1166,40,E-Bike,4150,4.0,165500.0,0.0,0.75,0.5530585575537486,1,Medium,Send personalized cross-modal loyalty incentive
U1543,26,E-Bike,4019,3.0,87000.0,0.0,0.6666666666666666,0.5528888733227038,1,Medium,Send personalized cross-modal loyalty incentive
U0996,49,E-Bike,2547,3.0,136500.0,0.6666666666666666,0.6666666666666666,0.5525794012727118,1,Medium,Send personalized cross-modal loyalty incentive
U1783,45,E-Bike,3838,3.0,151000.0,0.3333333333333333,1.0,0.5525469843417479,1,Medium,Send personalized cross-modal loyalty incentive
U0799,21,Metro/Bus,257,2.0,102000.0,0.5,0.5,0.5524990706145866,1,Medium,Send personalized cross-modal loyalty incentive
U0837,21,E-Bike,1342,4.0,208500.0,0.0,0.75,0.5524089304432085,1,Medium,Send personalized cross-modal loyalty incentive
U0088,29,Metro/Bus,5000,2.0,39000.0,0.0,0.5,0.5523699090803562,1,Medium,Send personalized cross-modal loyalty incentive
U0309,30,E-Bike,343,6.0,203500.0,0.3333333333333333,0.3333333333333333,0.5523432702777726,1,Medium,Send personalized cross-modal loyalty incentive
U0783,32,Metro/Bus,3494,2.0,83500.0,0.0,0.5,0.55229466865065,1,Medium,Send personalized cross-modal loyalty incentive
U1897,24,E-Bike,3551,2.0,75500.0,0.5,0.5,0.5522168210020555,1,Medium,Send personalized cross-modal loyalty incentive
U1707,35,Shuttle,1537,1.0,49500.0,0.0,0.0,0.5521529574139703,1,Medium,Send personalized cross-modal loyalty incentive
U1883,31,E-Bike,843,2.0,78000.0,0.0,1.0,0.5519801228520113,1,Medium,Send personalized cross-modal loyalty incentive
U0084,25,E-Bike,3470,3.0,89500.0,0.3333333333333333,0.6666666666666666,0.5519262646624498,1,Medium,Send personalized cross-modal loyalty incentive
U0009,30,E-Bike,2608,2.0,53500.0,1.0,1.0,0.5518988966355854,1,Medium,Send personalized cross-modal loyalty incentive
U0804,40,E-Bike,112,3.0,105000.0,0.0,0.0,0.5510359280164773,1,Medium,Send personalized cross-modal loyalty incentive
U1551,33,Shuttle,24,5.0,161000.0,0.0,0.8,0.5505115577415073,1,Medium,Send personalized cross-modal loyalty incentive
U1490,35,Shuttle,665,4.0,143500.0,0.25,0.75,0.5503387168338836,1,Medium,Send personalized cross-modal loyalty incentive
U2009,36,E-Bike,2913,3.0,85000.0,0.0,1.0,0.550237998959141,1,Medium,Send personalized cross-modal loyalty incentive
U2193,48,E-Bike,3865,2.0,69000.0,0.0,1.0,0.5501479949288146,1,Medium,Send personalized cross-modal loyalty incentive
U0836,27,E-Bike,2617,3.0,77500.0,0.0,0.3333333333333333,0.5500113407769965,1,Medium,Send personalized cross-modal loyalty incentive
U1252,49,E-Bike,2327,3.0,125000.0,0.0,0.3333333333333333,0.5496912939335094,1,Medium,Send personalized cross-modal loyalty incentive
U1572,55,Metro/Bus,1946,1.0,16500.0,0.0,1.0,0.5490491096312965,1,Medium,Send personalized cross-modal loyalty incentive
U0631,18,E-Bike,942,3.0,76000.0,0.3333333333333333,0.6666666666666666,0.548673181097192,1,Medium,Send personalized cross-modal loyalty incentive
U0377,44,E-Bike,2482,4.0,154000.0,0.0,0.5,0.5486641873773588,1,Medium,Send personalized cross-modal loyalty incentive
U0473,44,E-Bike,700,3.0,75000.0,0.3333333333333333,0.6666666666666666,0.5485777692567748,1,Medium,Send personalized cross-modal loyalty incentive
U0021,52,E-Bike,4424,3.0,87000.0,0.0,0.3333333333333333,0.548443982328702,1,Medium,Send personalized cross-modal loyalty incentive
U0344,48,E-Bike,946,4.0,96500.0,0.0,0.0,0.5480848244629006,1,Medium,Send personalized cross-modal loyalty incentive
U0017,25,E-Bike,3242,3.0,35500.0,0.0,1.0,0.5478429535663772,1,Medium,Send personalized cross-modal loyalty incentive
U0708,35,Metro/Bus,3671,4.0,148000.0,0.25,0.75,0.547781538539187,1,Medium,Send personalized cross-modal loyalty incentive
U2033,41,Shuttle,3056,3.0,65500.0,0.0,1.0,0.5469262948315801,1,Medium,Send personalized cross-modal loyalty incentive
U0152,19,E-Bike,2694,2.0,61000.0,0.0,0.5,0.5468396141140308,1,Medium,Send personalized cross-modal loyalty incentive
U0823,32,Shuttle,593,3.0,110500.0,0.3333333333333333,1.0,0.5466320442165246,1,Medium,Send personalized cross-modal loyalty incentive
U1635,35,Shuttle,892,5.0,135000.0,0.0,0.6,0.5465845942967315,1,Medium,Send personalized cross-modal loyalty incentive
U0919,37,E-Bike,534,2.0,49500.0,0.0,0.5,0.5464998570079673,1,Medium,Send personalized cross-modal loyalty incentive
U2126,32,Shuttle,118,6.0,192000.0,0.16666666666666666,0.6666666666666666,0.546473968230562,1,Medium,Send personalized cross-modal loyalty incentive
U1721,28,Metro/Bus,3798,5.0,190000.0,0.0,0.4,0.5462052930209087,1,Medium,Send personalized cross-modal loyalty incentive
U1467,31,E-Bike,630,5.0,92000.0,0.2,0.4,0.5461994632680467,1,Medium,Send personalized cross-modal loyalty incentive
U2014,22,Shuttle,1370,3.0,142500.0,0.0,0.3333333333333333,0.5461358943884506,1,Medium,Send personalized cross-modal loyalty incentive
U0310,41,E-Bike,70,4.0,139000.0,0.0,0.0,0.5460083397777157,1,Medium,Send personalized cross-modal loyalty incentive
U0114,44,E-Bike,4785,2.0,51000.0,0.5,0.5,0.5458586187110702,1,Medium,Send personalized cross-modal loyalty incentive
U0348,35,E-Bike,2017,2.0,21000.0,0.5,1.0,0.5458270569828909,1,Medium,Send personalized cross-modal loyalty incentive
U1880,54,Metro/Bus,2584,6.0,207000.0,0.0,0.6666666666666666,0.5457486821838152,1,Medium,Send personalized cross-modal loyalty incentive
U0682,49,E-Bike,2306,3.0,65500.0,0.0,0.6666666666666666,0.5457186042664341,1,Medium,Send personalized cross-modal loyalty incentive
U0679,49,Metro/Bus,4093,3.0,75500.0,0.3333333333333333,0.6666666666666666,0.5456452129120923,1,Medium,Send personalized cross-modal loyalty incentive
U1101,53,Shuttle,4673,6.0,251500.0,0.3333333333333333,0.3333333333333333,0.5456041777399382,1,Medium,Send personalized cross-modal loyalty incentive
U1528,44,Metro/Bus,977,4.0,112000.0,0.25,0.75,0.5455446888072846,1,Medium,Send personalized cross-modal loyalty incentive
U2017,38,E-Bike,1475,4.0,144000.0,0.0,1.0,0.5454361294983754,1,Medium,Send personalized cross-modal loyalty incentive
U0517,38,Shuttle,4787,3.0,40500.0,0.0,1.0,0.5450606960018981,1,Medium,Send personalized cross-modal loyalty incentive
U0790,28,E-Bike,2340,2.0,30500.0,0.0,0.5,0.5448631040273312,1,Medium,Send personalized cross-modal loyalty incentive
U0928,36,Metro/Bus,14,3.0,128000.0,0.0,0.6666666666666666,0.54484014333517,1,Medium,Send personalized cross-modal loyalty incentive
U2029,38,E-Bike,587,3.0,26000.0,0.3333333333333333,0.3333333333333333,0.5445938539769433,1,Medium,Send personalized cross-modal loyalty incentive
U0219,34,Shuttle,2908,4.0,150000.0,0.0,0.5,0.544484560958483,1,Medium,Send personalized cross-modal loyalty incentive
U0033,21,Shuttle,3284,4.0,117000.0,0.0,0.25,0.5440032001046421,1,Medium,Send personalized cross-modal loyalty incentive
U2044,23,E-Bike,1980,7.0,216500.0,0.0,0.5714285714285714,0.5439608563404764,1,Medium,Send personalized cross-modal loyalty incentive
U2004,44,E-Bike,4120,6.0,245500.0,0.0,0.8333333333333334,0.5437906713827079,1,Medium,Send personalized cross-modal loyalty incentive
U0352,46,Metro/Bus,1192,5.0,166000.0,0.2,0.4,0.543555302511649,1,Medium,Send personalized cross-modal loyalty incentive
U1534,27,E-Bike,1716,4.0,140500.0,0.0,0.5,0.543496251593552,1,Medium,Send personalized cross-modal loyalty incentive
U0427,46,E-Bike,259,5.0,182500.0,0.0,0.4,0.5434846678653664,1,Medium,Send personalized cross-modal loyalty incentive
U0522,22,E-Bike,1450,4.0,122500.0,0.25,0.75,0.5434562999484811,1,Medium,Send personalized cross-modal loyalty incentive
U0203,21,Shuttle,1340,3.0,50000.0,0.0,0.3333333333333333,0.5433834734575055,1,Medium,Send personalized cross-modal loyalty incentive
U0758,54,E-Bike,2855,4.0,75500.0,0.25,0.0,0.5433428922772778,1,Medium,Send personalized cross-modal loyalty incentive
U0980,39,E-Bike,4410,2.0,80000.0,0.0,1.0,0.5431679769453841,1,Medium,Send personalized cross-modal loyalty incentive
U0253,44,E-Bike,1582,4.0,151000.0,0.5,0.5,0.5430615127556279,1,Medium,Send personalized cross-modal loyalty incentive
U0721,39,E-Bike,3822,2.0,83500.0,0.0,0.0,0.5430579231574044,1,Medium,Send personalized cross-modal loyalty incentive
U1681,19,E-Bike,888,4.0,111000.0,0.0,0.75,0.5427093632968667,1,Medium,Send personalized cross-modal loyalty incentive
U2128,48,Metro/Bus,1809,3.0,99000.0,0.0,0.6666666666666666,0.5426744297494622,1,Medium,Send personalized cross-modal loyalty incentive
U1224,26,Shuttle,3967,3.0,112500.0,0.6666666666666666,0.3333333333333333,0.5424744619222372,1,Medium,Send personalized cross-modal loyalty incentive
U0373,27,E-Bike,2105,4.0,147000.0,0.5,0.5,0.5424387249615438,1,Medium,Send personalized cross-modal loyalty incentive
U0625,45,Shuttle,2144,1.0,40000.0,0.0,1.0,0.542430518545042,1,Medium,Send personalized cross-modal loyalty incentive
U0820,22,E-Bike,831,4.0,134000.0,0.5,0.5,0.5423895151088232,1,Medium,Send personalized cross-modal loyalty incentive
U1246,48,E-Bike,2731,3.0,86500.0,0.0,0.3333333333333333,0.5422243740931351,1,Medium,Send personalized cross-modal loyalty incentive
U0376,55,Shuttle,4806,3.0,125500.0,0.3333333333333333,0.6666666666666666,0.5422243021922627,1,Medium,Send personalized cross-modal loyalty incentive
U1655,37,E-Bike,3872,3.0,80000.0,0.0,0.3333333333333333,0.5422101007512954,1,Medium,Send personalized cross-modal loyalty incentive
U1720,51,E-Bike,3132,4.0,90500.0,0.0,1.0,0.5419913211238571,1,Medium,Send personalized cross-modal loyalty incentive
U2147,23,E-Bike,190,4.0,166500.0,0.0,0.5,0.5419792535536448,1,Medium,Send personalized cross-modal loyalty incentive
U1150,45,Metro/Bus,2811,2.0,43500.0,0.5,0.0,0.5419675540296043,1,Medium,Send personalized cross-modal loyalty incentive
U1668,37,E-Bike,3718,3.0,84500.0,0.0,0.3333333333333333,0.541897392244435,1,Medium,Send personalized cross-modal loyalty incentive
U1576,24,Metro/Bus,677,4.0,169000.0,0.25,0.75,0.5418403794335527,1,Medium,Send personalized cross-modal loyalty incentive
U1229,27,Shuttle,2534,2.0,94500.0,0.0,0.5,0.5417573027328113,1,Medium,Send personalized cross-modal loyalty incentive
U0187,51,E-Bike,5,5.0,220000.0,0.2,0.6,0.5416915228404939,1,Medium,Send personalized cross-modal loyalty incentive
U0494,26,Metro/Bus,832,3.0,81500.0,0.3333333333333333,0.6666666666666666,0.5415753909169526,1,Medium,Send personalized cross-modal loyalty incentive
U1800,50,Shuttle,252,6.0,194500.0,0.16666666666666666,0.6666666666666666,0.5411998756045495,1,Medium,Send personalized cross-modal loyalty incentive
U2152,30,Shuttle,1162,3.0,74500.0,0.0,0.6666666666666666,0.5411801241588055,1,Medium,Send personalized cross-modal loyalty incentive
U1815,23,E-Bike,2887,4.0,39500.0,0.25,0.5,0.5409159572582358,1,Medium,Send personalized cross-modal loyalty incentive
U1877,42,E-Bike,269,5.0,154000.0,0.2,0.8,0.5408160655320404,1,Medium,Send personalized cross-modal loyalty incentive
U0707,53,Shuttle,1732,2.0,60000.0,0.0,1.0,0.5406753681635956,1,Medium,Send personalized cross-modal loyalty incentive
U1355,33,Metro/Bus,3839,1.0,13500.0,0.0,0.0,0.5406668629909075,1,Medium,Send personalized cross-modal loyalty incentive
U1212,42,E-Bike,4376,3.0,91000.0,0.3333333333333333,0.0,0.5405084704055203,1,Medium,Send personalized cross-modal loyalty incentive
U2112,54,Metro/Bus,1036,5.0,135500.0,0.0,0.4,0.5404542522672705,1,Medium,Send personalized cross-modal loyalty incentive
U0037,30,Shuttle,1094,2.0,46500.0,0.0,0.5,0.5402680107238469,1,Medium,Send personalized cross-modal loyalty incentive
U1791,22,Metro/Bus,339,2.0,50500.0,0.0,0.0,0.5400703408402063,1,Medium,Send personalized cross-modal loyalty incentive
U0054,18,Shuttle,4915,4.0,97000.0,0.5,0.25,0.540017186167542,1,Medium,Send personalized cross-modal loyalty incentive
U0455,18,E-Bike,4356,4.0,116000.0,0.0,0.75,0.5399264381838801,1,Medium,Send personalized cross-modal loyalty incentive
U1688,39,E-Bike,3902,2.0,28500.0,0.5,0.0,0.5398564875230293,1,Medium,Send personalized cross-modal loyalty incentive
U2018,33,E-Bike,1028,4.0,96000.0,0.0,0.5,0.5397077777125454,1,Medium,Send personalized cross-modal loyalty incentive
U0620,19,Shuttle,100,6.0,235000.0,0.0,0.16666666666666666,0.539691193540211,1,Medium,Send personalized cross-modal loyalty incentive
U0940,29,E-Bike,2808,3.0,139000.0,0.0,1.0,0.5394916507362321,1,Medium,Send personalized cross-modal loyalty incentive
U0104,44,Shuttle,4529,1.0,40000.0,1.0,0.0,0.5393556217429818,1,Medium,Send personalized cross-modal loyalty incentive
U0131,46,E-Bike,2329,3.0,65000.0,0.0,0.3333333333333333,0.5392169458099009,1,Medium,Send personalized cross-modal loyalty incentive
U0297,51,Shuttle,1511,4.0,150000.0,0.25,0.75,0.5391811633911987,1,Medium,Send personalized cross-modal loyalty incentive
U0233,24,Shuttle,4999,4.0,130000.0,0.0,0.5,0.5389644426068458,1,Medium,Send personalized cross-modal loyalty incentive
U1905,20,E-Bike,3736,3.0,66500.0,0.3333333333333333,0.6666666666666666,0.5389173514602037,1,Medium,Send personalized cross-modal loyalty incentive
U1263,50,E-Bike,1261,3.0,119500.0,0.0,1.0,0.5387577906828798,1,Medium,Send personalized cross-modal loyalty incentive
U1748,33,Metro/Bus,3063,4.0,149000.0,0.0,0.75,0.5387434214908994,1,Medium,Send personalized cross-modal loyalty incentive
U1519,54,E-Bike,913,7.0,284500.0,0.0,0.14285714285714285,0.5386474749611457,1,Medium,Send personalized cross-modal loyalty incentive
U1242,21,Shuttle,2496,2.0,99000.0,0.0,0.0,0.5385082061542172,1,Medium,Send personalized cross-modal loyalty incentive
U0097,32,E-Bike,221,4.0,101500.0,0.25,0.75,0.5385010766294724,1,Medium,Send personalized cross-modal loyalty incentive
U1571,44,Shuttle,522,4.0,76500.0,0.0,0.75,0.5384517004477912,1,Medium,Send personalized cross-modal loyalty incentive
U2023,37,Shuttle,676,4.0,154500.0,0.5,0.25,0.5383874599623375,1,Medium,Send personalized cross-modal loyalty incentive
U0456,37,Metro/Bus,846,4.0,137500.0,0.0,0.75,0.5383200529315143,1,Medium,Send personalized cross-modal loyalty incentive
U1719,32,Metro/Bus,1309,3.0,101500.0,0.3333333333333333,0.6666666666666666,0.5382916067796312,1,Medium,Send personalized cross-modal loyalty incentive
U0747,41,E-Bike,712,3.0,136500.0,0.0,0.6666666666666666,0.5378455868783383,1,Medium,Send personalized cross-modal loyalty incentive
U0004,41,E-Bike,4147,2.0,70500.0,0.0,1.0,0.5378400369170595,1,Medium,Send personalized cross-modal loyalty incentive
U0957,37,Metro/Bus,2987,1.0,7500.0,1.0,1.0,0.5378087325112865,1,Medium,Send personalized cross-modal loyalty incentive
U1158,20,E-Bike,3490,2.0,72000.0,0.0,0.5,0.5374368143076924,1,Medium,Send personalized cross-modal loyalty incentive
U1348,43,E-Bike,4905,2.0,51000.0,0.5,1.0,0.537390475260044,1,Medium,Send personalized cross-modal loyalty incentive
U0428,18,E-Bike,1007,4.0,113000.0,0.25,0.5,0.5371149243811981,1,Medium,Send personalized cross-modal loyalty incentive
U0397,29,Shuttle,3387,3.0,79000.0,0.3333333333333333,0.3333333333333333,0.5370668108859399,1,Medium,Send personalized cross-modal loyalty incentive
U2138,34,E-Bike,4351,4.0,164500.0,0.0,0.25,0.5370491902586004,1,Medium,Send personalized cross-modal loyalty incentive
U1656,28,Shuttle,1229,4.0,70000.0,0.25,0.25,0.5369139212091569,1,Medium,Send personalized cross-modal loyalty incentive
U1619,30,E-Bike,4993,1.0,42000.0,0.0,1.0,0.5368742144872467,1,Medium,Send personalized cross-modal loyalty incentive
U0215,22,Metro/Bus,3833,3.0,74000.0,0.3333333333333333,1.0,0.536783730656898,1,Medium,Send personalized cross-modal loyalty incentive
U0477,25,E-Bike,1265,3.0,102000.0,0.3333333333333333,0.3333333333333333,0.53678089066627,1,Medium,Send personalized cross-modal loyalty incentive
U2080,44,E-Bike,4938,3.0,105500.0,0.0,1.0,0.5367752041043159,1,Medium,Send personalized cross-modal loyalty incentive
U0801,32,Shuttle,816,6.0,188000.0,0.0,0.6666666666666666,0.5367226033609481,1,Medium,Send personalized cross-modal loyalty incentive
U1646,53,E-Bike,723,5.0,229000.0,0.2,0.6,0.5366613426207107,1,Medium,Send personalized cross-modal loyalty incentive
U0578,21,E-Bike,205,4.0,90000.0,0.25,0.5,0.5364798371917163,1,Medium,Send personalized cross-modal loyalty incentive
U0858,31,Metro/Bus,3250,2.0,79500.0,0.0,1.0,0.536233437865144,1,Medium,Send personalized cross-modal loyalty incentive
U0394,35,E-Bike,93,4.0,165500.0,0.25,0.75,0.5362060099916776,1,Medium,Send personalized cross-modal loyalty incentive
U0384,49,E-Bike,3051,4.0,131500.0,0.0,0.5,0.5361029442062535,1,Medium,Send personalized cross-modal loyalty incentive
U0028,23,E-Bike,2803,3.0,43500.0,0.0,0.6666666666666666,0.5360706245352865,1,Medium,Send personalized cross-modal loyalty incentive
U0902,46,E-Bike,269,5.0,225000.0,0.2,0.4,0.536016970168547,1,Medium,Send personalized cross-modal loyalty incentive
U0193,30,E-Bike,3888,3.0,56500.0,0.0,0.0,0.5359176881970187,1,Medium,Send personalized cross-modal loyalty incentive
U0574,29,Shuttle,1724,4.0,183000.0,0.0,0.25,0.5356916800512959,1,Medium,Send personalized cross-modal loyalty incentive
U1285,28,Shuttle,4916,3.0,62500.0,0.3333333333333333,0.3333333333333333,0.535460039360804,1,Medium,Send personalized cross-modal loyalty incentive
U0570,28,Metro/Bus,3742,4.0,138000.0,0.0,0.75,0.5354474595428095,1,Medium,Send personalized cross-modal loyalty incentive
U1874,31,Metro/Bus,157,5.0,167500.0,0.0,0.8,0.5352418121671029,1,Medium,Send personalized cross-modal loyalty incentive
U0866,48,Shuttle,4748,4.0,125500.0,0.25,0.5,0.5352193702946955,1,Medium,Send personalized cross-modal loyalty incentive
U1468,35,Shuttle,1076,4.0,186000.0,0.25,0.25,0.5349374564922804,1,Medium,Send personalized cross-modal loyalty incentive
U1055,35,E-Bike,776,3.0,92500.0,0.0,0.3333333333333333,0.5349229950106004,1,Medium,Send personalized cross-modal loyalty incentive
U1035,27,Metro/Bus,877,4.0,130500.0,0.0,0.25,0.5349017783679536,1,Medium,Send personalized cross-modal loyalty incentive
U0410,37,Shuttle,1810,3.0,139000.0,0.0,0.6666666666666666,0.534878157386408,1,Medium,Send personalized cross-modal loyalty incentive
U2010,30,Shuttle,1137,5.0,234500.0,0.0,0.8,0.5347684113289963,1,Medium,Send personalized cross-modal loyalty incentive
U1553,28,Shuttle,3691,4.0,76000.0,0.75,1.0,0.5344272435965622,1,Medium,Send personalized cross-modal loyalty incentive
U1254,51,Shuttle,2095,3.0,72000.0,0.0,1.0,0.534312979100905,1,Medium,Send personalized cross-modal loyalty incentive
U0151,42,E-Bike,1930,3.0,109500.0,0.0,0.6666666666666666,0.534292428589168,1,Medium,Send personalized cross-modal loyalty incentive
U0042,23,E-Bike,1311,2.0,92500.0,0.0,0.5,0.5342497066139804,1,Medium,Send personalized cross-modal loyalty incentive
U0395,39,Shuttle,3852,2.0,84000.0,0.0,0.5,0.5340541000579391,1,Medium,Send personalized cross-modal loyalty incentive
U0533,49,E-Bike,1458,5.0,141000.0,0.2,0.6,0.5337411052115811,1,Medium,Send personalized cross-modal loyalty incentive
U0509,44,E-Bike,4862,3.0,110000.0,0.0,0.3333333333333333,0.5337001495828133,1,Medium,Send personalized cross-modal loyalty incentive
U0367,44,Metro/Bus,896,3.0,105000.0,0.3333333333333333,0.3333333333333333,0.533651874140218,1,Medium,Send personalized cross-modal loyalty incentive
U1374,48,E-Bike,4007,2.0,58000.0,0.0,0.0,0.5336157297413543,1,Medium,Send personalized cross-modal loyalty incentive
U1806,47,Metro/Bus,4810,4.0,99500.0,0.25,1.0,0.5332941578221269,1,Medium,Send personalized cross-modal loyalty incentive
U1757,40,E-Bike,1927,3.0,60000.0,0.0,0.6666666666666666,0.533238984870131,1,Medium,Send personalized cross-modal loyalty incentive
U0221,45,Metro/Bus,691,2.0,97000.0,0.0,0.5,0.5330753785387576,1,Medium,Send personalized cross-modal loyalty incentive
U1987,22,Shuttle,2056,2.0,47000.0,0.5,0.5,0.5330204872391618,1,Medium,Send personalized cross-modal loyalty incentive
U0194,18,E-Bike,3344,3.0,135000.0,0.0,0.0,0.5330154623662315,1,Medium,Send personalized cross-modal loyalty incentive
U1012,31,Shuttle,1225,6.0,182000.0,0.16666666666666666,0.5,0.5329660882019355,1,Medium,Send personalized cross-modal loyalty incentive
U1803,52,E-Bike,3048,5.0,154500.0,0.0,0.2,0.5327453560815495,1,Medium,Send personalized cross-modal loyalty incentive
U0612,41,E-Bike,4693,3.0,63000.0,0.0,0.3333333333333333,0.5326746978885007,1,Medium,Send personalized cross-modal loyalty incentive
U0164,50,E-Bike,2184,7.0,309000.0,0.0,0.42857142857142855,0.532580488588237,1,Medium,Send personalized cross-modal loyalty incentive
U0236,29,Shuttle,2754,5.0,210000.0,0.4,0.8,0.5325769394611545,1,Medium,Send personalized cross-modal loyalty incentive
U1260,39,E-Bike,500,4.0,104000.0,0.0,0.25,0.5324751582139906,1,Medium,Send personalized cross-modal loyalty incentive
U2084,41,Shuttle,2298,5.0,249500.0,0.0,1.0,0.532366638564064,1,Medium,Send personalized cross-modal loyalty incentive
U0244,28,E-Bike,2023,3.0,76500.0,0.0,0.6666666666666666,0.5322346871693842,1,Medium,Send personalized cross-modal loyalty incentive
U1471,32,Metro/Bus,1222,4.0,118500.0,0.25,0.75,0.5322232440503945,1,Medium,Send personalized cross-modal loyalty incentive
U1798,41,E-Bike,1894,3.0,100500.0,0.0,0.3333333333333333,0.5320557412666537,1,Medium,Send personalized cross-modal loyalty incentive
U0014,45,E-Bike,3885,3.0,70000.0,0.0,0.3333333333333333,0.5319947933790188,1,Medium,Send personalized cross-modal loyalty incentive
U1962,33,Shuttle,3263,5.0,192000.0,0.0,0.4,0.5319862536020122,1,Medium,Send personalized cross-modal loyalty incentive
U0295,49,Shuttle,1021,6.0,196500.0,0.16666666666666666,0.3333333333333333,0.5318899381009777,1,Medium,Send personalized cross-modal loyalty incentive
U1835,25,E-Bike,4851,6.0,203000.0,0.0,0.8333333333333334,0.5318743416480208,1,Medium,Send personalized cross-modal loyalty incentive
U0991,44,Shuttle,3076,7.0,291000.0,0.14285714285714285,0.14285714285714285,0.5318486539851563,1,Medium,Send personalized cross-modal loyalty incentive
U1848,35,Metro/Bus,1043,3.0,72500.0,0.3333333333333333,0.3333333333333333,0.5317783830636916,1,Medium,Send personalized cross-modal loyalty incentive
U0480,32,E-Bike,3715,4.0,97000.0,0.0,0.75,0.5317343550919428,1,Medium,Send personalized cross-modal loyalty incentive
U1593,43,E-Bike,2983,6.0,187500.0,0.0,0.8333333333333334,0.5316155773899864,1,Medium,Send personalized cross-modal loyalty incentive
U0994,26,E-Bike,3102,4.0,106500.0,0.0,0.25,0.5315990439161294,1,Medium,Send personalized cross-modal loyalty incentive
U0083,32,Metro/Bus,450,1.0,20000.0,1.0,0.0,0.5315349450569814,1,Medium,Send personalized cross-modal loyalty incentive
U1796,20,E-Bike,47,6.0,161500.0,0.0,0.6666666666666666,0.5314322847540291,1,Medium,Send personalized cross-modal loyalty incentive
U1977,27,Metro/Bus,4214,3.0,154000.0,0.0,0.6666666666666666,0.5313490370935575,1,Medium,Send personalized cross-modal loyalty incentive
U0246,26,E-Bike,3615,3.0,90500.0,0.0,0.3333333333333333,0.5313467227034571,1,Medium,Send personalized cross-modal loyalty incentive
U0388,28,E-Bike,1927,2.0,85000.0,0.0,1.0,0.531343038511462,1,Medium,Send personalized cross-modal loyalty incentive
U1432,22,E-Bike,894,2.0,47500.0,0.0,0.0,0.5312279934406698,1,Medium,Send personalized cross-modal loyalty incentive
U0671,54,Shuttle,4690,4.0,97000.0,0.25,0.75,0.5310508539557508,1,Medium,Send personalized cross-modal loyalty incentive
U0276,18,E-Bike,2801,5.0,151500.0,0.6,0.8,0.5310389274295564,1,Medium,Send personalized cross-modal loyalty incentive
U0894,25,E-Bike,711,5.0,170500.0,0.0,0.6,0.5308577153890368,1,Medium,Send personalized cross-modal loyalty incentive
U1070,35,Metro/Bus,3692,2.0,58500.0,0.0,1.0,0.5308259524112425,1,Medium,Send personalized cross-modal loyalty incentive
U1469,54,Shuttle,2700,3.0,116500.0,0.3333333333333333,0.6666666666666666,0.5306442961441562,1,Medium,Send personalized cross-modal loyalty incentive
U0596,53,E-Bike,465,4.0,83500.0,0.0,0.25,0.5306144692121388,1,Medium,Send personalized cross-modal loyalty incentive
U1708,23,E-Bike,167,8.0,297500.0,0.125,0.625,0.530485862969906,1,Medium,Send personalized cross-modal loyalty incentive
U1912,25,Shuttle,4529,5.0,147500.0,0.0,1.0,0.5304017534447439,1,Medium,Send personalized cross-modal loyalty incentive
U1430,42,E-Bike,1920,3.0,143000.0,0.0,0.3333333333333333,0.5303558091726397,1,Medium,Send personalized cross-modal loyalty incentive
U1455,30,E-Bike,4516,2.0,69500.0,0.0,1.0,0.5301695999811646,1,Medium,Send personalized cross-modal loyalty incentive
U0067,47,Metro/Bus,12,3.0,118000.0,0.0,0.6666666666666666,0.530146481937296,1,Medium,Send personalized cross-modal loyalty incentive
U1657,49,E-Bike,498,4.0,89000.0,0.25,0.75,0.5300934459363003,1,Medium,Send personalized cross-modal loyalty incentive
U1011,52,E-Bike,1459,3.0,139500.0,0.0,1.0,0.5299424072725157,1,Medium,Send personalized cross-modal loyalty incentive
U1336,52,Shuttle,4987,4.0,181500.0,0.0,0.25,0.5296867453397549,1,Medium,Send personalized cross-modal loyalty incentive
U0275,18,E-Bike,464,4.0,98000.0,0.0,0.25,0.5296562784202626,1,Medium,Send personalized cross-modal loyalty incentive
U0483,42,E-Bike,3707,4.0,60000.0,0.25,0.25,0.529652104809543,1,Medium,Send personalized cross-modal loyalty incentive
U1600,47,Metro/Bus,2351,2.0,93000.0,0.5,0.0,0.529453682292242,1,Medium,Send personalized cross-modal loyalty incentive
U1162,38,Metro/Bus,3890,3.0,110500.0,0.0,0.0,0.5291753345653916,1,Medium,Send personalized cross-modal loyalty incentive
U2082,46,E-Bike,1919,4.0,121000.0,0.0,0.75,0.5289348848720343,1,Medium,Send personalized cross-modal loyalty incentive
U1244,52,Metro/Bus,565,3.0,75000.0,0.6666666666666666,0.3333333333333333,0.5287262853954674,1,Medium,Send personalized cross-modal loyalty incentive
U1314,23,Shuttle,4483,4.0,76000.0,0.5,0.0,0.5286719293218156,1,Medium,Send personalized cross-modal loyalty incentive
U0255,38,Metro/Bus,2236,4.0,125000.0,0.0,0.25,0.5286485408164062,1,Medium,Send personalized cross-modal loyalty incentive
U1715,55,E-Bike,3206,6.0,191000.0,0.16666666666666666,0.3333333333333333,0.5284314782489969,1,Medium,Send personalized cross-modal loyalty incentive
U1562,23,E-Bike,3438,1.0,34500.0,0.0,1.0,0.5283745519931548,1,Medium,Send personalized cross-modal loyalty incentive
U0118,44,E-Bike,2906,3.0,118500.0,0.0,0.0,0.5283324268994193,1,Medium,Send personalized cross-modal loyalty incentive
U1959,53,E-Bike,638,2.0,117000.0,0.0,0.5,0.528194556097477,1,Medium,Send personalized cross-modal loyalty incentive
U1480,46,E-Bike,1199,3.0,92000.0,0.0,0.3333333333333333,0.5281317747236226,1,Medium,Send personalized cross-modal loyalty incentive
U0072,30,Metro/Bus,541,4.0,117000.0,0.0,0.5,0.5280034521503134,1,Medium,Send personalized cross-modal loyalty incentive
U1618,47,Shuttle,1127,4.0,119500.0,0.25,0.0,0.5279617129765346,1,Medium,Send personalized cross-modal loyalty incentive
U1131,18,Shuttle,2490,4.0,98000.0,0.0,0.25,0.5279204070065118,1,Medium,Send personalized cross-modal loyalty incentive
U0469,45,Metro/Bus,1018,6.0,175000.0,0.16666666666666666,0.5,0.5279005480392217,1,Medium,Send personalized cross-modal loyalty incentive
U0343,44,E-Bike,3860,5.0,122500.0,0.0,0.4,0.5278879011701024,1,Medium,Send personalized cross-modal loyalty incentive
U1470,38,Shuttle,813,3.0,88500.0,0.3333333333333333,0.3333333333333333,0.5277458047924695,1,Medium,Send personalized cross-modal loyalty incentive
U0406,41,Metro/Bus,2842,2.0,92500.0,0.0,0.5,0.52771714644701,1,Medium,Send personalized cross-modal loyalty incentive
U1475,34,Metro/Bus,731,3.0,163500.0,0.3333333333333333,0.6666666666666666,0.527604851770698,1,Medium,Send personalized cross-modal loyalty incentive
U1610,22,Metro/Bus,2906,3.0,76000.0,0.0,0.0,0.5275816567280514,1,Medium,Send personalized cross-modal loyalty incentive
U2123,25,Shuttle,1479,3.0,107500.0,0.0,0.3333333333333333,0.527542932856079,1,Medium,Send personalized cross-modal loyalty incentive
U1535,47,E-Bike,4125,3.0,139500.0,0.0,0.6666666666666666,0.527455171291192,1,Medium,Send personalized cross-modal loyalty incentive
U0966,48,E-Bike,4848,4.0,150000.0,0.0,0.5,0.5274265191489352,1,Medium,Send personalized cross-modal loyalty incentive
U0393,21,E-Bike,690,4.0,187500.0,0.0,0.75,0.5273224521175623,1,Medium,Send personalized cross-modal loyalty incentive
U0677,18,E-Bike,1001,10.0,452000.0,0.2,0.5,0.5272166527879804,1,Medium,Send personalized cross-modal loyalty incentive
U1617,37,E-Bike,3378,3.0,76000.0,0.0,0.6666666666666666,0.5270716802609533,1,Medium,Send personalized cross-modal loyalty incentive
U1659,19,Metro/Bus,1093,2.0,95500.0,0.0,0.5,0.5270574816446945,1,Medium,Send personalized cross-modal loyalty incentive
U1564,24,Metro/Bus,1734,3.0,32500.0,0.3333333333333333,0.6666666666666666,0.5270410930070292,1,Medium,Send personalized cross-modal loyalty incentive
U1841,21,Metro/Bus,780,2.0,114000.0,0.0,1.0,0.5270309973720972,1,Medium,Send personalized cross-modal loyalty incentive
U1967,42,E-Bike,3578,2.0,47000.0,0.0,0.0,0.5268285200581043,1,Medium,Send personalized cross-modal loyalty incentive
U0060,23,Metro/Bus,3785,3.0,107500.0,0.0,0.3333333333333333,0.5265908654058336,1,Medium,Send personalized cross-modal loyalty incentive
U1805,36,Metro/Bus,649,4.0,102000.0,0.25,0.75,0.5265799219778521,1,Medium,Send personalized cross-modal loyalty incentive
U1262,20,E-Bike,2467,2.0,72000.0,0.0,0.0,0.5265457327700621,1,Medium,Send personalized cross-modal loyalty incentive
U0718,24,E-Bike,1507,3.0,101500.0,0.0,0.3333333333333333,0.5264856282282296,1,Medium,Send personalized cross-modal loyalty incentive
U0116,54,Shuttle,2802,6.0,215500.0,0.16666666666666666,0.5,0.5264621560727156,1,Medium,Send personalized cross-modal loyalty incentive
U0594,47,E-Bike,103,1.0,64500.0,0.0,1.0,0.5264144639211369,1,Medium,Send personalized cross-modal loyalty incentive
U0323,55,Shuttle,1146,3.0,111000.0,0.3333333333333333,0.6666666666666666,0.526405363948084,1,Medium,Send personalized cross-modal loyalty incentive
U1389,51,Shuttle,2270,4.0,191500.0,0.0,0.75,0.5257612242466521,1,Medium,Send personalized cross-modal loyalty incentive
U1750,50,Metro/Bus,523,5.0,183000.0,0.2,0.2,0.5256093930798525,1,Medium,Send personalized cross-modal loyalty incentive
U0591,33,E-Bike,1338,2.0,47000.0,0.5,0.5,0.5255340786391283,1,Medium,Send personalized cross-modal loyalty incentive
U0648,25,Shuttle,1963,7.0,253500.0,0.2857142857142857,0.5714285714285714,0.5254763031454859,1,Medium,Send personalized cross-modal loyalty incentive
U1919,28,Shuttle,4299,4.0,147000.0,0.0,0.25,0.5254544135117134,1,Medium,Send personalized cross-modal loyalty incentive
U0418,22,Metro/Bus,252,6.0,230500.0,0.16666666666666666,0.5,0.5254349507932752,1,Medium,Send personalized cross-modal loyalty incentive
U0022,53,Metro/Bus,2555,3.0,123500.0,0.0,0.6666666666666666,0.5253840869171756,1,Medium,Send personalized cross-modal loyalty incentive
U1412,27,E-Bike,4176,3.0,109500.0,0.0,0.3333333333333333,0.5253153035812379,1,Medium,Send personalized cross-modal loyalty incentive
U1436,28,Metro/Bus,2274,3.0,42000.0,0.0,0.3333333333333333,0.5253125501459711,1,Medium,Send personalized cross-modal loyalty incentive
U0170,39,Shuttle,4821,4.0,135000.0,0.25,0.75,0.525182541800699,1,Medium,Send personalized cross-modal loyalty incentive
U0378,21,Shuttle,892,4.0,144500.0,0.25,0.5,0.5249030337689006,1,Medium,Send personalized cross-modal loyalty incentive
U1858,44,Shuttle,2186,4.0,113000.0,0.0,0.5,0.5248613496706249,1,Medium,Send personalized cross-modal loyalty incentive
U0876,53,Metro/Bus,702,5.0,157500.0,0.2,0.4,0.5248534545544286,1,Medium,Send personalized cross-modal loyalty incentive
U1139,49,E-Bike,644,4.0,181500.0,0.25,0.25,0.5247233992440656,1,Medium,Send personalized cross-modal loyalty incentive
U1882,42,E-Bike,4867,3.0,70000.0,0.3333333333333333,0.6666666666666666,0.5246965924898382,1,Medium,Send personalized cross-modal loyalty incentive
U1904,24,E-Bike,1676,4.0,112000.0,0.75,1.0,0.5246856309626046,1,Medium,Send personalized cross-modal loyalty incentive
U1993,37,E-Bike,2473,6.0,225500.0,0.0,0.3333333333333333,0.524629094394858,1,Medium,Send personalized cross-modal loyalty incentive
U1498,34,E-Bike,1940,4.0,138500.0,0.0,0.75,0.5243496955022834,1,Medium,Send personalized cross-modal loyalty incentive
U1371,50,Metro/Bus,1339,3.0,146500.0,0.3333333333333333,1.0,0.5243287852663172,1,Medium,Send personalized cross-modal loyalty incentive
U1118,20,Shuttle,3369,3.0,86000.0,0.3333333333333333,0.6666666666666666,0.5242620104661524,1,Medium,Send personalized cross-modal loyalty incentive
U1311,55,Shuttle,583,4.0,106000.0,0.25,0.5,0.5239316431328049,1,Medium,Send personalized cross-modal loyalty incentive
U2164,31,E-Bike,1603,5.0,205000.0,0.2,0.6,0.5239091318378821,1,Medium,Send personalized cross-modal loyalty incentive
U2173,45,Shuttle,2920,5.0,256000.0,0.0,0.6,0.5238672976652123,1,Medium,Send personalized cross-modal loyalty incentive
U2040,39,Shuttle,1596,5.0,146000.0,0.2,0.6,0.5238110540034047,1,Medium,Send personalized cross-modal loyalty incentive
U1114,34,Shuttle,1690,4.0,58500.0,0.0,0.5,0.5236212083224986,1,Medium,Send personalized cross-modal loyalty incentive
U1972,29,Shuttle,1424,3.0,121500.0,0.0,0.3333333333333333,0.5235761611188144,1,Medium,Send personalized cross-modal loyalty incentive
U2077,23,E-Bike,4292,3.0,75000.0,0.0,0.6666666666666666,0.5234260477643723,1,Medium,Send personalized cross-modal loyalty incentive
U1029,43,E-Bike,2545,4.0,149000.0,0.0,0.75,0.5233809154146558,1,Medium,Send personalized cross-modal loyalty incentive
U2089,46,Shuttle,680,6.0,204000.0,0.0,0.5,0.5232060851523638,1,Medium,Send personalized cross-modal loyalty incentive
U0821,55,Shuttle,2242,5.0,159000.0,0.0,0.6,0.5231609673004614,1,Medium,Send personalized cross-modal loyalty incentive
U0465,45,E-Bike,4641,3.0,132000.0,0.3333333333333333,0.6666666666666666,0.5229158308466079,1,Medium,Send personalized cross-modal loyalty incentive
U0948,39,E-Bike,419,4.0,82000.0,0.25,0.25,0.5226666064613537,1,Medium,Send personalized cross-modal loyalty incentive
U0813,26,Metro/Bus,2151,2.0,106500.0,0.0,0.0,0.5225247110308552,1,Medium,Send personalized cross-modal loyalty incentive
U1863,54,E-Bike,532,3.0,69000.0,0.0,0.3333333333333333,0.5225078477902383,1,Medium,Send personalized cross-modal loyalty incentive
U1958,30,E-Bike,474,4.0,203000.0,0.25,0.75,0.5223444925327275,1,Medium,Send personalized cross-modal loyalty incentive
U1352,38,Metro/Bus,1512,3.0,90500.0,0.0,0.0,0.5223377431072025,1,Medium,Send personalized cross-modal loyalty incentive
U0267,36,E-Bike,2325,6.0,223000.0,0.0,0.6666666666666666,0.5223356884809273,1,Medium,Send personalized cross-modal loyalty incentive
U0531,25,E-Bike,1879,5.0,220500.0,0.2,0.4,0.5223069124258414,1,Medium,Send personalized cross-modal loyalty incentive
U0347,41,Metro/Bus,1293,4.0,127000.0,0.25,0.5,0.5220793420406092,1,Medium,Send personalized cross-modal loyalty incentive
U0634,53,E-Bike,4559,3.0,120000.0,0.0,0.0,0.522038801451346,1,Medium,Send personalized cross-modal loyalty incentive
U0024,33,Shuttle,1270,6.0,192500.0,0.16666666666666666,0.6666666666666666,0.5219996204431443,1,Medium,Send personalized cross-modal loyalty incentive
U0897,29,E-Bike,604,6.0,277000.0,0.16666666666666666,0.3333333333333333,0.5219625959720225,1,Medium,Send personalized cross-modal loyalty incentive
U0047,26,Shuttle,4789,4.0,81000.0,0.0,0.75,0.5219307136770984,1,Medium,Send personalized cross-modal loyalty incentive
U0587,48,Shuttle,4705,4.0,76500.0,0.0,0.5,0.5219153594093603,1,Medium,Send personalized cross-modal loyalty incentive
U1698,55,E-Bike,719,3.0,106500.0,0.3333333333333333,0.3333333333333333,0.5217433727943345,1,Medium,Send personalized cross-modal loyalty incentive
U1753,35,E-Bike,3889,4.0,207000.0,0.0,0.25,0.5215354758777306,1,Medium,Send personalized cross-modal loyalty incentive
U1239,33,E-Bike,209,4.0,141000.0,0.5,0.25,0.5215124257732657,1,Medium,Send personalized cross-modal loyalty incentive
U0358,19,E-Bike,3560,3.0,56000.0,0.3333333333333333,0.0,0.5214862667347663,1,Medium,Send personalized cross-modal loyalty incentive
U1504,33,E-Bike,3740,4.0,187000.0,0.0,0.25,0.5213343911102205,1,Medium,Send personalized cross-modal loyalty incentive
U0320,38,Shuttle,587,6.0,201000.0,0.16666666666666666,0.8333333333333334,0.5213097901132251,1,Medium,Send personalized cross-modal loyalty incentive
U2063,49,E-Bike,253,5.0,166500.0,0.2,0.4,0.5212785121935564,1,Medium,Send personalized cross-modal loyalty incentive
U1944,32,Shuttle,496,4.0,98500.0,0.0,0.0,0.521227973401559,1,Medium,Send personalized cross-modal loyalty incentive
U0805,42,E-Bike,1325,4.0,142500.0,0.0,0.25,0.521173938110829,1,Medium,Send personalized cross-modal loyalty incentive
U0227,41,Shuttle,1273,5.0,167500.0,0.2,0.4,0.521150305060137,1,Medium,Send personalized cross-modal loyalty incentive
U0496,42,E-Bike,3135,4.0,125500.0,0.25,0.0,0.521100755813405,1,Medium,Send personalized cross-modal loyalty incentive
U1249,33,Shuttle,558,4.0,100500.0,0.25,0.0,0.5210643304713503,1,Medium,Send personalized cross-modal loyalty incentive
U2019,23,Shuttle,4593,3.0,65500.0,0.6666666666666666,1.0,0.521044549819831,1,Medium,Send personalized cross-modal loyalty incentive
U1691,39,Metro/Bus,3015,3.0,129000.0,0.0,1.0,0.5209447325200689,1,Medium,Send personalized cross-modal loyalty incentive
U0328,24,E-Bike,745,2.0,35000.0,0.5,0.5,0.5209220087717428,1,Medium,Send personalized cross-modal loyalty incentive
U0944,54,E-Bike,1258,5.0,141000.0,0.0,0.8,0.5208892693844879,1,Medium,Send personalized cross-modal loyalty incentive
U0551,32,E-Bike,1260,3.0,92500.0,0.0,0.6666666666666666,0.5208830819064963,1,Medium,Send personalized cross-modal loyalty incentive
U0166,21,E-Bike,1799,4.0,110500.0,0.25,0.75,0.5208541507020253,1,Medium,Send personalized cross-modal loyalty incentive
U1032,31,E-Bike,113,4.0,69000.0,0.0,0.25,0.5208460823510028,1,Medium,Send personalized cross-modal loyalty incentive
U0785,35,E-Bike,3581,5.0,156000.0,0.0,0.4,0.520773541558784,1,Medium,Send personalized cross-modal loyalty incentive
U0111,50,Metro/Bus,1925,3.0,96000.0,0.0,0.3333333333333333,0.5206752734332954,1,Medium,Send personalized cross-modal loyalty incentive
U1523,51,Shuttle,447,4.0,49000.0,0.0,0.75,0.520630873584053,1,Medium,Send personalized cross-modal loyalty incentive
U0922,35,E-Bike,4189,3.0,103000.0,0.0,0.3333333333333333,0.5205347541673406,1,Medium,Send personalized cross-modal loyalty incentive
U0688,52,E-Bike,4191,2.0,79000.0,0.0,0.0,0.5204990774090764,1,Medium,Send personalized cross-modal loyalty incentive
U0904,45,Metro/Bus,165,4.0,132500.0,0.0,0.0,0.5203608830435249,1,Medium,Send personalized cross-modal loyalty incentive
U0147,43,E-Bike,162,4.0,108000.0,0.0,0.5,0.5203397063784928,1,Medium,Send personalized cross-modal loyalty incentive
U1365,28,Metro/Bus,3284,5.0,153500.0,0.0,0.4,0.5202562840816577,1,Medium,Send personalized cross-modal loyalty incentive
U1256,19,E-Bike,2553,3.0,37000.0,0.3333333333333333,0.3333333333333333,0.5200207581967724,1,Medium,Send personalized cross-modal loyalty incentive
U0318,51,E-Bike,2678,2.0,132000.0,0.0,0.0,0.5200113391750872,1,Medium,Send personalized cross-modal loyalty incentive
U1495,37,E-Bike,2893,1.0,64500.0,0.0,0.0,0.5199211110494059,1,Medium,Send personalized cross-modal loyalty incentive
U2062,28,E-Bike,2038,3.0,72000.0,0.0,0.6666666666666666,0.5198285020390898,1,Medium,Send personalized cross-modal loyalty incentive
U1949,29,Shuttle,1347,3.0,74000.0,0.3333333333333333,0.0,0.5197423982467415,1,Medium,Send personalized cross-modal loyalty incentive
U0846,51,E-Bike,3598,5.0,160000.0,0.0,0.2,0.5197328411800403,1,Medium,Send personalized cross-modal loyalty incentive
U2043,30,E-Bike,571,6.0,166500.0,0.5,0.5,0.5196797553206736,1,Medium,Send personalized cross-modal loyalty incentive
U2169,36,Metro/Bus,3422,4.0,94000.0,0.0,0.5,0.5196365220873277,1,Medium,Send personalized cross-modal loyalty incentive
U1075,41,E-Bike,3436,2.0,67000.0,0.5,1.0,0.5195002391773396,1,Medium,Send personalized cross-modal loyalty incentive
U0981,40,Metro/Bus,890,5.0,121500.0,0.2,0.4,0.5193524597024831,1,Medium,Send personalized cross-modal loyalty incentive
U0381,34,E-Bike,238,2.0,124500.0,0.0,0.5,0.5190985654578372,1,Medium,Send personalized cross-modal loyalty incentive
U0863,25,Shuttle,4980,3.0,50000.0,0.0,0.6666666666666666,0.5190805812842564,1,Medium,Send personalized cross-modal loyalty incentive
U0242,51,E-Bike,1222,3.0,115000.0,0.3333333333333333,0.6666666666666666,0.5190192163346119,1,Medium,Send personalized cross-modal loyalty incentive
U0586,39,E-Bike,4783,3.0,43500.0,0.3333333333333333,0.6666666666666666,0.5189243944695509,1,Medium,Send personalized cross-modal loyalty incentive
U1505,52,E-Bike,1197,4.0,130000.0,0.25,0.5,0.5188514928413208,1,Medium,Send personalized cross-modal loyalty incentive
U1538,38,E-Bike,4758,4.0,158500.0,0.0,0.75,0.5187380246365625,1,Medium,Send personalized cross-modal loyalty incentive
U0451,43,E-Bike,3419,3.0,66000.0,0.0,0.0,0.5185601748418075,1,Medium,Send personalized cross-modal loyalty incentive
U1872,45,E-Bike,4518,2.0,50000.0,0.0,0.5,0.5185137211928904,1,Medium,Send personalized cross-modal loyalty incentive
U1984,46,Metro/Bus,4799,4.0,153500.0,0.25,0.25,0.5184901677693224,1,Medium,Send personalized cross-modal loyalty incentive
U1641,23,E-Bike,4676,2.0,80000.0,0.0,0.5,0.5183738376459135,1,Medium,Send personalized cross-modal loyalty incentive
U0195,41,E-Bike,4597,5.0,107500.0,0.2,0.4,0.518162735413429,1,Medium,Send personalized cross-modal loyalty incentive
U1665,19,Metro/Bus,390,3.0,106000.0,0.3333333333333333,0.0,0.5179713321143492,1,Medium,Send personalized cross-modal loyalty incentive
U0071,37,E-Bike,3374,3.0,125500.0,0.0,0.0,0.5179319534001944,1,Medium,Send personalized cross-modal loyalty incentive
U0078,47,Metro/Bus,4268,4.0,88500.0,0.5,0.5,0.5178935681680192,1,Medium,Send personalized cross-modal loyalty incentive
U2139,32,E-Bike,3992,2.0,60000.0,0.5,0.0,0.5178351317965081,1,Medium,Send personalized cross-modal loyalty incentive
U0786,20,E-Bike,1424,5.0,123000.0,0.0,0.4,0.5177442447928214,1,Medium,Send personalized cross-modal loyalty incentive
U0415,55,Metro/Bus,796,4.0,166500.0,0.25,0.5,0.5176489457835282,1,Medium,Send personalized cross-modal loyalty incentive
U1201,30,Metro/Bus,3855,3.0,68000.0,0.0,0.3333333333333333,0.5175602484913228,1,Medium,Send personalized cross-modal loyalty incentive
U1728,20,Metro/Bus,2666,5.0,148500.0,0.2,0.6,0.5175533465858578,1,Medium,Send personalized cross-modal loyalty incentive
U1520,39,E-Bike,2888,3.0,158500.0,0.0,0.0,0.5174126813508974,1,Medium,Send personalized cross-modal loyalty incentive
U0663,37,Shuttle,2804,1.0,64500.0,0.0,1.0,0.5173957997565505,1,Medium,Send personalized cross-modal loyalty incentive
U0066,22,Metro/Bus,969,3.0,111000.0,0.0,0.3333333333333333,0.51739344542359,1,Medium,Send personalized cross-modal loyalty incentive
U2007,51,Shuttle,1211,6.0,184500.0,0.16666666666666666,0.16666666666666666,0.5173448273712109,1,Medium,Send personalized cross-modal loyalty incentive
U1326,48,E-Bike,4733,4.0,148000.0,0.0,0.5,0.5172948539766087,1,Medium,Send personalized cross-modal loyalty incentive
U2113,53,E-Bike,1253,3.0,112000.0,0.3333333333333333,0.6666666666666666,0.5172395242425983,1,Medium,Send personalized cross-modal loyalty incentive
U1404,28,Metro/Bus,644,3.0,59000.0,0.0,0.3333333333333333,0.5172374660050877,1,Medium,Send personalized cross-modal loyalty incentive
U1541,29,Metro/Bus,1165,5.0,207000.0,0.0,0.2,0.5171239832202233,1,Medium,Send personalized cross-modal loyalty incentive
U2174,40,Metro/Bus,2275,5.0,100500.0,0.4,1.0,0.5170644588737818,1,Medium,Send personalized cross-modal loyalty incentive
U0123,28,Metro/Bus,1375,4.0,102000.0,0.0,0.0,0.5170256163409144,1,Medium,Send personalized cross-modal loyalty incentive
U0489,41,Metro/Bus,1047,2.0,27000.0,0.0,0.0,0.5169873453891672,1,Medium,Send personalized cross-modal loyalty incentive
U1335,20,Metro/Bus,1347,4.0,58500.0,0.25,1.0,0.5168922485638007,1,Medium,Send personalized cross-modal loyalty incentive
U1237,19,E-Bike,1214,9.0,374500.0,0.1111111111111111,0.3333333333333333,0.5168027656076779,1,Medium,Send personalized cross-modal loyalty incentive
U1140,50,E-Bike,1624,4.0,59500.0,0.0,0.5,0.5167599840303188,1,Medium,Send personalized cross-modal loyalty incentive
U0043,27,Metro/Bus,1381,5.0,162500.0,0.2,0.8,0.5166952852069119,1,Medium,Send personalized cross-modal loyalty incentive
U1532,37,E-Bike,2751,4.0,115000.0,0.0,0.25,0.5165966035587067,1,Medium,Send personalized cross-modal loyalty incentive
U0635,26,Shuttle,4848,2.0,79000.0,0.0,0.5,0.5165537837717681,1,Medium,Send personalized cross-modal loyalty incentive
U1794,37,Shuttle,1404,4.0,83500.0,0.0,0.5,0.5165180168961361,1,Medium,Send personalized cross-modal loyalty incentive
U0950,20,Shuttle,2246,5.0,155000.0,0.2,0.4,0.5163588803086507,1,Medium,Send personalized cross-modal loyalty incentive
U0474,31,E-Bike,1403,6.0,214500.0,0.0,0.5,0.5162046022568754,1,Medium,Send personalized cross-modal loyalty incentive
U1974,26,E-Bike,213,3.0,97500.0,0.3333333333333333,0.6666666666666666,0.5161954510732522,1,Medium,Send personalized cross-modal loyalty incentive
U1814,53,Metro/Bus,3749,2.0,55000.0,0.0,0.5,0.5161937974848,1,Medium,Send personalized cross-modal loyalty incentive
U1573,39,Metro/Bus,2264,2.0,85500.0,0.5,0.0,0.5160421682533848,1,Medium,Send personalized cross-modal loyalty incentive
U0875,43,E-Bike,886,5.0,134000.0,0.0,0.4,0.5157508457680409,1,Medium,Send personalized cross-modal loyalty incentive
U0025,54,E-Bike,1136,3.0,67500.0,0.3333333333333333,0.3333333333333333,0.5156847752381855,1,Medium,Send personalized cross-modal loyalty incentive
U1602,40,Metro/Bus,819,4.0,183500.0,0.25,0.5,0.5156707625450234,1,Medium,Send personalized cross-modal loyalty incentive
U0337,47,Metro/Bus,809,4.0,69000.0,0.0,0.75,0.5156492374897385,1,Medium,Send personalized cross-modal loyalty incentive
U1673,35,Metro/Bus,1538,2.0,106000.0,0.0,0.5,0.5155882978237964,1,Medium,Send personalized cross-modal loyalty incentive
U0298,39,Metro/Bus,3358,2.0,35000.0,0.0,1.0,0.5155673200482704,1,Medium,Send personalized cross-modal loyalty incentive
U1415,26,Shuttle,3637,6.0,206000.0,0.3333333333333333,0.16666666666666666,0.5154325665342087,1,Medium,Send personalized cross-modal loyalty incentive
U1862,45,Metro/Bus,4077,3.0,62000.0,0.0,0.3333333333333333,0.51523695728428,1,Medium,Send personalized cross-modal loyalty incentive
U1045,33,Shuttle,609,6.0,213000.0,0.3333333333333333,0.3333333333333333,0.5152064255021923,1,Medium,Send personalized cross-modal loyalty incentive
U1861,44,E-Bike,3690,2.0,59500.0,0.0,0.5,0.5151570407947182,1,Medium,Send personalized cross-modal loyalty incentive
U1138,49,Shuttle,3090,4.0,112000.0,0.25,0.5,0.5150268727102545,1,Medium,Send personalized cross-modal loyalty incentive
U0955,47,Metro/Bus,2090,5.0,178000.0,0.6,0.4,0.5150240116373564,1,Medium,Send personalized cross-modal loyalty incentive
U1359,22,Shuttle,894,2.0,74500.0,0.5,0.0,0.514990612599047,1,Medium,Send personalized cross-modal loyalty incentive
U1378,38,E-Bike,2416,2.0,79500.0,0.0,0.5,0.5149529953498099,1,Medium,Send personalized cross-modal loyalty incentive
U1684,46,Shuttle,1320,5.0,76000.0,0.0,0.4,0.5148682316085138,1,Medium,Send personalized cross-modal loyalty incentive
U1171,46,Shuttle,1961,6.0,200500.0,0.3333333333333333,0.6666666666666666,0.5148218165621355,1,Medium,Send personalized cross-modal loyalty incentive
U1584,26,Metro/Bus,1017,2.0,91000.0,0.0,1.0,0.514645866422663,1,Medium,Send personalized cross-modal loyalty incentive
U0277,37,Shuttle,4843,6.0,260500.0,0.3333333333333333,0.3333333333333333,0.5146289780202806,1,Medium,Send personalized cross-modal loyalty incentive
U0300,24,E-Bike,1090,2.0,85500.0,0.0,0.5,0.514592963629781,1,Medium,Send personalized cross-modal loyalty incentive
U0600,40,E-Bike,4600,4.0,82000.0,0.0,0.0,0.5145045933583904,1,Medium,Send personalized cross-modal loyalty incentive
U1092,29,E-Bike,1668,5.0,138500.0,0.0,1.0,0.5144778792881208,1,Medium,Send personalized cross-modal loyalty incentive
U1671,28,E-Bike,3975,4.0,186000.0,0.0,0.25,0.5144680401143423,1,Medium,Send personalized cross-modal loyalty incentive
U0038,21,E-Bike,434,5.0,190000.0,0.2,0.4,0.5144110295103634,1,Medium,Send personalized cross-modal loyalty incentive
U1735,53,Shuttle,619,3.0,72000.0,0.3333333333333333,0.3333333333333333,0.5140015125644961,1,Medium,Send personalized cross-modal loyalty incentive
U0313,53,Metro/Bus,3890,3.0,34500.0,0.0,0.6666666666666666,0.5138839090927193,1,Medium,Send personalized cross-modal loyalty incentive
U0661,27,Metro/Bus,1723,4.0,148000.0,0.25,0.5,0.5137353057579249,1,Medium,Send personalized cross-modal loyalty incentive
U0026,19,Metro/Bus,605,4.0,110000.0,0.25,0.75,0.5136429849122671,1,Medium,Send personalized cross-modal loyalty incentive
U1664,43,E-Bike,70,4.0,136500.0,0.0,0.5,0.5136157618324032,1,Medium,Send personalized cross-modal loyalty incentive
U2198,43,E-Bike,1315,3.0,92000.0,0.0,0.6666666666666666,0.5135513475388266,1,Medium,Send personalized cross-modal loyalty incentive
U1312,31,Metro/Bus,3362,4.0,120500.0,0.0,0.5,0.5133900718113278,1,Medium,Send personalized cross-modal loyalty incentive
U1450,24,E-Bike,1113,4.0,115000.0,0.5,0.5,0.5133496931257625,1,Medium,Send personalized cross-modal loyalty incentive
U0346,52,Shuttle,4063,3.0,123500.0,0.0,0.3333333333333333,0.5132957216700621,1,Medium,Send personalized cross-modal loyalty incentive
U1036,23,Metro/Bus,1599,4.0,119500.0,0.0,0.5,0.5132220699770594,1,Medium,Send personalized cross-modal loyalty incentive
U1258,54,Shuttle,2004,6.0,256000.0,0.0,0.3333333333333333,0.5131855303045876,1,Medium,Send personalized cross-modal loyalty incentive
U1043,43,E-Bike,4202,4.0,103500.0,0.25,0.25,0.5131783082102186,1,Medium,Send personalized cross-modal loyalty incentive
U0068,47,Metro/Bus,1527,3.0,77000.0,0.3333333333333333,0.6666666666666666,0.5131169017830209,1,Medium,Send personalized cross-modal loyalty incentive
U0168,38,Metro/Bus,1397,4.0,119500.0,0.25,0.5,0.5130815541208218,1,Medium,Send personalized cross-modal loyalty incentive
U0914,44,Metro/Bus,4285,4.0,124500.0,0.0,0.75,0.5129150875729889,1,Medium,Send personalized cross-modal loyalty incentive
U0385,30,Shuttle,2848,3.0,100500.0,0.0,0.0,0.5128669298493682,1,Medium,Send personalized cross-modal loyalty incentive
U1701,51,Metro/Bus,1423,4.0,68000.0,0.25,0.75,0.5127275700195787,1,Medium,Send personalized cross-modal loyalty incentive
U1908,45,E-Bike,1586,4.0,121500.0,0.0,0.25,0.5127148439723345,1,Medium,Send personalized cross-modal loyalty incentive
U1579,30,E-Bike,4449,6.0,267000.0,0.0,0.16666666666666666,0.5127019919117013,1,Medium,Send personalized cross-modal loyalty incentive
U1149,48,E-Bike,2160,2.0,90000.0,0.0,0.5,0.512700368423734,1,Medium,Send personalized cross-modal loyalty incentive
U0213,23,E-Bike,2009,3.0,111500.0,0.3333333333333333,0.3333333333333333,0.5126508246434803,1,Medium,Send personalized cross-modal loyalty incentive
U0155,37,E-Bike,4308,3.0,95500.0,0.3333333333333333,0.6666666666666666,0.5125903514459473,1,Medium,Send personalized cross-modal loyalty incentive
U0872,23,E-Bike,101,4.0,111500.0,0.25,0.5,0.5125787171852485,1,Medium,Send personalized cross-modal loyalty incentive
U1364,34,E-Bike,2782,7.0,261000.0,0.2857142857142857,0.7142857142857143,0.5123579304790297,1,Medium,Send personalized cross-modal loyalty incentive
U1259,32,Shuttle,2325,5.0,81000.0,0.2,0.6,0.512332412853866,1,Medium,Send personalized cross-modal loyalty incentive
U2119,54,E-Bike,510,5.0,83000.0,0.6,0.8,0.5122624432224435,1,Medium,Send personalized cross-modal loyalty incentive
U0599,32,Metro/Bus,3981,5.0,127500.0,0.0,0.2,0.5120032748912868,1,Medium,Send personalized cross-modal loyalty incentive
U0231,19,Metro/Bus,1115,2.0,28500.0,0.5,0.0,0.5117821060280467,1,Medium,Send personalized cross-modal loyalty incentive
U0001,43,Shuttle,3290,3.0,112500.0,0.3333333333333333,0.3333333333333333,0.5116643765159568,1,Medium,Send personalized cross-modal loyalty incentive
U1087,50,Metro/Bus,2304,6.0,224000.0,0.16666666666666666,0.8333333333333334,0.5116000285768417,1,Medium,Send personalized cross-modal loyalty incentive
U0664,40,E-Bike,528,6.0,140000.0,0.16666666666666666,0.8333333333333334,0.5115983483440222,1,Medium,Send personalized cross-modal loyalty incentive
U1211,45,Metro/Bus,285,2.0,108000.0,0.5,1.0,0.5115939530848401,1,Medium,Send personalized cross-modal loyalty incentive
U1464,42,Metro/Bus,215,5.0,182000.0,0.0,0.4,0.5115003672769671,1,Medium,Send personalized cross-modal loyalty incentive
U0777,53,E-Bike,3522,8.0,357500.0,0.0,0.5,0.5114866668000799,1,Medium,Send personalized cross-modal loyalty incentive
U1832,28,E-Bike,1957,5.0,176500.0,0.0,0.6,0.5114213807252797,1,Medium,Send personalized cross-modal loyalty incentive
U1068,29,Metro/Bus,118,3.0,45500.0,0.3333333333333333,0.6666666666666666,0.5113207603101306,1,Medium,Send personalized cross-modal loyalty incentive
U2048,39,E-Bike,3106,4.0,107000.0,0.25,0.5,0.5112691401137686,1,Medium,Send personalized cross-modal loyalty incentive
U0833,18,Metro/Bus,230,3.0,110500.0,0.3333333333333333,0.3333333333333333,0.5111300226331295,1,Medium,Send personalized cross-modal loyalty incentive
U1015,25,E-Bike,4932,3.0,106000.0,0.3333333333333333,0.0,0.5110747742528012,1,Medium,Send personalized cross-modal loyalty incentive
U1894,22,Shuttle,3085,3.0,69000.0,0.3333333333333333,0.0,0.5110382936037606,1,Medium,Send personalized cross-modal loyalty incentive
U0315,31,E-Bike,3176,2.0,36000.0,0.5,0.0,0.5107904354225385,1,Medium,Send personalized cross-modal loyalty incentive
U1481,47,E-Bike,1811,3.0,91500.0,0.3333333333333333,0.3333333333333333,0.5107598170095419,1,Medium,Send personalized cross-modal loyalty incentive
U1442,49,Shuttle,4522,4.0,113000.0,0.0,0.5,0.5107420136179001,1,Medium,Send personalized cross-modal loyalty incentive
U0171,29,Metro/Bus,854,3.0,99000.0,0.0,0.0,0.5107186480047313,1,Medium,Send personalized cross-modal loyalty incentive
U1069,52,E-Bike,2712,2.0,28500.0,0.0,0.5,0.5106718240226694,1,Medium,Send personalized cross-modal loyalty incentive
U1417,48,Metro/Bus,4797,4.0,82000.0,0.0,0.5,0.5106685683984155,1,Medium,Send personalized cross-modal loyalty incentive
U1792,29,E-Bike,2929,4.0,117500.0,0.25,1.0,0.5105501809846734,1,Medium,Send personalized cross-modal loyalty incentive
U0145,35,E-Bike,1520,5.0,76500.0,0.4,0.2,0.5105394527722621,1,Medium,Send personalized cross-modal loyalty incentive
U1215,34,E-Bike,4572,3.0,99000.0,0.0,0.0,0.5104781089236227,1,Medium,Send personalized cross-modal loyalty incentive
U0723,54,Shuttle,515,7.0,249500.0,0.14285714285714285,0.7142857142857143,0.5104277492962155,1,Medium,Send personalized cross-modal loyalty incentive
U0153,23,E-Bike,648,4.0,169000.0,0.25,0.5,0.5102259904556233,1,Medium,Send personalized cross-modal loyalty incentive
U1270,45,E-Bike,4550,4.0,221000.0,0.0,0.25,0.5102211437403529,1,Medium,Send personalized cross-modal loyalty incentive
U1286,19,Shuttle,3980,2.0,89500.0,0.5,0.5,0.510218883936341,1,Medium,Send personalized cross-modal loyalty incentive
U1694,45,Shuttle,309,5.0,178500.0,0.0,0.0,0.5102029797299382,1,Medium,Send personalized cross-modal loyalty incentive
U0759,35,Shuttle,1680,2.0,88500.0,0.0,0.5,0.5099218210631102,1,Medium,Send personalized cross-modal loyalty incentive
U0380,52,Shuttle,80,4.0,119000.0,0.25,0.5,0.5096728431143874,1,Medium,Send personalized cross-modal loyalty incentive
U1739,45,E-Bike,3949,4.0,139000.0,0.0,0.25,0.5095877954134411,1,Medium,Send personalized cross-modal loyalty incentive
U1724,41,E-Bike,1521,4.0,99500.0,0.0,0.75,0.5095027302737419,1,Medium,Send personalized cross-modal loyalty incentive
U0617,22,Metro/Bus,767,3.0,97500.0,0.3333333333333333,0.3333333333333333,0.5094527737113883,1,Medium,Send personalized cross-modal loyalty incentive
U2036,39,E-Bike,4580,5.0,89000.0,0.4,0.8,0.5094037752088398,1,Medium,Send personalized cross-modal loyalty incentive
U1785,47,Metro/Bus,303,7.0,232000.0,0.2857142857142857,0.42857142857142855,0.5094008986339288,1,Medium,Send personalized cross-modal loyalty incentive
U0543,24,E-Bike,4506,7.0,287000.0,0.14285714285714285,0.14285714285714285,0.5092517807785577,1,Medium,Send personalized cross-modal loyalty incentive
U0727,50,Metro/Bus,799,3.0,132000.0,0.3333333333333333,0.6666666666666666,0.5091731019832688,1,Medium,Send personalized cross-modal loyalty incentive
U2106,24,Shuttle,3781,4.0,63000.0,0.0,0.5,0.5091279170847176,1,Medium,Send personalized cross-modal loyalty incentive
U0357,37,E-Bike,592,6.0,206000.0,0.16666666666666666,0.6666666666666666,0.5089968769511753,1,Medium,Send personalized cross-modal loyalty incentive
U1867,31,E-Bike,3174,3.0,114000.0,0.3333333333333333,0.3333333333333333,0.5088995998415531,1,Medium,Send personalized cross-modal loyalty incentive
U1586,27,E-Bike,1402,5.0,171500.0,0.2,0.4,0.508879718165534,1,Medium,Send personalized cross-modal loyalty incentive
U1485,29,E-Bike,1174,7.0,192000.0,0.14285714285714285,0.7142857142857143,0.5088701215395043,1,Medium,Send personalized cross-modal loyalty incentive
U0508,30,Metro/Bus,3717,3.0,62000.0,0.0,0.6666666666666666,0.5088118980585297,1,Medium,Send personalized cross-modal loyalty incentive
U1093,42,E-Bike,4602,4.0,76500.0,0.5,0.5,0.5086673435835362,1,Medium,Send personalized cross-modal loyalty incentive
U1316,48,Metro/Bus,4386,3.0,51000.0,0.0,0.6666666666666666,0.5085334398860167,1,Medium,Send personalized cross-modal loyalty incentive
U1222,41,E-Bike,1682,3.0,102000.0,0.3333333333333333,0.0,0.5084827851144833,1,Medium,Send personalized cross-modal loyalty incentive
U1585,41,Metro/Bus,3995,6.0,285500.0,0.16666666666666666,0.3333333333333333,0.508438636873303,1,Medium,Send personalized cross-modal loyalty incentive
U0650,24,Shuttle,3003,5.0,179500.0,0.0,0.6,0.5082357863117284,1,Medium,Send personalized cross-modal loyalty incentive
U0466,33,E-Bike,4270,2.0,97000.0,0.0,0.5,0.5081413130700607,1,Medium,Send personalized cross-modal loyalty incentive
U0806,19,E-Bike,324,6.0,167000.0,0.0,0.8333333333333334,0.5080286402191634,1,Medium,Send personalized cross-modal loyalty incentive
U1902,40,E-Bike,210,2.0,100500.0,0.0,0.5,0.5080010931029072,1,Medium,Send personalized cross-modal loyalty incentive
U2165,20,E-Bike,2008,4.0,132000.0,0.25,0.5,0.5078859153947237,1,Medium,Send personalized cross-modal loyalty incentive
U1985,23,E-Bike,418,4.0,136500.0,0.0,0.5,0.5078486072701126,1,Medium,Send personalized cross-modal loyalty incentive
U0172,42,E-Bike,3588,3.0,90000.0,0.0,0.6666666666666666,0.5078230198361547,1,Medium,Send personalized cross-modal loyalty incentive
U1604,43,Metro/Bus,2651,4.0,159500.0,0.0,0.25,0.5078161484130218,1,Medium,Send personalized cross-modal loyalty incentive
U1526,34,Shuttle,2764,4.0,120500.0,0.25,1.0,0.5077892837101345,1,Medium,Send personalized cross-modal loyalty incentive
U0263,19,E-Bike,1896,4.0,99000.0,0.0,0.5,0.5077761010117893,1,Medium,Send personalized cross-modal loyalty incentive
U1522,28,Metro/Bus,4216,4.0,160500.0,0.25,0.5,0.5076494737489063,1,Medium,Send personalized cross-modal loyalty incentive
U1946,35,Metro/Bus,1012,6.0,218000.0,0.0,0.8333333333333334,0.5076392537335517,1,Medium,Send personalized cross-modal loyalty incentive
U1652,54,Metro/Bus,2196,3.0,88500.0,0.0,0.0,0.5075423373661462,1,Medium,Send personalized cross-modal loyalty incentive
U0027,55,E-Bike,1120,1.0,61500.0,0.0,1.0,0.5074974614376746,1,Medium,Send personalized cross-modal loyalty incentive
U1570,43,Metro/Bus,4525,3.0,103000.0,0.0,0.6666666666666666,0.507444492355032,1,Medium,Send personalized cross-modal loyalty incentive
U2190,45,Shuttle,1752,4.0,125500.0,0.25,0.25,0.5072012101665745,1,Medium,Send personalized cross-modal loyalty incentive
U0647,27,Metro/Bus,977,3.0,143500.0,0.0,0.6666666666666666,0.5071882304409624,1,Medium,Send personalized cross-modal loyalty incentive
U2175,20,Metro/Bus,807,3.0,74000.0,0.0,0.0,0.5071799302273784,1,Medium,Send personalized cross-modal loyalty incentive
U1141,39,E-Bike,2999,6.0,189000.0,0.0,0.6666666666666666,0.5071775784909728,1,Medium,Send personalized cross-modal loyalty incentive
U0808,34,E-Bike,1136,5.0,112000.0,0.0,0.8,0.5071156785978953,1,Medium,Send personalized cross-modal loyalty incentive
U0644,46,Metro/Bus,769,3.0,103500.0,0.3333333333333333,0.3333333333333333,0.5070838888437476,1,Medium,Send personalized cross-modal loyalty incentive
U0575,34,E-Bike,3616,3.0,96000.0,0.0,0.6666666666666666,0.506910026726735,1,Medium,Send personalized cross-modal loyalty incentive
U0495,29,E-Bike,261,4.0,97500.0,0.25,0.5,0.506873257898802,1,Medium,Send personalized cross-modal loyalty incentive
U2148,54,E-Bike,3752,4.0,61000.0,0.75,0.75,0.5068279467897686,1,Medium,Send personalized cross-modal loyalty incentive
U1126,32,Metro/Bus,923,5.0,182500.0,0.2,0.8,0.506562773798959,1,Medium,Send personalized cross-modal loyalty incentive
U1926,48,E-Bike,591,4.0,91000.0,0.5,0.5,0.5064192001468055,1,Medium,Send personalized cross-modal loyalty incentive
U0912,50,E-Bike,3080,4.0,130500.0,0.5,0.5,0.5062888838257462,1,Medium,Send personalized cross-modal loyalty incentive
U1852,38,E-Bike,2379,5.0,174000.0,0.0,0.8,0.5062801780230747,1,Medium,Send personalized cross-modal loyalty incentive
U1578,31,Metro/Bus,197,4.0,88000.0,0.25,0.5,0.5061781949190483,1,Medium,Send personalized cross-modal loyalty incentive
U1937,31,Shuttle,3821,3.0,120000.0,0.3333333333333333,1.0,0.5060154413578467,1,Medium,Send personalized cross-modal loyalty incentive
U0391,23,E-Bike,4433,3.0,122500.0,0.0,0.0,0.5059332658094473,1,Medium,Send personalized cross-modal loyalty incentive
U0457,22,E-Bike,293,4.0,81000.0,0.5,0.75,0.5058825529578239,1,Medium,Send personalized cross-modal loyalty incentive
U1198,31,E-Bike,2059,5.0,142500.0,0.4,0.6,0.5058687865784113,1,Medium,Send personalized cross-modal loyalty incentive
U0638,46,Metro/Bus,1677,2.0,97000.0,0.0,0.5,0.5058511398635172,1,Medium,Send personalized cross-modal loyalty incentive
U1273,39,E-Bike,2082,5.0,125500.0,0.2,0.4,0.5057983756782959,1,Medium,Send personalized cross-modal loyalty incentive
U1762,28,E-Bike,1379,2.0,87000.0,1.0,0.5,0.5057814525619179,1,Medium,Send personalized cross-modal loyalty incentive
U0869,18,Metro/Bus,60,6.0,162500.0,0.0,0.5,0.5057181070661266,1,Medium,Send personalized cross-modal loyalty incentive
U2008,44,E-Bike,3174,7.0,227500.0,0.0,0.5714285714285714,0.5057145274472514,1,Medium,Send personalized cross-modal loyalty incentive
U1058,36,Metro/Bus,2145,3.0,58500.0,0.0,0.3333333333333333,0.5056623087910037,1,Medium,Send personalized cross-modal loyalty incentive
U1929,50,Metro/Bus,4540,3.0,103000.0,0.3333333333333333,0.6666666666666666,0.5056248898392225,1,Medium,Send personalized cross-modal loyalty incentive
U0847,24,E-Bike,4995,2.0,70000.0,0.5,1.0,0.505587594227947,1,Medium,Send personalized cross-modal loyalty incentive
U0755,50,Shuttle,475,3.0,100000.0,0.3333333333333333,0.3333333333333333,0.505555416342943,1,Medium,Send personalized cross-modal loyalty incentive
U1384,19,E-Bike,2088,3.0,118500.0,0.0,0.6666666666666666,0.5055109243536727,1,Medium,Send personalized cross-modal loyalty incentive
U2192,37,E-Bike,3428,2.0,47000.0,0.0,0.5,0.5053486249041081,1,Medium,Send personalized cross-modal loyalty incentive
U0278,54,E-Bike,4528,5.0,135500.0,0.4,0.4,0.5053046149535669,1,Medium,Send personalized cross-modal loyalty incentive
U2042,19,E-Bike,4422,4.0,87500.0,0.25,1.0,0.5052209826283313,1,Medium,Send personalized cross-modal loyalty incentive
U0102,41,E-Bike,2194,3.0,112000.0,0.0,1.0,0.5051616028034727,1,Medium,Send personalized cross-modal loyalty incentive
U0840,48,E-Bike,1539,4.0,122000.0,0.0,0.25,0.505153008985289,1,Medium,Send personalized cross-modal loyalty incentive
U0438,28,E-Bike,927,5.0,106000.0,0.0,0.8,0.5050769840667355,1,Medium,Send personalized cross-modal loyalty incentive
U1143,18,Shuttle,4262,5.0,184000.0,0.4,0.4,0.5049904371946995,1,Medium,Send personalized cross-modal loyalty incentive
U2182,30,Shuttle,2026,7.0,219000.0,0.0,0.7142857142857143,0.5048323712948978,1,Medium,Send personalized cross-modal loyalty incentive
U1969,27,E-Bike,405,6.0,232500.0,0.5,0.3333333333333333,0.5047771928203112,1,Medium,Send personalized cross-modal loyalty incentive
U2105,37,Shuttle,3720,5.0,177000.0,0.0,1.0,0.5046949010266348,1,Medium,Send personalized cross-modal loyalty incentive
U1494,23,E-Bike,3073,4.0,115500.0,0.0,0.5,0.5046636011283622,1,Medium,Send personalized cross-modal loyalty incentive
U0830,31,E-Bike,699,6.0,208500.0,0.16666666666666666,0.5,0.5046390590992289,1,Medium,Send personalized cross-modal loyalty incentive
U0167,40,E-Bike,4232,7.0,205000.0,0.0,0.5714285714285714,0.5044492445724603,1,Medium,Send personalized cross-modal loyalty incentive
U1486,34,Shuttle,1172,2.0,100000.0,0.5,1.0,0.5044457438778738,1,Medium,Send personalized cross-modal loyalty incentive
U0340,38,E-Bike,4307,5.0,112500.0,0.0,0.6,0.5044351051143326,1,Medium,Send personalized cross-modal loyalty incentive
U1680,43,Metro/Bus,2588,3.0,70000.0,0.0,0.6666666666666666,0.5043095622401188,1,Medium,Send personalized cross-modal loyalty incentive
U1180,33,Metro/Bus,367,3.0,111000.0,0.3333333333333333,1.0,0.5042345824422299,1,Medium,Send personalized cross-modal loyalty incentive
U1287,26,Metro/Bus,4920,5.0,210500.0,0.0,0.4,0.5042314003463243,1,Medium,Send personalized cross-modal loyalty incentive
U2146,53,Metro/Bus,2422,4.0,97000.0,0.0,0.75,0.5041733943385222,1,Medium,Send personalized cross-modal loyalty incentive
U0387,51,Shuttle,1855,4.0,76500.0,0.0,0.75,0.5040975055632101,1,Medium,Send personalized cross-modal loyalty incentive
U0729,48,Shuttle,4811,3.0,125500.0,0.3333333333333333,0.6666666666666666,0.5040838616157441,1,Medium,Send personalized cross-modal loyalty incentive
U0803,54,Metro/Bus,2654,4.0,138000.0,0.5,0.75,0.5040571815856931,1,Medium,Send personalized cross-modal loyalty incentive
U1308,52,E-Bike,4477,3.0,165000.0,0.3333333333333333,0.3333333333333333,0.5039746906815307,1,Medium,Send personalized cross-modal loyalty incentive
U1189,53,Metro/Bus,1064,3.0,121000.0,0.6666666666666666,0.3333333333333333,0.5038995537001613,1,Medium,Send personalized cross-modal loyalty incentive
U1493,29,Metro/Bus,4396,4.0,91500.0,0.0,0.25,0.5038844748522289,1,Medium,Send personalized cross-modal loyalty incentive
U1466,24,Shuttle,686,5.0,172000.0,0.2,0.8,0.5037816294019164,1,Medium,Send personalized cross-modal loyalty incentive
U0689,31,E-Bike,1841,5.0,125500.0,0.6,0.6,0.5036829765226718,1,Medium,Send personalized cross-modal loyalty incentive
U0868,23,Shuttle,3961,4.0,98500.0,0.0,0.25,0.5036673529308755,1,Medium,Send personalized cross-modal loyalty incentive
U1689,45,Metro/Bus,1181,5.0,219000.0,0.2,0.2,0.5036470738697638,1,Medium,Send personalized cross-modal loyalty incentive
U1503,45,Shuttle,2385,5.0,175000.0,0.0,0.4,0.5035743812974564,1,Medium,Send personalized cross-modal loyalty incentive
U0401,31,Metro/Bus,1282,3.0,100000.0,0.6666666666666666,0.6666666666666666,0.5035102369481698,1,Medium,Send personalized cross-modal loyalty incentive
U2127,37,E-Bike,3265,4.0,96500.0,0.25,0.75,0.5033414397847475,1,Medium,Send personalized cross-modal loyalty incentive
U2102,52,E-Bike,2469,6.0,216500.0,0.16666666666666666,0.8333333333333334,0.503194765839195,1,Medium,Send personalized cross-modal loyalty incentive
U1159,32,E-Bike,3643,4.0,189500.0,0.0,0.75,0.50312359601999,1,Medium,Send personalized cross-modal loyalty incentive
U1459,54,E-Bike,1986,4.0,149500.0,0.25,0.5,0.5031161866244842,1,Medium,Send personalized cross-modal loyalty incentive
U1648,51,Metro/Bus,2724,4.0,148500.0,0.0,0.5,0.5031156695302128,1,Medium,Send personalized cross-modal loyalty incentive
U1940,45,E-Bike,2952,3.0,117000.0,0.0,0.3333333333333333,0.5031058626224337,1,Medium,Send personalized cross-modal loyalty incentive
U0571,38,E-Bike,1864,4.0,137500.0,0.5,0.25,0.5030902625344104,1,Medium,Send personalized cross-modal loyalty incentive
U1176,40,Metro/Bus,2107,4.0,144500.0,0.25,0.5,0.5030859628608307,1,Medium,Send personalized cross-modal loyalty incentive
U1845,40,E-Bike,3127,3.0,109000.0,0.3333333333333333,0.3333333333333333,0.5030677891639076,1,Medium,Send personalized cross-modal loyalty incentive
U2107,43,Metro/Bus,3954,4.0,77000.0,0.0,1.0,0.5030207445269809,1,Medium,Send personalized cross-modal loyalty incentive
U0472,19,E-Bike,271,5.0,138000.0,0.2,0.4,0.5029453680183791,1,Medium,Send personalized cross-modal loyalty incentive
U1113,21,E-Bike,1132,4.0,134000.0,0.5,0.0,0.5029240097935291,1,Medium,Send personalized cross-modal loyalty incentive
U0793,54,E-Bike,547,3.0,81000.0,0.3333333333333333,0.6666666666666666,0.5028570731105153,1,Medium,Send personalized cross-modal loyalty incentive
U1327,37,Metro/Bus,4010,4.0,74500.0,0.0,0.5,0.5027304319496422,1,Medium,Send personalized cross-modal loyalty incentive
U2006,34,Shuttle,3000,3.0,140000.0,0.6666666666666666,0.6666666666666666,0.5026415088032947,1,Medium,Send personalized cross-modal loyalty incentive
U2114,39,E-Bike,1629,5.0,161500.0,0.0,0.4,0.5026365985547513,1,Medium,Send personalized cross-modal loyalty incentive
U1781,50,E-Bike,1062,4.0,126500.0,0.0,0.25,0.5026151068734308,1,Medium,Send personalized cross-modal loyalty incentive
U0493,26,E-Bike,213,5.0,153500.0,0.2,0.4,0.502524803175343,1,Medium,Send personalized cross-modal loyalty incentive
U1433,34,E-Bike,700,5.0,172000.0,0.6,0.2,0.5025129432947295,1,Medium,Send personalized cross-modal loyalty incentive
U1424,36,Metro/Bus,312,4.0,152500.0,0.0,0.25,0.5025035361644704,1,Medium,Send personalized cross-modal loyalty incentive
U0269,48,Shuttle,762,4.0,110500.0,0.25,0.25,0.5022768204984229,1,Medium,Send personalized cross-modal loyalty incentive
U0935,42,E-Bike,2671,4.0,167500.0,0.0,1.0,0.5022743855635419,1,Medium,Send personalized cross-modal loyalty incentive
U0220,25,Metro/Bus,4505,8.0,321000.0,0.25,0.375,0.5022628863226013,1,Medium,Send personalized cross-modal loyalty incentive
U2196,26,Shuttle,3779,3.0,123000.0,0.3333333333333333,0.0,0.5021625249501371,1,Medium,Send personalized cross-modal loyalty incentive
U0832,42,Shuttle,4631,6.0,162500.0,0.0,0.3333333333333333,0.502044791743979,1,Medium,Send personalized cross-modal loyalty incentive
U0197,31,Shuttle,4998,5.0,196500.0,0.2,0.4,0.5019685481661966,1,Medium,Send personalized cross-modal loyalty incentive
U2101,25,Shuttle,221,6.0,204000.0,0.0,0.3333333333333333,0.5018583712027246,1,Medium,Send personalized cross-modal loyalty incentive
U0370,43,Metro/Bus,2727,7.0,304500.0,0.14285714285714285,0.2857142857142857,0.5018278767332076,1,Medium,Send personalized cross-modal loyalty incentive
U1932,33,Shuttle,3240,4.0,111000.0,0.5,0.25,0.50174143015192,1,Medium,Send personalized cross-modal loyalty incentive
U1298,29,Shuttle,2550,5.0,104000.0,0.0,0.6,0.501532741887127,1,Medium,Send personalized cross-modal loyalty incentive
U1474,38,Metro/Bus,3686,7.0,243000.0,0.14285714285714285,0.42857142857142855,0.5015234415094647,1,Medium,Send personalized cross-modal loyalty incentive
U1098,45,E-Bike,4487,4.0,129500.0,0.0,0.0,0.5015195457319988,1,Medium,Send personalized cross-modal loyalty incentive
U0579,33,E-Bike,3493,4.0,160500.0,0.0,0.5,0.501376555061194,1,Medium,Send personalized cross-modal loyalty incentive
U1284,32,E-Bike,265,4.0,147500.0,0.25,0.5,0.5013687245715269,1,Medium,Send personalized cross-modal loyalty incentive
U1784,40,Metro/Bus,216,4.0,182000.0,0.0,0.25,0.5013425060137565,1,Medium,Send personalized cross-modal loyalty incentive
U1733,50,Metro/Bus,2299,4.0,101500.0,0.25,0.25,0.5011713940302399,1,Medium,Send personalized cross-modal loyalty incentive
U1778,31,Shuttle,3528,5.0,196000.0,0.2,0.2,0.5010740881028807,1,Medium,Send personalized cross-modal loyalty incentive
U0852,52,Metro/Bus,170,2.0,43000.0,0.5,0.5,0.5010634862429649,1,Medium,Send personalized cross-modal loyalty incentive
U1754,26,E-Bike,4371,4.0,105000.0,0.0,0.0,0.5009817045644479,1,Medium,Send personalized cross-modal loyalty incentive
U2109,28,E-Bike,226,6.0,145500.0,0.3333333333333333,0.8333333333333334,0.5006935011570178,1,Medium,Send personalized cross-modal loyalty incentive
U0737,29,E-Bike,2865,4.0,137500.0,0.25,0.5,0.500688825810865,1,Medium,Send personalized cross-modal loyalty incentive
U1513,36,Metro/Bus,4511,3.0,29000.0,0.3333333333333333,0.3333333333333333,0.5006811736029292,1,Medium,Send personalized cross-modal loyalty incentive
U0829,36,Metro/Bus,4767,5.0,176000.0,0.0,0.4,0.5005879058726258,1,Medium,Send personalized cross-modal loyalty incentive
U1004,48,Shuttle,431,5.0,228000.0,0.8,0.8,0.5005031851870122,1,Medium,Send personalized cross-modal loyalty incentive
U1100,53,Metro/Bus,2946,3.0,113500.0,0.0,0.0,0.5005030252047072,1,Medium,Send personalized cross-modal loyalty incentive
U1489,22,Shuttle,429,3.0,70000.0,0.3333333333333333,0.6666666666666666,0.5004224831490529,1,Medium,Send personalized cross-modal loyalty incentive
U0538,40,Shuttle,4542,4.0,114000.0,0.0,0.5,0.5004099276595613,1,Medium,Send personalized cross-modal loyalty incentive
U1817,26,E-Bike,3857,5.0,184000.0,0.0,0.4,0.5003721540379095,1,Medium,Send personalized cross-modal loyalty incentive
U1561,35,Metro/Bus,1144,3.0,100500.0,0.0,0.3333333333333333,0.5003291105748049,1,Medium,Send personalized cross-modal loyalty incentive
U0956,27,Shuttle,1058,6.0,185000.0,0.0,0.3333333333333333,0.5003088977721293,1,Medium,Send personalized cross-modal loyalty incentive
U0673,37,Metro/Bus,2202,4.0,179000.0,0.25,0.25,0.5002176727172774,1,Medium,Send personalized cross-modal loyalty incentive
U0364,24,E-Bike,4734,4.0,173000.0,0.25,0.25,0.5000754473553511,1,Medium,Send personalized cross-modal loyalty incentive
U0018,50,E-Bike,4032,3.0,88500.0,0.3333333333333333,0.3333333333333333,0.5000665014832658,1,Medium,Send personalized cross-modal loyalty incentive
U1795,36,E-Bike,4716,4.0,156000.0,0.5,0.75,0.5000128863320126,1,Medium,Send personalized cross-modal loyalty incentive
U1788,20,Shuttle,3037,7.0,268000.0,0.14285714285714285,0.5714285714285714,0.49994221897994956,0,Medium,Send personalized cross-modal loyalty incentive
U2005,19,E-Bike,3282,4.0,167000.0,0.25,0.25,0.49990866443280524,0,Medium,Send personalized cross-modal loyalty incentive
U0069,38,E-Bike,1820,4.0,148000.0,0.25,0.25,0.4998542133940046,0,Medium,Send personalized cross-modal loyalty incentive
U1818,44,Shuttle,4078,3.0,99000.0,0.3333333333333333,0.0,0.49970367794245335,0,Medium,Send personalized cross-modal loyalty incentive
U1810,37,E-Bike,2801,4.0,107000.0,0.25,0.25,0.4996930227795249,0,Medium,Send personalized cross-modal loyalty incentive
U0046,34,Metro/Bus,928,3.0,127500.0,0.3333333333333333,0.6666666666666666,0.4996317618181343,0,Medium,Send personalized cross-modal loyalty incentive
U0087,20,E-Bike,2844,4.0,158000.0,0.5,0.75,0.49954523883280916,0,Medium,Send personalized cross-modal loyalty incentive
U2057,22,Metro/Bus,3565,4.0,110000.0,0.5,0.75,0.4994712376222196,0,Medium,Send personalized cross-modal loyalty incentive
U0895,49,E-Bike,1992,4.0,171000.0,0.25,0.5,0.49945607568183525,0,Medium,Send personalized cross-modal loyalty incentive
U0350,55,Shuttle,4909,4.0,98000.0,0.25,1.0,0.4994263746896611,0,Medium,Send personalized cross-modal loyalty incentive
U1157,25,Shuttle,4113,5.0,111500.0,0.0,0.6,0.499425050765869,0,Medium,Send personalized cross-modal loyalty incentive
U0857,49,Shuttle,2296,6.0,202500.0,0.16666666666666666,0.6666666666666666,0.4993752946037388,0,Medium,Send personalized cross-modal loyalty incentive
U1190,37,E-Bike,3798,6.0,163500.0,0.0,0.3333333333333333,0.49936492354052386,0,Medium,Send personalized cross-modal loyalty incentive
U0606,46,Shuttle,4199,3.0,110000.0,0.3333333333333333,0.0,0.4993545186848113,0,Medium,Send personalized cross-modal loyalty incentive
U1998,37,Shuttle,4300,4.0,120000.0,0.0,0.25,0.49929843303237226,0,Medium,Send personalized cross-modal loyalty incentive
U1231,46,Metro/Bus,43,3.0,103500.0,0.0,1.0,0.4992791745097302,0,Medium,Send personalized cross-modal loyalty incentive
U0526,23,E-Bike,420,3.0,46500.0,0.3333333333333333,0.3333333333333333,0.4992739373201458,0,Medium,Send personalized cross-modal loyalty incentive
U0756,39,E-Bike,394,5.0,144500.0,0.0,0.6,0.4992375886806266,0,Medium,Send personalized cross-modal loyalty incentive
U0778,21,Metro/Bus,4814,2.0,107500.0,0.0,1.0,0.4991901183943149,0,Medium,Send personalized cross-modal loyalty incentive
U0458,23,Shuttle,3471,3.0,108000.0,1.0,0.3333333333333333,0.499080217943313,0,Medium,Send personalized cross-modal loyalty incentive
U1596,49,Metro/Bus,900,5.0,93500.0,0.0,0.2,0.4990197815177913,0,Medium,Send personalized cross-modal loyalty incentive
U0412,49,E-Bike,2099,7.0,263500.0,0.14285714285714285,0.5714285714285714,0.4990035351266233,0,Medium,Send personalized cross-modal loyalty incentive
U0040,20,E-Bike,2905,3.0,95000.0,0.0,0.0,0.4989913919992697,0,Medium,Send personalized cross-modal loyalty incentive
U0930,41,E-Bike,4256,2.0,107500.0,0.5,0.5,0.4988055985015113,0,Medium,Send personalized cross-modal loyalty incentive
U0304,22,Shuttle,2479,6.0,189500.0,0.16666666666666666,0.3333333333333333,0.4987852508129552,0,Medium,Send personalized cross-modal loyalty incentive
U1173,51,E-Bike,1432,5.0,149000.0,0.0,0.2,0.49875743338625556,0,Medium,Send personalized cross-modal loyalty incentive
U1020,35,Shuttle,4682,3.0,66500.0,0.0,0.0,0.4987456930183574,0,Medium,Send personalized cross-modal loyalty incentive
U1418,27,E-Bike,3799,8.0,315500.0,0.0,0.125,0.4985919720556204,0,Medium,Send personalized cross-modal loyalty incentive
U1515,46,Metro/Bus,3188,2.0,61000.0,0.0,0.5,0.498550038891215,0,Medium,Send personalized cross-modal loyalty incentive
U0332,39,E-Bike,2805,3.0,92500.0,0.3333333333333333,0.6666666666666666,0.49851937787352935,0,Medium,Send personalized cross-modal loyalty incentive
U0467,35,E-Bike,2041,4.0,190000.0,0.25,0.25,0.4984905100420648,0,Medium,Send personalized cross-modal loyalty incentive
U1594,27,E-Bike,355,5.0,123000.0,0.0,0.2,0.4984220757702798,0,Medium,Send personalized cross-modal loyalty incentive
U1304,31,E-Bike,4732,4.0,117500.0,0.0,0.75,0.4983366176024699,0,Medium,Send personalized cross-modal loyalty incentive
U0062,28,Shuttle,1373,6.0,219500.0,0.3333333333333333,0.5,0.49831096501524524,0,Medium,Send personalized cross-modal loyalty incentive
U0029,34,E-Bike,669,5.0,142500.0,0.0,0.0,0.4980433832250104,0,Medium,Send personalized cross-modal loyalty incentive
U1971,18,Metro/Bus,3359,5.0,207000.0,0.0,0.6,0.4979301098819932,0,Medium,Send personalized cross-modal loyalty incentive
U0791,22,E-Bike,1298,6.0,90000.0,0.3333333333333333,0.16666666666666666,0.49791298562336306,0,Medium,Send personalized cross-modal loyalty incentive
U1501,41,E-Bike,2067,5.0,180500.0,0.2,0.4,0.4978293971547781,0,Medium,Send personalized cross-modal loyalty incentive
U0201,45,E-Bike,4941,4.0,123000.0,0.0,0.25,0.4977670482243525,0,Medium,Send personalized cross-modal loyalty incentive
U0409,22,E-Bike,3817,3.0,103500.0,0.0,1.0,0.49775875041976264,0,Medium,Send personalized cross-modal loyalty incentive
U0183,38,Shuttle,4190,4.0,133500.0,0.5,0.25,0.4977268152095644,0,Medium,Send personalized cross-modal loyalty incentive
U0461,44,Shuttle,388,6.0,174000.0,0.3333333333333333,0.6666666666666666,0.4976235683085646,0,Medium,Send personalized cross-modal loyalty incentive
U1059,24,E-Bike,4509,5.0,162000.0,0.0,0.2,0.49756456546494293,0,Medium,Send personalized cross-modal loyalty incentive
U0536,47,E-Bike,69,1.0,40000.0,0.0,0.0,0.4975431345434788,0,Medium,Send personalized cross-modal loyalty incentive
U0174,21,E-Bike,4915,4.0,127000.0,0.0,0.5,0.4974937276148739,0,Medium,Send personalized cross-modal loyalty incentive
U0161,50,E-Bike,2100,4.0,94000.0,0.25,0.25,0.49743736752069684,0,Medium,Send personalized cross-modal loyalty incentive
U0113,18,E-Bike,2025,5.0,111500.0,0.2,0.4,0.4974127826017168,0,Medium,Send personalized cross-modal loyalty incentive
U1836,36,E-Bike,74,4.0,102500.0,0.25,0.25,0.49740748229170195,0,Medium,Send personalized cross-modal loyalty incentive
U0719,49,E-Bike,3244,6.0,222500.0,0.16666666666666666,0.3333333333333333,0.4973547280555255,0,Medium,Send personalized cross-modal loyalty incentive
U1232,37,E-Bike,4697,6.0,146500.0,0.0,0.6666666666666666,0.49733306755631745,0,Medium,Send personalized cross-modal loyalty incentive
U0968,44,E-Bike,1736,4.0,76500.0,0.0,0.5,0.49732687895457833,0,Medium,Send personalized cross-modal loyalty incentive
U1702,25,Shuttle,2157,5.0,131500.0,0.0,0.2,0.49721635158703964,0,Medium,Send personalized cross-modal loyalty incentive
U0882,55,Shuttle,536,6.0,208500.0,0.16666666666666666,0.5,0.4972055546340473,0,Medium,Send personalized cross-modal loyalty incentive
U0582,21,Metro/Bus,4844,2.0,56500.0,0.0,0.5,0.49714297453232986,0,Medium,Send personalized cross-modal loyalty incentive
U0844,32,E-Bike,2082,5.0,188000.0,0.2,0.2,0.4969957387865961,0,Medium,Send personalized cross-modal loyalty incentive
U1955,49,E-Bike,843,3.0,82500.0,0.3333333333333333,0.6666666666666666,0.49685172979965103,0,Medium,Send personalized cross-modal loyalty incentive
U1395,40,E-Bike,4015,5.0,175000.0,0.0,1.0,0.49672888259979137,0,Medium,Send personalized cross-modal loyalty incentive
U0334,47,E-Bike,2584,3.0,100000.0,0.6666666666666666,0.6666666666666666,0.49667005657280366,0,Medium,Send personalized cross-modal loyalty incentive
U2163,50,E-Bike,3449,3.0,72500.0,0.3333333333333333,0.3333333333333333,0.49663017270389864,0,Medium,Send personalized cross-modal loyalty incentive
U2103,37,Metro/Bus,1262,2.0,80000.0,0.5,0.5,0.4965615768424633,0,Medium,Send personalized cross-modal loyalty incentive
U1323,54,E-Bike,3361,7.0,141000.0,0.0,0.5714285714285714,0.4965202827390712,0,Medium,Send personalized cross-modal loyalty incentive
U0655,55,Shuttle,3527,6.0,225500.0,0.0,0.5,0.4962971996769247,0,Medium,Send personalized cross-modal loyalty incentive
U0665,50,E-Bike,1583,4.0,182500.0,1.0,0.5,0.4961372919804064,0,Medium,Send personalized cross-modal loyalty incentive
U0730,48,E-Bike,4228,3.0,106000.0,0.0,0.0,0.4961162602869373,0,Medium,Send personalized cross-modal loyalty incentive
U0216,20,Metro/Bus,2181,6.0,281000.0,0.0,0.5,0.4960925395362506,0,Medium,Send personalized cross-modal loyalty incentive
U1145,40,E-Bike,1497,7.0,262500.0,0.14285714285714285,0.5714285714285714,0.4960397756503542,0,Medium,Send personalized cross-modal loyalty incentive
U0565,55,Metro/Bus,3357,3.0,42000.0,0.3333333333333333,0.3333333333333333,0.4960284561954957,0,Medium,Send personalized cross-modal loyalty incentive
U0015,42,Shuttle,610,5.0,139500.0,0.2,0.8,0.49601152925033476,0,Medium,Send personalized cross-modal loyalty incentive
U1123,54,Metro/Bus,734,3.0,100000.0,0.3333333333333333,0.0,0.4957686265259978,0,Medium,Send personalized cross-modal loyalty incentive
U0562,52,Shuttle,2208,3.0,123000.0,0.6666666666666666,0.3333333333333333,0.49572359182608733,0,Medium,Send personalized cross-modal loyalty incentive
U0633,35,Shuttle,1924,6.0,210500.0,0.16666666666666666,0.5,0.49570445262685736,0,Medium,Send personalized cross-modal loyalty incentive
U0626,32,E-Bike,2943,6.0,271500.0,0.16666666666666666,0.6666666666666666,0.49555723505670707,0,Medium,Send personalized cross-modal loyalty incentive
U1915,44,E-Bike,397,4.0,173000.0,0.0,0.25,0.4955267164760566,0,Medium,Send personalized cross-modal loyalty incentive
U0464,20,Shuttle,1521,4.0,134000.0,0.5,0.75,0.4954047761608648,0,Medium,Send personalized cross-modal loyalty incentive
U1367,24,Shuttle,976,3.0,119500.0,0.3333333333333333,0.3333333333333333,0.4952422431816713,0,Medium,Send personalized cross-modal loyalty incentive
U0711,43,E-Bike,1322,5.0,114000.0,0.2,0.2,0.4952041967471641,0,Medium,Send personalized cross-modal loyalty incentive
U1302,47,Metro/Bus,854,3.0,145500.0,0.0,0.6666666666666666,0.4952032808361238,0,Medium,Send personalized cross-modal loyalty incentive
U2047,49,E-Bike,4762,3.0,149500.0,0.0,0.6666666666666666,0.4951389256333161,0,Medium,Send personalized cross-modal loyalty incentive
U0386,23,E-Bike,528,4.0,130500.0,0.5,0.75,0.4951099030451094,0,Medium,Send personalized cross-modal loyalty incentive
U0281,53,E-Bike,1555,3.0,96000.0,0.6666666666666666,0.3333333333333333,0.49489770520040793,0,Medium,Send personalized cross-modal loyalty incentive
U0356,37,E-Bike,997,6.0,227000.0,0.0,0.3333333333333333,0.494702806313847,0,Medium,Send personalized cross-modal loyalty incentive
U0706,26,Shuttle,4446,5.0,212500.0,0.2,0.4,0.49466723976141524,0,Medium,Send personalized cross-modal loyalty incentive
U1710,33,E-Bike,3003,4.0,111000.0,0.25,0.5,0.4946208518700605,0,Medium,Send personalized cross-modal loyalty incentive
U0296,18,E-Bike,282,3.0,85000.0,0.3333333333333333,1.0,0.4945602178263958,0,Medium,Send personalized cross-modal loyalty incentive
U1136,43,E-Bike,746,3.0,125500.0,0.3333333333333333,0.3333333333333333,0.49453881709014735,0,Medium,Send personalized cross-modal loyalty incentive
U0878,51,E-Bike,2573,2.0,73500.0,1.0,1.0,0.4945323997898373,0,Medium,Send personalized cross-modal loyalty incentive
U1649,32,E-Bike,1430,3.0,104000.0,0.3333333333333333,0.3333333333333333,0.4945179348056304,0,Medium,Send personalized cross-modal loyalty incentive
U1478,37,E-Bike,3834,4.0,99500.0,0.0,0.5,0.4944636106598239,0,Medium,Send personalized cross-modal loyalty incentive
U1854,18,Shuttle,3624,5.0,141000.0,0.2,0.6,0.4944077717955876,0,Medium,Send personalized cross-modal loyalty incentive
U0654,52,E-Bike,4410,3.0,125500.0,0.0,0.6666666666666666,0.4943952350222522,0,Medium,Send personalized cross-modal loyalty incentive
U1277,46,E-Bike,2997,6.0,290500.0,0.3333333333333333,0.3333333333333333,0.49437435835099736,0,Medium,Send personalized cross-modal loyalty incentive
U1362,24,E-Bike,1578,3.0,83000.0,0.6666666666666666,0.6666666666666666,0.49432647470932595,0,Medium,Send personalized cross-modal loyalty incentive
U1729,37,E-Bike,4992,3.0,110000.0,0.3333333333333333,0.6666666666666666,0.49426038830152796,0,Medium,Send personalized cross-modal loyalty incentive
U1266,23,Metro/Bus,176,4.0,122000.0,0.0,0.25,0.4941679096788122,0,Medium,Send personalized cross-modal loyalty incentive
U0958,49,Shuttle,4079,3.0,73500.0,0.3333333333333333,1.0,0.494048923743452,0,Medium,Send personalized cross-modal loyalty incentive
U1026,43,E-Bike,3352,4.0,91000.0,0.0,0.75,0.4940331324022153,0,Medium,Send personalized cross-modal loyalty incentive
U0448,43,Metro/Bus,2820,7.0,268000.0,0.2857142857142857,0.5714285714285714,0.49395955466755787,0,Medium,Send personalized cross-modal loyalty incentive
U0887,49,Shuttle,615,3.0,112500.0,0.6666666666666666,0.6666666666666666,0.49393227279994795,0,Medium,Send personalized cross-modal loyalty incentive
U0115,33,E-Bike,1067,3.0,118000.0,0.0,0.3333333333333333,0.4939018908987983,0,Medium,Send personalized cross-modal loyalty incentive
U1153,22,Metro/Bus,300,2.0,69000.0,0.0,0.0,0.4938915451732835,0,Medium,Send personalized cross-modal loyalty incentive
U1546,38,Shuttle,2062,6.0,220500.0,0.16666666666666666,0.5,0.4938615477036733,0,Medium,Send personalized cross-modal loyalty incentive
U1647,43,E-Bike,3678,5.0,156000.0,0.0,0.8,0.4938611707346796,0,Medium,Send personalized cross-modal loyalty incentive
U0481,21,E-Bike,3240,5.0,140500.0,0.2,0.6,0.49370117558369836,0,Medium,Send personalized cross-modal loyalty incentive
U1002,20,E-Bike,3072,3.0,139000.0,0.0,0.3333333333333333,0.493682276604177,0,Medium,Send personalized cross-modal loyalty incentive
U2041,45,E-Bike,907,3.0,105000.0,0.3333333333333333,0.3333333333333333,0.49341403911633097,0,Medium,Send personalized cross-modal loyalty incentive
U1697,46,E-Bike,22,7.0,317500.0,0.14285714285714285,0.2857142857142857,0.4933816000716107,0,Medium,Send personalized cross-modal loyalty incentive
U2088,23,Shuttle,3373,7.0,319000.0,0.14285714285714285,0.2857142857142857,0.49337423025627236,0,Medium,Send personalized cross-modal loyalty incentive
U1380,54,E-Bike,1300,5.0,176500.0,0.2,0.0,0.49336919895038317,0,Medium,Send personalized cross-modal loyalty incentive
U1674,28,Shuttle,1363,4.0,170500.0,0.5,0.5,0.49326933927316835,0,Medium,Send personalized cross-modal loyalty incentive
U0186,39,Shuttle,878,8.0,294000.0,0.125,0.25,0.49312002196494825,0,Medium,Send personalized cross-modal loyalty incentive
U1044,41,E-Bike,1964,5.0,147500.0,0.4,0.6,0.4928703685581107,0,Medium,Send personalized cross-modal loyalty incentive
U0873,23,E-Bike,1967,5.0,190000.0,0.2,0.4,0.4928044977545775,0,Medium,Send personalized cross-modal loyalty incentive
U1560,27,E-Bike,3061,2.0,91500.0,0.5,0.5,0.4927162739783804,0,Medium,Send personalized cross-modal loyalty incentive
U0725,49,E-Bike,1490,2.0,82500.0,0.0,0.5,0.49270570805770525,0,Medium,Send personalized cross-modal loyalty incentive
U1945,42,E-Bike,4712,4.0,133000.0,0.25,0.5,0.4926833343336869,0,Medium,Send personalized cross-modal loyalty incentive
U0713,26,E-Bike,1916,5.0,179000.0,0.2,0.4,0.49263304436474603,0,Medium,Send personalized cross-modal loyalty incentive
U2054,27,Metro/Bus,4106,3.0,29000.0,0.0,1.0,0.4926309935119801,0,Medium,Send personalized cross-modal loyalty incentive
U0312,28,E-Bike,1400,6.0,257500.0,0.16666666666666666,0.3333333333333333,0.4924971494589667,0,Medium,Send personalized cross-modal loyalty incentive
U0860,23,Shuttle,830,6.0,187500.0,0.16666666666666666,0.0,0.4923645135517963,0,Medium,Send personalized cross-modal loyalty incentive
U0475,44,Shuttle,1331,6.0,178500.0,0.0,0.5,0.4923457480349043,0,Medium,Send personalized cross-modal loyalty incentive
U1865,22,Metro/Bus,4719,3.0,144000.0,0.0,0.0,0.49227574614272623,0,Medium,Send personalized cross-modal loyalty incentive
U0761,27,Metro/Bus,2412,2.0,58500.0,0.5,0.0,0.4922584562743982,0,Medium,Send personalized cross-modal loyalty incentive
U2181,37,Metro/Bus,3252,4.0,111500.0,0.25,0.5,0.492170544691556,0,Medium,Send personalized cross-modal loyalty incentive
U1563,38,E-Bike,1273,7.0,225000.0,0.0,0.2857142857142857,0.4921469120583305,0,Medium,Send personalized cross-modal loyalty incentive
U0879,37,Metro/Bus,2772,6.0,138500.0,0.16666666666666666,0.3333333333333333,0.49203721307029236,0,Medium,Send personalized cross-modal loyalty incentive
U1261,40,E-Bike,3680,2.0,97500.0,0.0,0.0,0.4919762580565639,0,Medium,Send personalized cross-modal loyalty incentive
U0639,40,E-Bike,4572,5.0,166500.0,0.0,0.2,0.49194989604066813,0,Medium,Send personalized cross-modal loyalty incentive
U0544,27,Shuttle,1980,5.0,167500.0,0.0,0.4,0.4917552493958647,0,Medium,Send personalized cross-modal loyalty incentive
U1322,36,E-Bike,2147,3.0,109500.0,0.0,0.0,0.4917459867472177,0,Medium,Send personalized cross-modal loyalty incentive
U1627,52,E-Bike,4566,4.0,124500.0,0.25,0.25,0.4916321738534859,0,Medium,Send personalized cross-modal loyalty incentive
U0408,25,E-Bike,1173,5.0,101500.0,0.0,0.4,0.4915205252195677,0,Medium,Send personalized cross-modal loyalty incentive
U0176,47,Metro/Bus,796,4.0,121500.0,0.0,0.5,0.49150342583117923,0,Medium,Send personalized cross-modal loyalty incentive
U0294,50,E-Bike,4417,3.0,131500.0,0.0,0.0,0.4914699756346846,0,Medium,Send personalized cross-modal loyalty incentive
U0390,26,Metro/Bus,278,8.0,334000.0,0.0,0.25,0.49144629898116254,0,Medium,Send personalized cross-modal loyalty incentive
U1990,19,E-Bike,1552,4.0,113000.0,0.0,0.75,0.49138732742710745,0,Medium,Send personalized cross-modal loyalty incentive
U2073,30,E-Bike,398,5.0,166500.0,0.4,0.4,0.4913565965770146,0,Medium,Send personalized cross-modal loyalty incentive
U0459,39,Metro/Bus,2535,4.0,113500.0,0.0,0.5,0.49133741054895314,0,Medium,Send personalized cross-modal loyalty incentive
U0877,24,Metro/Bus,3117,4.0,183000.0,0.75,0.75,0.4912725822579149,0,Medium,Send personalized cross-modal loyalty incentive
U1209,41,E-Bike,2395,5.0,224000.0,0.0,0.4,0.4912139378739159,0,Medium,Send personalized cross-modal loyalty incentive
U2058,22,E-Bike,49,3.0,88000.0,0.3333333333333333,0.0,0.49119773043794673,0,Medium,Send personalized cross-modal loyalty incentive
U0984,18,E-Bike,3008,5.0,172000.0,0.0,0.4,0.49118550444488723,0,Medium,Send personalized cross-modal loyalty incentive
U2168,19,Shuttle,2980,4.0,157500.0,0.5,0.5,0.4910479600465578,0,Medium,Send personalized cross-modal loyalty incentive
U1531,27,Metro/Bus,3443,3.0,91500.0,0.3333333333333333,0.3333333333333333,0.49099365905277526,0,Medium,Send personalized cross-modal loyalty incentive
U0557,45,Shuttle,528,7.0,231000.0,0.2857142857142857,0.5714285714285714,0.49097904960964694,0,Medium,Send personalized cross-modal loyalty incentive
U0889,52,E-Bike,2,4.0,97500.0,0.25,0.5,0.49094410902272645,0,Medium,Send personalized cross-modal loyalty incentive
U1801,35,E-Bike,493,7.0,298000.0,0.14285714285714285,0.42857142857142855,0.4907738285942182,0,Medium,Send personalized cross-modal loyalty incentive
U2100,39,E-Bike,21,5.0,132000.0,0.4,0.4,0.49076294968551454,0,Medium,Send personalized cross-modal loyalty incentive
U1426,34,E-Bike,914,4.0,142000.0,0.25,0.5,0.4906770033517103,0,Medium,Send personalized cross-modal loyalty incentive
U1826,24,E-Bike,3552,5.0,162500.0,0.0,0.4,0.49064354316707587,0,Medium,Send personalized cross-modal loyalty incentive
U0441,55,Shuttle,4347,7.0,297000.0,0.2857142857142857,0.42857142857142855,0.4904848027200591,0,Medium,Send personalized cross-modal loyalty incentive
U1243,39,E-Bike,998,5.0,158500.0,0.0,0.4,0.49042131632639635,0,Medium,Send personalized cross-modal loyalty incentive
U1163,41,E-Bike,1004,3.0,94500.0,0.3333333333333333,0.3333333333333333,0.4903958051774816,0,Medium,Send personalized cross-modal loyalty incentive
U1722,55,E-Bike,2447,3.0,102000.0,0.0,0.3333333333333333,0.49039005074973124,0,Medium,Send personalized cross-modal loyalty incentive
U1763,18,Metro/Bus,2879,7.0,250500.0,0.0,0.5714285714285714,0.49038588550041995,0,Medium,Send personalized cross-modal loyalty incentive
U1363,37,Shuttle,869,6.0,183000.0,0.16666666666666666,0.5,0.49037869577090687,0,Medium,Send personalized cross-modal loyalty incentive
U0716,24,Shuttle,314,4.0,154500.0,0.25,0.5,0.49030005950644295,0,Medium,Send personalized cross-modal loyalty incentive
U1991,47,Shuttle,3053,3.0,83500.0,0.0,0.6666666666666666,0.4901717479580404,0,Medium,Send personalized cross-modal loyalty incentive
U2075,31,Metro/Bus,4261,1.0,60000.0,0.0,0.0,0.49010361074921477,0,Medium,Send personalized cross-modal loyalty incentive
U0190,20,E-Bike,2508,4.0,122500.0,0.0,0.5,0.4900810628329811,0,Medium,Send personalized cross-modal loyalty incentive
U1662,21,E-Bike,2998,4.0,95500.0,0.0,0.5,0.4899049521247879,0,Medium,Send personalized cross-modal loyalty incentive
U0204,35,E-Bike,940,5.0,114500.0,0.0,0.2,0.48987772380727246,0,Medium,Send personalized cross-modal loyalty incentive
U2194,20,Metro/Bus,2794,4.0,115500.0,0.5,0.25,0.48981130393850947,0,Medium,Send personalized cross-modal loyalty incentive
U0900,22,E-Bike,419,6.0,171500.0,0.5,0.3333333333333333,0.48980035032127645,0,Medium,Send personalized cross-modal loyalty incentive
U0640,34,E-Bike,796,6.0,183000.0,0.16666666666666666,0.3333333333333333,0.48978954134764563,0,Medium,Send personalized cross-modal loyalty incentive
U0628,25,Shuttle,1141,4.0,127000.0,0.25,0.5,0.4897111003671901,0,Medium,Send personalized cross-modal loyalty incentive
U0603,46,Shuttle,99,3.0,118500.0,0.6666666666666666,0.6666666666666666,0.489707253544768,0,Medium,Send personalized cross-modal loyalty incentive
U1630,45,E-Bike,3874,1.0,40500.0,0.0,0.0,0.48967730720777286,0,Medium,Send personalized cross-modal loyalty incentive
U1388,46,E-Bike,977,4.0,89500.0,0.25,0.25,0.4896592219392116,0,Medium,Send personalized cross-modal loyalty incentive
U2038,54,E-Bike,2463,5.0,147500.0,0.0,0.4,0.4896301437401456,0,Medium,Send personalized cross-modal loyalty incentive
U1111,37,E-Bike,4278,3.0,87500.0,0.0,1.0,0.4896192835872751,0,Medium,Send personalized cross-modal loyalty incentive
U1624,20,Shuttle,2110,4.0,213500.0,0.25,0.5,0.48959839293836144,0,Medium,Send personalized cross-modal loyalty incentive
U1675,28,Metro/Bus,1746,3.0,70000.0,0.0,0.0,0.4895121430627696,0,Medium,Send personalized cross-modal loyalty incentive
U0502,46,Metro/Bus,3916,5.0,160000.0,0.0,0.4,0.48924839390285013,0,Medium,Send personalized cross-modal loyalty incentive
U0272,46,Shuttle,146,5.0,206000.0,0.0,0.4,0.48923102127920975,0,Medium,Send personalized cross-modal loyalty incentive
U0389,36,Shuttle,1090,7.0,208500.0,0.0,0.7142857142857143,0.48913159705305204,0,Medium,Send personalized cross-modal loyalty incentive
U1956,29,Metro/Bus,3473,4.0,160000.0,0.25,0.5,0.4891117903446677,0,Medium,Send personalized cross-modal loyalty incentive
U2151,42,Shuttle,2555,7.0,252500.0,0.0,0.5714285714285714,0.48907476748736095,0,Medium,Send personalized cross-modal loyalty incentive
U0248,40,E-Bike,3276,5.0,171000.0,0.2,0.4,0.4890662200393909,0,Medium,Send personalized cross-modal loyalty incentive
U0485,41,Metro/Bus,872,4.0,132000.0,0.0,0.5,0.48888948574013386,0,Medium,Send personalized cross-modal loyalty incentive
U2091,19,E-Bike,2389,4.0,125000.0,0.25,0.5,0.48883142781066824,0,Medium,Send personalized cross-modal loyalty incentive
U2170,41,Metro/Bus,515,5.0,258000.0,0.0,0.4,0.48862893655750816,0,Medium,Send personalized cross-modal loyalty incentive
U1588,20,Shuttle,516,6.0,218000.0,0.0,0.16666666666666666,0.48856852165931813,0,Medium,Send personalized cross-modal loyalty incentive
U0149,43,Shuttle,4444,5.0,148000.0,0.0,0.6,0.4885412376376509,0,Medium,Send personalized cross-modal loyalty incentive
U1876,36,Shuttle,3237,4.0,136500.0,0.5,0.75,0.48852495875354396,0,Medium,Send personalized cross-modal loyalty incentive
U0403,25,E-Bike,1921,3.0,63000.0,1.0,1.0,0.48845945604045155,0,Medium,Send personalized cross-modal loyalty incentive
U1834,43,E-Bike,2123,6.0,140500.0,0.16666666666666666,0.3333333333333333,0.48835643604585927,0,Medium,Send personalized cross-modal loyalty incentive
U0989,21,Metro/Bus,1145,7.0,220500.0,0.2857142857142857,0.7142857142857143,0.4881926980535831,0,Medium,Send personalized cross-modal loyalty incentive
U0630,29,Metro/Bus,27,7.0,221000.0,0.0,0.8571428571428571,0.48817786896419413,0,Medium,Send personalized cross-modal loyalty incentive
U1317,28,Metro/Bus,2886,3.0,120000.0,0.0,0.6666666666666666,0.48817479819293647,0,Medium,Send personalized cross-modal loyalty incentive
U1117,48,E-Bike,3723,6.0,222500.0,0.0,0.6666666666666666,0.48801997921957446,0,Medium,Send personalized cross-modal loyalty incentive
U0156,36,E-Bike,476,6.0,226000.0,0.0,0.6666666666666666,0.4879962966480484,0,Medium,Send personalized cross-modal loyalty incentive
U0636,52,Metro/Bus,1389,4.0,115000.0,0.25,0.5,0.4876655836958093,0,Medium,Send personalized cross-modal loyalty incentive
U1028,36,E-Bike,3193,5.0,179000.0,0.2,0.8,0.4875876749895375,0,Medium,Send personalized cross-modal loyalty incentive
U0549,35,E-Bike,676,3.0,151500.0,0.0,0.3333333333333333,0.4875450235975481,0,Medium,Send personalized cross-modal loyalty incentive
U1968,47,Metro/Bus,4662,2.0,94000.0,0.0,0.5,0.4872967274251295,0,Medium,Send personalized cross-modal loyalty incentive
U0681,52,Metro/Bus,1536,3.0,106500.0,0.3333333333333333,1.0,0.48727151410738084,0,Medium,Send personalized cross-modal loyalty incentive
U0810,22,E-Bike,2458,7.0,238000.0,0.14285714285714285,0.14285714285714285,0.48722504615380263,0,Medium,Send personalized cross-modal loyalty incentive
U0264,53,Metro/Bus,87,2.0,99000.0,0.5,0.5,0.4872000361933484,0,Medium,Send personalized cross-modal loyalty incentive
U1223,48,E-Bike,885,6.0,189500.0,0.16666666666666666,0.3333333333333333,0.4871967406515224,0,Medium,Send personalized cross-modal loyalty incentive
U1740,53,Shuttle,2190,10.0,410500.0,0.4,0.3,0.48719419769446537,0,Medium,Send personalized cross-modal loyalty incentive
U2177,38,Shuttle,134,2.0,82500.0,1.0,1.0,0.48694878617351234,0,Medium,Send personalized cross-modal loyalty incentive
U1930,29,E-Bike,3818,4.0,73500.0,0.25,0.25,0.48688767578782144,0,Medium,Send personalized cross-modal loyalty incentive
U0662,40,E-Bike,4926,7.0,257000.0,0.0,0.5714285714285714,0.48679796935624337,0,Medium,Send personalized cross-modal loyalty incentive
U1392,39,E-Bike,3429,3.0,91500.0,0.3333333333333333,0.3333333333333333,0.48658481589358943,0,Medium,Send personalized cross-modal loyalty incentive
U1062,30,Shuttle,276,4.0,231000.0,0.25,0.5,0.4865060296050081,0,Medium,Send personalized cross-modal loyalty incentive
U2090,43,Metro/Bus,1034,5.0,138000.0,0.0,0.2,0.4864963369044244,0,Medium,Send personalized cross-modal loyalty incentive
U1461,40,E-Bike,4601,2.0,82500.0,0.0,1.0,0.48621625456270395,0,Medium,Send personalized cross-modal loyalty incentive
U1179,52,Shuttle,2223,5.0,161500.0,0.0,0.0,0.4861873070565313,0,Medium,Send personalized cross-modal loyalty incentive
U1167,42,E-Bike,2999,6.0,210000.0,0.0,0.3333333333333333,0.48616158888489364,0,Medium,Send personalized cross-modal loyalty incentive
U0089,32,Metro/Bus,1458,5.0,166500.0,0.4,0.6,0.4861368289062375,0,Medium,Send personalized cross-modal loyalty incentive
U1194,43,Metro/Bus,2251,5.0,105000.0,0.4,0.0,0.48610556056499776,0,Medium,Send personalized cross-modal loyalty incentive
U1065,26,Metro/Bus,1185,6.0,224500.0,0.16666666666666666,0.6666666666666666,0.4857318021950825,0,Medium,Send personalized cross-modal loyalty incentive
U1193,45,E-Bike,181,3.0,168000.0,0.3333333333333333,0.6666666666666666,0.48572616220746934,0,Medium,Send personalized cross-modal loyalty incentive
U1435,54,Shuttle,3684,4.0,112000.0,0.25,0.75,0.48559535805041804,0,Medium,Send personalized cross-modal loyalty incentive
U2150,23,Metro/Bus,632,7.0,248500.0,0.14285714285714285,0.42857142857142855,0.4855817787160271,0,Medium,Send personalized cross-modal loyalty incentive
U0580,50,Metro/Bus,4247,6.0,254000.0,0.0,0.16666666666666666,0.4855508499062209,0,Medium,Send personalized cross-modal loyalty incentive
U0260,31,E-Bike,668,5.0,161000.0,0.4,0.0,0.48554832022259264,0,Medium,Send personalized cross-modal loyalty incentive
U1700,42,Shuttle,1215,5.0,180000.0,0.0,0.2,0.48551435484600647,0,Medium,Send personalized cross-modal loyalty incentive
U0703,34,Shuttle,153,7.0,202000.0,0.14285714285714285,0.42857142857142855,0.48525219669061603,0,Medium,Send personalized cross-modal loyalty incentive
U0624,38,E-Bike,2958,8.0,280500.0,0.125,0.75,0.4851852991640418,0,Medium,Send personalized cross-modal loyalty incentive
U0622,22,E-Bike,1048,5.0,136500.0,0.2,0.4,0.4851656248552813,0,Medium,Send personalized cross-modal loyalty incentive
U0537,33,E-Bike,4913,2.0,53500.0,1.0,0.5,0.48507906565076997,0,Medium,Send personalized cross-modal loyalty incentive
U0572,30,E-Bike,3273,6.0,136500.0,0.0,0.6666666666666666,0.48501779074457585,0,Medium,Send personalized cross-modal loyalty incentive
U1716,45,E-Bike,4225,4.0,98500.0,0.25,0.0,0.4849106779597729,0,Medium,Send personalized cross-modal loyalty incentive
U1076,42,E-Bike,4501,4.0,126000.0,0.75,0.5,0.48488559059239345,0,Medium,Send personalized cross-modal loyalty incentive
U2020,24,Metro/Bus,519,6.0,181000.0,0.16666666666666666,0.8333333333333334,0.4848633530353367,0,Medium,Send personalized cross-modal loyalty incentive
U0891,46,Shuttle,2487,7.0,190500.0,0.14285714285714285,0.5714285714285714,0.4848292267388649,0,Medium,Send personalized cross-modal loyalty incentive
U0321,18,E-Bike,4114,4.0,102500.0,0.0,0.25,0.48460069708196574,0,Medium,Send personalized cross-modal loyalty incentive
U1218,19,E-Bike,4639,3.0,74500.0,0.3333333333333333,0.6666666666666666,0.484584296576381,0,Medium,Send personalized cross-modal loyalty incentive
U0006,27,E-Bike,699,7.0,242000.0,0.2857142857142857,0.42857142857142855,0.4845527905478841,0,Medium,Send personalized cross-modal loyalty incentive
U0835,51,E-Bike,412,5.0,157500.0,0.2,0.2,0.48447337460721807,0,Medium,Send personalized cross-modal loyalty incentive
U0291,27,E-Bike,3350,5.0,145500.0,0.2,0.8,0.4844505550053979,0,Medium,Send personalized cross-modal loyalty incentive
U1979,34,E-Bike,2098,4.0,49500.0,0.0,0.25,0.4843865345836705,0,Medium,Send personalized cross-modal loyalty incentive
U0468,31,Metro/Bus,3425,4.0,118000.0,0.25,0.5,0.4841322909625759,0,Medium,Send personalized cross-modal loyalty incentive
U2046,42,Metro/Bus,3079,3.0,74500.0,0.0,0.0,0.4841175489069077,0,Medium,Send personalized cross-modal loyalty incentive
U1726,52,Metro/Bus,2746,10.0,469000.0,0.1,0.3,0.4840713062843557,0,Medium,Send personalized cross-modal loyalty incentive
U2122,45,E-Bike,632,3.0,130500.0,0.0,0.3333333333333333,0.48405483054419063,0,Medium,Send personalized cross-modal loyalty incentive
U1248,21,Shuttle,2484,6.0,171500.0,0.3333333333333333,0.3333333333333333,0.4840039090010499,0,Medium,Send personalized cross-modal loyalty incentive
U2176,21,E-Bike,1509,4.0,75500.0,0.5,0.25,0.48367634546903765,0,Medium,Send personalized cross-modal loyalty incentive
U0969,39,E-Bike,4713,7.0,316000.0,0.14285714285714285,0.42857142857142855,0.4836086522558699,0,Medium,Send personalized cross-modal loyalty incentive
U1393,32,Metro/Bus,4626,4.0,157000.0,0.0,0.5,0.48355167411967387,0,Medium,Send personalized cross-modal loyalty incentive
U0349,50,Metro/Bus,1310,3.0,71000.0,0.0,0.3333333333333333,0.48347391760583197,0,Medium,Send personalized cross-modal loyalty incentive
U1320,46,Shuttle,110,6.0,217000.0,0.0,0.3333333333333333,0.4834254825114569,0,Medium,Send personalized cross-modal loyalty incentive
U1758,50,E-Bike,4227,6.0,245500.0,0.0,0.5,0.4833902741044634,0,Medium,Send personalized cross-modal loyalty incentive
U1678,33,Metro/Bus,2208,3.0,74000.0,0.3333333333333333,0.3333333333333333,0.48337944974535274,0,Medium,Send personalized cross-modal loyalty incentive
U1400,38,Metro/Bus,4532,2.0,103500.0,0.0,0.5,0.48331148482662367,0,Medium,Send personalized cross-modal loyalty incentive
U1269,53,E-Bike,4765,4.0,115500.0,0.0,0.0,0.4832317351230451,0,Medium,Send personalized cross-modal loyalty incentive
U0826,25,E-Bike,758,6.0,239000.0,0.16666666666666666,0.5,0.4831569564245019,0,Medium,Send personalized cross-modal loyalty incentive
U1988,20,Metro/Bus,4197,6.0,243500.0,0.3333333333333333,0.3333333333333333,0.48315134020653416,0,Medium,Send personalized cross-modal loyalty incentive
U1654,25,E-Bike,3899,6.0,167500.0,0.16666666666666666,0.5,0.4830141223649827,0,Medium,Send personalized cross-modal loyalty incentive
U1361,20,E-Bike,1879,5.0,149500.0,0.0,0.2,0.4829490352329933,0,Medium,Send personalized cross-modal loyalty incentive
U0273,40,E-Bike,3499,4.0,51000.0,0.25,0.5,0.48294272582711084,0,Medium,Send personalized cross-modal loyalty incentive
U0717,45,E-Bike,2785,4.0,109500.0,0.5,0.5,0.48289597997218003,0,Medium,Send personalized cross-modal loyalty incentive
U1916,21,E-Bike,4908,2.0,109500.0,0.5,0.0,0.4828870925725026,0,Medium,Send personalized cross-modal loyalty incentive
U1644,50,Shuttle,2276,6.0,215500.0,0.3333333333333333,0.3333333333333333,0.48286321625280915,0,Medium,Send personalized cross-modal loyalty incentive
U1769,25,E-Bike,4025,4.0,109500.0,0.0,0.75,0.4828087514154798,0,Medium,Send personalized cross-modal loyalty incentive
U0585,46,Metro/Bus,1429,5.0,116000.0,0.2,0.4,0.4826820186425324,0,Medium,Send personalized cross-modal loyalty incentive
U1297,34,E-Bike,2243,4.0,146500.0,0.25,0.0,0.48267686667244525,0,Medium,Send personalized cross-modal loyalty incentive
U1351,42,E-Bike,3587,5.0,141000.0,0.2,0.6,0.4826327593306118,0,Medium,Send personalized cross-modal loyalty incentive
U0010,40,Shuttle,1978,2.0,85000.0,0.5,0.5,0.482516141358081,0,Medium,Send personalized cross-modal loyalty incentive
U0182,33,E-Bike,249,7.0,234500.0,0.0,0.5714285714285714,0.4824231835626871,0,Medium,Send personalized cross-modal loyalty incentive
U0953,46,E-Bike,4607,6.0,252000.0,0.16666666666666666,0.5,0.4824087913864793,0,Medium,Send personalized cross-modal loyalty incentive
U1337,23,Metro/Bus,3414,4.0,82500.0,0.0,0.0,0.4824023232195659,0,Medium,Send personalized cross-modal loyalty incentive
U2011,31,E-Bike,102,3.0,86500.0,0.3333333333333333,0.0,0.4823065132606161,0,Medium,Send personalized cross-modal loyalty incentive
U0998,34,E-Bike,4558,7.0,211500.0,0.0,0.42857142857142855,0.4822075249178688,0,Medium,Send personalized cross-modal loyalty incentive
U1148,20,E-Bike,1032,6.0,229500.0,0.0,0.6666666666666666,0.4821992194798047,0,Medium,Send personalized cross-modal loyalty incentive
U1651,41,Metro/Bus,28,5.0,151000.0,0.2,0.2,0.48196697091892543,0,Medium,Send personalized cross-modal loyalty incentive
U1947,45,Metro/Bus,2384,6.0,200000.0,0.0,0.6666666666666666,0.4819544559872943,0,Medium,Send personalized cross-modal loyalty incentive
U2002,39,Metro/Bus,348,3.0,107500.0,0.3333333333333333,0.0,0.48189722391817097,0,Medium,Send personalized cross-modal loyalty incentive
U0237,31,Metro/Bus,3984,3.0,29500.0,0.6666666666666666,0.6666666666666666,0.48180794084044865,0,Medium,Send personalized cross-modal loyalty incentive
U0008,55,E-Bike,2648,5.0,231000.0,0.2,0.2,0.48175677296438335,0,Medium,Send personalized cross-modal loyalty incentive
U0982,27,Shuttle,1538,4.0,127000.0,0.5,1.0,0.48170966924905806,0,Medium,Send personalized cross-modal loyalty incentive
U0705,38,Shuttle,4617,5.0,140500.0,0.4,0.4,0.48159950928641454,0,Medium,Send personalized cross-modal loyalty incentive
U1183,52,E-Bike,2702,5.0,165000.0,0.4,0.4,0.4814943295208881,0,Medium,Send personalized cross-modal loyalty incentive
U0553,48,Shuttle,1797,6.0,176500.0,0.16666666666666666,0.6666666666666666,0.4812914875979856,0,Medium,Send personalized cross-modal loyalty incentive
U1343,31,E-Bike,315,5.0,111000.0,0.2,0.6,0.48128515308397535,0,Medium,Send personalized cross-modal loyalty incentive
U1233,45,Metro/Bus,3524,3.0,91500.0,0.0,0.3333333333333333,0.481203035371736,0,Medium,Send personalized cross-modal loyalty incentive
U0751,33,E-Bike,383,6.0,235500.0,0.16666666666666666,0.5,0.48115813074967334,0,Medium,Send personalized cross-modal loyalty incentive
U1108,40,E-Bike,1904,8.0,343500.0,0.25,0.5,0.4811416855462042,0,Medium,Send personalized cross-modal loyalty incentive
U1216,44,Metro/Bus,4372,4.0,119000.0,0.25,0.5,0.48111274227036266,0,Medium,Send personalized cross-modal loyalty incentive
U1247,43,Metro/Bus,4487,3.0,140000.0,0.3333333333333333,0.6666666666666666,0.48109536187849467,0,Medium,Send personalized cross-modal loyalty incentive
U0684,53,E-Bike,2613,3.0,98500.0,0.3333333333333333,0.6666666666666666,0.4810876218628177,0,Medium,Send personalized cross-modal loyalty incentive
U0552,20,E-Bike,449,7.0,162500.0,0.42857142857142855,0.5714285714285714,0.4809669171711669,0,Medium,Send personalized cross-modal loyalty incentive
U1221,43,Shuttle,389,5.0,101000.0,0.2,0.2,0.48096179450829546,0,Medium,Send personalized cross-modal loyalty incentive
U1275,24,E-Bike,4776,3.0,148500.0,0.3333333333333333,1.0,0.4809599404470595,0,Medium,Send personalized cross-modal loyalty incentive
U1447,35,E-Bike,1862,5.0,118500.0,0.6,0.6,0.48085609298169935,0,Medium,Send personalized cross-modal loyalty incentive
U2200,18,Metro/Bus,0,5.0,135500.0,0.0,0.0,0.4808287665095331,0,Medium,Send personalized cross-modal loyalty incentive
U0954,37,Shuttle,4075,6.0,202000.0,0.0,0.3333333333333333,0.48081761231427284,0,Medium,Send personalized cross-modal loyalty incentive
U1666,18,E-Bike,4532,5.0,125500.0,0.2,0.8,0.48081509406009665,0,Medium,Send personalized cross-modal loyalty incentive
U0199,52,E-Bike,1591,5.0,140000.0,0.2,0.4,0.48078449409528096,0,Medium,Send personalized cross-modal loyalty incentive
U0030,27,E-Bike,3326,6.0,141500.0,0.16666666666666666,0.3333333333333333,0.48063448141338483,0,Medium,Send personalized cross-modal loyalty incentive
U0845,25,E-Bike,4854,3.0,103000.0,0.3333333333333333,0.6666666666666666,0.4805394540216514,0,Medium,Send personalized cross-modal loyalty incentive
U1978,44,Shuttle,367,6.0,214000.0,0.3333333333333333,0.3333333333333333,0.48052156434212134,0,Medium,Send personalized cross-modal loyalty incentive
U1099,43,E-Bike,4868,4.0,183000.0,0.25,0.75,0.4805005112655348,0,Medium,Send personalized cross-modal loyalty incentive
U0351,52,Metro/Bus,1261,4.0,158500.0,0.0,0.75,0.48047237519852326,0,Medium,Send personalized cross-modal loyalty incentive
U0676,51,E-Bike,3886,3.0,82500.0,0.3333333333333333,0.6666666666666666,0.48040735521517486,0,Medium,Send personalized cross-modal loyalty incentive
U0949,22,E-Bike,2415,11.0,404500.0,0.18181818181818182,0.2727272727272727,0.48038427071532,0,Medium,Send personalized cross-modal loyalty incentive
U0601,32,Shuttle,738,4.0,56000.0,0.5,0.0,0.480381797995005,0,Medium,Send personalized cross-modal loyalty incentive
U0715,40,Shuttle,3534,6.0,146500.0,0.16666666666666666,0.5,0.4802523526077414,0,Medium,Send personalized cross-modal loyalty incentive
U2022,21,E-Bike,2851,5.0,149000.0,0.2,0.2,0.4802236006213783,0,Medium,Send personalized cross-modal loyalty incentive
U0736,26,E-Bike,2708,4.0,166000.0,0.25,1.0,0.48019062635698545,0,Medium,Send personalized cross-modal loyalty incentive
U0848,28,E-Bike,4707,5.0,81000.0,0.2,0.6,0.48018919235595275,0,Medium,Send personalized cross-modal loyalty incentive
U2012,40,E-Bike,1684,8.0,226000.0,0.0,0.375,0.48009688293820474,0,Medium,Send personalized cross-modal loyalty incentive
U0420,47,Metro/Bus,2970,4.0,161500.0,0.0,0.25,0.47994492619929013,0,Medium,Send personalized cross-modal loyalty incentive
U0324,39,E-Bike,936,4.0,115500.0,0.25,0.25,0.4799108402009626,0,Medium,Send personalized cross-modal loyalty incentive
U1174,30,E-Bike,1015,5.0,145000.0,0.4,0.2,0.47982457780903015,0,Medium,Send personalized cross-modal loyalty incentive
U1398,37,Metro/Bus,3644,4.0,104500.0,0.25,0.5,0.4797719978514831,0,Medium,Send personalized cross-modal loyalty incentive
U1330,47,Shuttle,3085,6.0,147500.0,0.16666666666666666,0.5,0.47965977224834805,0,Medium,Send personalized cross-modal loyalty incentive
U0431,52,E-Bike,4810,6.0,112000.0,0.0,0.6666666666666666,0.4796092216446426,0,Medium,Send personalized cross-modal loyalty incentive
U1903,20,E-Bike,1980,3.0,160000.0,0.0,0.6666666666666666,0.479565753158983,0,Medium,Send personalized cross-modal loyalty incentive
U1966,28,E-Bike,1036,7.0,215500.0,0.2857142857142857,0.5714285714285714,0.4795330393019514,0,Medium,Send personalized cross-modal loyalty incentive
U1376,44,Metro/Bus,4353,2.0,60000.0,0.5,0.5,0.47940710531437225,0,Medium,Send personalized cross-modal loyalty incentive
U0261,21,Shuttle,3088,4.0,106000.0,0.25,0.0,0.4793918106355416,0,Medium,Send personalized cross-modal loyalty incentive
U1613,38,E-Bike,890,5.0,222500.0,0.4,0.2,0.4793665615610031,0,Medium,Send personalized cross-modal loyalty incentive
U1631,37,Metro/Bus,1444,5.0,142000.0,0.4,0.6,0.47928662399130095,0,Medium,Send personalized cross-modal loyalty incentive
U1137,55,E-Bike,1266,5.0,111500.0,0.0,0.4,0.4792534920011186,0,Medium,Send personalized cross-modal loyalty incentive
U1094,51,E-Bike,154,4.0,153500.0,0.5,0.5,0.4792193815460971,0,Medium,Send personalized cross-modal loyalty incentive
U0883,50,E-Bike,3201,2.0,108000.0,1.0,0.0,0.4792022838629543,0,Medium,Send personalized cross-modal loyalty incentive
U1038,46,Metro/Bus,798,3.0,94500.0,0.3333333333333333,0.6666666666666666,0.4791313608233421,0,Medium,Send personalized cross-modal loyalty incentive
U1957,45,E-Bike,2165,6.0,200500.0,0.3333333333333333,0.16666666666666666,0.4790677078914628,0,Medium,Send personalized cross-modal loyalty incentive
U0375,31,Metro/Bus,706,5.0,146500.0,0.2,0.6,0.47898374623726886,0,Medium,Send personalized cross-modal loyalty incentive
U0470,20,Metro/Bus,4745,3.0,92000.0,0.0,0.3333333333333333,0.47896140701864953,0,Medium,Send personalized cross-modal loyalty incentive
U0987,49,E-Bike,1198,6.0,206000.0,0.3333333333333333,0.5,0.47886847106384445,0,Medium,Send personalized cross-modal loyalty incentive
U0558,49,Shuttle,4491,1.0,43500.0,1.0,1.0,0.47884534508533505,0,Medium,Send personalized cross-modal loyalty incentive
U1206,27,Metro/Bus,664,5.0,176500.0,0.0,0.2,0.47878375306913656,0,Medium,Send personalized cross-modal loyalty incentive
U0319,38,Metro/Bus,4917,5.0,214500.0,0.0,0.4,0.47871231484919335,0,Medium,Send personalized cross-modal loyalty incentive
U0191,42,E-Bike,418,8.0,300000.0,0.125,0.5,0.47868349692258055,0,Medium,Send personalized cross-modal loyalty incentive
U1155,26,E-Bike,4624,2.0,78000.0,0.5,1.0,0.4786740547163951,0,Medium,Send personalized cross-modal loyalty incentive
U0859,49,Metro/Bus,1084,4.0,108000.0,0.25,1.0,0.4786023333093478,0,Medium,Send personalized cross-modal loyalty incentive
U0135,47,E-Bike,4006,3.0,95500.0,0.0,1.0,0.47858783421915946,0,Medium,Send personalized cross-modal loyalty incentive
U0399,53,E-Bike,713,5.0,183500.0,0.6,0.4,0.47857048763117566,0,Medium,Send personalized cross-modal loyalty incentive
U2136,53,Metro/Bus,2395,6.0,110000.0,0.5,0.5,0.4784942771544803,0,Medium,Send personalized cross-modal loyalty incentive
U1727,26,Metro/Bus,3588,6.0,214000.0,0.16666666666666666,0.6666666666666666,0.47847089171006457,0,Medium,Send personalized cross-modal loyalty incentive
U1764,43,E-Bike,2411,4.0,129000.0,0.5,1.0,0.4783869848198516,0,Medium,Send personalized cross-modal loyalty incentive
U0649,45,Metro/Bus,22,3.0,140500.0,0.6666666666666666,0.6666666666666666,0.47830466163647917,0,Medium,Send personalized cross-modal loyalty incentive
U1923,42,E-Bike,1937,5.0,104000.0,0.2,0.2,0.47829139538800247,0,Medium,Send personalized cross-modal loyalty incentive
U1321,42,E-Bike,2012,4.0,100000.0,0.25,0.5,0.47822779980766744,0,Medium,Send personalized cross-modal loyalty incentive
U1151,30,Metro/Bus,2788,6.0,208000.0,0.16666666666666666,0.5,0.47808563379275226,0,Medium,Send personalized cross-modal loyalty incentive
U0107,42,E-Bike,1748,7.0,207000.0,0.2857142857142857,0.42857142857142855,0.47808288105921093,0,Medium,Send personalized cross-modal loyalty incentive
U1780,42,E-Bike,3960,8.0,381000.0,0.25,0.625,0.4779195830965637,0,Medium,Send personalized cross-modal loyalty incentive
U0627,35,Metro/Bus,2766,4.0,100500.0,0.0,0.5,0.4778428465242821,0,Medium,Send personalized cross-modal loyalty incentive
U2069,44,E-Bike,4797,4.0,189000.0,0.25,0.5,0.47771237682351714,0,Medium,Send personalized cross-modal loyalty incentive
U0002,42,Metro/Bus,4555,3.0,53000.0,0.3333333333333333,0.3333333333333333,0.4776286749782609,0,Medium,Send personalized cross-modal loyalty incentive
U1574,47,Shuttle,4092,6.0,153500.0,0.3333333333333333,0.6666666666666666,0.4776126081714762,0,Medium,Send personalized cross-modal loyalty incentive
U1898,33,Shuttle,4454,6.0,286500.0,0.6666666666666666,0.16666666666666666,0.47760978629010603,0,Medium,Send personalized cross-modal loyalty incentive
U1812,22,E-Bike,3352,5.0,161000.0,0.0,0.4,0.4775257121985967,0,Medium,Send personalized cross-modal loyalty incentive
U1203,55,E-Bike,4651,4.0,93500.0,0.25,0.25,0.4774730029508669,0,Medium,Send personalized cross-modal loyalty incentive
U0864,42,Metro/Bus,454,1.0,40000.0,1.0,0.0,0.4774457618080614,0,Medium,Send personalized cross-modal loyalty incentive
U0217,31,E-Bike,2812,5.0,139500.0,0.4,0.2,0.47734285276921984,0,Medium,Send personalized cross-modal loyalty incentive
U0080,37,E-Bike,1903,5.0,193000.0,0.6,0.0,0.4772956013699688,0,Medium,Send personalized cross-modal loyalty incentive
U0234,19,Metro/Bus,1517,4.0,177000.0,0.25,0.5,0.477278943609984,0,Medium,Send personalized cross-modal loyalty incentive
U2076,42,E-Bike,821,8.0,268000.0,0.25,0.625,0.4772489922063314,0,Medium,Send personalized cross-modal loyalty incentive
U1446,22,E-Bike,4984,6.0,205000.0,0.0,0.5,0.4770901580772544,0,Medium,Send personalized cross-modal loyalty incentive
U1590,44,Shuttle,1567,4.0,131000.0,0.0,0.5,0.4770887933030858,0,Medium,Send personalized cross-modal loyalty incentive
U1849,23,E-Bike,743,5.0,217500.0,0.2,0.4,0.477043597835289,0,Medium,Send personalized cross-modal loyalty incentive
U0545,39,Shuttle,3654,2.0,112500.0,0.5,0.5,0.476860324234056,0,Medium,Send personalized cross-modal loyalty incentive
U1429,53,Shuttle,2808,1.0,67500.0,0.0,0.0,0.4768423393152246,0,Medium,Send personalized cross-modal loyalty incentive
U2157,42,Shuttle,637,7.0,253500.0,0.0,0.42857142857142855,0.4768405394697102,0,Medium,Send personalized cross-modal loyalty incentive
U0692,35,E-Bike,3311,6.0,168000.0,0.0,0.6666666666666666,0.4767623047572429,0,Medium,Send personalized cross-modal loyalty incentive
U0743,53,Shuttle,2527,6.0,94000.0,0.16666666666666666,1.0,0.47661892320904115,0,Medium,Send personalized cross-modal loyalty incentive
U0463,33,E-Bike,4443,4.0,99500.0,0.25,0.25,0.47659372568228625,0,Medium,Send personalized cross-modal loyalty incentive
U0978,26,Shuttle,2388,5.0,144000.0,0.0,0.4,0.4765766768277556,0,Medium,Send personalized cross-modal loyalty incentive
U1960,49,Metro/Bus,4151,5.0,229000.0,0.0,0.6,0.47655082411214605,0,Medium,Send personalized cross-modal loyalty incentive
U1071,50,Metro/Bus,3539,2.0,82500.0,0.0,0.0,0.4765038350641605,0,Medium,Send personalized cross-modal loyalty incentive
U1813,23,E-Bike,4846,2.0,114000.0,0.5,0.0,0.4763621709138254,0,Medium,Send personalized cross-modal loyalty incentive
U0903,19,Metro/Bus,1047,8.0,252000.0,0.0,0.5,0.47631778948471065,0,Medium,Send personalized cross-modal loyalty incentive
U0162,54,Metro/Bus,1868,6.0,114500.0,0.0,0.6666666666666666,0.47620863290706755,0,Medium,Send personalized cross-modal loyalty incentive
U1703,18,Metro/Bus,4778,4.0,176000.0,0.0,0.5,0.4761015789034976,0,Medium,Send personalized cross-modal loyalty incentive
U1290,28,Shuttle,4681,5.0,122000.0,0.2,0.4,0.47609810853316104,0,Medium,Send personalized cross-modal loyalty incentive
U0039,33,E-Bike,4083,7.0,242500.0,0.2857142857142857,0.2857142857142857,0.476060198875164,0,Medium,Send personalized cross-modal loyalty incentive
U0670,18,E-Bike,2492,4.0,134500.0,0.0,0.75,0.47602222593086024,0,Medium,Send personalized cross-modal loyalty incentive
U1931,39,Shuttle,4173,6.0,176000.0,0.0,0.16666666666666666,0.475934417011571,0,Medium,Send personalized cross-modal loyalty incentive
U0036,52,E-Bike,4183,7.0,196500.0,0.42857142857142855,0.8571428571428571,0.4758222236355208,0,Medium,Send personalized cross-modal loyalty incentive
U0478,50,E-Bike,2355,6.0,189500.0,0.3333333333333333,0.5,0.47576528912623517,0,Medium,Send personalized cross-modal loyalty incentive
U1511,46,E-Bike,3282,7.0,230500.0,0.0,0.8571428571428571,0.47575331070143023,0,Medium,Send personalized cross-modal loyalty incentive
U0243,51,E-Bike,3210,8.0,283000.0,0.375,0.25,0.47565107247247357,0,Medium,Send personalized cross-modal loyalty incentive
U1859,51,E-Bike,4701,2.0,55000.0,0.5,1.0,0.4756494122585503,0,Medium,Send personalized cross-modal loyalty incentive
U0238,24,E-Bike,2287,4.0,204000.0,0.25,0.75,0.4756065719845718,0,Medium,Send personalized cross-modal loyalty incentive
U0226,21,Metro/Bus,346,6.0,216500.0,0.16666666666666666,0.6666666666666666,0.47556284604034976,0,Medium,Send personalized cross-modal loyalty incentive
U1041,37,E-Bike,1906,6.0,252500.0,0.16666666666666666,0.3333333333333333,0.4755436014098015,0,Medium,Send personalized cross-modal loyalty incentive
U2013,46,Metro/Bus,3295,5.0,230500.0,0.2,0.8,0.4753834168234608,0,Medium,Send personalized cross-modal loyalty incentive
U1752,30,Metro/Bus,4157,6.0,189000.0,0.16666666666666666,0.5,0.4753288316222086,0,Medium,Send personalized cross-modal loyalty incentive
U1549,46,Metro/Bus,1608,8.0,319500.0,0.0,0.25,0.4751407313320675,0,Medium,Send personalized cross-modal loyalty incentive
U0059,45,E-Bike,301,5.0,211500.0,0.2,0.8,0.4751045175031097,0,Medium,Send personalized cross-modal loyalty incentive
U1391,55,E-Bike,219,3.0,115000.0,0.3333333333333333,0.0,0.47507797399402285,0,Medium,Send personalized cross-modal loyalty incentive
U2108,30,E-Bike,4557,4.0,185500.0,0.0,0.5,0.4749556173012377,0,Medium,Send personalized cross-modal loyalty incentive
U1031,20,Metro/Bus,3914,3.0,121500.0,0.0,0.6666666666666666,0.47475579161385606,0,Medium,Send personalized cross-modal loyalty incentive
U0098,36,Metro/Bus,930,6.0,160500.0,0.16666666666666666,0.3333333333333333,0.4747149441995215,0,Medium,Send personalized cross-modal loyalty incentive
U0802,25,E-Bike,1550,8.0,258500.0,0.375,0.5,0.4746456435397912,0,Medium,Send personalized cross-modal loyalty incentive
U0101,28,Shuttle,4838,3.0,82500.0,0.0,0.0,0.4744707535353437,0,Medium,Send personalized cross-modal loyalty incentive
U1730,55,E-Bike,2624,6.0,153500.0,0.16666666666666666,0.8333333333333334,0.47445767712003106,0,Medium,Send personalized cross-modal loyalty incentive
U0279,29,E-Bike,758,4.0,170000.0,0.25,0.25,0.4743721882959319,0,Medium,Send personalized cross-modal loyalty incentive
U2094,35,E-Bike,521,6.0,141000.0,0.0,0.3333333333333333,0.4743608984602568,0,Medium,Send personalized cross-modal loyalty incentive
U0392,22,E-Bike,2660,6.0,176000.0,0.0,0.5,0.4743407563770843,0,Medium,Send personalized cross-modal loyalty incentive
U0556,18,Metro/Bus,3032,3.0,103000.0,0.0,0.0,0.47433265816908543,0,Medium,Send personalized cross-modal loyalty incentive
U0130,51,Metro/Bus,95,2.0,53000.0,0.5,0.5,0.4743029889140868,0,Medium,Send personalized cross-modal loyalty incentive
U0288,47,E-Bike,3572,3.0,99000.0,0.3333333333333333,0.3333333333333333,0.47417934431966036,0,Medium,Send personalized cross-modal loyalty incentive
U0452,25,E-Bike,71,4.0,155000.0,0.25,0.25,0.47417367687918877,0,Medium,Send personalized cross-modal loyalty incentive
U0306,29,Shuttle,1916,5.0,137500.0,0.4,0.6,0.4741386830162855,0,Medium,Send personalized cross-modal loyalty incentive
U0710,55,Metro/Bus,2566,6.0,247000.0,0.0,0.6666666666666666,0.4740190035573035,0,Medium,Send personalized cross-modal loyalty incentive
U0905,53,Shuttle,2769,5.0,156500.0,0.4,0.8,0.47401390943154936,0,Medium,Send personalized cross-modal loyalty incentive
U1444,40,Metro/Bus,804,5.0,163000.0,0.2,0.0,0.4739001302607976,0,Medium,Send personalized cross-modal loyalty incentive
U1383,27,Metro/Bus,1240,5.0,227500.0,0.2,0.4,0.47382119386850785,0,Medium,Send personalized cross-modal loyalty incentive
U0941,33,E-Bike,2356,3.0,117500.0,0.3333333333333333,0.3333333333333333,0.47381653272673485,0,Medium,Send personalized cross-modal loyalty incentive
U1170,31,Shuttle,2776,8.0,298000.0,0.25,0.625,0.47380832721509014,0,Medium,Send personalized cross-modal loyalty incentive
U1119,36,Metro/Bus,3292,2.0,94000.0,0.0,0.5,0.47380436266384407,0,Medium,Send personalized cross-modal loyalty incentive
U1086,26,E-Bike,1228,5.0,133000.0,0.0,0.0,0.4737508299140443,0,Medium,Send personalized cross-modal loyalty incentive
U0595,25,E-Bike,4372,4.0,90000.0,0.5,0.25,0.47372786123285654,0,Medium,Send personalized cross-modal loyalty incentive
U2030,30,Metro/Bus,3322,5.0,200000.0,0.2,0.4,0.47371185946876565,0,Medium,Send personalized cross-modal loyalty incentive
U1397,31,E-Bike,190,2.0,73500.0,0.5,0.5,0.47364935842350836,0,Medium,Send personalized cross-modal loyalty incentive
U2187,39,Metro/Bus,4931,2.0,66000.0,0.0,0.0,0.4736342659931426,0,Medium,Send personalized cross-modal loyalty incentive
U1640,20,E-Bike,4355,4.0,78000.0,0.0,0.25,0.47363012036351876,0,Medium,Send personalized cross-modal loyalty incentive
U0034,28,E-Bike,4783,4.0,217000.0,0.75,0.25,0.4734837943535592,0,Medium,Send personalized cross-modal loyalty incentive
U0880,27,E-Bike,754,1.0,55500.0,1.0,1.0,0.4734594110234513,0,Medium,Send personalized cross-modal loyalty incentive
U0739,33,E-Bike,2552,4.0,155000.0,0.25,0.75,0.4734448610846289,0,Medium,Send personalized cross-modal loyalty incentive
U1864,51,Metro/Bus,749,5.0,113000.0,0.2,0.6,0.4733990032337523,0,Medium,Send personalized cross-modal loyalty incentive
U0076,21,Shuttle,2520,6.0,158500.0,0.16666666666666666,0.6666666666666666,0.4733935196062149,0,Medium,Send personalized cross-modal loyalty incentive
U1267,53,Shuttle,4086,6.0,168500.0,0.0,0.6666666666666666,0.4733853331699667,0,Medium,Send personalized cross-modal loyalty incentive
U0632,34,E-Bike,2439,3.0,73500.0,0.0,0.0,0.4732871541121971,0,Medium,Send personalized cross-modal loyalty incentive
U1774,40,Shuttle,3994,5.0,87500.0,0.2,0.8,0.47318861847532506,0,Medium,Send personalized cross-modal loyalty incentive
U1521,48,E-Bike,805,6.0,159000.0,0.16666666666666666,0.3333333333333333,0.47309742707503166,0,Medium,Send personalized cross-modal loyalty incentive
U1976,24,Shuttle,775,6.0,198000.0,0.16666666666666666,0.3333333333333333,0.47305664951871745,0,Medium,Send personalized cross-modal loyalty incentive
U2096,40,Shuttle,3424,6.0,214000.0,0.0,0.6666666666666666,0.4729953544294266,0,Medium,Send personalized cross-modal loyalty incentive
U1510,25,Metro/Bus,3589,5.0,162000.0,0.0,0.8,0.47289341164913445,0,Medium,Send personalized cross-modal loyalty incentive
U0659,51,Shuttle,3377,3.0,133500.0,0.0,0.3333333333333333,0.4727975710190634,0,Medium,Send personalized cross-modal loyalty incentive
U1487,35,E-Bike,3641,3.0,77000.0,0.3333333333333333,0.3333333333333333,0.4724858504022886,0,Medium,Send personalized cross-modal loyalty incentive
U1227,54,E-Bike,1096,5.0,135000.0,0.6,0.4,0.4724701054176638,0,Medium,Send personalized cross-modal loyalty incentive
U1759,45,E-Bike,4022,4.0,122500.0,0.0,0.5,0.47242742512954966,0,Medium,Send personalized cross-modal loyalty incentive
U1888,47,Shuttle,4814,3.0,143000.0,0.3333333333333333,0.3333333333333333,0.4723356828164564,0,Medium,Send personalized cross-modal loyalty incentive
U1637,36,E-Bike,878,6.0,171500.0,0.16666666666666666,0.16666666666666666,0.4721860643651103,0,Medium,Send personalized cross-modal loyalty incentive
U1142,44,Shuttle,1200,8.0,240500.0,0.25,0.0,0.47215601401354956,0,Medium,Send personalized cross-modal loyalty incentive
U1272,51,Metro/Bus,700,7.0,310500.0,0.14285714285714285,0.7142857142857143,0.47214685264585665,0,Medium,Send personalized cross-modal loyalty incentive
U1331,32,E-Bike,3371,6.0,232000.0,0.0,0.5,0.4720500022191285,0,Medium,Send personalized cross-modal loyalty incentive
U1606,25,E-Bike,4418,7.0,221000.0,0.2857142857142857,0.5714285714285714,0.47203144537280217,0,Medium,Send personalized cross-modal loyalty incentive
U0735,34,Shuttle,2864,8.0,305000.0,0.25,0.5,0.47202486056713105,0,Medium,Send personalized cross-modal loyalty incentive
U1078,33,E-Bike,1519,6.0,186000.0,0.0,0.6666666666666666,0.4719916111096012,0,Medium,Send personalized cross-modal loyalty incentive
U1983,46,E-Bike,4201,7.0,257000.0,0.0,0.5714285714285714,0.47187962531245614,0,Medium,Send personalized cross-modal loyalty incentive
U1449,32,Metro/Bus,4077,4.0,70500.0,0.25,1.0,0.4718289977256599,0,Medium,Send personalized cross-modal loyalty incentive
U1300,45,E-Bike,569,6.0,98000.0,0.3333333333333333,0.3333333333333333,0.4718017639936087,0,Medium,Send personalized cross-modal loyalty incentive
U0892,55,Metro/Bus,820,8.0,247000.0,0.0,0.375,0.4717139153494952,0,Medium,Send personalized cross-modal loyalty incentive
U1112,25,E-Bike,3790,4.0,118000.0,0.0,0.5,0.47168280374858085,0,Medium,Send personalized cross-modal loyalty incentive
U1744,23,E-Bike,1361,6.0,176000.0,0.5,0.5,0.47163183070619413,0,Medium,Send personalized cross-modal loyalty incentive
U1512,26,E-Bike,2417,7.0,276000.0,0.0,0.42857142857142855,0.4715317724170202,0,Medium,Send personalized cross-modal loyalty incentive
U0979,24,E-Bike,2196,6.0,195000.0,0.0,0.3333333333333333,0.4715251787995444,0,Medium,Send personalized cross-modal loyalty incentive
U1061,52,Metro/Bus,2000,7.0,309000.0,0.14285714285714285,0.5714285714285714,0.4714231859346259,0,Medium,Send personalized cross-modal loyalty incentive
U1427,27,E-Bike,4065,9.0,333000.0,0.0,0.2222222222222222,0.4714085150148303,0,Medium,Send personalized cross-modal loyalty incentive
U1582,51,E-Bike,2955,4.0,134000.0,0.5,1.0,0.47128224776618177,0,Medium,Send personalized cross-modal loyalty incentive
U0741,37,Shuttle,2914,5.0,202500.0,0.2,0.8,0.47125510410980626,0,Medium,Send personalized cross-modal loyalty incentive
U0035,41,E-Bike,3656,3.0,160500.0,0.0,1.0,0.47122561354859194,0,Medium,Send personalized cross-modal loyalty incentive
U0091,49,Metro/Bus,2271,5.0,259500.0,0.2,0.4,0.4712144045486096,0,Medium,Send personalized cross-modal loyalty incentive
U0132,25,Metro/Bus,3739,5.0,183000.0,0.2,0.4,0.4711221857038634,0,Medium,Send personalized cross-modal loyalty incentive
U2034,52,Metro/Bus,289,5.0,169500.0,0.2,0.4,0.4710725276220274,0,Medium,Send personalized cross-modal loyalty incentive
U1711,30,E-Bike,1958,5.0,169000.0,0.2,0.2,0.4709482355098824,0,Medium,Send personalized cross-modal loyalty incentive
U0212,36,Metro/Bus,1042,8.0,291500.0,0.25,0.375,0.47075700999022424,0,Medium,Send personalized cross-modal loyalty incentive
U1133,21,Metro/Bus,2062,6.0,147500.0,0.0,0.3333333333333333,0.4705466601221083,0,Medium,Send personalized cross-modal loyalty incentive
U1085,54,Metro/Bus,1842,8.0,347500.0,0.375,0.25,0.47051425428151694,0,Medium,Send personalized cross-modal loyalty incentive
U1279,28,Metro/Bus,1778,5.0,161000.0,0.4,0.4,0.47050594927371764,0,Medium,Send personalized cross-modal loyalty incentive
U0896,28,E-Bike,4586,6.0,143500.0,0.16666666666666666,0.6666666666666666,0.47043657098736114,0,Medium,Send personalized cross-modal loyalty incentive
U0975,19,E-Bike,374,5.0,126000.0,0.8,0.4,0.4704343402554601,0,Medium,Send personalized cross-modal loyalty incentive
U1683,47,E-Bike,4260,5.0,156000.0,0.2,0.2,0.4704307060772623,0,Medium,Send personalized cross-modal loyalty incentive
U0798,41,E-Bike,4107,4.0,148500.0,0.25,0.75,0.47041702581602357,0,Medium,Send personalized cross-modal loyalty incentive
U1965,46,Shuttle,801,7.0,214500.0,0.2857142857142857,0.42857142857142855,0.4703713896165828,0,Medium,Send personalized cross-modal loyalty incentive
U0369,18,Metro/Bus,1710,3.0,85500.0,0.3333333333333333,0.3333333333333333,0.47025382096452906,0,Medium,Send personalized cross-modal loyalty incentive
U0818,54,Metro/Bus,4900,6.0,263500.0,0.0,0.3333333333333333,0.47022829093201407,0,Medium,Send personalized cross-modal loyalty incentive
U1349,21,E-Bike,1176,6.0,176500.0,0.0,0.5,0.47020297657910526,0,Medium,Send personalized cross-modal loyalty incentive
U0925,37,Metro/Bus,1420,5.0,164000.0,0.2,0.4,0.47003127859223953,0,Medium,Send personalized cross-modal loyalty incentive
U0839,53,E-Bike,1575,3.0,144000.0,0.0,0.0,0.4700255063358955,0,Medium,Send personalized cross-modal loyalty incentive
U0188,53,Metro/Bus,1956,4.0,194500.0,0.25,0.5,0.4700242933689613,0,Medium,Send personalized cross-modal loyalty incentive
U2098,46,E-Bike,882,6.0,121500.0,0.0,0.5,0.4699397750647962,0,Medium,Send personalized cross-modal loyalty incentive
U0540,43,Shuttle,3700,5.0,141500.0,0.2,0.6,0.4698144056779992,0,Medium,Send personalized cross-modal loyalty incentive
U1843,43,E-Bike,3266,5.0,129500.0,0.2,0.2,0.4697970513041113,0,Medium,Send personalized cross-modal loyalty incentive
U0407,48,Metro/Bus,4067,4.0,139500.0,0.25,0.25,0.4697884488425475,0,Medium,Send personalized cross-modal loyalty incentive
U1609,22,E-Bike,2966,7.0,165000.0,0.0,0.42857142857142855,0.4697508767585893,0,Medium,Send personalized cross-modal loyalty incentive
U0317,19,E-Bike,1759,6.0,176500.0,0.16666666666666666,0.3333333333333333,0.4696611930257807,0,Medium,Send personalized cross-modal loyalty incentive
U0514,25,Shuttle,2541,6.0,208000.0,0.16666666666666666,0.5,0.4696569359327589,0,Medium,Send personalized cross-modal loyalty incentive
U1341,32,Metro/Bus,212,6.0,159500.0,0.16666666666666666,0.3333333333333333,0.4696000005156894,0,Medium,Send personalized cross-modal loyalty incentive
U1873,28,Metro/Bus,4295,6.0,162500.0,0.3333333333333333,0.5,0.4694793891984832,0,Medium,Send personalized cross-modal loyalty incentive
U0144,53,Metro/Bus,4081,5.0,231000.0,0.4,0.2,0.4694078978780897,0,Medium,Send personalized cross-modal loyalty incentive
U0952,34,E-Bike,2396,4.0,125000.0,0.75,0.5,0.4693800643574418,0,Medium,Send personalized cross-modal loyalty incentive
U1479,41,Metro/Bus,1378,8.0,322000.0,0.125,0.75,0.46933806833261144,0,Medium,Send personalized cross-modal loyalty incentive
U0371,18,Shuttle,4283,3.0,73000.0,0.3333333333333333,0.0,0.46929054869754505,0,Medium,Send personalized cross-modal loyalty incentive
U1411,48,E-Bike,2075,6.0,171000.0,0.16666666666666666,0.5,0.4692277275658634,0,Medium,Send personalized cross-modal loyalty incentive
U1073,51,Metro/Bus,2844,6.0,280000.0,0.16666666666666666,0.8333333333333334,0.4690962625533806,0,Medium,Send personalized cross-modal loyalty incentive
U0937,52,E-Bike,1258,4.0,187000.0,0.0,0.0,0.4690491749333171,0,Medium,Send personalized cross-modal loyalty incentive
U0444,41,Metro/Bus,86,5.0,131500.0,0.2,0.6,0.46904904005609166,0,Medium,Send personalized cross-modal loyalty incentive
U0828,40,E-Bike,4924,5.0,137000.0,0.2,0.8,0.4690292725693713,0,Medium,Send personalized cross-modal loyalty incentive
U1083,29,Metro/Bus,2475,4.0,142500.0,0.25,0.0,0.46897778797044315,0,Medium,Send personalized cross-modal loyalty incentive
U1379,33,E-Bike,145,3.0,106500.0,0.3333333333333333,0.3333333333333333,0.46881321116969676,0,Medium,Send personalized cross-modal loyalty incentive
U0933,29,E-Bike,2522,4.0,135000.0,0.5,0.75,0.46852733110138534,0,Medium,Send personalized cross-modal loyalty incentive
U1508,40,Metro/Bus,3307,8.0,312500.0,0.25,0.5,0.4685026513352208,0,Medium,Send personalized cross-modal loyalty incentive
U0776,49,E-Bike,3696,3.0,127500.0,0.3333333333333333,0.0,0.4684360138077639,0,Medium,Send personalized cross-modal loyalty incentive
U0732,18,Metro/Bus,3096,5.0,150500.0,0.2,0.6,0.4684220183055414,0,Medium,Send personalized cross-modal loyalty incentive
U2159,19,E-Bike,2355,3.0,145500.0,0.3333333333333333,0.3333333333333333,0.46841433578611774,0,Medium,Send personalized cross-modal loyalty incentive
U1943,36,Metro/Bus,1843,5.0,150500.0,0.2,0.6,0.4683562755780679,0,Medium,Send personalized cross-modal loyalty incentive
U1518,21,E-Bike,2690,7.0,237500.0,0.14285714285714285,0.2857142857142857,0.4681725047353247,0,Medium,Send personalized cross-modal loyalty incentive
U0927,26,E-Bike,499,6.0,171000.0,0.16666666666666666,0.3333333333333333,0.4680857405387676,0,Medium,Send personalized cross-modal loyalty incentive
U2167,54,E-Bike,3048,3.0,95500.0,0.3333333333333333,0.3333333333333333,0.4680640682061549,0,Medium,Send personalized cross-modal loyalty incentive
U2028,40,E-Bike,3104,8.0,289500.0,0.125,0.625,0.4680403142314633,0,Medium,Send personalized cross-modal loyalty incentive
U0850,51,Shuttle,368,8.0,221500.0,0.25,0.375,0.46800066276810637,0,Medium,Send personalized cross-modal loyalty incentive
U0576,49,E-Bike,760,8.0,248500.0,0.25,0.625,0.4679342027817404,0,Medium,Send personalized cross-modal loyalty incentive
U1305,36,Shuttle,1798,6.0,203500.0,0.0,0.3333333333333333,0.46791338170586183,0,Medium,Send personalized cross-modal loyalty incentive
U1106,32,Metro/Bus,150,5.0,178500.0,0.2,0.2,0.4677726920470249,0,Medium,Send personalized cross-modal loyalty incentive
U1839,28,E-Bike,131,7.0,173500.0,0.14285714285714285,0.5714285714285714,0.4677707221757914,0,Medium,Send personalized cross-modal loyalty incentive
U0590,23,Metro/Bus,4492,6.0,176500.0,0.16666666666666666,0.3333333333333333,0.4677638199455139,0,Medium,Send personalized cross-modal loyalty incentive
U1612,38,Shuttle,2880,3.0,116500.0,0.3333333333333333,0.3333333333333333,0.46771105588078227,0,Medium,Send personalized cross-modal loyalty incentive
U1281,52,E-Bike,3772,4.0,142000.0,0.25,0.5,0.4676514792013803,0,Medium,Send personalized cross-modal loyalty incentive
U0416,52,E-Bike,304,5.0,109000.0,0.2,0.6,0.46761172124480727,0,Medium,Send personalized cross-modal loyalty incentive
U0232,34,Metro/Bus,2553,4.0,136500.0,0.25,0.5,0.4675582764626026,0,Medium,Send personalized cross-modal loyalty incentive
U0505,25,Metro/Bus,4787,5.0,167500.0,0.0,0.4,0.4675016643855973,0,Medium,Send personalized cross-modal loyalty incentive
U2074,42,E-Bike,2383,3.0,76500.0,0.3333333333333333,0.6666666666666666,0.46744333793735054,0,Medium,Send personalized cross-modal loyalty incentive
U1497,34,E-Bike,3675,5.0,150000.0,0.0,0.2,0.46743027558348743,0,Medium,Send personalized cross-modal loyalty incentive
U1451,33,Shuttle,4910,4.0,109500.0,0.0,0.25,0.46741276812098986,0,Medium,Send personalized cross-modal loyalty incentive
U1690,41,E-Bike,2927,5.0,144500.0,0.4,0.8,0.46736206729754126,0,Medium,Send personalized cross-modal loyalty incentive
U2131,48,Metro/Bus,3500,5.0,201500.0,0.2,0.8,0.4672306889673245,0,Medium,Send personalized cross-modal loyalty incentive
U0515,51,Metro/Bus,1397,3.0,109000.0,0.3333333333333333,0.6666666666666666,0.46717238614230433,0,Medium,Send personalized cross-modal loyalty incentive
U0354,45,Metro/Bus,899,6.0,193500.0,0.3333333333333333,0.5,0.46714742604886444,0,Medium,Send personalized cross-modal loyalty incentive
U0498,48,Metro/Bus,4905,8.0,308000.0,0.25,0.375,0.46713176640127707,0,Medium,Send personalized cross-modal loyalty incentive
U0449,43,Metro/Bus,326,7.0,218500.0,0.42857142857142855,0.42857142857142855,0.4670899678836024,0,Medium,Send personalized cross-modal loyalty incentive
U1186,53,Shuttle,2844,5.0,69000.0,0.4,0.2,0.4670784074089276,0,Medium,Send personalized cross-modal loyalty incentive
U1992,18,Metro/Bus,4892,4.0,122500.0,0.0,0.0,0.46700990453215724,0,Medium,Send personalized cross-modal loyalty incentive
U0738,21,Shuttle,4022,5.0,128000.0,0.4,0.4,0.4668836496195626,0,Medium,Send personalized cross-modal loyalty incentive
U0142,20,E-Bike,1317,2.0,49000.0,0.0,0.0,0.466867997892145,0,Medium,Send personalized cross-modal loyalty incentive
U0256,43,Metro/Bus,3326,3.0,106000.0,0.3333333333333333,0.0,0.4668355853962754,0,Medium,Send personalized cross-modal loyalty incentive
U1077,46,E-Bike,1567,5.0,133500.0,0.2,0.6,0.46676496868229056,0,Medium,Send personalized cross-modal loyalty incentive
U1440,46,E-Bike,1512,5.0,129000.0,0.0,0.2,0.46675059773433963,0,Medium,Send personalized cross-modal loyalty incentive
U0413,31,Metro/Bus,1328,6.0,177000.0,0.0,0.6666666666666666,0.4667195675598516,0,Medium,Send personalized cross-modal loyalty incentive
U0702,51,E-Bike,4794,4.0,126000.0,0.5,0.5,0.46665981422942304,0,Medium,Send personalized cross-modal loyalty incentive
U1328,49,Metro/Bus,4638,6.0,194000.0,0.16666666666666666,0.3333333333333333,0.4666291717893641,0,Medium,Send personalized cross-modal loyalty incentive
U1187,39,Metro/Bus,4211,3.0,87500.0,0.3333333333333333,0.3333333333333333,0.46657754901251763,0,Medium,Send personalized cross-modal loyalty incentive
U0398,30,E-Bike,4512,9.0,396000.0,0.3333333333333333,0.6666666666666666,0.46652180909081153,0,Medium,Send personalized cross-modal loyalty incentive
U0825,52,Metro/Bus,193,5.0,115500.0,0.4,0.6,0.4665110863928939,0,Medium,Send personalized cross-modal loyalty incentive
U0165,25,Metro/Bus,3871,5.0,138500.0,0.0,0.6,0.4664716524342201,0,Medium,Send personalized cross-modal loyalty incentive
U1933,39,E-Bike,4942,4.0,89000.0,0.0,0.5,0.4664543832209233,0,Medium,Send personalized cross-modal loyalty incentive
U1911,23,E-Bike,4756,3.0,102500.0,0.3333333333333333,0.6666666666666666,0.46639900931134753,0,Medium,Send personalized cross-modal loyalty incentive
U1278,33,E-Bike,987,6.0,185000.0,0.16666666666666666,0.5,0.4662665402114773,0,Medium,Send personalized cross-modal loyalty incentive
U2083,18,Shuttle,2738,7.0,310000.0,0.2857142857142857,0.2857142857142857,0.4662412481888848,0,Medium,Send personalized cross-modal loyalty incentive
U0921,38,Shuttle,4609,4.0,120000.0,0.0,0.25,0.46622355673743987,0,Medium,Send personalized cross-modal loyalty incentive
U0523,36,E-Bike,4942,6.0,156000.0,0.0,0.8333333333333334,0.4661496801369332,0,Medium,Send personalized cross-modal loyalty incentive
U0795,44,E-Bike,4399,5.0,157500.0,0.2,0.6,0.46611087573681137,0,Medium,Send personalized cross-modal loyalty incentive
U0265,33,Metro/Bus,789,6.0,227500.0,0.16666666666666666,0.16666666666666666,0.46603754647638695,0,Medium,Send personalized cross-modal loyalty incentive
U0327,43,E-Bike,3496,5.0,230000.0,0.2,0.4,0.4660340971989361,0,Medium,Send personalized cross-modal loyalty incentive
U0003,55,E-Bike,4110,2.0,56000.0,0.5,0.5,0.4660210621652971,0,Medium,Send personalized cross-modal loyalty incentive
U1583,31,Metro/Bus,2942,4.0,154000.0,0.0,0.5,0.46601798254936505,0,Medium,Send personalized cross-modal loyalty incentive
U1787,23,Metro/Bus,3145,3.0,111500.0,0.3333333333333333,0.6666666666666666,0.4659575007486606,0,Medium,Send personalized cross-modal loyalty incentive
U0125,52,Shuttle,2744,5.0,147500.0,0.4,0.2,0.4658537857357657,0,Medium,Send personalized cross-modal loyalty incentive
U1072,55,E-Bike,1780,6.0,243500.0,0.16666666666666666,0.6666666666666666,0.4658415579282585,0,Medium,Send personalized cross-modal loyalty incentive
U1540,49,Shuttle,3376,6.0,169500.0,0.16666666666666666,0.3333333333333333,0.46584099310388877,0,Medium,Send personalized cross-modal loyalty incentive
U1595,32,Metro/Bus,2234,6.0,286500.0,0.16666666666666666,0.5,0.46580213547122756,0,Medium,Send personalized cross-modal loyalty incentive
U0653,21,Metro/Bus,1267,6.0,233500.0,0.3333333333333333,0.5,0.46543343177252244,0,Medium,Send personalized cross-modal loyalty incentive
U1292,31,Metro/Bus,3689,4.0,92500.0,0.0,0.5,0.46533289289277924,0,Medium,Send personalized cross-modal loyalty incentive
U2053,34,Shuttle,4756,4.0,157500.0,0.25,0.0,0.46529385457378697,0,Medium,Send personalized cross-modal loyalty incentive
U1147,45,Metro/Bus,2272,4.0,204000.0,0.25,0.25,0.4652905742783955,0,Medium,Send personalized cross-modal loyalty incentive
U1771,50,Metro/Bus,4564,2.0,63000.0,0.5,0.0,0.465267388404002,0,Medium,Send personalized cross-modal loyalty incentive
U0787,46,Shuttle,4463,5.0,172000.0,0.4,0.6,0.4651916818420394,0,Medium,Send personalized cross-modal loyalty incentive
U1154,29,E-Bike,1376,4.0,129000.0,0.5,0.75,0.4651809110319094,0,Medium,Send personalized cross-modal loyalty incentive
U0960,43,E-Bike,2760,4.0,139500.0,0.25,0.75,0.4651110036466446,0,Medium,Send personalized cross-modal loyalty incentive
U0913,35,E-Bike,3298,7.0,202000.0,0.0,0.2857142857142857,0.4650323185380868,0,Medium,Send personalized cross-modal loyalty incentive
U0784,21,Metro/Bus,3547,6.0,163000.0,0.3333333333333333,1.0,0.4648318011186007,0,Medium,Send personalized cross-modal loyalty incentive
U2171,43,E-Bike,4681,3.0,150000.0,0.3333333333333333,0.6666666666666666,0.4647403224593218,0,Medium,Send personalized cross-modal loyalty incentive
U0117,51,Metro/Bus,3329,4.0,66000.0,0.0,0.75,0.4646209949193217,0,Medium,Send personalized cross-modal loyalty incentive
U1953,41,E-Bike,4724,3.0,152500.0,0.0,0.6666666666666666,0.464474668482483,0,Medium,Send personalized cross-modal loyalty incentive
U1819,23,E-Bike,2658,4.0,129000.0,0.0,0.25,0.46420521355184463,0,Medium,Send personalized cross-modal loyalty incentive
U0270,21,E-Bike,150,0.0,0.0,0.0,0.0,0.46415204608834354,0,Medium,Send personalized cross-modal loyalty incentive
U0366,54,E-Bike,3759,7.0,188500.0,0.42857142857142855,0.42857142857142855,0.46410055381420107,0,Medium,Send personalized cross-modal loyalty incentive
U1917,26,E-Bike,4737,7.0,252500.0,0.42857142857142855,0.2857142857142857,0.46400180218486514,0,Medium,Send personalized cross-modal loyalty incentive
U0331,18,E-Bike,2714,4.0,134000.0,0.5,0.25,0.46385996952625075,0,Medium,Send personalized cross-modal loyalty incentive
U2026,28,Shuttle,3668,5.0,147500.0,0.4,0.4,0.4637681665139695,0,Medium,Send personalized cross-modal loyalty incentive
U1410,46,Metro/Bus,92,6.0,189000.0,0.3333333333333333,0.5,0.4637358369346632,0,Medium,Send personalized cross-modal loyalty incentive
U0811,32,E-Bike,3317,6.0,218500.0,0.0,0.3333333333333333,0.46370081609021385,0,Medium,Send personalized cross-modal loyalty incentive
U1129,40,E-Bike,427,8.0,151000.0,0.0,0.625,0.46368175626040853,0,Medium,Send personalized cross-modal loyalty incentive
U1185,43,E-Bike,2779,7.0,228000.0,0.42857142857142855,0.42857142857142855,0.4636676765831737,0,Medium,Send personalized cross-modal loyalty incentive
U0093,21,Metro/Bus,3442,4.0,131500.0,0.0,0.5,0.4636580889739363,0,Medium,Send personalized cross-modal loyalty incentive
U0939,24,E-Bike,306,7.0,277500.0,0.42857142857142855,0.2857142857142857,0.46364547826645225,0,Medium,Send personalized cross-modal loyalty incentive
U1027,21,E-Bike,4195,6.0,127000.0,0.0,0.5,0.4635673865289453,0,Medium,Send personalized cross-modal loyalty incentive
U0658,34,E-Bike,376,6.0,248500.0,0.3333333333333333,0.3333333333333333,0.4634929508975452,0,Medium,Send personalized cross-modal loyalty incentive
U0992,48,E-Bike,3847,6.0,229000.0,0.3333333333333333,0.5,0.46339863952133525,0,Medium,Send personalized cross-modal loyalty incentive
U0110,43,Metro/Bus,1524,5.0,169000.0,0.4,0.4,0.46330920395686775,0,Medium,Send personalized cross-modal loyalty incentive
U1130,27,Metro/Bus,2816,4.0,110000.0,0.0,0.25,0.46317138610973946,0,Medium,Send personalized cross-modal loyalty incentive
U1554,45,E-Bike,3744,5.0,167000.0,0.2,0.6,0.4631160070518353,0,Medium,Send personalized cross-modal loyalty incentive
U2066,48,Metro/Bus,4176,5.0,134000.0,0.0,0.2,0.46307323334695727,0,Medium,Send personalized cross-modal loyalty incentive
U1052,29,Shuttle,926,4.0,156500.0,0.25,0.25,0.4629063559078865,0,Medium,Send personalized cross-modal loyalty incentive
U1506,26,Shuttle,3452,6.0,208000.0,0.3333333333333333,0.3333333333333333,0.4626607677545405,0,Medium,Send personalized cross-modal loyalty incentive
U1706,49,Metro/Bus,4319,4.0,108000.0,0.25,0.5,0.46261513422533984,0,Medium,Send personalized cross-modal loyalty incentive
U0687,53,E-Bike,2126,5.0,90500.0,0.2,0.6,0.46260680837681345,0,Medium,Send personalized cross-modal loyalty incentive
U1892,48,E-Bike,3961,5.0,188500.0,0.2,0.2,0.46256362650510685,0,Medium,Send personalized cross-modal loyalty incentive
U1607,32,E-Bike,817,7.0,254000.0,0.2857142857142857,0.2857142857142857,0.462517452292934,0,Medium,Send personalized cross-modal loyalty incentive
U1643,40,E-Bike,1313,7.0,197500.0,0.14285714285714285,0.42857142857142855,0.4624889953715005,0,Medium,Send personalized cross-modal loyalty incentive
U1558,47,E-Bike,3764,5.0,123500.0,0.0,0.6,0.4623794160974178,0,Medium,Send personalized cross-modal loyalty incentive
U1283,24,Shuttle,3055,8.0,317500.0,0.25,0.625,0.4623692686020881,0,Medium,Send personalized cross-modal loyalty incentive
U1465,29,E-Bike,3096,5.0,201500.0,0.2,0.6,0.46231181994189957,0,Medium,Send personalized cross-modal loyalty incentive
U0767,46,Metro/Bus,4366,6.0,240000.0,0.16666666666666666,0.6666666666666666,0.46226696098655107,0,Medium,Send personalized cross-modal loyalty incentive
U0760,43,E-Bike,788,1.0,46500.0,0.0,0.0,0.46224708992485014,0,Medium,Send personalized cross-modal loyalty incentive
U1679,50,E-Bike,3917,3.0,99500.0,0.3333333333333333,0.6666666666666666,0.46223930623545995,0,Medium,Send personalized cross-modal loyalty incentive
U0734,18,Metro/Bus,3458,5.0,146000.0,0.0,0.4,0.4622357537065539,0,Medium,Send personalized cross-modal loyalty incentive
U2061,40,Shuttle,1898,7.0,208500.0,0.2857142857142857,0.5714285714285714,0.4621329019153622,0,Medium,Send personalized cross-modal loyalty incentive
U0567,38,Shuttle,3496,5.0,202500.0,0.2,0.0,0.46203331505918244,0,Medium,Send personalized cross-modal loyalty incentive
U1103,18,E-Bike,2389,6.0,159500.0,0.16666666666666666,0.16666666666666666,0.4620195090163721,0,Medium,Send personalized cross-modal loyalty incentive
U0450,26,E-Bike,4992,4.0,83500.0,0.25,0.25,0.46199605938629396,0,Medium,Send personalized cross-modal loyalty incentive
U0138,26,E-Bike,2509,4.0,168500.0,0.5,0.75,0.4619818875873686,0,Medium,Send personalized cross-modal loyalty incentive
U0095,28,Shuttle,4558,7.0,243500.0,0.0,0.0,0.4619331473692476,0,Medium,Send personalized cross-modal loyalty incentive
U2180,45,E-Bike,2637,10.0,348000.0,0.1,0.6,0.46189421507453227,0,Medium,Send personalized cross-modal loyalty incentive
U2037,50,E-Bike,2233,4.0,207000.0,0.25,0.25,0.46187606078617566,0,Medium,Send personalized cross-modal loyalty incentive
U1566,28,E-Bike,381,0.0,0.0,0.0,0.0,0.4618699121203282,0,Medium,Send personalized cross-modal loyalty incentive
U1005,36,Shuttle,4144,6.0,144500.0,0.0,0.0,0.46181451354622494,0,Medium,Send personalized cross-modal loyalty incentive
U0185,24,E-Bike,540,5.0,163500.0,0.4,0.2,0.4618031384903799,0,Medium,Send personalized cross-modal loyalty incentive
U1539,33,Shuttle,4399,5.0,203000.0,0.0,0.6,0.46170375713488976,0,Medium,Send personalized cross-modal loyalty incentive
U1856,18,Metro/Bus,4428,4.0,143500.0,0.25,0.5,0.4616795593963238,0,Medium,Send personalized cross-modal loyalty incentive
U0103,44,E-Bike,4715,3.0,118500.0,0.3333333333333333,1.0,0.4616499496719806,0,Medium,Send personalized cross-modal loyalty incentive
U2184,41,E-Bike,4944,6.0,162500.0,0.16666666666666666,0.0,0.46163806995249484,0,Medium,Send personalized cross-modal loyalty incentive
U0812,47,Metro/Bus,2346,8.0,319000.0,0.25,0.5,0.46159821391982714,0,Medium,Send personalized cross-modal loyalty incentive
U0437,23,E-Bike,559,4.0,156000.0,0.5,0.5,0.4614455028164546,0,Medium,Send personalized cross-modal loyalty incentive
U0454,28,Shuttle,4585,5.0,168000.0,0.2,0.6,0.4614057888852894,0,Medium,Send personalized cross-modal loyalty incentive
U1008,24,E-Bike,1470,7.0,272000.0,0.14285714285714285,0.14285714285714285,0.4613243897434919,0,Medium,Send personalized cross-modal loyalty incentive
U2144,31,Metro/Bus,1912,7.0,258000.0,0.14285714285714285,0.5714285714285714,0.4613175943389148,0,Medium,Send personalized cross-modal loyalty incentive
U1152,19,E-Bike,537,0.0,0.0,0.0,0.0,0.4612948319470998,0,Medium,Send personalized cross-modal loyalty incentive
U2125,25,E-Bike,4836,5.0,140500.0,0.0,0.4,0.46124473650031445,0,Medium,Send personalized cross-modal loyalty incentive
U0285,26,E-Bike,1628,5.0,161000.0,0.2,0.6,0.4612228717123604,0,Medium,Send personalized cross-modal loyalty incentive
U1509,51,Metro/Bus,4927,4.0,140500.0,0.0,0.5,0.4610714753300811,0,Medium,Send personalized cross-modal loyalty incentive
U1023,39,E-Bike,1189,6.0,143000.0,0.3333333333333333,0.6666666666666666,0.4610526937932372,0,Medium,Send personalized cross-modal loyalty incentive
U1527,38,E-Bike,405,0.0,0.0,0.0,0.0,0.460980804183229,0,Medium,Send personalized cross-modal loyalty incentive
U1241,32,Metro/Bus,3597,4.0,162000.0,0.25,0.25,0.4608848228593311,0,Medium,Send personalized cross-modal loyalty incentive
U0563,34,Metro/Bus,2672,6.0,208000.0,0.0,0.3333333333333333,0.4608712320923935,0,Medium,Send personalized cross-modal loyalty incentive
U1001,46,Shuttle,1268,7.0,182500.0,0.2857142857142857,0.42857142857142855,0.4608644366454548,0,Medium,Send personalized cross-modal loyalty incentive
U0554,27,E-Bike,2793,2.0,55500.0,1.0,0.5,0.4607445298103482,0,Medium,Send personalized cross-modal loyalty incentive
U0909,44,Shuttle,4248,6.0,262500.0,0.16666666666666666,0.3333333333333333,0.460676755872564,0,Medium,Send personalized cross-modal loyalty incentive
U1334,21,E-Bike,491,5.0,199500.0,0.4,0.2,0.4604748797598521,0,Medium,Send personalized cross-modal loyalty incentive
U2137,41,E-Bike,2548,4.0,103000.0,0.25,0.25,0.46040122940630596,0,Medium,Send personalized cross-modal loyalty incentive
U0405,44,Metro/Bus,2785,2.0,62500.0,1.0,0.5,0.46038250009386705,0,Medium,Send personalized cross-modal loyalty incentive
U0920,28,Shuttle,4389,5.0,213000.0,0.2,0.4,0.4603181718277523,0,Medium,Send personalized cross-modal loyalty incentive
U0746,32,E-Bike,4590,4.0,156000.0,0.25,0.75,0.46024036670026525,0,Medium,Send personalized cross-modal loyalty incentive
U0082,30,E-Bike,3738,5.0,94000.0,0.2,0.2,0.46021200219329444,0,Medium,Send personalized cross-modal loyalty incentive
U0592,40,Metro/Bus,4115,5.0,199000.0,0.6,0.4,0.46013718423670436,0,Medium,Send personalized cross-modal loyalty incentive
U0853,26,E-Bike,4450,4.0,153000.0,0.5,0.5,0.46002694727371624,0,Medium,Send personalized cross-modal loyalty incentive
U1097,19,E-Bike,3035,8.0,271000.0,0.125,0.625,0.45994795283372947,0,Medium,Send personalized cross-modal loyalty incentive
U0516,33,Metro/Bus,3987,4.0,136500.0,0.25,0.5,0.4599376477352329,0,Medium,Send personalized cross-modal loyalty incentive
U1088,30,Shuttle,576,5.0,122500.0,0.4,0.4,0.45992579923208815,0,Medium,Send personalized cross-modal loyalty incentive
U1642,35,E-Bike,122,5.0,183500.0,0.4,0.2,0.4598664772024976,0,Medium,Send personalized cross-modal loyalty incentive
U0491,27,Metro/Bus,4311,7.0,234000.0,0.42857142857142855,0.42857142857142855,0.4598255782869802,0,Medium,Send personalized cross-modal loyalty incentive
U0092,32,E-Bike,2222,7.0,222000.0,0.14285714285714285,0.7142857142857143,0.4598209827681574,0,Medium,Send personalized cross-modal loyalty incentive
U0372,52,Metro/Bus,1186,6.0,177000.0,0.3333333333333333,0.5,0.4596889178336995,0,Medium,Send personalized cross-modal loyalty incentive
U1517,24,Metro/Bus,1561,3.0,110500.0,0.3333333333333333,0.3333333333333333,0.4595892501295768,0,Medium,Send personalized cross-modal loyalty incentive
U0257,21,Shuttle,3175,8.0,283500.0,0.125,0.375,0.4595556068821059,0,Medium,Send personalized cross-modal loyalty incentive
U1605,43,E-Bike,3156,3.0,85500.0,0.3333333333333333,0.6666666666666666,0.45944732605509714,0,Medium,Send personalized cross-modal loyalty incentive
U1172,23,Metro/Bus,897,7.0,169500.0,0.0,0.5714285714285714,0.45933494927449725,0,Medium,Send personalized cross-modal loyalty incentive
U1639,31,Metro/Bus,2152,3.0,82000.0,0.3333333333333333,0.3333333333333333,0.4593087396937986,0,Medium,Send personalized cross-modal loyalty incentive
U0336,26,Metro/Bus,256,6.0,159500.0,0.3333333333333333,0.6666666666666666,0.4591946933879109,0,Medium,Send personalized cross-modal loyalty incentive
U0311,28,E-Bike,2005,8.0,339500.0,0.125,0.375,0.4589595221302313,0,Medium,Send personalized cross-modal loyalty incentive
U2195,23,E-Bike,4152,5.0,232000.0,0.0,0.4,0.4589478795637786,0,Medium,Send personalized cross-modal loyalty incentive
U0656,42,Metro/Bus,3207,4.0,105500.0,0.0,0.0,0.45894479214408995,0,Medium,Send personalized cross-modal loyalty incentive
U0425,49,E-Bike,4027,6.0,246000.0,0.3333333333333333,0.5,0.4588542018300132,0,Medium,Send personalized cross-modal loyalty incentive
U2035,53,Metro/Bus,4808,4.0,150000.0,0.0,0.5,0.45879255410579833,0,Medium,Send personalized cross-modal loyalty incentive
U0421,27,Metro/Bus,3686,6.0,97000.0,0.16666666666666666,0.5,0.4587806604166374,0,Medium,Send personalized cross-modal loyalty incentive
U1830,36,Metro/Bus,4472,4.0,155500.0,0.25,0.75,0.45877279824805195,0,Medium,Send personalized cross-modal loyalty incentive
U1963,26,Metro/Bus,4121,5.0,177000.0,0.0,0.4,0.4587178476209798,0,Medium,Send personalized cross-modal loyalty incentive
U0122,50,Metro/Bus,3245,5.0,204500.0,0.0,0.0,0.45870103679619106,0,Medium,Send personalized cross-modal loyalty incentive
U0973,47,E-Bike,2969,2.0,65500.0,1.0,0.5,0.45866942342487,0,Medium,Send personalized cross-modal loyalty incentive
U2060,25,E-Bike,3203,4.0,201000.0,0.25,0.25,0.45864337338236016,0,Medium,Send personalized cross-modal loyalty incentive
U2160,19,E-Bike,2515,6.0,148500.0,0.16666666666666666,0.16666666666666666,0.4584915307112928,0,Medium,Send personalized cross-modal loyalty incentive
U0108,49,Metro/Bus,3478,4.0,144500.0,0.0,0.25,0.4584349800456715,0,Medium,Send personalized cross-modal loyalty incentive
U1122,50,E-Bike,63,11.0,439500.0,0.18181818181818182,0.6363636363636364,0.45839308744599316,0,Medium,Send personalized cross-modal loyalty incentive
U1202,52,Metro/Bus,1807,4.0,135000.0,0.25,0.5,0.45832275399877975,0,Medium,Send personalized cross-modal loyalty incentive
U2189,23,E-Bike,742,9.0,316500.0,0.1111111111111111,0.5555555555555556,0.4582315964171059,0,Medium,Send personalized cross-modal loyalty incentive
U1403,21,Shuttle,4009,4.0,138000.0,0.5,0.5,0.4580654532194948,0,Medium,Send personalized cross-modal loyalty incentive
U0488,44,E-Bike,4143,8.0,339500.0,0.125,0.625,0.4580372910762732,0,Medium,Send personalized cross-modal loyalty incentive
U0731,38,Metro/Bus,2765,7.0,264500.0,0.14285714285714285,0.5714285714285714,0.45796079387239214,0,Medium,Send personalized cross-modal loyalty incentive
U1567,45,Metro/Bus,1751,4.0,115500.0,0.5,0.75,0.4578584058883261,0,Medium,Send personalized cross-modal loyalty incentive
U0096,23,Metro/Bus,41,8.0,259500.0,0.25,0.5,0.45763445461933505,0,Medium,Send personalized cross-modal loyalty incentive
U0100,40,E-Bike,824,0.0,0.0,0.0,0.0,0.4575979356860953,0,Medium,Send personalized cross-modal loyalty incentive
U0906,46,E-Bike,770,0.0,0.0,0.0,0.0,0.457594132481049,0,Medium,Send personalized cross-modal loyalty incentive
U1587,24,E-Bike,1971,4.0,119500.0,0.5,1.0,0.45736329572910406,0,Medium,Send personalized cross-modal loyalty incentive
U0694,36,E-Bike,2321,6.0,222000.0,0.3333333333333333,0.3333333333333333,0.45733071501656103,0,Medium,Send personalized cross-modal loyalty incentive
U2129,19,Shuttle,1360,5.0,150000.0,0.2,0.0,0.4573247878973695,0,Medium,Send personalized cross-modal loyalty incentive
U0619,36,E-Bike,3016,5.0,194000.0,0.4,0.4,0.4572734411316902,0,Medium,Send personalized cross-modal loyalty incentive
U0280,50,Metro/Bus,953,5.0,179500.0,0.4,0.6,0.45725821393306165,0,Medium,Send personalized cross-modal loyalty incentive
U1500,52,E-Bike,3496,5.0,170000.0,0.2,0.2,0.4572236809633536,0,Medium,Send personalized cross-modal loyalty incentive
U0697,41,Metro/Bus,2711,6.0,260000.0,0.3333333333333333,0.6666666666666666,0.45712961390598156,0,Medium,Send personalized cross-modal loyalty incentive
U1677,48,Metro/Bus,655,5.0,181000.0,0.0,0.6,0.4570813552841379,0,Medium,Send personalized cross-modal loyalty incentive
U0843,44,Metro/Bus,3856,3.0,96500.0,0.3333333333333333,0.6666666666666666,0.4570352643698547,0,Medium,Send personalized cross-modal loyalty incentive
U1164,21,Metro/Bus,2895,4.0,179000.0,0.25,0.5,0.4570248278151128,0,Medium,Send personalized cross-modal loyalty incentive
U1407,48,Shuttle,243,6.0,192000.0,0.16666666666666666,0.16666666666666666,0.4569285032374379,0,Medium,Send personalized cross-modal loyalty incentive
U0669,47,E-Bike,1954,4.0,123500.0,0.25,0.25,0.45690877695469884,0,Medium,Send personalized cross-modal loyalty incentive
U1529,18,Metro/Bus,1946,5.0,114000.0,0.2,0.4,0.45685133542465134,0,Medium,Send personalized cross-modal loyalty incentive
U2191,41,Metro/Bus,3750,6.0,218000.0,0.3333333333333333,0.6666666666666666,0.45681169594027693,0,Medium,Send personalized cross-modal loyalty incentive
U1973,29,E-Bike,1266,4.0,157500.0,0.75,0.5,0.45680917034855395,0,Medium,Send personalized cross-modal loyalty incentive
U0993,34,E-Bike,1357,8.0,309000.0,0.25,0.375,0.4567916451554232,0,Medium,Send personalized cross-modal loyalty incentive
U1760,41,E-Bike,926,0.0,0.0,0.0,0.0,0.4567389696908306,0,Medium,Send personalized cross-modal loyalty incentive
U0520,19,Shuttle,2846,0.0,0.0,0.0,0.0,0.4567223076531476,0,Medium,Send personalized cross-modal loyalty incentive
U1942,33,Shuttle,2726,0.0,0.0,0.0,0.0,0.45666704755176957,0,Medium,Send personalized cross-modal loyalty incentive
U0127,45,Metro/Bus,2969,4.0,142500.0,0.5,0.25,0.45653401292249746,0,Medium,Send personalized cross-modal loyalty incentive
U1339,38,E-Bike,1531,6.0,203500.0,0.3333333333333333,0.3333333333333333,0.45653026583604894,0,Medium,Send personalized cross-modal loyalty incentive
U0885,38,Metro/Bus,2448,3.0,42000.0,0.6666666666666666,1.0,0.45633193981548653,0,Medium,Send personalized cross-modal loyalty incentive
U1347,35,E-Bike,2348,5.0,127000.0,0.2,0.4,0.4562637412501474,0,Medium,Send personalized cross-modal loyalty incentive
U0929,55,E-Bike,3271,6.0,217500.0,0.16666666666666666,0.5,0.456119694676143,0,Medium,Send personalized cross-modal loyalty incentive
U1074,26,Shuttle,70,8.0,212500.0,0.375,0.625,0.4560095112025974,0,Medium,Send personalized cross-modal loyalty incentive
U0518,24,E-Bike,2122,4.0,116000.0,0.5,0.5,0.4559186694772777,0,Medium,Send personalized cross-modal loyalty incentive
U0177,19,E-Bike,1692,7.0,243500.0,0.42857142857142855,0.5714285714285714,0.45589493705927336,0,Medium,Send personalized cross-modal loyalty incentive
U1913,45,E-Bike,1037,6.0,211500.0,0.16666666666666666,0.3333333333333333,0.45585050713403796,0,Medium,Send personalized cross-modal loyalty incentive
U0946,27,E-Bike,1189,0.0,0.0,0.0,0.0,0.45568880965386044,0,Medium,Send personalized cross-modal loyalty incentive
U1357,47,Metro/Bus,1237,2.0,97000.0,0.5,1.0,0.4556763433644428,0,Medium,Send personalized cross-modal loyalty incentive
U0807,54,E-Bike,4031,5.0,64500.0,0.2,0.4,0.455576208370962,0,Medium,Send personalized cross-modal loyalty incentive
U1282,35,Metro/Bus,712,5.0,126000.0,0.4,0.2,0.4555402293676525,0,Medium,Send personalized cross-modal loyalty incentive
U1736,50,Metro/Bus,3169,6.0,198000.0,0.16666666666666666,0.16666666666666666,0.45545858149618135,0,Medium,Send personalized cross-modal loyalty incentive
U0934,54,Metro/Bus,2608,5.0,168000.0,0.2,0.6,0.45533055681807855,0,Medium,Send personalized cross-modal loyalty incentive
U1761,29,Shuttle,4003,6.0,207000.0,0.0,0.3333333333333333,0.4552789713872831,0,Medium,Send personalized cross-modal loyalty incentive
U1599,25,Shuttle,248,7.0,212000.0,0.42857142857142855,0.5714285714285714,0.45522100249252,0,Medium,Send personalized cross-modal loyalty incentive
U1265,47,Metro/Bus,3944,6.0,183500.0,0.16666666666666666,0.6666666666666666,0.45519299953389863,0,Medium,Send personalized cross-modal loyalty incentive
U1049,20,Metro/Bus,3423,7.0,305500.0,0.14285714285714285,0.5714285714285714,0.45515869561051636,0,Medium,Send personalized cross-modal loyalty incentive
U0637,37,E-Bike,3079,5.0,147000.0,0.2,0.2,0.4551552589033186,0,Medium,Send personalized cross-modal loyalty incentive
U1456,40,E-Bike,1768,7.0,170500.0,0.2857142857142857,0.42857142857142855,0.455111197779404,0,Medium,Send personalized cross-modal loyalty incentive
U0569,20,E-Bike,3378,4.0,111500.0,0.0,0.5,0.45506071910005863,0,Medium,Send personalized cross-modal loyalty incentive
U0414,51,Metro/Bus,26,5.0,219500.0,0.2,0.4,0.4548887159125439,0,Medium,Send personalized cross-modal loyalty incentive
U0926,52,Shuttle,2799,0.0,0.0,0.0,0.0,0.4547691900957388,0,Medium,Send personalized cross-modal loyalty incentive
U1033,43,Metro/Bus,4989,6.0,274000.0,0.16666666666666666,0.5,0.4546447775793865,0,Medium,Send personalized cross-modal loyalty incentive
U1491,52,E-Bike,248,3.0,112500.0,0.3333333333333333,0.3333333333333333,0.4545064498349387,0,Medium,Send personalized cross-modal loyalty incentive
U1090,40,Shuttle,2925,5.0,181000.0,0.4,0.6,0.45445421778696793,0,Medium,Send personalized cross-modal loyalty incentive
U0205,24,E-Bike,767,7.0,198000.0,0.2857142857142857,0.5714285714285714,0.4543971299804726,0,Medium,Send personalized cross-modal loyalty incentive
U1890,41,Metro/Bus,4743,5.0,221000.0,0.0,0.4,0.4541640609995331,0,Medium,Send personalized cross-modal loyalty incentive
U2050,48,Metro/Bus,3758,6.0,187500.0,0.0,0.3333333333333333,0.4541262047438214,0,Medium,Send personalized cross-modal loyalty incentive
U1831,20,E-Bike,4169,5.0,147000.0,0.2,0.8,0.4541102248135698,0,Medium,Send personalized cross-modal loyalty incentive
U1268,22,E-Bike,4190,5.0,182500.0,0.4,0.8,0.4540575344298699,0,Medium,Send personalized cross-modal loyalty incentive
U0146,48,E-Bike,3471,4.0,190500.0,0.25,0.0,0.45401410898717454,0,Medium,Send personalized cross-modal loyalty incentive
U0983,24,Shuttle,3994,6.0,213000.0,0.0,0.3333333333333333,0.45399530141153494,0,Medium,Send personalized cross-modal loyalty incentive
U0423,32,Metro/Bus,3382,4.0,91500.0,0.0,0.75,0.4539938665676073,0,Medium,Send personalized cross-modal loyalty incentive
U0856,54,Shuttle,4247,6.0,151500.0,0.16666666666666666,0.5,0.45391467309227174,0,Medium,Send personalized cross-modal loyalty incentive
U1568,54,E-Bike,3545,3.0,145000.0,0.3333333333333333,0.3333333333333333,0.4538393527691807,0,Medium,Send personalized cross-modal loyalty incentive
U1577,20,Metro/Bus,2597,4.0,99000.0,0.25,0.75,0.4538278106344722,0,Medium,Send personalized cross-modal loyalty incentive
U0141,35,E-Bike,518,8.0,251000.0,0.125,0.25,0.45373032069839153,0,Medium,Send personalized cross-modal loyalty incentive
U1935,37,Shuttle,4803,4.0,118500.0,0.25,0.25,0.4536618114713171,0,Medium,Send personalized cross-modal loyalty incentive
U1829,46,Metro/Bus,791,4.0,116500.0,0.25,0.25,0.4536200353586813,0,Medium,Send personalized cross-modal loyalty incentive
U0404,43,E-Bike,1321,0.0,0.0,0.0,0.0,0.45354638504877925,0,Medium,Send personalized cross-modal loyalty incentive
U1816,54,E-Bike,2862,7.0,150000.0,0.2857142857142857,0.42857142857142855,0.4535240936717155,0,Medium,Send personalized cross-modal loyalty incentive
U1107,40,E-Bike,3252,6.0,188000.0,0.3333333333333333,0.3333333333333333,0.45342401716482233,0,Medium,Send personalized cross-modal loyalty incentive
U1650,47,E-Bike,3333,7.0,260500.0,0.42857142857142855,0.42857142857142855,0.45332501854098367,0,Medium,Send personalized cross-modal loyalty incentive
U1900,22,E-Bike,4780,7.0,229000.0,0.14285714285714285,0.2857142857142857,0.4533142350930343,0,Medium,Send personalized cross-modal loyalty incentive
U0081,23,E-Bike,3228,5.0,187500.0,0.4,0.4,0.4532539123124356,0,Medium,Send personalized cross-modal loyalty incentive
U0527,34,Shuttle,2780,7.0,246000.0,0.42857142857142855,0.14285714285714285,0.45322853537281693,0,Medium,Send personalized cross-modal loyalty incentive
U1603,33,Metro/Bus,4796,5.0,88500.0,0.0,0.4,0.45319404511692235,0,Medium,Send personalized cross-modal loyalty incentive
U1160,26,E-Bike,2889,8.0,302500.0,0.125,0.25,0.45316482538547115,0,Medium,Send personalized cross-modal loyalty incentive
U1663,29,Metro/Bus,451,5.0,140500.0,0.2,0.6,0.4530973544529326,0,Medium,Send personalized cross-modal loyalty incentive
U1980,54,E-Bike,1899,9.0,345500.0,0.0,0.1111111111111111,0.4530309199247207,0,Medium,Send personalized cross-modal loyalty incentive
U1406,43,Metro/Bus,1121,4.0,112000.0,0.0,0.25,0.45297570758286637,0,Medium,Send personalized cross-modal loyalty incentive
U0446,48,Metro/Bus,4005,6.0,175500.0,0.16666666666666666,0.16666666666666666,0.4529668086368964,0,Medium,Send personalized cross-modal loyalty incentive
U1060,39,E-Bike,1577,7.0,210500.0,0.2857142857142857,0.5714285714285714,0.45293560691915663,0,Medium,Send personalized cross-modal loyalty incentive
U1438,21,Metro/Bus,3171,5.0,205000.0,0.2,0.4,0.4528762034590015,0,Medium,Send personalized cross-modal loyalty incentive
U2059,21,Metro/Bus,4383,4.0,87000.0,0.5,0.5,0.45285769128892595,0,Medium,Send personalized cross-modal loyalty incentive
U1994,47,E-Bike,4743,4.0,125500.0,0.25,0.5,0.4527245097606722,0,Medium,Send personalized cross-modal loyalty incentive
U2024,42,E-Bike,3213,4.0,98500.0,0.0,0.5,0.4526142473944074,0,Medium,Send personalized cross-modal loyalty incentive
U0292,36,E-Bike,1117,7.0,203500.0,0.14285714285714285,0.7142857142857143,0.45245763695761276,0,Medium,Send personalized cross-modal loyalty incentive
U1423,22,E-Bike,3185,5.0,190000.0,0.4,0.4,0.4524280366414587,0,Medium,Send personalized cross-modal loyalty incentive
U0044,28,Shuttle,2147,7.0,228500.0,0.42857142857142855,0.42857142857142855,0.45233852039344064,0,Medium,Send personalized cross-modal loyalty incentive
U1592,53,E-Bike,1713,4.0,164500.0,0.25,0.25,0.45226305799966626,0,Medium,Send personalized cross-modal loyalty incentive
U1779,54,Shuttle,1881,4.0,107000.0,0.0,0.0,0.45220549036366814,0,Medium,Send personalized cross-modal loyalty incentive
U1840,42,E-Bike,4674,8.0,393500.0,0.375,0.625,0.4522041464741111,0,Medium,Send personalized cross-modal loyalty incentive
U2117,42,Shuttle,820,6.0,112000.0,0.16666666666666666,0.16666666666666666,0.4521704144456641,0,Medium,Send personalized cross-modal loyalty incentive
U1514,23,E-Bike,4506,6.0,193500.0,0.0,0.3333333333333333,0.45214193843657435,0,Medium,Send personalized cross-modal loyalty incentive
U1616,40,E-Bike,1533,0.0,0.0,0.0,0.0,0.4521199794532351,0,Medium,Send personalized cross-modal loyalty incentive
U0530,42,E-Bike,2571,4.0,116500.0,0.5,0.25,0.45211977392060715,0,Medium,Send personalized cross-modal loyalty incentive
U1051,36,E-Bike,2725,4.0,119500.0,0.25,0.25,0.4520853263980906,0,Medium,Send personalized cross-modal loyalty incentive
U0192,53,Metro/Bus,700,2.0,72000.0,0.5,0.0,0.4519646410228723,0,Medium,Send personalized cross-modal loyalty incentive
U1782,38,E-Bike,4318,8.0,182000.0,0.25,0.5,0.4519414483396688,0,Medium,Send personalized cross-modal loyalty incentive
U1896,22,Metro/Bus,1551,5.0,181000.0,0.2,0.4,0.45193219094023596,0,Medium,Send personalized cross-modal loyalty incentive
U1667,51,E-Bike,3682,2.0,115500.0,0.5,0.5,0.4519292518872384,0,Medium,Send personalized cross-modal loyalty incentive
U0252,20,E-Bike,3954,7.0,244000.0,0.14285714285714285,0.5714285714285714,0.45184577122210534,0,Medium,Send personalized cross-modal loyalty incentive
U0200,39,E-Bike,1286,7.0,199500.0,0.2857142857142857,0.42857142857142855,0.45182693380542893,0,Medium,Send personalized cross-modal loyalty incentive
U1542,33,Metro/Bus,3829,4.0,175000.0,0.75,0.75,0.45180979782920144,0,Medium,Send personalized cross-modal loyalty incentive
U1025,44,Metro/Bus,2560,5.0,207000.0,0.2,0.4,0.45174702980032594,0,Medium,Send personalized cross-modal loyalty incentive
U1040,34,Shuttle,4574,7.0,204000.0,0.2857142857142857,0.2857142857142857,0.4517201249607964,0,Medium,Send personalized cross-modal loyalty incentive
U0507,45,Metro/Bus,904,8.0,326000.0,0.25,0.75,0.45165424160121936,0,Medium,Send personalized cross-modal loyalty incentive
U1581,22,E-Bike,2540,4.0,87000.0,0.5,0.5,0.451556046355932,0,Medium,Send personalized cross-modal loyalty incentive
U0424,40,Metro/Bus,1538,2.0,94500.0,0.5,0.5,0.4515296488671917,0,Medium,Send personalized cross-modal loyalty incentive
U1019,51,E-Bike,2785,5.0,110500.0,0.2,0.0,0.45132554050728174,0,Medium,Send personalized cross-modal loyalty incentive
U0942,42,E-Bike,3176,7.0,254500.0,0.14285714285714285,0.5714285714285714,0.451264685784607,0,Medium,Send personalized cross-modal loyalty incentive
U0704,21,E-Bike,1032,6.0,96000.0,0.16666666666666666,0.6666666666666666,0.4511847377656105,0,Medium,Send personalized cross-modal loyalty incentive
U0180,22,E-Bike,1527,4.0,148500.0,0.75,0.0,0.45100437435406393,0,Medium,Send personalized cross-modal loyalty incentive
U2000,19,Metro/Bus,348,5.0,149500.0,0.6,0.6,0.4509659292725802,0,Medium,Send personalized cross-modal loyalty incentive
U0680,29,Shuttle,3157,8.0,263500.0,0.25,0.375,0.45091739622251104,0,Medium,Send personalized cross-modal loyalty incentive
U1516,40,E-Bike,2428,7.0,289000.0,0.42857142857142855,0.7142857142857143,0.4507909414580056,0,Medium,Send personalized cross-modal loyalty incentive
U1964,38,E-Bike,3122,5.0,111500.0,0.4,0.4,0.4506571044939913,0,Medium,Send personalized cross-modal loyalty incentive
U1225,32,Metro/Bus,2001,6.0,283500.0,0.3333333333333333,0.3333333333333333,0.45064762641399564,0,Medium,Send personalized cross-modal loyalty incentive
U0045,38,Metro/Bus,849,7.0,205000.0,0.14285714285714285,0.5714285714285714,0.45059434945049753,0,Medium,Send personalized cross-modal loyalty incentive
U0050,19,Shuttle,579,8.0,196000.0,0.25,0.25,0.45057085574816064,0,Medium,Send personalized cross-modal loyalty incentive
U1408,55,Metro/Bus,1235,5.0,153000.0,0.2,0.6,0.45045254244792743,0,Medium,Send personalized cross-modal loyalty incentive
U1881,28,Metro/Bus,3841,7.0,225500.0,0.0,0.42857142857142855,0.4503541764158954,0,Medium,Send personalized cross-modal loyalty incentive
U2027,55,E-Bike,1860,8.0,206000.0,0.125,0.5,0.4500110150923579,0,Medium,Send personalized cross-modal loyalty incentive
U2166,28,E-Bike,4884,8.0,328500.0,0.25,0.625,0.4498946896334146,0,Medium,Send personalized cross-modal loyalty incentive
U1257,49,E-Bike,3708,5.0,161500.0,0.2,0.6,0.4497332693074648,0,Medium,Send personalized cross-modal loyalty incentive
U1054,46,Metro/Bus,1174,7.0,185500.0,0.0,0.8571428571428571,0.4496994691260123,0,Medium,Send personalized cross-modal loyalty incentive
U1745,46,E-Bike,3582,7.0,186000.0,0.0,0.42857142857142855,0.449666358006711,0,Medium,Send personalized cross-modal loyalty incentive
U2133,32,E-Bike,2427,5.0,134500.0,0.2,0.2,0.44962392354004765,0,Medium,Send personalized cross-modal loyalty incentive
U0157,27,Metro/Bus,1184,8.0,249000.0,0.0,0.5,0.4496195891390958,0,Medium,Send personalized cross-modal loyalty incentive
U1746,35,Metro/Bus,47,8.0,252000.0,0.25,0.375,0.44952665093517613,0,Medium,Send personalized cross-modal loyalty incentive
U0303,40,Shuttle,2823,6.0,110500.0,0.0,0.3333333333333333,0.4494504110106718,0,Medium,Send personalized cross-modal loyalty incentive
U0011,24,E-Bike,4909,5.0,168000.0,0.2,0.6,0.44945012557381897,0,Medium,Send personalized cross-modal loyalty incentive
U0139,48,E-Bike,3927,8.0,318500.0,0.125,0.625,0.44943659899106303,0,Medium,Send personalized cross-modal loyalty incentive
U0396,43,E-Bike,3114,4.0,81500.0,0.25,0.5,0.4493300812595912,0,Medium,Send personalized cross-modal loyalty incentive
U0133,55,E-Bike,2551,8.0,278000.0,0.0,0.25,0.44928044415716145,0,Medium,Send personalized cross-modal loyalty incentive
U1692,18,Shuttle,3338,6.0,171500.0,0.6666666666666666,0.3333333333333333,0.44918930172175914,0,Medium,Send personalized cross-modal loyalty incentive
U1569,34,Metro/Bus,3027,4.0,173500.0,0.0,0.5,0.44918362017501673,0,Medium,Send personalized cross-modal loyalty incentive
U0085,48,E-Bike,4345,5.0,155000.0,0.0,0.0,0.4491535947247736,0,Medium,Send personalized cross-modal loyalty incentive
U1084,48,Shuttle,3761,5.0,168000.0,0.4,0.6,0.4491445896035546,0,Medium,Send personalized cross-modal loyalty incentive
U1790,20,E-Bike,2419,5.0,138000.0,0.4,0.6,0.4491112693594038,0,Medium,Send personalized cross-modal loyalty incentive
U1950,41,E-Bike,1389,7.0,167000.0,0.14285714285714285,0.7142857142857143,0.4489472541206643,0,Medium,Send personalized cross-modal loyalty incentive
U2032,48,E-Bike,1266,4.0,178500.0,0.5,0.5,0.44889110249731995,0,Medium,Send personalized cross-modal loyalty incentive
U1394,49,E-Bike,1875,0.0,0.0,0.0,0.0,0.4488514933020429,0,Medium,Send personalized cross-modal loyalty incentive
U1718,30,Shuttle,3716,3.0,118500.0,1.0,0.6666666666666666,0.4486244382155342,0,Medium,Send personalized cross-modal loyalty incentive
U1042,39,E-Bike,3549,6.0,199500.0,0.0,0.3333333333333333,0.4485217321238044,0,Medium,Send personalized cross-modal loyalty incentive
U0583,34,Shuttle,4439,7.0,249500.0,0.14285714285714285,0.5714285714285714,0.4483206059842055,0,Medium,Send personalized cross-modal loyalty incentive
U1927,45,E-Bike,1998,0.0,0.0,0.0,0.0,0.4481834849503583,0,Medium,Send personalized cross-modal loyalty incentive
U0225,43,Shuttle,2057,9.0,290500.0,0.3333333333333333,0.3333333333333333,0.44806794868766214,0,Medium,Send personalized cross-modal loyalty incentive
U0762,33,E-Bike,1506,4.0,105500.0,0.75,0.75,0.44788355067636204,0,Medium,Send personalized cross-modal loyalty incentive
U0990,20,E-Bike,1364,5.0,92500.0,0.4,0.0,0.44787771710908797,0,Medium,Send personalized cross-modal loyalty incentive
U1622,24,Shuttle,1719,6.0,113500.0,0.16666666666666666,0.16666666666666666,0.4477710483362273,0,Medium,Send personalized cross-modal loyalty incentive
U1713,36,Metro/Bus,4914,5.0,206000.0,0.2,0.6,0.44771789439089144,0,Medium,Send personalized cross-modal loyalty incentive
U1350,29,E-Bike,1184,5.0,171500.0,0.4,0.4,0.44769830525833443,0,Medium,Send personalized cross-modal loyalty incentive
U0824,46,E-Bike,835,7.0,167000.0,0.2857142857142857,0.5714285714285714,0.4476933498911193,0,Medium,Send personalized cross-modal loyalty incentive
U0383,33,E-Bike,2600,4.0,99000.0,0.25,0.25,0.44758099771505894,0,Medium,Send personalized cross-modal loyalty incentive
U2145,55,E-Bike,3165,6.0,224500.0,0.0,0.3333333333333333,0.4475502594131144,0,Medium,Send personalized cross-modal loyalty incentive
U0911,21,Metro/Bus,62,0.0,0.0,0.0,0.0,0.4475492042764674,0,Medium,Send personalized cross-modal loyalty incentive
U2149,50,Shuttle,1535,6.0,148000.0,0.5,0.5,0.44754320205804793,0,Medium,Send personalized cross-modal loyalty incentive
U0129,23,Shuttle,4495,7.0,223000.0,0.0,0.42857142857142855,0.4474232631753716,0,Medium,Send personalized cross-modal loyalty incentive
U0589,44,Shuttle,327,7.0,158000.0,0.14285714285714285,0.42857142857142855,0.44730705421991546,0,Medium,Send personalized cross-modal loyalty incentive
U0750,21,E-Bike,3868,8.0,217000.0,0.25,0.75,0.4468679111506651,0,Medium,Send personalized cross-modal loyalty incentive
U1413,42,Shuttle,1712,5.0,180500.0,0.4,0.6,0.4468390622227189,0,Medium,Send personalized cross-modal loyalty incentive
U0301,20,Metro/Bus,4933,6.0,178500.0,0.3333333333333333,0.8333333333333334,0.4467799331923587,0,Medium,Send personalized cross-modal loyalty incentive
U0712,19,Metro/Bus,3413,6.0,217000.0,0.16666666666666666,0.8333333333333334,0.446739032744632,0,Medium,Send personalized cross-modal loyalty incentive
U1920,47,Shuttle,695,8.0,259000.0,0.25,0.25,0.4466630905764713,0,Medium,Send personalized cross-modal loyalty incentive
U0490,26,E-Bike,2739,5.0,109000.0,0.2,0.4,0.4466302992437232,0,Medium,Send personalized cross-modal loyalty incentive
U1181,47,E-Bike,1367,5.0,199000.0,0.6,0.4,0.44636885276894156,0,Medium,Send personalized cross-modal loyalty incentive
U1833,35,Shuttle,4138,7.0,229500.0,0.0,0.2857142857142857,0.4460897314901412,0,Medium,Send personalized cross-modal loyalty incentive
U1274,51,Metro/Bus,4353,5.0,248000.0,0.2,0.4,0.4460857937027905,0,Medium,Send personalized cross-modal loyalty incentive
U0923,45,Metro/Bus,4759,7.0,268000.0,0.14285714285714285,0.2857142857142857,0.4460537060407368,0,Medium,Send personalized cross-modal loyalty incentive
U1434,20,Shuttle,4532,2.0,73500.0,1.0,0.0,0.44594286317752424,0,Medium,Send personalized cross-modal loyalty incentive
U1219,31,Metro/Bus,3319,7.0,297500.0,0.14285714285714285,0.2857142857142857,0.44571437914574574,0,Medium,Send personalized cross-modal loyalty incentive
U1476,50,E-Bike,1217,8.0,258000.0,0.125,0.5,0.44555125148983743,0,Medium,Send personalized cross-modal loyalty incentive
U1822,52,Shuttle,4710,4.0,195000.0,0.5,0.75,0.4454403584489593,0,Medium,Send personalized cross-modal loyalty incentive
U0109,52,Metro/Bus,60,0.0,0.0,0.0,0.0,0.4453965730421771,0,Medium,Send personalized cross-modal loyalty incentive
U1396,34,E-Bike,1486,8.0,247000.0,0.375,0.125,0.4453917812503953,0,Medium,Send personalized cross-modal loyalty incentive
U1670,46,E-Bike,4110,5.0,94000.0,0.0,0.4,0.4453097364710862,0,Medium,Send personalized cross-modal loyalty incentive
U2095,44,E-Bike,2837,7.0,162500.0,0.14285714285714285,0.7142857142857143,0.4452135776559206,0,Medium,Send personalized cross-modal loyalty incentive
U0757,54,E-Bike,613,5.0,62500.0,0.4,0.6,0.4451551487372969,0,Medium,Send personalized cross-modal loyalty incentive
U1332,35,E-Bike,3436,8.0,326500.0,0.0,0.375,0.4451476761813646,0,Medium,Send personalized cross-modal loyalty incentive
U1016,32,E-Bike,1066,5.0,116500.0,0.4,0.4,0.4451220140525639,0,Medium,Send personalized cross-modal loyalty incentive
U0499,26,Shuttle,4857,5.0,156500.0,0.2,0.6,0.4449554904304331,0,Medium,Send personalized cross-modal loyalty incentive
U0862,35,Metro/Bus,991,7.0,270000.0,0.7142857142857143,0.5714285714285714,0.4448702009885233,0,Medium,Send personalized cross-modal loyalty incentive
U0775,19,Metro/Bus,2235,6.0,171500.0,0.0,0.0,0.44483159785306076,0,Medium,Send personalized cross-modal loyalty incentive
U1342,37,Shuttle,1179,6.0,192000.0,0.3333333333333333,0.5,0.44483031316321436,0,Medium,Send personalized cross-modal loyalty incentive
U0064,20,E-Bike,1506,5.0,97000.0,0.6,0.4,0.4446191604915343,0,Medium,Send personalized cross-modal loyalty incentive
U1838,30,Metro/Bus,2283,2.0,70500.0,1.0,0.5,0.44460066098334433,0,Medium,Send personalized cross-modal loyalty incentive
U0838,47,Metro/Bus,520,7.0,221500.0,0.0,0.42857142857142855,0.44431848777439387,0,Medium,Send personalized cross-modal loyalty incentive
U1318,22,E-Bike,2974,5.0,148500.0,0.2,0.4,0.44429318610693036,0,Medium,Send personalized cross-modal loyalty incentive
U1161,37,Shuttle,4303,0.0,0.0,0.0,0.0,0.44422352644031204,0,Medium,Send personalized cross-modal loyalty incentive
U1066,37,E-Bike,1281,7.0,202500.0,0.2857142857142857,0.7142857142857143,0.44412545911271367,0,Medium,Send personalized cross-modal loyalty incentive
U0184,47,E-Bike,2525,0.0,0.0,0.0,0.0,0.44398612390725156,0,Medium,Send personalized cross-modal loyalty incentive
U2039,18,E-Bike,1996,5.0,198500.0,0.2,0.0,0.4439733716191237,0,Medium,Send personalized cross-modal loyalty incentive
U1288,51,E-Bike,3558,6.0,184500.0,0.0,0.8333333333333334,0.44387064273462895,0,Medium,Send personalized cross-modal loyalty incentive
U1453,41,E-Bike,924,5.0,88500.0,0.4,0.4,0.44378583434562074,0,Medium,Send personalized cross-modal loyalty incentive
U2178,25,E-Bike,2414,10.0,339500.0,0.1,0.5,0.4437755632411274,0,Medium,Send personalized cross-modal loyalty incentive
U0577,18,Metro/Bus,710,8.0,277000.0,0.375,0.625,0.44375142881007607,0,Medium,Send personalized cross-modal loyalty incentive
U1240,46,E-Bike,4015,4.0,101500.0,0.25,0.0,0.4437192725187835,0,Medium,Send personalized cross-modal loyalty incentive
U1217,32,Shuttle,3490,6.0,154500.0,0.16666666666666666,0.3333333333333333,0.4436644979517594,0,Medium,Send personalized cross-modal loyalty incentive
U0476,52,E-Bike,1355,9.0,311500.0,0.2222222222222222,0.4444444444444444,0.44361706766884546,0,Medium,Send personalized cross-modal loyalty incentive
U0698,54,E-Bike,554,3.0,87000.0,0.6666666666666666,0.3333333333333333,0.4435371665867916,0,Medium,Send personalized cross-modal loyalty incentive
U0031,39,E-Bike,3324,6.0,175500.0,0.3333333333333333,0.5,0.44341847441884846,0,Medium,Send personalized cross-modal loyalty incentive
U0049,19,E-Bike,3060,8.0,324500.0,0.0,0.375,0.44334743525625564,0,Medium,Send personalized cross-modal loyalty incentive
U1420,42,E-Bike,2041,7.0,278000.0,0.5714285714285714,0.2857142857142857,0.4433140531134422,0,Medium,Send personalized cross-modal loyalty incentive
U2081,24,Metro/Bus,3865,5.0,161000.0,0.2,0.8,0.44329678356438973,0,Medium,Send personalized cross-modal loyalty incentive
U2064,29,E-Bike,2117,8.0,270000.0,0.125,0.375,0.44311290934067177,0,Medium,Send personalized cross-modal loyalty incentive
U0951,29,E-Bike,640,6.0,150500.0,0.5,0.8333333333333334,0.44295306852654304,0,Medium,Send personalized cross-modal loyalty incentive
U1731,43,Metro/Bus,3323,5.0,199500.0,0.2,0.6,0.44294782983027287,0,Medium,Send personalized cross-modal loyalty incentive
U2067,37,E-Bike,2756,4.0,92000.0,0.25,0.25,0.4429052442039074,0,Medium,Send personalized cross-modal loyalty incentive
U0700,24,Metro/Bus,4528,4.0,127000.0,0.25,0.5,0.442812706753257,0,Medium,Send personalized cross-modal loyalty incentive
U0546,54,E-Bike,2108,3.0,137500.0,0.3333333333333333,0.3333333333333333,0.44265633088423967,0,Medium,Send personalized cross-modal loyalty incentive
U0196,39,E-Bike,3702,6.0,174500.0,0.16666666666666666,0.5,0.4426508359919433,0,Medium,Send personalized cross-modal loyalty incentive
U1922,53,E-Bike,3158,5.0,137500.0,0.2,0.4,0.4425507447856042,0,Medium,Send personalized cross-modal loyalty incentive
U0918,30,E-Bike,4309,5.0,86500.0,0.0,0.2,0.44240529863349776,0,Medium,Send personalized cross-modal loyalty incentive
U1188,41,E-Bike,4180,6.0,180500.0,0.16666666666666666,0.5,0.44236014310044386,0,Medium,Send personalized cross-modal loyalty incentive
U1115,51,Metro/Bus,1818,6.0,245000.0,0.16666666666666666,0.5,0.44234461702112826,0,Medium,Send personalized cross-modal loyalty incentive
U1879,54,E-Bike,3338,5.0,170500.0,0.4,0.2,0.44233140697933226,0,Medium,Send personalized cross-modal loyalty incentive
U0861,33,E-Bike,3832,8.0,306000.0,0.25,0.25,0.4422967727691784,0,Medium,Send personalized cross-modal loyalty incentive
U0943,31,E-Bike,4066,6.0,110500.0,0.3333333333333333,0.6666666666666666,0.44229403465089406,0,Medium,Send personalized cross-modal loyalty incentive
U0333,23,Shuttle,3608,6.0,137000.0,0.16666666666666666,0.3333333333333333,0.4422220699835141,0,Medium,Send personalized cross-modal loyalty incentive
U0967,30,Shuttle,3017,6.0,197000.0,0.3333333333333333,0.5,0.4421455363718644,0,Medium,Send personalized cross-modal loyalty incentive
U1645,27,Metro/Bus,1418,5.0,178000.0,0.4,0.4,0.44186932800870377,0,Medium,Send personalized cross-modal loyalty incentive
U0657,31,E-Bike,3627,5.0,198000.0,0.4,0.2,0.44168623980600236,0,Medium,Send personalized cross-modal loyalty incentive
U0374,22,E-Bike,3779,4.0,150000.0,0.5,0.25,0.44145927081897346,0,Medium,Send personalized cross-modal loyalty incentive
U1168,26,E-Bike,775,6.0,152500.0,0.16666666666666666,0.3333333333333333,0.4413867745916649,0,Medium,Send personalized cross-modal loyalty incentive
U0593,50,E-Bike,1023,7.0,204500.0,0.42857142857142855,0.0,0.4413497862562266,0,Medium,Send personalized cross-modal loyalty incentive
U1234,40,E-Bike,3999,8.0,324000.0,0.25,0.5,0.44134698112102233,0,Medium,Send personalized cross-modal loyalty incentive
U1884,43,E-Bike,3134,7.0,227500.0,0.2857142857142857,0.2857142857142857,0.4412978092748133,0,Medium,Send personalized cross-modal loyalty incentive
U1887,18,E-Bike,2638,7.0,273500.0,0.14285714285714285,0.42857142857142855,0.44116118130267973,0,Medium,Send personalized cross-modal loyalty incentive
U1009,48,E-Bike,1052,7.0,187500.0,0.0,0.5714285714285714,0.4410619770187105,0,Medium,Send personalized cross-modal loyalty incentive
U0641,22,Metro/Bus,1333,7.0,260500.0,0.5714285714285714,0.5714285714285714,0.44099890256579327,0,Medium,Send personalized cross-modal loyalty incentive
U0206,46,E-Bike,1905,5.0,183500.0,0.4,0.4,0.4409782964393793,0,Medium,Send personalized cross-modal loyalty incentive
U0207,29,Metro/Bus,421,9.0,291500.0,0.0,0.4444444444444444,0.4409173311383101,0,Medium,Send personalized cross-modal loyalty incentive
U0120,52,E-Bike,1054,10.0,335000.0,0.0,0.5,0.44074236102891556,0,Medium,Send personalized cross-modal loyalty incentive
U1289,55,Metro/Bus,4411,4.0,137500.0,0.5,0.75,0.440662304481832,0,Medium,Send personalized cross-modal loyalty incentive
U1614,44,Metro/Bus,3029,2.0,48000.0,0.5,0.0,0.4404988334098752,0,Medium,Send personalized cross-modal loyalty incentive
U0899,48,E-Bike,2878,5.0,136000.0,0.2,0.6,0.4403455444463647,0,Medium,Send personalized cross-modal loyalty incentive
U0258,51,Metro/Bus,4951,6.0,223500.0,0.3333333333333333,0.5,0.4403297146800963,0,Medium,Send personalized cross-modal loyalty incentive
U1226,36,Shuttle,1204,8.0,224500.0,0.375,0.375,0.44030414417858116,0,Medium,Send personalized cross-modal loyalty incentive
U1245,20,E-Bike,614,6.0,134500.0,0.3333333333333333,0.6666666666666666,0.44025052148526667,0,Medium,Send personalized cross-modal loyalty incentive
U1346,49,Metro/Bus,985,10.0,376000.0,0.1,0.3,0.44020816883380076,0,Medium,Send personalized cross-modal loyalty incentive
U1910,35,E-Bike,1100,7.0,174500.0,0.0,0.42857142857142855,0.44019821270564363,0,Medium,Send personalized cross-modal loyalty incentive
U1742,35,Shuttle,3841,6.0,185500.0,0.5,0.5,0.44009627427898407,0,Medium,Send personalized cross-modal loyalty incentive
U1544,46,Metro/Bus,1014,9.0,285000.0,0.1111111111111111,0.6666666666666666,0.4400048547419475,0,Medium,Send personalized cross-modal loyalty incentive
U1165,55,E-Bike,595,6.0,184000.0,0.5,0.3333333333333333,0.4396464119037286,0,Medium,Send personalized cross-modal loyalty incentive
U1557,46,E-Bike,4831,3.0,96000.0,0.3333333333333333,0.6666666666666666,0.43953418023137797,0,Medium,Send personalized cross-modal loyalty incentive
U0771,51,E-Bike,1217,8.0,226500.0,0.0,0.625,0.4389144415313772,0,Medium,Send personalized cross-modal loyalty incentive
U0073,29,E-Bike,3968,6.0,199000.0,0.3333333333333333,1.0,0.43889022614682965,0,Medium,Send personalized cross-modal loyalty incentive
U2142,51,E-Bike,3931,2.0,60000.0,0.5,0.5,0.4388887328906669,0,Medium,Send personalized cross-modal loyalty incentive
U0964,52,E-Bike,1062,7.0,171500.0,0.14285714285714285,0.14285714285714285,0.4388128214580795,0,Medium,Send personalized cross-modal loyalty incentive
U0652,27,Metro/Bus,1166,0.0,0.0,0.0,0.0,0.43864182416871755,0,Medium,Send personalized cross-modal loyalty incentive
U2135,48,Metro/Bus,3539,7.0,187500.0,0.0,0.5714285714285714,0.4386168560401807,0,Medium,Send personalized cross-modal loyalty incentive
U1370,50,E-Bike,3065,6.0,143000.0,0.5,0.6666666666666666,0.4385887178993985,0,Medium,Send personalized cross-modal loyalty incentive
U0608,30,Metro/Bus,260,8.0,312500.0,0.25,0.625,0.43858781429796767,0,Medium,Send personalized cross-modal loyalty incentive
U0314,48,Metro/Bus,4625,6.0,259500.0,0.16666666666666666,0.5,0.4384820248460422,0,Medium,Send personalized cross-modal loyalty incentive
U0618,38,E-Bike,3126,5.0,89500.0,0.2,0.4,0.4384394911724936,0,Medium,Send personalized cross-modal loyalty incentive
U0651,49,Metro/Bus,3485,5.0,123000.0,0.0,0.8,0.4382401616831863,0,Medium,Send personalized cross-modal loyalty incentive
U0886,30,Metro/Bus,2459,6.0,146500.0,0.3333333333333333,0.6666666666666666,0.4380508371054467,0,Medium,Send personalized cross-modal loyalty incentive
U1632,47,E-Bike,3540,7.0,203500.0,0.14285714285714285,0.14285714285714285,0.43787476338484527,0,Medium,Send personalized cross-modal loyalty incentive
U2140,18,Metro/Bus,412,8.0,284000.0,0.375,0.375,0.43781184546652746,0,Medium,Send personalized cross-modal loyalty incentive
U0851,42,Metro/Bus,2899,6.0,220500.0,0.16666666666666666,0.5,0.4377774889915808,0,Medium,Send personalized cross-modal loyalty incentive
U0419,38,E-Bike,2563,5.0,121500.0,0.4,0.6,0.4377546903032929,0,Medium,Send personalized cross-modal loyalty incentive
U0290,44,E-Bike,4372,6.0,219500.0,0.16666666666666666,0.3333333333333333,0.4377365747843095,0,Medium,Send personalized cross-modal loyalty incentive
U1116,29,Metro/Bus,2622,3.0,107500.0,0.3333333333333333,0.6666666666666666,0.43770901870175744,0,Medium,Send personalized cross-modal loyalty incentive
U0500,30,E-Bike,1966,6.0,175500.0,0.16666666666666666,0.3333333333333333,0.43768890820008405,0,Medium,Send personalized cross-modal loyalty incentive
U0714,51,E-Bike,488,8.0,201500.0,0.125,0.625,0.43766128796040155,0,Medium,Send personalized cross-modal loyalty incentive
U0690,45,Metro/Bus,641,5.0,218500.0,0.4,0.4,0.43765942295595067,0,Medium,Send personalized cross-modal loyalty incentive
U1421,31,Shuttle,2816,8.0,195000.0,0.0,0.375,0.43759186591305593,0,Medium,Send personalized cross-modal loyalty incentive
U1734,35,E-Bike,2175,6.0,127500.0,0.3333333333333333,1.0,0.43757701186057507,0,Medium,Send personalized cross-modal loyalty incentive
U1358,54,E-Bike,3298,0.0,0.0,0.0,0.0,0.4375608411960214,0,Medium,Send personalized cross-modal loyalty incentive
U0683,27,Metro/Bus,1502,8.0,314000.0,0.25,0.625,0.43743262407794853,0,Medium,Send personalized cross-modal loyalty incentive
U1545,34,E-Bike,4776,8.0,258500.0,0.0,0.625,0.43743042924504943,0,Medium,Send personalized cross-modal loyalty incentive
U0497,40,Metro/Bus,2120,4.0,205500.0,0.25,0.0,0.43735857268694145,0,Medium,Send personalized cross-modal loyalty incentive
U1488,50,E-Bike,3668,7.0,199500.0,0.14285714285714285,0.5714285714285714,0.43719571850827943,0,Medium,Send personalized cross-modal loyalty incentive
U1547,32,E-Bike,4748,6.0,122000.0,0.16666666666666666,0.3333333333333333,0.4368950314782051,0,Medium,Send personalized cross-modal loyalty incentive
U0447,19,Metro/Bus,3271,7.0,232000.0,0.14285714285714285,0.5714285714285714,0.43688581609100474,0,Medium,Send personalized cross-modal loyalty incentive
U2093,25,Shuttle,4071,3.0,101500.0,0.0,0.0,0.43678363175555995,0,Medium,Send personalized cross-modal loyalty incentive
U0330,43,E-Bike,214,7.0,140000.0,0.0,0.7142857142857143,0.4367028960446176,0,Medium,Send personalized cross-modal loyalty incentive
U0532,47,E-Bike,4537,8.0,326000.0,0.125,0.625,0.43657193854738086,0,Medium,Send personalized cross-modal loyalty incentive
U1625,18,Metro/Bus,4014,6.0,152000.0,0.0,0.3333333333333333,0.43644793711587515,0,Medium,Send personalized cross-modal loyalty incentive
U0262,38,Metro/Bus,4143,7.0,219000.0,0.0,0.5714285714285714,0.43625161034765353,0,Medium,Send personalized cross-modal loyalty incentive
U2021,28,Shuttle,3580,4.0,131500.0,0.5,0.25,0.4362326297767323,0,Medium,Send personalized cross-modal loyalty incentive
U1006,29,Metro/Bus,3296,6.0,195000.0,0.0,0.3333333333333333,0.4361692040757459,0,Medium,Send personalized cross-modal loyalty incentive
U0430,24,Metro/Bus,179,8.0,277500.0,0.25,0.375,0.43612527319215916,0,Medium,Send personalized cross-modal loyalty incentive
U1409,37,Shuttle,2039,6.0,160000.0,0.5,0.16666666666666666,0.4360833491413143,0,Medium,Send personalized cross-modal loyalty incentive
U0779,53,E-Bike,3523,0.0,0.0,0.0,0.0,0.4359057950675922,0,Medium,Send personalized cross-modal loyalty incentive
U1559,29,Metro/Bus,2553,5.0,100000.0,0.4,0.4,0.43586112525259657,0,Medium,Send personalized cross-modal loyalty incentive
U2051,39,E-Bike,2587,8.0,157500.0,0.0,0.625,0.4357957424772913,0,Medium,Send personalized cross-modal loyalty incentive
U0871,29,Metro/Bus,3249,3.0,62500.0,0.3333333333333333,0.0,0.43578234065431215,0,Medium,Send personalized cross-modal loyalty incentive
U0675,36,Metro/Bus,4930,4.0,133500.0,0.25,0.25,0.4357316635528288,0,Medium,Send personalized cross-modal loyalty incentive
U0271,24,E-Bike,1376,6.0,205500.0,0.5,0.3333333333333333,0.4356855052417405,0,Medium,Send personalized cross-modal loyalty incentive
U1253,54,Metro/Bus,4720,6.0,217500.0,0.0,0.5,0.43536692564626417,0,Medium,Send personalized cross-modal loyalty incentive
U0999,31,E-Bike,3760,8.0,250500.0,0.25,0.5,0.4352144531074538,0,Medium,Send personalized cross-modal loyalty incentive
U0970,42,Metro/Bus,2562,7.0,267000.0,0.2857142857142857,0.42857142857142855,0.43516697197950566,0,Medium,Send personalized cross-modal loyalty incentive
U1533,49,Shuttle,1078,8.0,244000.0,0.5,0.375,0.4350853077170504,0,Medium,Send personalized cross-modal loyalty incentive
U0774,50,E-Bike,2334,5.0,79000.0,0.4,0.2,0.43496083683103914,0,Medium,Send personalized cross-modal loyalty incentive
U1369,31,Metro/Bus,3159,5.0,192500.0,0.4,0.4,0.43487254297530525,0,Medium,Send personalized cross-modal loyalty incentive
U1064,51,Shuttle,1971,5.0,243000.0,0.4,0.4,0.43480784240162895,0,Medium,Send personalized cross-modal loyalty incentive
U1825,45,E-Bike,2467,6.0,98000.0,0.16666666666666666,0.5,0.43477074839856494,0,Medium,Send personalized cross-modal loyalty incentive
U0542,31,Metro/Bus,4416,6.0,138000.0,0.3333333333333333,0.8333333333333334,0.4347567973805014,0,Medium,Send personalized cross-modal loyalty incentive
U2003,30,E-Bike,2180,6.0,211000.0,0.6666666666666666,0.5,0.4344640494024734,0,Medium,Send personalized cross-modal loyalty incentive
U0179,28,E-Bike,364,7.0,214000.0,0.2857142857142857,0.2857142857142857,0.4344384713933614,0,Medium,Send personalized cross-modal loyalty incentive
U0189,25,Metro/Bus,273,6.0,168500.0,0.3333333333333333,0.5,0.4342703168615547,0,Medium,Send personalized cross-modal loyalty incentive
U0555,50,Shuttle,3706,5.0,146500.0,0.4,0.6,0.43425559487717197,0,Medium,Send personalized cross-modal loyalty incentive
U1802,48,E-Bike,3746,5.0,119000.0,0.0,0.2,0.4340600291872844,0,Medium,Send personalized cross-modal loyalty incentive
U1855,27,Shuttle,211,7.0,201000.0,0.42857142857142855,0.42857142857142855,0.4340189815508581,0,Medium,Send personalized cross-modal loyalty incentive
U0573,34,E-Bike,2094,8.0,317500.0,0.375,0.375,0.4339091757758437,0,Medium,Send personalized cross-modal loyalty incentive
U0363,31,E-Bike,2680,8.0,176000.0,0.0,0.5,0.433626095374419,0,Medium,Send personalized cross-modal loyalty incentive
U0105,24,Metro/Bus,2501,5.0,179000.0,0.2,0.6,0.4335188736682156,0,Medium,Send personalized cross-modal loyalty incentive
U0241,33,E-Bike,4892,10.0,318500.0,0.1,0.5,0.43346702019156375,0,Medium,Send personalized cross-modal loyalty incentive
U0041,22,Metro/Bus,4360,5.0,128000.0,0.2,0.6,0.433410445520403,0,Medium,Send personalized cross-modal loyalty incentive
U1236,21,Metro/Bus,2544,5.0,187500.0,0.4,0.6,0.4331746605092613,0,Medium,Send personalized cross-modal loyalty incentive
U0519,46,E-Bike,3896,5.0,157500.0,0.4,0.2,0.43273674961618913,0,Medium,Send personalized cross-modal loyalty incentive
U1725,51,Shuttle,4578,8.0,192500.0,0.25,0.875,0.43269009703709027,0,Medium,Send personalized cross-modal loyalty incentive
U1303,32,Metro/Bus,4379,4.0,133000.0,0.25,0.25,0.43260895076900285,0,Medium,Send personalized cross-modal loyalty incentive
U0079,18,Shuttle,2799,7.0,162500.0,0.2857142857142857,0.2857142857142857,0.43246181354084895,0,Medium,Send personalized cross-modal loyalty incentive
U0222,35,E-Bike,4773,6.0,180500.0,0.16666666666666666,0.5,0.4324082681521714,0,Medium,Send personalized cross-modal loyalty incentive
U1127,19,Metro/Bus,3263,4.0,150500.0,0.5,0.0,0.43219094979292605,0,Medium,Send personalized cross-modal loyalty incentive
U1580,50,Metro/Bus,3726,7.0,233500.0,0.2857142857142857,0.5714285714285714,0.4320925663975826,0,Medium,Send personalized cross-modal loyalty incentive
U1307,45,E-Bike,4959,6.0,241500.0,0.0,0.16666666666666666,0.43205339341706733,0,Medium,Send personalized cross-modal loyalty incentive
U1765,30,E-Bike,1200,5.0,130500.0,0.4,0.2,0.4316710541168739,0,Medium,Send personalized cross-modal loyalty incentive
U0245,39,Shuttle,4563,5.0,130000.0,0.4,0.8,0.43163314673046016,0,Medium,Send personalized cross-modal loyalty incentive
U1768,25,Metro/Bus,2126,5.0,202500.0,0.4,0.8,0.4316031078839688,0,Medium,Send personalized cross-modal loyalty incentive
U1047,30,Metro/Bus,1501,8.0,312500.0,0.25,0.0,0.43159585457111127,0,Medium,Send personalized cross-modal loyalty incentive
U0584,21,E-Bike,1441,5.0,192000.0,0.2,0.0,0.4314983437233586,0,Medium,Send personalized cross-modal loyalty incentive
U1844,22,Metro/Bus,3745,5.0,140500.0,0.4,0.4,0.43147700624865654,0,Medium,Send personalized cross-modal loyalty incentive
U1280,28,E-Bike,4917,4.0,122000.0,0.5,0.75,0.43138735684609786,0,Medium,Send personalized cross-modal loyalty incentive
U0355,30,E-Bike,1596,9.0,251000.0,0.1111111111111111,0.4444444444444444,0.4313057106401555,0,Medium,Send personalized cross-modal loyalty incentive
U0158,30,Metro/Bus,3388,5.0,158500.0,0.2,0.2,0.4311586291141061,0,Medium,Send personalized cross-modal loyalty incentive
U1653,26,E-Bike,3033,7.0,203000.0,0.14285714285714285,0.5714285714285714,0.43112550635086366,0,Medium,Send personalized cross-modal loyalty incentive
U1377,38,E-Bike,4286,0.0,0.0,0.0,0.0,0.4311097082487167,0,Medium,Send personalized cross-modal loyalty incentive
U0492,25,E-Bike,4194,6.0,177000.0,0.16666666666666666,0.16666666666666666,0.43086176530501713,0,Medium,Send personalized cross-modal loyalty incentive
U1067,32,E-Bike,3223,6.0,183500.0,0.5,0.5,0.43074884739609437,0,Medium,Send personalized cross-modal loyalty incentive
U1853,35,E-Bike,1513,6.0,168500.0,0.5,0.16666666666666666,0.4306138500475232,0,Medium,Send personalized cross-modal loyalty incentive
U1496,52,Shuttle,3019,10.0,389500.0,0.2,0.6,0.4304047032139173,0,Medium,Send personalized cross-modal loyalty incentive
U1895,37,E-Bike,4324,5.0,103000.0,0.2,0.4,0.43030846349479906,0,Medium,Send personalized cross-modal loyalty incentive
U1847,40,Metro/Bus,4254,5.0,153500.0,0.0,0.4,0.43020284299858697,0,Medium,Send personalized cross-modal loyalty incentive
U1344,21,E-Bike,4538,4.0,145000.0,0.0,0.25,0.4301771235282775,0,Medium,Send personalized cross-modal loyalty incentive
U1386,29,E-Bike,1764,8.0,210000.0,0.25,0.625,0.4301610547324791,0,Medium,Send personalized cross-modal loyalty incentive
U0442,47,Metro/Bus,3701,7.0,255500.0,0.2857142857142857,0.2857142857142857,0.43014946238027935,0,Medium,Send personalized cross-modal loyalty incentive
U1633,28,Metro/Bus,3616,4.0,138500.0,0.25,0.75,0.4301346688616338,0,Medium,Send personalized cross-modal loyalty incentive
U1918,45,Metro/Bus,1568,6.0,181000.0,0.16666666666666666,0.3333333333333333,0.4300616285063534,0,Medium,Send personalized cross-modal loyalty incentive
U0789,48,E-Bike,3559,5.0,150000.0,0.4,0.4,0.43000001853523956,0,Medium,Send personalized cross-modal loyalty incentive
U0947,40,E-Bike,661,9.0,270500.0,0.1111111111111111,0.2222222222222222,0.42991061843048217,0,Medium,Send personalized cross-modal loyalty incentive
U0016,50,Metro/Bus,2742,5.0,181000.0,0.2,0.2,0.42985695607774654,0,Medium,Send personalized cross-modal loyalty incentive
U0709,51,Metro/Bus,3992,6.0,157500.0,0.16666666666666666,0.6666666666666666,0.42959646484202135,0,Medium,Send personalized cross-modal loyalty incentive
U1901,50,E-Bike,2506,10.0,402000.0,0.0,0.5,0.4291516272122653,0,Medium,Send personalized cross-modal loyalty incentive
U1628,19,Metro/Bus,2773,8.0,314500.0,0.125,0.375,0.42907687767594516,0,Medium,Send personalized cross-modal loyalty incentive
U1431,51,Metro/Bus,265,10.0,209500.0,0.0,0.4,0.4287320718384485,0,Medium,Send personalized cross-modal loyalty incentive
U1460,40,Metro/Bus,674,9.0,350000.0,0.3333333333333333,0.3333333333333333,0.42869391224119124,0,Medium,Send personalized cross-modal loyalty incentive
U0289,18,Metro/Bus,2536,7.0,170500.0,0.14285714285714285,0.42857142857142855,0.42868918934565214,0,Medium,Send personalized cross-modal loyalty incentive
U1169,33,Metro/Bus,4250,7.0,200500.0,0.14285714285714285,0.7142857142857143,0.4286766710187005,0,Medium,Send personalized cross-modal loyalty incentive
U0471,29,Metro/Bus,2049,6.0,199500.0,0.3333333333333333,0.3333333333333333,0.4284508630448704,0,Medium,Send personalized cross-modal loyalty incentive
U0733,44,E-Bike,4938,4.0,163000.0,0.25,0.5,0.4283797679738504,0,Medium,Send personalized cross-modal loyalty incentive
U1121,18,Metro/Bus,4290,7.0,278500.0,0.14285714285714285,0.2857142857142857,0.4283530065148716,0,Medium,Send personalized cross-modal loyalty incentive
U1751,48,E-Bike,3990,4.0,52500.0,0.5,0.0,0.42812188593343625,0,Medium,Send personalized cross-modal loyalty incentive
U0007,52,Metro/Bus,886,6.0,133000.0,0.5,0.6666666666666666,0.4281019000944707,0,Medium,Send personalized cross-modal loyalty incentive
U0228,34,Metro/Bus,3872,3.0,74500.0,0.6666666666666666,0.3333333333333333,0.4280930602555123,0,Medium,Send personalized cross-modal loyalty incentive
U1951,40,Shuttle,3610,7.0,212000.0,0.2857142857142857,0.2857142857142857,0.42808377023807975,0,Medium,Send personalized cross-modal loyalty incentive
U0235,42,E-Bike,2813,5.0,213000.0,0.4,0.2,0.42794091099972853,0,Medium,Send personalized cross-modal loyalty incentive
U0379,21,E-Bike,3333,7.0,146000.0,0.14285714285714285,0.2857142857142857,0.4279187297878888,0,Medium,Send personalized cross-modal loyalty incentive
U1293,42,Metro/Bus,1166,5.0,137000.0,0.4,0.4,0.42767531073695547,0,Medium,Send personalized cross-modal loyalty incentive
U2049,42,Metro/Bus,3226,3.0,120000.0,1.0,0.3333333333333333,0.42743759175940327,0,Medium,Send personalized cross-modal loyalty incentive
U0888,50,E-Bike,2294,6.0,150500.0,0.16666666666666666,0.6666666666666666,0.4274327911527093,0,Medium,Send personalized cross-modal loyalty incentive
U0773,46,Metro/Bus,4330,4.0,146500.0,0.0,0.0,0.4273107648949225,0,Medium,Send personalized cross-modal loyalty incentive
U1368,23,Shuttle,4847,5.0,170000.0,0.2,0.2,0.42698260974647484,0,Medium,Send personalized cross-modal loyalty incentive
U1081,43,Shuttle,4271,7.0,246000.0,0.2857142857142857,0.5714285714285714,0.42664271727654884,0,Medium,Send personalized cross-modal loyalty incentive
U1063,23,E-Bike,347,4.0,157500.0,0.75,0.25,0.4265652520220605,0,Medium,Send personalized cross-modal loyalty incentive
U1807,43,E-Bike,3810,5.0,149000.0,0.4,0.4,0.4265641114615957,0,Medium,Send personalized cross-modal loyalty incentive
U1482,49,E-Bike,906,7.0,196500.0,0.14285714285714285,0.5714285714285714,0.42637823422903126,0,Medium,Send personalized cross-modal loyalty incentive
U0842,23,Shuttle,3449,6.0,208000.0,0.3333333333333333,0.3333333333333333,0.4263140254820509,0,Medium,Send personalized cross-modal loyalty incentive
U0548,33,E-Bike,4779,10.0,351500.0,0.2,0.3,0.42624009682497543,0,Medium,Send personalized cross-modal loyalty incentive
U0339,35,Metro/Bus,4627,6.0,148500.0,0.16666666666666666,0.6666666666666666,0.42609466456755785,0,Medium,Send personalized cross-modal loyalty incentive
U0794,49,Metro/Bus,4939,2.0,107500.0,0.5,0.0,0.4257782779641991,0,Medium,Send personalized cross-modal loyalty incentive
U0338,27,E-Bike,4461,3.0,107500.0,0.3333333333333333,0.0,0.42568120166106127,0,Medium,Send personalized cross-modal loyalty incentive
U1000,52,Metro/Bus,3039,6.0,120000.0,0.16666666666666666,0.6666666666666666,0.4256561554257257,0,Medium,Send personalized cross-modal loyalty incentive
U0341,26,Metro/Bus,995,9.0,320000.0,0.2222222222222222,0.4444444444444444,0.42553442599248553,0,Medium,Send personalized cross-modal loyalty incentive
U1809,24,Metro/Bus,832,8.0,276500.0,0.375,0.5,0.4254696210040751,0,Medium,Send personalized cross-modal loyalty incentive
U0720,45,Shuttle,2178,7.0,212000.0,0.2857142857142857,0.5714285714285714,0.42546255783169235,0,Medium,Send personalized cross-modal loyalty incentive
U1329,53,E-Bike,3202,5.0,138500.0,0.4,0.4,0.4254601589570881,0,Medium,Send personalized cross-modal loyalty incentive
U0959,27,Metro/Bus,1377,7.0,222000.0,0.14285714285714285,0.5714285714285714,0.42525830710204227,0,Medium,Send personalized cross-modal loyalty incentive
U0728,47,Metro/Bus,3033,5.0,219500.0,0.4,0.0,0.4250996742381474,0,Medium,Send personalized cross-modal loyalty incentive
U0486,22,Metro/Bus,3367,5.0,189500.0,0.4,0.4,0.42498198174192026,0,Medium,Send personalized cross-modal loyalty incentive
U0695,31,Shuttle,876,6.0,174000.0,0.3333333333333333,0.3333333333333333,0.424743746559381,0,Medium,Send personalized cross-modal loyalty incentive
U1018,49,E-Bike,4828,8.0,270000.0,0.125,0.5,0.424735938392554,0,Medium,Send personalized cross-modal loyalty incentive
U0094,45,Metro/Bus,4750,5.0,181000.0,0.8,0.4,0.42456019123680433,0,Medium,Send personalized cross-modal loyalty incentive
U2070,33,Metro/Bus,3731,6.0,157500.0,0.16666666666666666,0.16666666666666666,0.4245277253728987,0,Medium,Send personalized cross-modal loyalty incentive
U0915,53,Metro/Bus,3350,7.0,194500.0,0.0,0.5714285714285714,0.4243724300966763,0,Medium,Send personalized cross-modal loyalty incentive
U1620,25,Shuttle,3728,6.0,226000.0,0.5,0.5,0.42376922305647813,0,Medium,Send personalized cross-modal loyalty incentive
U2143,42,Metro/Bus,4729,6.0,172000.0,0.3333333333333333,0.3333333333333333,0.4237633887323956,0,Medium,Send personalized cross-modal loyalty incentive
U1555,25,E-Bike,4259,6.0,162500.0,0.16666666666666666,0.5,0.4237549364815747,0,Medium,Send personalized cross-modal loyalty incentive
U0325,51,Metro/Bus,2389,4.0,104000.0,0.5,0.0,0.42358064463084055,0,Medium,Send personalized cross-modal loyalty incentive
U0977,51,E-Bike,3813,6.0,121500.0,0.5,0.3333333333333333,0.4234250206943737,0,Medium,Send personalized cross-modal loyalty incentive
U0621,31,E-Bike,3752,8.0,234000.0,0.0,0.375,0.4231491489989018,0,Medium,Send personalized cross-modal loyalty incentive
U0610,43,E-Bike,1091,8.0,162500.0,0.125,0.375,0.42300079246062755,0,Medium,Send personalized cross-modal loyalty incentive
U0772,23,Shuttle,4361,7.0,197000.0,0.42857142857142855,0.7142857142857143,0.42281449562890705,0,Medium,Send personalized cross-modal loyalty incentive
U1687,52,E-Bike,4073,6.0,230500.0,0.3333333333333333,0.3333333333333333,0.42276772563551834,0,Medium,Send personalized cross-modal loyalty incentive
U1773,37,Metro/Bus,3158,0.0,0.0,0.0,0.0,0.4227301753550986,0,Medium,Send personalized cross-modal loyalty incentive
U0749,41,E-Bike,4728,7.0,173500.0,0.14285714285714285,0.2857142857142857,0.4227088989157922,0,Medium,Send personalized cross-modal loyalty incentive
U1021,49,Metro/Bus,4314,5.0,120000.0,0.2,0.6,0.42262533095486393,0,Medium,Send personalized cross-modal loyalty incentive
U1775,42,E-Bike,3646,5.0,180500.0,0.0,0.4,0.4225545257622147,0,Medium,Send personalized cross-modal loyalty incentive
U1264,45,Shuttle,1741,10.0,295500.0,0.2,0.5,0.4224660997768527,0,Medium,Send personalized cross-modal loyalty incentive
U2130,33,Metro/Bus,4110,6.0,170000.0,0.16666666666666666,0.16666666666666666,0.42236287023806707,0,Medium,Send personalized cross-modal loyalty incentive
U0674,55,Metro/Bus,670,8.0,235500.0,0.25,0.5,0.42224419162806465,0,Medium,Send personalized cross-modal loyalty incentive
U1050,55,E-Bike,1589,9.0,251500.0,0.0,0.4444444444444444,0.42174243301312386,0,Medium,Send personalized cross-modal loyalty incentive
U0607,36,E-Bike,4632,4.0,130000.0,0.5,0.25,0.4215786776916441,0,Medium,Send personalized cross-modal loyalty incentive
U0623,54,E-Bike,4166,5.0,152000.0,0.6,0.4,0.42154257827862496,0,Medium,Send personalized cross-modal loyalty incentive
U0539,18,E-Bike,2270,10.0,279000.0,0.0,0.5,0.42153368827044707,0,Medium,Send personalized cross-modal loyalty incentive
U0962,43,E-Bike,3659,5.0,184500.0,0.4,0.2,0.4214525883400962,0,Medium,Send personalized cross-modal loyalty incentive
U0159,36,Metro/Bus,4907,5.0,131000.0,0.4,0.8,0.42127519095813576,0,Medium,Send personalized cross-modal loyalty incentive
U0417,45,Metro/Bus,2961,5.0,175000.0,0.0,0.4,0.42126995001596834,0,Medium,Send personalized cross-modal loyalty incentive
U0077,37,Shuttle,2630,8.0,286000.0,0.625,0.5,0.4212559529773251,0,Medium,Send personalized cross-modal loyalty incentive
U0181,19,E-Bike,4935,6.0,124000.0,0.0,0.5,0.42109055215642666,0,Medium,Send personalized cross-modal loyalty incentive
U1306,29,E-Bike,200,8.0,175500.0,0.0,0.75,0.42107211390840915,0,Medium,Send personalized cross-modal loyalty incentive
U0908,28,Metro/Bus,2853,8.0,256500.0,0.125,0.125,0.4208249230665221,0,Medium,Send personalized cross-modal loyalty incentive
U1899,25,Metro/Bus,4671,6.0,173000.0,0.3333333333333333,0.5,0.42078604110777684,0,Medium,Send personalized cross-modal loyalty incentive
U0462,53,Metro/Bus,4340,8.0,164500.0,0.125,0.625,0.42070666444173405,0,Medium,Send personalized cross-modal loyalty incentive
U1828,34,E-Bike,4616,6.0,162500.0,0.16666666666666666,0.3333333333333333,0.4206031836247494,0,Medium,Send personalized cross-modal loyalty incentive
U1452,20,E-Bike,4754,9.0,354500.0,0.1111111111111111,0.6666666666666666,0.4205691802223111,0,Medium,Send personalized cross-modal loyalty incentive
U1714,27,Shuttle,2199,7.0,185000.0,0.42857142857142855,0.2857142857142857,0.4203933611354226,0,Medium,Send personalized cross-modal loyalty incentive
U1693,30,Metro/Bus,3384,7.0,248500.0,0.0,0.42857142857142855,0.42035873429457143,0,Medium,Send personalized cross-modal loyalty incentive
U2132,52,Metro/Bus,1882,4.0,132500.0,0.25,0.5,0.42027514343639394,0,Medium,Send personalized cross-modal loyalty incentive
U0561,46,E-Bike,3982,7.0,190000.0,0.0,0.5714285714285714,0.42009623481967534,0,Medium,Send personalized cross-modal loyalty incentive
U1851,35,E-Bike,1418,7.0,227500.0,0.2857142857142857,0.42857142857142855,0.4200155876983212,0,Medium,Send personalized cross-modal loyalty incentive
U2162,26,E-Bike,3824,4.0,175000.0,0.25,0.5,0.42001537956201473,0,Medium,Send personalized cross-modal loyalty incentive
U0693,22,Shuttle,4592,5.0,189500.0,0.4,0.2,0.4197998934414383,0,Medium,Send personalized cross-modal loyalty incentive
U0326,53,E-Bike,2089,9.0,306000.0,0.1111111111111111,0.4444444444444444,0.4196984462270324,0,Medium,Send personalized cross-modal loyalty incentive
U1385,28,Metro/Bus,3653,0.0,0.0,0.0,0.0,0.41959095888152437,0,Medium,Send personalized cross-modal loyalty incentive
U1437,33,E-Bike,2033,7.0,233000.0,0.42857142857142855,0.5714285714285714,0.4194311049195347,0,Medium,Send personalized cross-modal loyalty incentive
U2072,19,E-Bike,3037,8.0,227000.0,0.0,0.375,0.4192661946314726,0,Medium,Send personalized cross-modal loyalty incentive
U0938,22,E-Bike,1123,8.0,213500.0,0.25,0.625,0.4191537874545687,0,Medium,Send personalized cross-modal loyalty incentive
U0175,47,Metro/Bus,3524,7.0,197000.0,0.42857142857142855,0.8571428571428571,0.4190533108810962,0,Medium,Send personalized cross-modal loyalty incentive
U0910,43,E-Bike,852,10.0,343500.0,0.3,0.4,0.41888698805842095,0,Medium,Send personalized cross-modal loyalty incentive
U0058,49,E-Bike,3634,4.0,193500.0,0.5,0.5,0.41882696892795224,0,Medium,Send personalized cross-modal loyalty incentive
U0797,34,Metro/Bus,4038,7.0,222000.0,0.0,0.14285714285714285,0.418624889152081,0,Medium,Send personalized cross-modal loyalty incentive
U1575,20,Metro/Bus,771,7.0,200000.0,0.5714285714285714,0.8571428571428571,0.41831443597129736,0,Medium,Send personalized cross-modal loyalty incentive
U1738,36,Metro/Bus,3626,6.0,208000.0,0.0,0.3333333333333333,0.41789625708699146,0,Medium,Send personalized cross-modal loyalty incentive
U1737,37,E-Bike,1994,6.0,168000.0,0.3333333333333333,0.5,0.41758883958042503,0,Medium,Send personalized cross-modal loyalty incentive
U0566,35,Metro/Bus,286,7.0,189500.0,0.2857142857142857,0.42857142857142855,0.41747336019212483,0,Medium,Send personalized cross-modal loyalty incentive
U0643,45,E-Bike,3541,6.0,181500.0,0.16666666666666666,0.3333333333333333,0.4171779524332623,0,Medium,Send personalized cross-modal loyalty incentive
U1024,37,Metro/Bus,4227,6.0,159500.0,0.16666666666666666,0.3333333333333333,0.4171518103835188,0,Medium,Send personalized cross-modal loyalty incentive
U0971,23,E-Bike,4649,7.0,152500.0,0.2857142857142857,0.5714285714285714,0.4169949957028734,0,Medium,Send personalized cross-modal loyalty incentive
U1401,43,E-Bike,4717,6.0,128500.0,0.16666666666666666,0.3333333333333333,0.4169932262307658,0,Medium,Send personalized cross-modal loyalty incentive
U0065,30,E-Bike,1734,8.0,201000.0,0.0,0.25,0.41659141641843855,0,Medium,Send personalized cross-modal loyalty incentive
U0198,21,E-Bike,2557,9.0,243000.0,0.3333333333333333,0.5555555555555556,0.41651526185219667,0,Medium,Send personalized cross-modal loyalty incentive
U0429,47,E-Bike,1077,8.0,275500.0,0.25,0.5,0.4158617764789149,0,Medium,Send personalized cross-modal loyalty incentive
U1425,30,Metro/Bus,2962,4.0,111000.0,0.5,0.25,0.41570707422002057,0,Medium,Send personalized cross-modal loyalty incentive
U1550,28,Metro/Bus,2112,4.0,119000.0,0.25,0.25,0.4153895916269233,0,Medium,Send personalized cross-modal loyalty incentive
U0831,21,Metro/Bus,4444,7.0,205500.0,0.0,0.2857142857142857,0.4151557875725092,0,Medium,Send personalized cross-modal loyalty incentive
U0559,46,Metro/Bus,4594,7.0,180500.0,0.14285714285714285,0.2857142857142857,0.415153730774912,0,Medium,Send personalized cross-modal loyalty incentive
U0052,55,Metro/Bus,2988,6.0,74500.0,0.6666666666666666,0.5,0.41511002531842717,0,Medium,Send personalized cross-modal loyalty incentive
U1057,36,E-Bike,3621,5.0,83500.0,0.4,0.4,0.4147753124441355,0,Medium,Send personalized cross-modal loyalty incentive
U1924,38,Shuttle,4976,3.0,127500.0,0.3333333333333333,0.0,0.41459184794793774,0,Medium,Send personalized cross-modal loyalty incentive
U0724,40,E-Bike,2238,14.0,571500.0,0.21428571428571427,0.42857142857142855,0.4145864178815721,0,Medium,Send personalized cross-modal loyalty incentive
U0137,23,E-Bike,2344,7.0,228000.0,0.2857142857142857,0.2857142857142857,0.4145090375974559,0,Medium,Send personalized cross-modal loyalty incentive
U0588,51,Metro/Bus,1267,5.0,203000.0,0.8,0.6,0.4144459351621034,0,Medium,Send personalized cross-modal loyalty incentive
U0814,28,Metro/Bus,4442,6.0,156500.0,0.16666666666666666,0.3333333333333333,0.41436204868517784,0,Medium,Send personalized cross-modal loyalty incentive
U2065,40,Shuttle,4461,8.0,261000.0,0.25,0.25,0.41435913278407543,0,Medium,Send personalized cross-modal loyalty incentive
U2186,52,Metro/Bus,4543,5.0,178000.0,0.2,0.4,0.4143473676260573,0,Medium,Send personalized cross-modal loyalty incentive
U1462,36,Shuttle,3684,7.0,181000.0,0.14285714285714285,0.7142857142857143,0.41408075984629517,0,Medium,Send personalized cross-modal loyalty incentive
U0479,18,Metro/Bus,2507,9.0,257500.0,0.1111111111111111,0.7777777777777778,0.41407897969082424,0,Medium,Send personalized cross-modal loyalty incentive
U0126,26,Shuttle,2785,12.0,466000.0,0.25,0.5833333333333334,0.41388938308177525,0,Medium,Send personalized cross-modal loyalty incentive
U1205,20,Metro/Bus,3314,6.0,193000.0,0.5,0.6666666666666666,0.4137042022255078,0,Medium,Send personalized cross-modal loyalty incentive
U1696,54,E-Bike,4857,6.0,189500.0,0.0,0.8333333333333334,0.41363366538767915,0,Medium,Send personalized cross-modal loyalty incentive
U1034,47,Shuttle,4968,8.0,288500.0,0.375,0.625,0.4136127375640718,0,Medium,Send personalized cross-modal loyalty incentive
U1871,22,E-Bike,3346,6.0,185000.0,0.5,0.8333333333333334,0.41340200609982836,0,Medium,Send personalized cross-modal loyalty incentive
U0282,50,Shuttle,1596,7.0,150500.0,0.42857142857142855,0.14285714285714285,0.4130180128529697,0,Medium,Send personalized cross-modal loyalty incentive
U0598,52,Metro/Bus,1899,7.0,179000.0,0.42857142857142855,0.5714285714285714,0.4130115923934445,0,Medium,Send personalized cross-modal loyalty incentive
U0819,45,E-Bike,4980,7.0,245500.0,0.7142857142857143,0.5714285714285714,0.4128667939743424,0,Medium,Send personalized cross-modal loyalty incentive
U1319,39,Metro/Bus,4800,4.0,158000.0,0.75,0.5,0.4128396020640547,0,Medium,Send personalized cross-modal loyalty incentive
U1110,42,Shuttle,1068,8.0,201500.0,0.125,0.625,0.41220980778762767,0,Medium,Send personalized cross-modal loyalty incentive
U1387,43,Metro/Bus,1626,8.0,232500.0,0.125,0.5,0.4121622081748017,0,Medium,Send personalized cross-modal loyalty incentive
U0764,20,Shuttle,3335,7.0,206500.0,0.2857142857142857,0.7142857142857143,0.4120449950854525,0,Medium,Send personalized cross-modal loyalty incentive
U1712,30,Shuttle,3463,9.0,239000.0,0.3333333333333333,0.4444444444444444,0.4118785075616684,0,Medium,Send personalized cross-modal loyalty incentive
U0433,32,E-Bike,4309,8.0,277500.0,0.0,0.625,0.4117101691752284,0,Medium,Send personalized cross-modal loyalty incentive
U0178,33,Metro/Bus,1785,7.0,189500.0,0.42857142857142855,0.5714285714285714,0.4116473544085397,0,Medium,Send personalized cross-modal loyalty incentive
U2086,32,Metro/Bus,2680,7.0,302500.0,0.2857142857142857,0.42857142857142855,0.41143232783783146,0,Medium,Send personalized cross-modal loyalty incentive
U1013,25,Metro/Bus,4773,0.0,0.0,0.0,0.0,0.4113221170835849,0,Medium,Send personalized cross-modal loyalty incentive
U0223,23,E-Bike,4210,7.0,236000.0,0.2857142857142857,0.7142857142857143,0.41068404045003676,0,Medium,Send personalized cross-modal loyalty incentive
U0963,24,E-Bike,3710,9.0,358500.0,0.0,0.3333333333333333,0.41052614579075547,0,Medium,Send personalized cross-modal loyalty incentive
U1755,53,E-Bike,4238,4.0,94500.0,0.75,0.25,0.41030606829176597,0,Medium,Send personalized cross-modal loyalty incentive
U0816,34,Metro/Bus,4639,6.0,227500.0,0.5,0.5,0.4100924535477053,0,Medium,Send personalized cross-modal loyalty incentive
U0997,23,Metro/Bus,965,8.0,223000.0,0.125,0.375,0.4100785229893893,0,Medium,Send personalized cross-modal loyalty incentive
U0434,45,Metro/Bus,2604,5.0,123500.0,0.6,0.2,0.4100348529162636,0,Medium,Send personalized cross-modal loyalty incentive
U1530,41,Metro/Bus,2784,10.0,291500.0,0.4,0.7,0.4097062765212053,0,Medium,Send personalized cross-modal loyalty incentive
U0874,36,Metro/Bus,2794,8.0,252500.0,0.125,0.375,0.4096374650782829,0,Medium,Send personalized cross-modal loyalty incentive
U2085,18,E-Bike,2190,7.0,124500.0,0.0,0.42857142857142855,0.4095529387524033,0,Medium,Send personalized cross-modal loyalty incentive
U1623,37,Shuttle,187,10.0,293500.0,0.3,0.5,0.40955291872159,0,Medium,Send personalized cross-modal loyalty incentive
U0012,31,E-Bike,3208,6.0,152500.0,0.5,0.6666666666666666,0.4094162204225236,0,Medium,Send personalized cross-modal loyalty incentive
U0329,39,Metro/Bus,1077,2.0,121500.0,0.5,0.0,0.4092576213667668,0,Medium,Send personalized cross-modal loyalty incentive
U1909,49,Metro/Bus,4092,5.0,165500.0,0.0,0.0,0.40910762024779973,0,Medium,Send personalized cross-modal loyalty incentive
U0360,50,Metro/Bus,4843,7.0,226000.0,0.42857142857142855,0.2857142857142857,0.40887029227438954,0,Medium,Send personalized cross-modal loyalty incentive
U0136,54,E-Bike,3245,7.0,229000.0,0.2857142857142857,0.2857142857142857,0.40869072653519517,0,Medium,Send personalized cross-modal loyalty incentive
U0487,18,Metro/Bus,1291,7.0,186500.0,0.14285714285714285,0.2857142857142857,0.40836122663932106,0,Medium,Send personalized cross-modal loyalty incentive
U0660,49,Metro/Bus,3446,9.0,266000.0,0.2222222222222222,0.3333333333333333,0.4081980169059102,0,Medium,Send personalized cross-modal loyalty incentive
U1954,47,Metro/Bus,4280,5.0,91000.0,0.0,0.4,0.40798681071556936,0,Medium,Send personalized cross-modal loyalty incentive
U1373,39,Shuttle,2830,7.0,166500.0,0.5714285714285714,0.42857142857142855,0.40783260978039937,0,Medium,Send personalized cross-modal loyalty incentive
U0307,36,Metro/Bus,3028,5.0,182000.0,0.4,0.0,0.40778427430667463,0,Medium,Send personalized cross-modal loyalty incentive
U1776,39,Metro/Bus,4480,7.0,167000.0,0.2857142857142857,0.42857142857142855,0.4077384962073126,0,Medium,Send personalized cross-modal loyalty incentive
U0512,53,Metro/Bus,492,7.0,280500.0,0.5714285714285714,0.14285714285714285,0.4077307502924655,0,Medium,Send personalized cross-modal loyalty incentive
U1885,45,E-Bike,1547,7.0,133000.0,0.42857142857142855,0.2857142857142857,0.4077196538079459,0,Medium,Send personalized cross-modal loyalty incentive
U0460,55,Shuttle,2387,6.0,182000.0,0.5,0.16666666666666666,0.4076958668497878,0,Medium,Send personalized cross-modal loyalty incentive
U1811,48,Metro/Bus,4027,6.0,237000.0,0.16666666666666666,0.3333333333333333,0.4071427006048174,0,Medium,Send personalized cross-modal loyalty incentive
U0867,37,Metro/Bus,4252,6.0,186500.0,0.5,0.8333333333333334,0.4069945961699628,0,Medium,Send personalized cross-modal loyalty incentive
U0342,55,Metro/Bus,4245,4.0,105000.0,0.5,0.25,0.4067232210152044,0,Medium,Send personalized cross-modal loyalty incentive
U1213,54,Metro/Bus,4846,4.0,159500.0,0.5,0.25,0.40640848564641674,0,Medium,Send personalized cross-modal loyalty incentive
U1907,39,Shuttle,4420,7.0,186500.0,0.14285714285714285,0.42857142857142855,0.4063101642758536,0,Medium,Send personalized cross-modal loyalty incentive
U1661,26,Metro/Bus,4495,7.0,244500.0,0.2857142857142857,0.2857142857142857,0.4061038163553056,0,Medium,Send personalized cross-modal loyalty incentive
U1207,51,Shuttle,4921,7.0,226000.0,0.14285714285714285,0.2857142857142857,0.40591557621426894,0,Medium,Send personalized cross-modal loyalty incentive
U1010,20,E-Bike,3404,6.0,179500.0,0.5,0.5,0.40551165078742984,0,Medium,Send personalized cross-modal loyalty incentive
U0629,37,E-Bike,4758,6.0,140500.0,0.16666666666666666,0.0,0.40546503065302136,0,Medium,Send personalized cross-modal loyalty incentive
U0209,35,E-Bike,3770,8.0,273500.0,0.25,0.625,0.40537495088831177,0,Medium,Send personalized cross-modal loyalty incentive
U1296,29,E-Bike,4515,7.0,228000.0,0.14285714285714285,0.2857142857142857,0.4048486772455718,0,Medium,Send personalized cross-modal loyalty incentive
U0616,21,Metro/Bus,483,11.0,412500.0,0.36363636363636365,0.7272727272727273,0.4042375417087721,0,Medium,Send personalized cross-modal loyalty incentive
U1448,36,E-Bike,4713,7.0,178000.0,0.42857142857142855,0.42857142857142855,0.40420947978656746,0,Medium,Send personalized cross-modal loyalty incentive
U1096,53,Metro/Bus,3321,5.0,105000.0,0.2,0.2,0.404175756109064,0,Medium,Send personalized cross-modal loyalty incentive
U1808,51,E-Bike,3759,10.0,393500.0,0.2,0.6,0.40405534781825686,0,Medium,Send personalized cross-modal loyalty incentive
U0827,38,Metro/Bus,4449,5.0,193000.0,0.4,0.4,0.4038703515126919,0,Medium,Send personalized cross-modal loyalty incentive
U0781,23,Shuttle,3759,8.0,238000.0,0.25,0.75,0.4038406082014481,0,Medium,Send personalized cross-modal loyalty incentive
U0106,53,Shuttle,2250,5.0,149500.0,0.6,0.4,0.4038206750661634,0,Medium,Send personalized cross-modal loyalty incentive
U0362,27,Metro/Bus,1439,8.0,229500.0,0.125,0.375,0.4036389179399139,0,Medium,Send personalized cross-modal loyalty incentive
U1786,53,Metro/Bus,4731,3.0,100000.0,0.6666666666666666,0.3333333333333333,0.40360833411282176,0,Medium,Send personalized cross-modal loyalty incentive
U1291,41,E-Bike,4014,7.0,235500.0,0.2857142857142857,0.42857142857142855,0.40345533852072213,0,Medium,Send personalized cross-modal loyalty incentive
U1936,44,Metro/Bus,4070,7.0,197500.0,0.42857142857142855,0.7142857142857143,0.40260428000152015,0,Medium,Send personalized cross-modal loyalty incentive
U1134,39,Metro/Bus,4198,9.0,305000.0,0.3333333333333333,0.3333333333333333,0.4025217790542685,0,Medium,Send personalized cross-modal loyalty incentive
U0353,47,E-Bike,4921,6.0,47000.0,0.16666666666666666,0.3333333333333333,0.4020622337059673,0,Medium,Send personalized cross-modal loyalty incentive
U2120,27,Metro/Bus,2580,7.0,123000.0,0.2857142857142857,0.7142857142857143,0.40200887476394287,0,Medium,Send personalized cross-modal loyalty incentive
U0173,41,Metro/Bus,4759,6.0,170500.0,0.3333333333333333,0.5,0.40156543383011734,0,Medium,Send personalized cross-modal loyalty incentive
U0597,30,Metro/Bus,1545,2.0,80000.0,1.0,1.0,0.40106943788513505,0,Medium,Send personalized cross-modal loyalty incentive
U1178,31,Metro/Bus,4822,6.0,171500.0,0.5,0.16666666666666666,0.4009116867157445,0,Medium,Send personalized cross-modal loyalty incentive
U0229,47,E-Bike,772,8.0,159000.0,0.0,0.375,0.4008274597933585,0,Medium,Send personalized cross-modal loyalty incentive
U0214,49,E-Bike,3067,8.0,292500.0,0.25,0.25,0.4004685120840716,0,Medium,Send personalized cross-modal loyalty incentive
U1310,52,Metro/Bus,1402,8.0,230000.0,0.125,0.125,0.4001336125797666,0,Medium,Send personalized cross-modal loyalty incentive
U0745,23,Metro/Bus,4905,5.0,177500.0,0.4,0.8,0.3996763833474893,0,Low,Maintain normal engagement
U1536,28,E-Bike,3802,8.0,210000.0,0.25,0.5,0.3992700892440071,0,Low,Maintain normal engagement
U1184,28,Metro/Bus,3202,6.0,183500.0,0.8333333333333334,0.5,0.39899651885093623,0,Low,Maintain normal engagement
U0834,22,Metro/Bus,2756,9.0,286000.0,0.1111111111111111,0.5555555555555556,0.39890956853241305,0,Low,Maintain normal engagement
U0678,27,Metro/Bus,2823,7.0,189000.0,0.14285714285714285,0.42857142857142855,0.3982994991618046,0,Low,Maintain normal engagement
U0274,33,E-Bike,4024,8.0,173500.0,0.125,0.5,0.39820812618870394,0,Low,Maintain normal engagement
U1053,46,Metro/Bus,4260,7.0,170500.0,0.0,0.14285714285714285,0.397888308686103,0,Low,Maintain normal engagement
U1220,33,Metro/Bus,4517,4.0,86000.0,0.5,0.25,0.3978332997730131,0,Low,Maintain normal engagement
U0615,19,Metro/Bus,4450,5.0,183500.0,0.2,0.2,0.3977107246694238,0,Low,Maintain normal engagement
U0090,51,Metro/Bus,3084,6.0,186500.0,0.3333333333333333,0.8333333333333334,0.3975327943865662,0,Low,Maintain normal engagement
U1102,29,Metro/Bus,2197,6.0,191500.0,0.5,0.3333333333333333,0.39721247378194025,0,Low,Maintain normal engagement
U0766,26,Metro/Bus,1255,10.0,343000.0,0.1,0.6,0.39720221098196534,0,Low,Maintain normal engagement
U1441,30,E-Bike,2346,8.0,144000.0,0.25,0.375,0.39679577908717406,0,Low,Maintain normal engagement
U1135,34,Shuttle,308,1.0,64500.0,1.0,1.0,0.39677696844448584,0,Low,Maintain normal engagement
U0439,20,E-Bike,3584,8.0,226000.0,0.125,0.25,0.39671796748516697,0,Low,Maintain normal engagement
U1869,34,Metro/Bus,2050,7.0,162000.0,0.14285714285714285,0.5714285714285714,0.39670533437041783,0,Low,Maintain normal engagement
U1891,22,Metro/Bus,4735,4.0,109000.0,0.75,0.5,0.39612600113446234,0,Low,Maintain normal engagement
U1196,53,E-Bike,113,12.0,353000.0,0.0,0.5833333333333334,0.39588807603422677,0,Low,Maintain normal engagement
U2001,33,E-Bike,439,10.0,303500.0,0.2,0.4,0.39588548405618573,0,Low,Maintain normal engagement
U2068,46,Metro/Bus,1843,7.0,137500.0,0.2857142857142857,0.2857142857142857,0.39582965781875573,0,Low,Maintain normal engagement
U0521,24,Metro/Bus,4844,2.0,111000.0,0.5,0.5,0.39550461907748524,0,Low,Maintain normal engagement
U0645,38,Metro/Bus,4539,4.0,128500.0,0.5,0.5,0.39497503146208945,0,Low,Maintain normal engagement
U1416,40,Metro/Bus,3790,6.0,226000.0,0.5,0.5,0.39484296997868407,0,Low,Maintain normal engagement
U1208,50,Shuttle,2994,9.0,282000.0,0.3333333333333333,0.5555555555555556,0.39425800670974603,0,Low,Maintain normal engagement
U0668,27,Shuttle,4804,7.0,182500.0,0.42857142857142855,0.5714285714285714,0.39405193738087907,0,Low,Maintain normal engagement
U0286,29,Metro/Bus,2299,8.0,257500.0,0.375,0.375,0.39334059186798953,0,Low,Maintain normal engagement
U0112,38,Metro/Bus,4977,6.0,222500.0,0.5,0.8333333333333334,0.3930600326775642,0,Low,Maintain normal engagement
U0501,18,Metro/Bus,2191,1.0,64500.0,1.0,0.0,0.3927988210405876,0,Low,Maintain normal engagement
U1741,51,E-Bike,4202,7.0,127000.0,0.14285714285714285,0.2857142857142857,0.3925442116177493,0,Low,Maintain normal engagement
U0506,34,E-Bike,2418,11.0,310500.0,0.09090909090909091,0.36363636363636365,0.39200867805374756,0,Low,Maintain normal engagement
U1457,53,E-Bike,4356,8.0,258500.0,0.625,0.5,0.39115097300549523,0,Low,Maintain normal engagement
U0995,26,Metro/Bus,3910,7.0,146500.0,0.2857142857142857,0.5714285714285714,0.3905657964500993,0,Low,Maintain normal engagement
U1356,38,Shuttle,1005,10.0,229500.0,0.2,0.3,0.39051989037376494,0,Low,Maintain normal engagement
U1422,32,Shuttle,4068,8.0,175500.0,0.25,0.5,0.3901829541109764,0,Low,Maintain normal engagement
U1372,34,Metro/Bus,2734,8.0,177500.0,0.25,0.5,0.38791371643272504,0,Low,Maintain normal engagement
U1366,33,E-Bike,2534,7.0,135500.0,0.14285714285714285,0.42857142857142855,0.3874106209104664,0,Low,Maintain normal engagement
U0667,40,E-Bike,2413,10.0,267000.0,0.2,0.5,0.38726379046148396,0,Low,Maintain normal engagement
U0916,40,E-Bike,2120,6.0,182000.0,0.5,0.16666666666666666,0.38713836690599984,0,Low,Maintain normal engagement
U0768,24,Metro/Bus,4621,7.0,192000.0,0.2857142857142857,0.42857142857142855,0.3857970700098783,0,Low,Maintain normal engagement
U0822,23,E-Bike,4021,5.0,114000.0,0.6,0.6,0.38539527070230895,0,Low,Maintain normal engagement
U1502,37,Metro/Bus,526,8.0,188000.0,0.0,0.25,0.38497790740064075,0,Low,Maintain normal engagement
U1439,46,Metro/Bus,4704,7.0,243000.0,0.42857142857142855,0.14285714285714285,0.38485016588210635,0,Low,Maintain normal engagement
U1014,52,Metro/Bus,2415,8.0,242500.0,0.125,0.625,0.38400852484502374,0,Low,Maintain normal engagement
U2055,24,E-Bike,2986,9.0,278000.0,0.2222222222222222,0.5555555555555556,0.383969671663044,0,Low,Maintain normal engagement
U1770,42,Metro/Bus,4934,6.0,170500.0,0.3333333333333333,0.6666666666666666,0.38335361473911617,0,Low,Maintain normal engagement
U0070,46,E-Bike,4693,6.0,116000.0,0.3333333333333333,0.16666666666666666,0.38266002710906055,0,Low,Maintain normal engagement
U1986,49,Metro/Bus,3808,8.0,251000.0,0.25,0.625,0.3820260533051091,0,Low,Maintain normal engagement
U0752,20,Metro/Bus,2998,9.0,354000.0,0.4444444444444444,0.4444444444444444,0.3817895266875776,0,Low,Maintain normal engagement
U2078,48,Metro/Bus,1693,7.0,207000.0,0.42857142857142855,0.2857142857142857,0.38158914177472025,0,Low,Maintain normal engagement
U1669,24,Shuttle,1307,11.0,302000.0,0.09090909090909091,0.6363636363636364,0.38067616800181403,0,Low,Maintain normal engagement
U0961,33,E-Bike,1566,10.0,280500.0,0.3,0.5,0.3806386603590965,0,Low,Maintain normal engagement
U0400,35,E-Bike,4843,7.0,232500.0,0.42857142857142855,0.14285714285714285,0.3805912210360408,0,Low,Maintain normal engagement
U1589,53,E-Bike,3854,9.0,189000.0,0.1111111111111111,0.3333333333333333,0.3798519446908084,0,Low,Maintain normal engagement
U1777,24,E-Bike,3702,10.0,335500.0,0.1,0.4,0.37984883951700554,0,Low,Maintain normal engagement
U0550,32,E-Bike,4639,6.0,216000.0,0.6666666666666666,0.3333333333333333,0.3796525530274545,0,Low,Maintain normal engagement
U2188,53,Metro/Bus,2136,9.0,251500.0,0.2222222222222222,0.5555555555555556,0.37946277260529915,0,Low,Maintain normal engagement
U0150,34,Metro/Bus,661,7.0,146000.0,0.2857142857142857,0.42857142857142855,0.37943057573638467,0,Low,Maintain normal engagement
U1333,35,E-Bike,1341,12.0,352000.0,0.16666666666666666,0.3333333333333333,0.3786449633820476,0,Low,Maintain normal engagement
U1921,41,E-Bike,4752,8.0,256500.0,0.375,0.25,0.3777474950428218,0,Low,Maintain normal engagement
U2016,22,Metro/Bus,3914,7.0,187000.0,0.42857142857142855,0.7142857142857143,0.3774061701823128,0,Low,Maintain normal engagement
U0564,51,E-Bike,2994,8.0,226000.0,0.125,0.25,0.37588558636359537,0,Low,Maintain normal engagement
U2110,50,Metro/Bus,2097,5.0,130000.0,0.6,0.4,0.37360153173733573,0,Low,Maintain normal engagement
U0613,49,Metro/Bus,2462,10.0,303000.0,0.3,0.3,0.3733736503277495,0,Low,Maintain normal engagement
U2045,26,E-Bike,3791,7.0,174500.0,0.42857142857142855,0.42857142857142855,0.372845854931213,0,Low,Maintain normal engagement
U0722,44,Metro/Bus,3959,7.0,193000.0,0.2857142857142857,0.14285714285714285,0.36881841337441357,0,Low,Maintain normal engagement
U2092,47,E-Bike,3150,9.0,171000.0,0.1111111111111111,0.2222222222222222,0.36811867807900606,0,Low,Maintain normal engagement
U0893,51,E-Bike,2356,10.0,253500.0,0.2,0.4,0.36775027656444204,0,Low,Maintain normal engagement
U0435,18,Metro/Bus,1262,10.0,251000.0,0.3,0.3,0.3672639253225752,0,Low,Maintain normal engagement
U0614,44,E-Bike,3943,8.0,126000.0,0.25,0.25,0.3646001716930042,0,Low,Maintain normal engagement
U1294,19,Shuttle,4022,10.0,288500.0,0.2,0.3,0.3578310995567774,0,Low,Maintain normal engagement
U0032,18,E-Bike,4181,10.0,281500.0,0.2,0.3,0.35679716769831576,0,Low,Maintain normal engagement
U1823,25,E-Bike,4238,12.0,365500.0,0.25,0.4166666666666667,0.3566398334547056,0,Low,Maintain normal engagement
U0525,38,E-Bike,1817,10.0,216000.0,0.2,0.5,0.3552936549045248,0,Low,Maintain normal engagement
U0322,23,E-Bike,3588,11.0,293000.0,0.18181818181818182,0.2727272727272727,0.3489177267122074,0,Low,Maintain normal engagement
U2179,33,Shuttle,544,14.0,374000.0,0.14285714285714285,0.8571428571428571,0.34316776388716885,0,Low,Maintain normal engagement
U0809,29,Metro/Bus,1932,9.0,123000.0,0.2222222222222222,0.6666666666666666,0.34147143906008626,0,Low,Maintain normal engagement
U0815,19,E-Bike,2010,10.0,264000.0,0.4,0.2,0.33813307998472836,0,Low,Maintain normal engagement
U0239,54,Metro/Bus,3284,12.0,409500.0,0.25,0.75,0.33762565325253996,0,Low,Maintain normal engagement
U0293,37,E-Bike,4340,10.0,237500.0,0.2,0.4,0.3282513674362266,0,Low,Maintain normal engagement
U0302,25,E-Bike,4965,10.0,221500.0,0.2,0.2,0.32417910653862053,0,Low,Maintain normal engagement
