UserID,Age,Preferred_Mode,Loyalty_Points,Has_Churned,user_total_trips,user_total_revenue,user_avg_fare,user_avg_duration,user_weekend_trip_share,user_rain_trip_share,user_peak_trip_share,user_unique_start_stations,user_unique_end_stations,user_last_trip_date,user_first_trip_date,user_avg_temp,user_ebike_trips,user_shuttle_trips,user_metro_bus_trips,user_days_since_last_trip,user_customer_tenure_days,user_preferred_mode,age,loyalty_points
U0001,43,Shuttle,3290,0,3.0,112500.0,37500.0,25.0,0.6666666666666666,0.3333333333333333,0.3333333333333333,3.0,3.0,2025-10-25 09:38:30,2025-08-28 09:37:42,30.666666666666668,3.0,0.0,0.0,5.0,58.0,Shuttle,43,3290
U0002,42,Metro/Bus,4555,0,3.0,53000.0,17666.666666666668,21.333333333333332,0.3333333333333333,0.3333333333333333,0.3333333333333333,3.0,3.0,2025-10-13 09:46:15,2025-08-16 08:42:24,29.0,2.0,0.0,1.0,17.0,58.0,Metro/Bus,42,4555
U0003,55,E-Bike,4110,0,2.0,56000.0,28000.0,35.5,0.0,0.5,0.5,2.0,2.0,2025-10-14 14:02:56,2025-08-05 07:18:11,29.0,1.0,0.0,1.0,16.0,70.0,E-Bike,55,4110
U0004,41,E-Bike,4147,0,2.0,70500.0,35250.0,23.5,0.0,0.0,1.0,2.0,2.0,2025-10-08 18:57:48,2025-09-29 18:33:15,31.0,2.0,0.0,0.0,22.0,9.0,E-Bike,41,4147
U0005,36,Shuttle,3199,0,2.0,94000.0,47000.0,60.5,0.5,0.5,0.5,2.0,2.0,2025-09-13 09:43:52,2025-08-27 18:20:07,32.0,1.0,1.0,0.0,47.0,16.0,Shuttle,36,3199
U0006,27,E-Bike,699,0,7.0,242000.0,34571.42857142857,32.57142857142857,0.42857142857142855,0.2857142857142857,0.42857142857142855,4.0,5.0,2025-10-19 13:14:08,2025-08-14 18:12:50,32.57142857142857,4.0,1.0,2.0,11.0,65.0,E-Bike,27,699
U0007,52,Metro/Bus,886,0,6.0,133000.0,22166.666666666668,24.5,0.5,0.5,0.6666666666666666,5.0,4.0,2025-10-29 15:56:02,2025-08-07 07:09:47,30.666666666666668,4.0,0.0,2.0,1.0,83.0,Metro/Bus,52,886
U0008,55,E-Bike,2648,0,5.0,231000.0,46200.0,39.4,0.4,0.2,0.2,5.0,5.0,2025-10-22 08:15:49,2025-08-02 09:02:55,29.6,4.0,0.0,1.0,8.0,80.0,E-Bike,55,2648
U0009,30,E-Bike,2608,0,2.0,53500.0,26750.0,26.0,1.0,1.0,1.0,2.0,2.0,2025-09-28 17:05:39,2025-09-06 18:56:16,28.0,1.0,0.0,1.0,32.0,21.0,E-Bike,30,2608
U0010,40,Shuttle,1978,0,2.0,85000.0,42500.0,50.5,0.5,0.5,0.5,2.0,2.0,2025-10-30 18:30:22,2025-09-06 19:11:55,28.5,1.0,1.0,0.0,0.0,53.0,Shuttle,40,1978
U0011,24,E-Bike,4909,0,5.0,168000.0,33600.0,33.8,0.4,0.2,0.6,4.0,4.0,2025-10-30 18:38:16,2025-08-24 08:48:22,29.8,3.0,1.0,1.0,0.0,67.0,E-Bike,24,4909
U0012,31,E-Bike,3208,0,6.0,152500.0,25416.666666666668,39.5,0.3333333333333333,0.5,0.6666666666666666,4.0,4.0,2025-10-27 07:09:00,2025-08-07 19:28:59,29.5,2.0,1.0,3.0,3.0,80.0,E-Bike,31,3208
U0013,19,Shuttle,2004,0,1.0,20000.0,20000.0,49.0,0.0,0.0,0.0,1.0,1.0,2025-08-26 09:45:45,2025-08-26 09:45:45,30.0,0.0,0.0,1.0,65.0,0.0,Shuttle,19,2004
U0014,45,E-Bike,3885,0,3.0,70000.0,23333.333333333332,34.333333333333336,0.0,0.0,0.3333333333333333,2.0,1.0,2025-09-26 16:10:19,2025-09-19 18:10:23,29.333333333333332,0.0,1.0,2.0,34.0,6.0,E-Bike,45,3885
U0015,42,Shuttle,610,0,5.0,139500.0,27900.0,32.4,0.2,0.2,0.8,5.0,4.0,2025-10-26 18:32:20,2025-08-06 09:45:08,31.2,3.0,1.0,1.0,4.0,81.0,Shuttle,42,610
U0016,50,Metro/Bus,2742,0,5.0,181000.0,36200.0,34.2,0.2,0.2,0.2,3.0,4.0,2025-10-23 19:56:53,2025-08-31 19:35:41,28.6,3.0,1.0,1.0,7.0,53.0,Metro/Bus,50,2742
U0017,25,E-Bike,3242,0,3.0,35500.0,11833.333333333334,16.0,0.3333333333333333,0.0,1.0,2.0,2.0,2025-10-17 17:09:50,2025-08-03 18:23:57,30.333333333333332,2.0,0.0,1.0,13.0,74.0,E-Bike,25,3242
U0018,50,E-Bike,4032,0,3.0,88500.0,29500.0,24.333333333333332,0.3333333333333333,0.3333333333333333,0.3333333333333333,2.0,3.0,2025-10-01 08:55:14,2025-08-12 19:13:06,29.0,2.0,0.0,1.0,29.0,49.0,E-Bike,50,4032
U0019,40,Shuttle,169,0,2.0,86000.0,43000.0,45.5,1.0,0.0,1.0,1.0,2.0,2025-08-30 17:44:32,2025-08-23 17:25:45,32.5,1.0,0.0,1.0,61.0,7.0,Shuttle,40,169
U0020,40,E-Bike,1170,0,1.0,63000.0,63000.0,42.0,0.0,0.0,1.0,1.0,1.0,2025-08-06 18:41:39,2025-08-06 18:41:39,26.0,1.0,0.0,0.0,85.0,0.0,E-Bike,40,1170
U0021,52,E-Bike,4424,0,3.0,87000.0,29000.0,62.333333333333336,0.6666666666666666,0.0,0.3333333333333333,2.0,2.0,2025-10-18 17:57:15,2025-08-19 22:00:53,32.0,0.0,2.0,1.0,12.0,59.0,E-Bike,52,4424
U0022,53,Metro/Bus,2555,0,3.0,123500.0,41166.666666666664,41.333333333333336,0.0,0.0,0.6666666666666666,3.0,3.0,2025-09-23 08:37:48,2025-08-05 14:16:43,30.666666666666668,2.0,0.0,1.0,37.0,48.0,Metro/Bus,53,2555
U0023,26,Shuttle,3594,0,1.0,40000.0,40000.0,65.0,0.0,0.0,0.0,1.0,1.0,2025-09-18 19:51:49,2025-09-18 19:51:49,28.0,0.0,1.0,0.0,42.0,0.0,Shuttle,26,3594
U0024,33,Shuttle,1270,0,6.0,192500.0,32083.333333333332,41.5,0.3333333333333333,0.16666666666666666,0.6666666666666666,4.0,4.0,2025-10-13 17:30:06,2025-09-01 17:00:12,31.0,3.0,1.0,2.0,17.0,42.0,Shuttle,33,1270
U0025,54,E-Bike,1136,1,3.0,67500.0,22500.0,31.333333333333332,0.0,0.3333333333333333,0.3333333333333333,3.0,1.0,2025-10-09 21:01:32,2025-08-08 09:02:47,31.666666666666668,1.0,0.0,2.0,21.0,62.0,E-Bike,54,1136
U0026,19,Metro/Bus,605,1,4.0,110000.0,27500.0,32.5,0.25,0.25,0.75,3.0,4.0,2025-10-10 07:11:38,2025-08-07 19:40:28,32.0,2.0,0.0,2.0,20.0,63.0,Metro/Bus,19,605
U0027,55,E-Bike,1120,0,1.0,61500.0,61500.0,41.0,0.0,0.0,1.0,1.0,1.0,2025-10-16 07:41:48,2025-10-16 07:41:48,35.0,1.0,0.0,0.0,14.0,0.0,E-Bike,55,1120
U0028,23,E-Bike,2803,1,3.0,43500.0,14500.0,9.666666666666666,0.0,0.0,0.6666666666666666,3.0,3.0,2025-10-13 19:27:50,2025-08-15 07:30:22,31.333333333333332,3.0,0.0,0.0,17.0,59.0,E-Bike,23,2803
U0029,34,E-Bike,669,0,5.0,142500.0,28500.0,41.0,0.4,0.0,0.0,3.0,5.0,2025-10-13 21:25:00,2025-08-02 09:24:22,29.4,1.0,0.0,4.0,17.0,72.0,E-Bike,34,669
U0030,27,E-Bike,3326,0,6.0,141500.0,23583.333333333332,28.666666666666668,0.16666666666666666,0.16666666666666666,0.3333333333333333,5.0,3.0,2025-09-27 07:44:44,2025-08-26 06:53:12,31.0,3.0,2.0,1.0,33.0,32.0,E-Bike,27,3326
U0031,39,E-Bike,3324,1,6.0,175500.0,29250.0,47.666666666666664,0.3333333333333333,0.3333333333333333,0.5,4.0,6.0,2025-10-21 22:54:30,2025-08-01 18:32:52,30.833333333333332,3.0,2.0,1.0,9.0,81.0,E-Bike,39,3324
U0032,18,E-Bike,4181,0,10.0,281500.0,28150.0,27.0,0.2,0.2,0.3,5.0,5.0,2025-10-29 07:32:25,2025-08-03 19:23:38,30.6,7.0,2.0,1.0,1.0,86.0,E-Bike,18,4181
U0033,21,Shuttle,3284,0,4.0,117000.0,29250.0,30.5,0.25,0.0,0.25,3.0,4.0,2025-09-29 17:11:13,2025-08-05 20:02:36,30.25,3.0,0.0,1.0,31.0,54.0,Shuttle,21,3284
U0034,28,E-Bike,4783,0,4.0,217000.0,54250.0,48.25,0.5,0.75,0.25,3.0,3.0,2025-10-06 09:43:40,2025-09-07 09:11:02,31.0,3.0,1.0,0.0,24.0,29.0,E-Bike,28,4783
U0035,41,E-Bike,3656,0,3.0,160500.0,53500.0,35.666666666666664,0.3333333333333333,0.0,1.0,2.0,3.0,2025-10-25 18:26:17,2025-08-01 17:12:02,28.666666666666668,3.0,0.0,0.0,5.0,85.0,E-Bike,41,3656
U0036,52,E-Bike,4183,0,7.0,196500.0,28071.428571428572,29.571428571428573,0.42857142857142855,0.42857142857142855,0.8571428571428571,4.0,5.0,2025-09-29 07:56:35,2025-08-16 17:50:50,30.571428571428573,5.0,0.0,2.0,31.0,43.0,E-Bike,52,4183
U0037,30,Shuttle,1094,0,2.0,46500.0,23250.0,38.0,0.0,0.0,0.5,2.0,2.0,2025-10-16 19:11:28,2025-08-01 18:18:32,27.0,1.0,0.0,1.0,14.0,76.0,Shuttle,30,1094
U0038,21,E-Bike,434,0,5.0,190000.0,38000.0,36.4,0.2,0.2,0.4,5.0,4.0,2025-10-13 12:28:25,2025-08-15 19:35:25,31.0,4.0,1.0,0.0,17.0,58.0,E-Bike,21,434
U0039,33,E-Bike,4083,1,7.0,242500.0,34642.857142857145,28.714285714285715,0.5714285714285714,0.2857142857142857,0.2857142857142857,5.0,5.0,2025-10-12 09:01:26,2025-08-03 19:21:05,30.857142857142858,6.0,1.0,0.0,18.0,69.0,E-Bike,33,4083
U0040,20,E-Bike,2905,0,3.0,95000.0,31666.666666666668,61.0,0.0,0.0,0.0,3.0,3.0,2025-10-16 19:42:25,2025-08-19 20:49:45,30.666666666666668,0.0,2.0,1.0,14.0,57.0,E-Bike,20,2905
U0041,22,Metro/Bus,4360,0,5.0,128000.0,25600.0,48.4,0.2,0.2,0.6,3.0,3.0,2025-10-24 17:58:06,2025-08-05 18:50:45,30.2,2.0,1.0,2.0,6.0,79.0,Metro/Bus,22,4360
U0042,23,E-Bike,1311,0,2.0,92500.0,46250.0,32.5,0.5,0.0,0.5,2.0,2.0,2025-09-27 17:29:33,2025-08-18 15:24:53,27.0,1.0,1.0,0.0,33.0,40.0,E-Bike,23,1311
U0043,27,Metro/Bus,1381,0,5.0,162500.0,32500.0,39.0,0.4,0.2,0.8,4.0,4.0,2025-10-11 17:59:12,2025-08-12 18:14:56,32.8,2.0,0.0,3.0,19.0,59.0,Metro/Bus,27,1381
U0044,28,Shuttle,2147,1,7.0,228500.0,32642.85714285714,40.714285714285715,0.2857142857142857,0.42857142857142855,0.42857142857142855,5.0,5.0,2025-10-29 08:35:23,2025-08-30 09:26:01,31.571428571428573,4.0,1.0,2.0,1.0,59.0,Shuttle,28,2147
U0045,38,Metro/Bus,849,0,7.0,205000.0,29285.714285714286,32.42857142857143,0.2857142857142857,0.14285714285714285,0.5714285714285714,6.0,5.0,2025-10-28 10:28:47,2025-09-06 17:50:01,30.857142857142858,4.0,0.0,3.0,2.0,51.0,Metro/Bus,38,849
U0046,34,Metro/Bus,928,0,3.0,127500.0,42500.0,28.333333333333332,0.6666666666666666,0.3333333333333333,0.6666666666666666,2.0,3.0,2025-10-30 07:21:20,2025-10-12 09:10:08,29.666666666666668,3.0,0.0,0.0,0.0,17.0,Metro/Bus,34,928
U0047,26,Shuttle,4789,0,4.0,81000.0,20250.0,30.5,0.25,0.0,0.75,3.0,4.0,2025-10-13 17:27:17,2025-08-19 19:10:11,31.0,2.0,1.0,1.0,17.0,54.0,Shuttle,26,4789
U0048,33,E-Bike,2755,1,3.0,80000.0,26666.666666666668,25.333333333333332,0.6666666666666666,0.0,0.6666666666666666,2.0,3.0,2025-10-10 18:53:19,2025-09-14 17:57:59,32.0,2.0,0.0,1.0,20.0,26.0,E-Bike,33,2755
U0049,19,E-Bike,3060,0,8.0,324500.0,40562.5,37.625,0.0,0.0,0.375,6.0,6.0,2025-10-27 19:45:27,2025-08-01 18:18:35,30.25,6.0,2.0,0.0,3.0,87.0,E-Bike,19,3060
U0050,19,Shuttle,579,0,8.0,196000.0,24500.0,30.75,0.5,0.25,0.25,6.0,6.0,2025-10-19 22:27:10,2025-08-20 16:43:50,31.25,3.0,1.0,4.0,11.0,60.0,Shuttle,19,579
U0051,20,Metro/Bus,475,0,4.0,191500.0,47875.0,32.75,0.75,0.0,0.0,3.0,3.0,2025-09-22 21:08:01,2025-08-09 09:47:23,29.25,3.0,1.0,0.0,38.0,44.0,Metro/Bus,20,475
U0052,55,Metro/Bus,2988,0,6.0,74500.0,12416.666666666666,31.0,0.16666666666666666,0.6666666666666666,0.5,4.0,3.0,2025-09-30 17:22:21,2025-08-05 07:11:36,31.166666666666668,3.0,0.0,3.0,30.0,56.0,Metro/Bus,55,2988
U0053,19,E-Bike,1749,1,2.0,55000.0,27500.0,35.5,0.0,0.0,0.5,2.0,2.0,2025-08-21 07:46:40,2025-08-20 19:22:08,30.0,1.0,0.0,1.0,70.0,0.0,E-Bike,19,1749
U0054,18,Shuttle,4915,0,4.0,97000.0,24250.0,28.75,0.75,0.5,0.25,3.0,2.0,2025-10-05 19:06:29,2025-08-31 07:09:36,31.75,3.0,0.0,1.0,25.0,35.0,Shuttle,18,4915
U0055,33,Shuttle,2226,0,1.0,45000.0,45000.0,30.0,0.0,0.0,0.0,1.0,1.0,2025-09-02 21:49:45,2025-09-02 21:49:45,28.0,1.0,0.0,0.0,58.0,0.0,Shuttle,33,2226
U0056,24,Shuttle,120,1,4.0,94000.0,23500.0,20.75,0.25,0.25,0.25,2.0,3.0,2025-09-11 19:34:26,2025-08-17 19:21:27,27.75,3.0,0.0,1.0,49.0,25.0,Shuttle,24,120
U0057,36,Metro/Bus,4591,1,1.0,22500.0,22500.0,15.0,0.0,0.0,1.0,1.0,1.0,2025-08-25 08:46:08,2025-08-25 08:46:08,33.0,1.0,0.0,0.0,66.0,0.0,Metro/Bus,36,4591
U0058,49,E-Bike,3634,1,4.0,193500.0,48375.0,32.25,0.0,0.5,0.5,2.0,4.0,2025-10-23 21:27:42,2025-08-20 07:32:22,29.0,4.0,0.0,0.0,7.0,64.0,E-Bike,49,3634
U0059,45,E-Bike,301,0,5.0,211500.0,42300.0,44.8,0.4,0.2,0.8,5.0,5.0,2025-10-27 17:44:26,2025-08-09 07:03:09,28.4,2.0,3.0,0.0,3.0,79.0,E-Bike,45,301
U0060,23,Metro/Bus,3785,0,3.0,107500.0,35833.333333333336,31.333333333333332,0.3333333333333333,0.0,0.3333333333333333,2.0,3.0,2025-10-01 07:26:38,2025-08-16 09:53:14,31.666666666666668,2.0,0.0,1.0,29.0,45.0,Metro/Bus,23,3785
U0061,45,E-Bike,2280,0,4.0,127500.0,31875.0,27.5,0.5,0.5,0.5,4.0,3.0,2025-08-26 09:09:34,2025-08-10 17:22:22,29.5,3.0,0.0,1.0,65.0,15.0,E-Bike,45,2280
U0062,28,Shuttle,1373,0,6.0,219500.0,36583.333333333336,31.333333333333332,0.3333333333333333,0.3333333333333333,0.5,4.0,4.0,2025-10-20 17:24:59,2025-08-10 08:05:21,31.0,5.0,0.0,1.0,10.0,71.0,Shuttle,28,1373
U0063,18,Shuttle,4519,0,1.0,40000.0,40000.0,35.0,0.0,0.0,0.0,1.0,1.0,2025-08-18 09:33:48,2025-08-18 09:33:48,26.0,0.0,1.0,0.0,73.0,0.0,Shuttle,18,4519
U0064,20,E-Bike,1506,0,5.0,97000.0,19400.0,45.6,0.4,0.6,0.4,3.0,2.0,2025-10-28 16:45:35,2025-08-17 18:16:12,31.0,1.0,1.0,3.0,2.0,71.0,E-Bike,20,1506
U0065,30,E-Bike,1734,0,8.0,201000.0,25125.0,35.75,0.5,0.0,0.25,3.0,6.0,2025-10-29 19:28:08,2025-08-16 07:54:51,29.875,3.0,1.0,4.0,1.0,74.0,E-Bike,30,1734
U0066,22,Metro/Bus,969,0,3.0,111000.0,37000.0,49.666666666666664,0.0,0.0,0.3333333333333333,3.0,2.0,2025-10-13 11:54:12,2025-09-09 09:31:35,31.666666666666668,1.0,1.0,1.0,17.0,34.0,Metro/Bus,22,969
U0067,47,Metro/Bus,12,1,3.0,118000.0,39333.333333333336,38.666666666666664,0.6666666666666666,0.0,0.6666666666666666,3.0,2.0,2025-10-23 13:03:34,2025-08-24 17:38:34,30.0,1.0,1.0,1.0,7.0,59.0,Metro/Bus,47,12
U0068,47,Metro/Bus,1527,0,3.0,77000.0,25666.666666666668,43.666666666666664,0.3333333333333333,0.3333333333333333,0.6666666666666666,3.0,2.0,2025-10-10 08:18:38,2025-08-24 08:51:07,29.0,1.0,1.0,1.0,20.0,46.0,Metro/Bus,47,1527
U0069,38,E-Bike,1820,0,4.0,148000.0,37000.0,33.0,0.5,0.25,0.25,3.0,2.0,2025-10-21 15:46:47,2025-08-26 22:00:22,30.25,3.0,1.0,0.0,9.0,55.0,E-Bike,38,1820
U0070,46,E-Bike,4693,1,6.0,116000.0,19333.333333333332,33.0,0.16666666666666666,0.3333333333333333,0.16666666666666666,5.0,4.0,2025-10-30 09:19:31,2025-08-12 14:22:03,28.833333333333332,3.0,0.0,3.0,0.0,78.0,E-Bike,46,4693
U0071,37,E-Bike,3374,0,3.0,125500.0,41833.333333333336,46.0,0.0,0.0,0.0,2.0,3.0,2025-09-24 11:03:18,2025-08-06 09:52:05,31.0,2.0,1.0,0.0,36.0,49.0,E-Bike,37,3374
U0072,30,Metro/Bus,541,1,4.0,117000.0,29250.0,19.5,0.25,0.0,0.5,3.0,2.0,2025-10-09 07:54:13,2025-08-02 11:40:34,31.5,4.0,0.0,0.0,21.0,67.0,Metro/Bus,30,541
U0073,29,E-Bike,3968,0,6.0,199000.0,33166.666666666664,24.5,0.3333333333333333,0.3333333333333333,1.0,4.0,4.0,2025-10-28 08:53:01,2025-08-03 07:08:26,29.333333333333332,5.0,0.0,1.0,2.0,86.0,E-Bike,29,3968
U0074,43,Metro/Bus,557,0,1.0,7500.0,7500.0,5.0,0.0,0.0,0.0,1.0,1.0,2025-08-13 09:11:06,2025-08-13 09:11:06,31.0,1.0,0.0,0.0,78.0,0.0,Metro/Bus,43,557
U0075,31,Shuttle,3233,0,1.0,15000.0,15000.0,25.0,0.0,0.0,0.0,1.0,1.0,2025-10-06 10:27:45,2025-10-06 10:27:45,26.0,0.0,0.0,1.0,24.0,0.0,Shuttle,31,3233
U0076,21,Shuttle,2520,1,6.0,158500.0,26416.666666666668,26.166666666666668,0.5,0.16666666666666666,0.6666666666666666,5.0,4.0,2025-10-27 22:57:10,2025-08-09 18:28:01,30.0,3.0,0.0,3.0,3.0,79.0,Shuttle,21,2520
U0077,37,Shuttle,2630,0,8.0,286000.0,35750.0,32.625,0.25,0.625,0.5,5.0,7.0,2025-10-22 08:21:13,2025-08-08 08:13:02,29.625,6.0,1.0,1.0,8.0,75.0,Shuttle,37,2630
U0078,47,Metro/Bus,4268,0,4.0,88500.0,22125.0,25.75,0.25,0.5,0.5,3.0,3.0,2025-08-28 10:19:30,2025-08-15 07:25:42,27.5,3.0,0.0,1.0,63.0,13.0,Metro/Bus,47,4268
U0079,18,Shuttle,2799,1,7.0,162500.0,23214.285714285714,31.571428571428573,0.5714285714285714,0.2857142857142857,0.2857142857142857,5.0,5.0,2025-10-27 17:09:15,2025-08-05 13:14:00,29.571428571428573,4.0,1.0,2.0,3.0,83.0,Shuttle,18,2799
U0080,37,E-Bike,1903,0,5.0,193000.0,38600.0,32.2,0.8,0.6,0.0,4.0,5.0,2025-10-18 11:09:36,2025-08-02 19:01:54,30.2,4.0,1.0,0.0,12.0,76.0,E-Bike,37,1903
U0081,23,E-Bike,3228,0,5.0,187500.0,37500.0,42.2,0.4,0.4,0.4,3.0,4.0,2025-10-28 06:49:06,2025-08-11 19:09:46,30.8,3.0,1.0,1.0,2.0,77.0,E-Bike,23,3228
U0082,30,E-Bike,3738,0,5.0,94000.0,18800.0,27.0,0.4,0.2,0.2,4.0,4.0,2025-10-24 09:31:28,2025-08-18 08:02:58,30.6,3.0,0.0,2.0,6.0,67.0,E-Bike,30,3738
U0083,32,Metro/Bus,450,0,1.0,20000.0,20000.0,33.0,0.0,1.0,0.0,1.0,1.0,2025-10-07 19:48:58,2025-10-07 19:48:58,34.0,0.0,0.0,1.0,23.0,0.0,Metro/Bus,32,450
U0084,25,E-Bike,3470,0,3.0,89500.0,29833.333333333332,26.0,1.0,0.3333333333333333,0.6666666666666666,3.0,2.0,2025-10-19 07:59:05,2025-08-10 07:38:37,33.0,2.0,1.0,0.0,11.0,70.0,E-Bike,25,3470
U0085,48,E-Bike,4345,1,5.0,155000.0,31000.0,32.2,0.0,0.0,0.0,5.0,3.0,2025-10-30 06:03:24,2025-09-05 16:30:16,34.2,2.0,2.0,1.0,0.0,54.0,E-Bike,48,4345
U0086,44,E-Bike,3009,0,1.0,33000.0,33000.0,22.0,0.0,0.0,0.0,1.0,1.0,2025-09-02 09:11:24,2025-09-02 09:11:24,29.0,1.0,0.0,0.0,58.0,0.0,E-Bike,44,3009
U0087,20,E-Bike,2844,1,4.0,158000.0,39500.0,43.75,0.25,0.5,0.75,4.0,3.0,2025-10-08 19:56:30,2025-08-05 08:02:26,33.25,2.0,2.0,0.0,22.0,64.0,E-Bike,20,2844
U0088,29,Metro/Bus,5000,0,2.0,39000.0,19500.0,20.5,0.0,0.0,0.5,2.0,2.0,2025-09-18 07:34:48,2025-09-11 20:23:26,29.0,1.0,0.0,1.0,42.0,6.0,Metro/Bus,29,5000
U0089,32,Metro/Bus,1458,0,5.0,166500.0,33300.0,48.4,0.6,0.4,0.6,5.0,4.0,2025-10-25 07:27:26,2025-09-10 13:38:56,31.4,2.0,2.0,1.0,5.0,44.0,Metro/Bus,32,1458
U0090,51,Metro/Bus,3084,0,6.0,186500.0,31083.333333333332,25.833333333333332,0.16666666666666666,0.3333333333333333,0.8333333333333334,4.0,5.0,2025-10-26 18:06:47,2025-08-07 18:38:49,29.166666666666668,4.0,2.0,0.0,4.0,79.0,Metro/Bus,51,3084
U0091,49,Metro/Bus,2271,0,5.0,259500.0,51900.0,34.6,0.0,0.2,0.4,3.0,5.0,2025-10-15 12:02:07,2025-08-26 08:19:35,31.0,5.0,0.0,0.0,15.0,50.0,Metro/Bus,49,2271
U0092,32,E-Bike,2222,1,7.0,222000.0,31714.285714285714,31.714285714285715,0.42857142857142855,0.14285714285714285,0.7142857142857143,4.0,4.0,2025-10-25 13:34:45,2025-08-09 08:38:06,29.571428571428573,5.0,1.0,1.0,5.0,77.0,E-Bike,32,2222
U0093,21,Metro/Bus,3442,0,4.0,131500.0,32875.0,26.5,0.0,0.0,0.5,2.0,3.0,2025-10-10 17:12:46,2025-08-01 16:59:35,30.0,3.0,1.0,0.0,20.0,70.0,Metro/Bus,21,3442
U0094,45,Metro/Bus,4750,0,5.0,181000.0,36200.0,40.0,0.6,0.8,0.4,4.0,4.0,2025-10-19 07:20:19,2025-08-09 21:43:18,33.0,2.0,2.0,1.0,11.0,70.0,Metro/Bus,45,4750
U0095,28,Shuttle,4558,0,7.0,243500.0,34785.71428571428,37.857142857142854,0.14285714285714285,0.0,0.0,5.0,5.0,2025-10-22 14:08:41,2025-09-04 12:12:51,32.142857142857146,4.0,2.0,1.0,8.0,48.0,Shuttle,28,4558
U0096,23,Metro/Bus,41,0,8.0,259500.0,32437.5,31.25,0.25,0.25,0.5,5.0,3.0,2025-10-08 19:10:28,2025-08-04 07:49:13,30.5,4.0,0.0,4.0,22.0,65.0,Metro/Bus,23,41
U0097,32,E-Bike,221,0,4.0,101500.0,25375.0,27.25,0.25,0.25,0.75,3.0,3.0,2025-10-12 18:26:07,2025-09-02 08:42:01,31.25,3.0,0.0,1.0,18.0,40.0,E-Bike,32,221
U0098,36,Metro/Bus,930,1,6.0,160500.0,26750.0,27.166666666666668,0.16666666666666666,0.16666666666666666,0.3333333333333333,4.0,2.0,2025-10-12 13:23:32,2025-08-13 06:32:27,32.333333333333336,4.0,0.0,2.0,18.0,60.0,Metro/Bus,36,930
U0099,30,E-Bike,1179,0,1.0,40000.0,40000.0,66.0,0.0,0.0,1.0,1.0,1.0,2025-10-22 07:25:54,2025-10-22 07:25:54,33.0,0.0,1.0,0.0,8.0,0.0,E-Bike,30,1179
U0100,40,E-Bike,824,0,0.0,0.0,0.0,0.0,0.0,0.0,0.0,0.0,0.0,,,0.0,0.0,0.0,0.0,0.0,0.0,E-Bike,40,824
U0101,28,Shuttle,4838,0,3.0,82500.0,27500.0,18.333333333333332,0.0,0.0,0.0,3.0,3.0,2025-10-23 09:25:41,2025-08-11 15:52:19,29.666666666666668,3.0,0.0,0.0,7.0,72.0,Shuttle,28,4838
U0102,41,E-Bike,2194,0,3.0,112000.0,37333.333333333336,28.666666666666668,0.0,0.0,1.0,3.0,3.0,2025-10-28 08:28:57,2025-10-16 17:42:31,30.0,2.0,0.0,1.0,2.0,11.0,E-Bike,41,2194
U0103,44,E-Bike,4715,0,3.0,118500.0,39500.0,26.333333333333332,0.0,0.3333333333333333,1.0,3.0,2.0,2025-10-13 07:44:50,2025-09-03 07:34:29,28.0,3.0,0.0,0.0,17.0,40.0,E-Bike,44,4715
U0104,44,Shuttle,4529,1,1.0,40000.0,40000.0,40.0,0.0,1.0,0.0,1.0,1.0,2025-08-21 19:11:14,2025-08-21 19:11:14,35.0,0.0,1.0,0.0,70.0,0.0,Shuttle,44,4529
U0105,24,Metro/Bus,2501,0,5.0,179000.0,35800.0,27.4,0.0,0.2,0.6,5.0,4.0,2025-10-28 18:52:04,2025-08-07 09:30:45,30.4,4.0,0.0,1.0,2.0,82.0,Metro/Bus,24,2501
U0106,53,Shuttle,2250,0,5.0,149500.0,29900.0,32.8,0.0,0.6,0.4,3.0,4.0,2025-10-29 19:11:58,2025-08-04 06:30:20,29.0,3.0,1.0,1.0,1.0,86.0,Shuttle,53,2250
U0107,42,E-Bike,1748,1,7.0,207000.0,29571.428571428572,26.285714285714285,0.2857142857142857,0.2857142857142857,0.42857142857142855,5.0,5.0,2025-10-13 19:16:52,2025-09-05 09:51:49,30.714285714285715,6.0,0.0,1.0,17.0,38.0,E-Bike,42,1748
U0108,49,Metro/Bus,3478,1,4.0,144500.0,36125.0,47.0,0.0,0.0,0.25,4.0,4.0,2025-10-17 19:34:06,2025-08-05 09:19:35,31.25,1.0,1.0,2.0,13.0,73.0,Metro/Bus,49,3478
U0109,52,Metro/Bus,60,0,0.0,0.0,0.0,0.0,0.0,0.0,0.0,0.0,0.0,,,0.0,0.0,0.0,0.0,0.0,0.0,Metro/Bus,52,60
U0110,43,Metro/Bus,1524,1,5.0,169000.0,33800.0,33.2,0.2,0.4,0.4,4.0,3.0,2025-10-23 08:56:39,2025-09-01 07:08:19,33.6,3.0,1.0,1.0,7.0,52.0,Metro/Bus,43,1524
U0111,50,Metro/Bus,1925,1,3.0,96000.0,32000.0,21.333333333333332,0.3333333333333333,0.0,0.3333333333333333,2.0,2.0,2025-10-15 18:09:20,2025-09-03 09:53:31,31.0,3.0,0.0,0.0,15.0,42.0,Metro/Bus,50,1925
U0112,38,Metro/Bus,4977,0,6.0,222500.0,37083.333333333336,42.833333333333336,0.0,0.5,0.8333333333333334,4.0,5.0,2025-10-14 17:57:17,2025-08-11 07:07:33,29.666666666666668,2.0,2.0,2.0,16.0,64.0,Metro/Bus,38,4977
U0113,18,E-Bike,2025,0,5.0,111500.0,22300.0,32.4,0.6,0.2,0.4,3.0,4.0,2025-10-16 17:05:47,2025-08-14 09:22:38,28.8,3.0,0.0,2.0,14.0,63.0,E-Bike,18,2025
U0114,44,E-Bike,4785,0,2.0,51000.0,25500.0,17.0,1.0,0.5,0.5,2.0,2.0,2025-10-18 19:08:40,2025-10-04 08:25:43,29.5,2.0,0.0,0.0,12.0,14.0,E-Bike,44,4785
U0115,33,E-Bike,1067,1,3.0,118000.0,39333.333333333336,42.333333333333336,0.0,0.0,0.3333333333333333,3.0,2.0,2025-10-28 11:04:57,2025-08-29 09:40:41,31.0,2.0,1.0,0.0,2.0,60.0,E-Bike,33,1067
U0116,54,Shuttle,2802,0,6.0,215500.0,35916.666666666664,34.5,0.0,0.16666666666666666,0.5,5.0,5.0,2025-09-22 09:52:34,2025-08-07 18:56:59,31.333333333333332,5.0,1.0,0.0,38.0,45.0,Shuttle,54,2802
U0117,51,Metro/Bus,3329,0,4.0,66000.0,16500.0,27.5,0.25,0.0,0.75,4.0,4.0,2025-10-28 18:47:43,2025-08-20 07:45:17,30.25,1.0,1.0,2.0,2.0,69.0,Metro/Bus,51,3329
U0118,44,E-Bike,2906,0,3.0,118500.0,39500.0,26.333333333333332,0.3333333333333333,0.0,0.0,2.0,3.0,2025-10-08 10:50:26,2025-08-31 19:10:31,31.333333333333332,3.0,0.0,0.0,22.0,37.0,E-Bike,44,2906
U0119,42,E-Bike,3461,0,1.0,37500.0,37500.0,25.0,0.0,0.0,1.0,1.0,1.0,2025-09-08 08:35:39,2025-09-08 08:35:39,32.0,1.0,0.0,0.0,52.0,0.0,E-Bike,42,3461
U0120,52,E-Bike,1054,1,10.0,335000.0,33500.0,26.1,0.0,0.0,0.5,7.0,5.0,2025-10-27 07:21:46,2025-08-12 08:25:41,30.6,9.0,0.0,1.0,3.0,75.0,E-Bike,52,1054
U0121,49,E-Bike,3940,0,1.0,39000.0,39000.0,26.0,1.0,0.0,0.0,1.0,1.0,2025-09-28 22:46:16,2025-09-28 22:46:16,34.0,1.0,0.0,0.0,32.0,0.0,E-Bike,49,3940
U0122,50,Metro/Bus,3245,0,5.0,204500.0,40900.0,36.2,0.2,0.0,0.0,5.0,3.0,2025-10-29 19:26:55,2025-08-21 06:35:24,31.0,4.0,0.0,1.0,1.0,69.0,Metro/Bus,50,3245
U0123,28,Metro/Bus,1375,1,4.0,102000.0,25500.0,24.5,0.25,0.0,0.0,4.0,3.0,2025-10-20 22:10:43,2025-09-26 13:03:59,32.5,3.0,0.0,1.0,10.0,24.0,Metro/Bus,28,1375
U0124,26,E-Bike,121,0,3.0,39500.0,13166.666666666666,32.0,0.3333333333333333,0.0,0.3333333333333333,3.0,3.0,2025-10-13 07:10:51,2025-09-25 10:50:30,33.666666666666664,1.0,0.0,2.0,17.0,17.0,E-Bike,26,121
U0125,52,Shuttle,2744,0,5.0,147500.0,29500.0,24.8,0.6,0.4,0.2,4.0,5.0,2025-10-18 17:03:00,2025-08-14 12:13:51,28.2,3.0,1.0,1.0,12.0,65.0,Shuttle,52,2744
U0126,26,Shuttle,2785,0,12.0,466000.0,38833.333333333336,41.25,0.16666666666666666,0.25,0.5833333333333334,5.0,7.0,2025-10-27 09:05:42,2025-08-03 17:26:46,31.333333333333332,7.0,4.0,1.0,3.0,84.0,Shuttle,26,2785
U0127,45,Metro/Bus,2969,0,4.0,142500.0,35625.0,30.0,0.5,0.5,0.25,2.0,4.0,2025-10-11 11:45:07,2025-08-14 07:59:54,30.75,2.0,1.0,1.0,19.0,58.0,Metro/Bus,45,2969
U0128,28,E-Bike,265,0,3.0,77500.0,25833.333333333332,32.333333333333336,0.0,0.3333333333333333,0.0,3.0,2.0,2025-09-23 06:17:04,2025-08-19 16:59:56,32.0,2.0,0.0,1.0,37.0,34.0,E-Bike,28,265
U0129,23,Shuttle,4495,0,7.0,223000.0,31857.14285714286,31.285714285714285,0.2857142857142857,0.0,0.42857142857142855,6.0,5.0,2025-10-27 08:12:36,2025-08-16 09:15:02,29.571428571428573,4.0,1.0,2.0,3.0,71.0,Shuttle,23,4495
U0130,51,Metro/Bus,95,0,2.0,53000.0,26500.0,22.0,0.0,0.5,0.5,2.0,2.0,2025-10-23 09:00:46,2025-09-09 18:40:14,30.0,1.0,0.0,1.0,7.0,43.0,Metro/Bus,51,95
U0131,46,E-Bike,2329,0,3.0,65000.0,21666.666666666668,16.0,0.3333333333333333,0.0,0.3333333333333333,3.0,3.0,2025-10-03 10:25:49,2025-08-03 17:57:35,28.666666666666668,2.0,0.0,1.0,27.0,60.0,E-Bike,46,2329
U0132,25,Metro/Bus,3739,0,5.0,183000.0,36600.0,24.4,0.2,0.2,0.4,4.0,4.0,2025-10-20 20:34:50,2025-09-06 15:53:43,32.2,5.0,0.0,0.0,10.0,44.0,Metro/Bus,25,3739
U0133,55,E-Bike,2551,0,8.0,278000.0,34750.0,35.125,0.375,0.0,0.25,7.0,6.0,2025-10-27 10:56:58,2025-08-01 12:00:12,31.75,4.0,2.0,2.0,3.0,86.0,E-Bike,55,2551
U0134,36,Shuttle,2942,0,4.0,203500.0,50875.0,45.0,0.5,0.0,0.75,3.0,4.0,2025-09-16 06:02:47,2025-08-16 08:22:22,29.25,3.0,1.0,0.0,44.0,30.0,Shuttle,36,2942
U0135,47,E-Bike,4006,0,3.0,95500.0,31833.333333333332,30.333333333333332,0.0,0.0,1.0,3.0,3.0,2025-10-22 18:45:59,2025-08-15 17:10:54,30.0,1.0,1.0,1.0,8.0,68.0,E-Bike,47,4006
U0136,54,E-Bike,3245,0,7.0,229000.0,32714.285714285714,42.285714285714285,0.42857142857142855,0.2857142857142857,0.2857142857142857,5.0,4.0,2025-10-26 20:20:48,2025-08-01 18:14:58,29.428571428571427,2.0,3.0,2.0,4.0,86.0,E-Bike,54,3245
U0137,23,E-Bike,2344,0,7.0,228000.0,32571.428571428572,35.57142857142857,0.14285714285714285,0.2857142857142857,0.2857142857142857,5.0,6.0,2025-10-29 19:57:10,2025-08-31 08:49:33,30.142857142857142,3.0,1.0,3.0,1.0,59.0,E-Bike,23,2344
U0138,26,E-Bike,2509,0,4.0,168500.0,42125.0,28.5,0.5,0.5,0.75,4.0,4.0,2025-10-24 17:06:50,2025-08-11 15:13:39,28.5,3.0,0.0,1.0,6.0,74.0,E-Bike,26,2509
U0139,48,E-Bike,3927,0,8.0,318500.0,39812.5,37.25,0.125,0.125,0.625,6.0,6.0,2025-10-30 08:59:50,2025-08-29 17:29:58,30.75,6.0,1.0,1.0,0.0,61.0,E-Bike,48,3927
U0140,19,E-Bike,772,0,4.0,196500.0,49125.0,32.75,0.5,0.25,0.5,3.0,4.0,2025-09-28 08:52:43,2025-09-04 09:44:37,29.5,4.0,0.0,0.0,32.0,23.0,E-Bike,19,772
U0141,35,E-Bike,518,0,8.0,251000.0,31375.0,33.75,0.125,0.125,0.25,4.0,4.0,2025-10-22 14:59:35,2025-08-05 09:09:32,32.125,6.0,1.0,1.0,8.0,78.0,E-Bike,35,518
U0142,20,E-Bike,1317,0,2.0,49000.0,24500.0,23.0,0.0,0.0,0.0,2.0,2.0,2025-10-29 09:45:48,2025-08-12 09:04:26,26.0,1.0,1.0,0.0,1.0,78.0,E-Bike,20,1317
U0143,53,E-Bike,951,0,4.0,86000.0,21500.0,31.25,0.75,0.25,0.25,3.0,4.0,2025-10-04 19:36:00,2025-08-09 17:25:10,32.25,2.0,1.0,1.0,26.0,56.0,E-Bike,53,951
U0144,53,Metro/Bus,4081,0,5.0,231000.0,46200.0,44.4,0.0,0.4,0.2,4.0,4.0,2025-09-29 22:09:19,2025-09-04 08:24:06,32.0,3.0,1.0,1.0,31.0,25.0,Metro/Bus,53,4081
U0145,35,E-Bike,1520,0,5.0,76500.0,15300.0,31.6,0.4,0.4,0.2,4.0,5.0,2025-09-25 19:53:09,2025-08-10 20:00:56,31.0,2.0,0.0,3.0,35.0,45.0,E-Bike,35,1520
U0146,48,E-Bike,3471,0,4.0,190500.0,47625.0,31.75,0.25,0.25,0.0,4.0,3.0,2025-10-29 21:01:22,2025-09-01 09:29:25,30.25,4.0,0.0,0.0,1.0,58.0,E-Bike,48,3471
U0147,43,E-Bike,162,0,4.0,108000.0,27000.0,18.0,0.25,0.0,0.5,3.0,4.0,2025-10-23 08:55:33,2025-08-06 21:36:45,31.5,4.0,0.0,0.0,7.0,77.0,E-Bike,43,162
U0148,49,E-Bike,578,0,1.0,46500.0,46500.0,31.0,1.0,0.0,0.0,1.0,1.0,2025-09-07 09:29:09,2025-09-07 09:29:09,28.0,1.0,0.0,0.0,53.0,0.0,E-Bike,49,578
U0149,43,Shuttle,4444,0,5.0,148000.0,29600.0,40.4,0.4,0.0,0.6,5.0,5.0,2025-10-20 19:14:59,2025-08-01 08:19:34,29.4,2.0,1.0,2.0,10.0,80.0,Shuttle,43,4444
U0150,34,Metro/Bus,661,0,7.0,146000.0,20857.14285714286,51.57142857142857,0.14285714285714285,0.2857142857142857,0.42857142857142855,5.0,4.0,2025-10-24 06:26:30,2025-08-01 07:14:39,28.571428571428573,1.0,2.0,4.0,6.0,83.0,Metro/Bus,34,661
U0151,42,E-Bike,1930,1,3.0,109500.0,36500.0,43.333333333333336,0.3333333333333333,0.0,0.6666666666666666,3.0,3.0,2025-10-17 17:05:37,2025-09-07 09:49:24,30.333333333333332,1.0,1.0,1.0,13.0,40.0,E-Bike,42,1930
U0152,19,E-Bike,2694,0,2.0,61000.0,30500.0,25.5,0.5,0.0,0.5,1.0,2.0,2025-10-18 08:03:03,2025-09-12 10:21:06,30.5,1.0,1.0,0.0,12.0,35.0,E-Bike,19,2694
U0153,23,E-Bike,648,0,4.0,169000.0,42250.0,36.75,0.25,0.25,0.5,3.0,3.0,2025-10-16 17:17:12,2025-09-01 09:52:10,30.0,3.0,0.0,1.0,14.0,45.0,E-Bike,23,648
U0154,48,Metro/Bus,3766,0,1.0,20000.0,20000.0,56.0,1.0,0.0,0.0,1.0,1.0,2025-09-21 16:30:47,2025-09-21 16:30:47,29.0,0.0,0.0,1.0,39.0,0.0,Metro/Bus,48,3766
U0155,37,E-Bike,4308,0,3.0,95500.0,31833.333333333332,33.0,0.3333333333333333,0.3333333333333333,0.6666666666666666,2.0,3.0,2025-10-09 17:37:10,2025-08-23 18:19:34,33.0,1.0,1.0,1.0,21.0,46.0,E-Bike,37,4308
U0156,36,E-Bike,476,1,6.0,226000.0,37666.666666666664,30.666666666666668,0.16666666666666666,0.0,0.6666666666666666,6.0,5.0,2025-10-26 07:33:57,2025-08-08 22:27:27,28.666666666666668,5.0,0.0,1.0,4.0,78.0,E-Bike,36,476
U0157,27,Metro/Bus,1184,0,8.0,249000.0,31125.0,31.375,0.5,0.0,0.5,4.0,5.0,2025-10-29 10:28:37,2025-08-16 07:17:32,29.625,6.0,0.0,2.0,1.0,74.0,Metro/Bus,27,1184
U0158,30,Metro/Bus,3388,0,5.0,158500.0,31700.0,44.2,0.0,0.2,0.2,4.0,4.0,2025-10-17 17:00:23,2025-08-19 22:07:49,29.8,2.0,1.0,2.0,13.0,58.0,Metro/Bus,30,3388
U0159,36,Metro/Bus,4907,0,5.0,131000.0,26200.0,36.0,0.2,0.4,0.8,4.0,3.0,2025-10-16 07:10:53,2025-08-04 14:27:19,29.8,2.0,1.0,2.0,14.0,72.0,Metro/Bus,36,4907
U0160,34,Shuttle,3359,0,4.0,121000.0,30250.0,31.75,0.5,0.0,0.25,3.0,4.0,2025-09-02 16:34:31,2025-08-02 08:07:34,30.25,2.0,1.0,1.0,58.0,31.0,Shuttle,34,3359
U0161,50,E-Bike,2100,0,4.0,94000.0,23500.0,31.75,0.5,0.25,0.25,4.0,3.0,2025-10-19 15:35:41,2025-08-12 21:16:40,31.0,1.0,1.0,2.0,11.0,67.0,E-Bike,50,2100
U0162,54,Metro/Bus,1868,1,6.0,114500.0,19083.333333333332,16.333333333333332,0.0,0.0,0.6666666666666666,5.0,4.0,2025-09-26 10:57:20,2025-08-05 18:57:40,31.0,4.0,0.0,2.0,34.0,51.0,Metro/Bus,54,1868
U0163,38,Shuttle,547,0,5.0,103500.0,20700.0,40.8,0.6,0.0,0.4,2.0,4.0,2025-08-24 17:20:05,2025-08-07 19:05:16,32.2,2.0,1.0,2.0,67.0,16.0,Shuttle,38,547
U0164,50,E-Bike,2184,1,7.0,309000.0,44142.857142857145,39.42857142857143,0.5714285714285714,0.0,0.42857142857142855,5.0,5.0,2025-10-11 09:23:53,2025-08-29 19:42:13,30.428571428571427,4.0,2.0,1.0,19.0,42.0,E-Bike,50,2184
U0165,25,Metro/Bus,3871,0,5.0,138500.0,27700.0,34.2,0.4,0.0,0.6,4.0,4.0,2025-10-19 17:20:15,2025-08-11 07:18:24,31.2,1.0,1.0,3.0,11.0,69.0,Metro/Bus,25,3871
U0166,21,E-Bike,1799,0,4.0,110500.0,27625.0,42.75,0.75,0.25,0.75,2.0,4.0,2025-10-19 17:12:22,2025-08-10 08:01:08,30.5,1.0,2.0,1.0,11.0,70.0,E-Bike,21,1799
U0167,40,E-Bike,4232,1,7.0,205000.0,29285.714285714286,45.57142857142857,0.2857142857142857,0.0,0.5714285714285714,5.0,5.0,2025-09-21 07:37:14,2025-08-01 17:26:38,32.285714285714285,3.0,3.0,1.0,39.0,50.0,E-Bike,40,4232
U0168,38,Metro/Bus,1397,0,4.0,119500.0,29875.0,26.0,0.5,0.25,0.5,4.0,3.0,2025-10-13 09:27:36,2025-09-05 08:25:21,30.75,3.0,1.0,0.0,17.0,38.0,Metro/Bus,38,1397
U0169,50,E-Bike,4876,0,2.0,60000.0,30000.0,40.5,0.5,0.5,0.5,2.0,2.0,2025-09-17 10:48:18,2025-08-24 07:13:31,34.0,0.0,1.0,1.0,43.0,24.0,E-Bike,50,4876
U0170,39,Shuttle,4821,0,4.0,135000.0,33750.0,41.5,0.25,0.25,0.75,4.0,3.0,2025-10-02 17:40:43,2025-08-05 19:29:32,31.75,2.0,1.0,1.0,28.0,57.0,Shuttle,39,4821
U0171,29,Metro/Bus,854,0,3.0,99000.0,33000.0,22.0,0.0,0.0,0.0,3.0,2.0,2025-10-10 16:14:27,2025-09-22 13:34:55,30.0,3.0,0.0,0.0,20.0,18.0,Metro/Bus,29,854
U0172,42,E-Bike,3588,0,3.0,90000.0,30000.0,20.0,0.3333333333333333,0.0,0.6666666666666666,3.0,3.0,2025-10-23 17:42:34,2025-09-05 13:54:10,28.666666666666668,3.0,0.0,0.0,7.0,48.0,E-Bike,42,3588
U0173,41,Metro/Bus,4759,0,6.0,170500.0,28416.666666666668,37.333333333333336,0.5,0.3333333333333333,0.5,4.0,4.0,2025-10-29 17:03:44,2025-08-13 13:53:36,29.5,3.0,2.0,1.0,1.0,77.0,Metro/Bus,41,4759
U0174,21,E-Bike,4915,0,4.0,127000.0,31750.0,51.5,0.5,0.0,0.5,4.0,4.0,2025-10-18 07:27:26,2025-09-11 20:05:11,27.5,1.0,2.0,1.0,12.0,36.0,E-Bike,21,4915
U0175,47,Metro/Bus,3524,1,7.0,197000.0,28142.85714285714,27.571428571428573,0.42857142857142855,0.42857142857142855,0.8571428571428571,6.0,6.0,2025-10-23 07:41:47,2025-08-08 07:57:02,30.428571428571427,5.0,0.0,2.0,7.0,75.0,Metro/Bus,47,3524
U0176,47,Metro/Bus,796,0,4.0,121500.0,30375.0,44.0,0.25,0.0,0.5,4.0,4.0,2025-10-15 09:57:34,2025-08-07 18:03:08,29.25,1.0,2.0,1.0,15.0,68.0,Metro/Bus,47,796
U0177,19,E-Bike,1692,1,7.0,243500.0,34785.71428571428,33.714285714285715,0.14285714285714285,0.42857142857142855,0.5714285714285714,6.0,5.0,2025-10-15 14:35:45,2025-08-21 08:57:09,31.0,4.0,1.0,2.0,15.0,55.0,E-Bike,19,1692
U0178,33,Metro/Bus,1785,0,7.0,189500.0,27071.428571428572,29.714285714285715,0.0,0.42857142857142855,0.5714285714285714,4.0,5.0,2025-10-17 17:01:22,2025-08-19 09:37:35,31.142857142857142,5.0,0.0,2.0,13.0,59.0,Metro/Bus,33,1785
U0179,28,E-Bike,364,0,7.0,214000.0,30571.428571428572,43.285714285714285,0.2857142857142857,0.2857142857142857,0.2857142857142857,5.0,5.0,2025-10-29 06:27:32,2025-08-01 11:10:06,32.142857142857146,2.0,2.0,3.0,1.0,88.0,E-Bike,28,364
U0180,22,E-Bike,1527,0,4.0,148500.0,37125.0,24.75,0.5,0.75,0.0,4.0,3.0,2025-10-18 12:05:33,2025-08-18 11:25:32,27.75,4.0,0.0,0.0,12.0,61.0,E-Bike,22,1527
U0181,19,E-Bike,4935,0,6.0,124000.0,20666.666666666668,23.333333333333332,0.3333333333333333,0.0,0.5,4.0,4.0,2025-10-23 17:44:45,2025-08-10 08:21:44,29.5,2.0,1.0,3.0,7.0,74.0,E-Bike,19,4935
U0182,33,E-Bike,249,0,7.0,234500.0,33500.0,24.571428571428573,0.2857142857142857,0.0,0.5714285714285714,4.0,5.0,2025-10-30 22:59:51,2025-08-13 19:26:18,31.142857142857142,6.0,0.0,1.0,0.0,78.0,E-Bike,33,249
U0183,38,Shuttle,4190,0,4.0,133500.0,33375.0,22.25,0.25,0.5,0.25,3.0,3.0,2025-10-05 22:17:42,2025-08-11 19:33:32,32.25,4.0,0.0,0.0,25.0,55.0,Shuttle,38,4190
U0184,47,E-Bike,2525,0,0.0,0.0,0.0,0.0,0.0,0.0,0.0,0.0,0.0,,,0.0,0.0,0.0,0.0,0.0,0.0,E-Bike,47,2525
U0185,24,E-Bike,540,1,5.0,163500.0,32700.0,31.0,0.2,0.4,0.2,3.0,4.0,2025-10-10 11:36:52,2025-08-01 08:01:33,28.0,3.0,0.0,2.0,20.0,70.0,E-Bike,24,540
U0186,39,Shuttle,878,0,8.0,294000.0,36750.0,25.5,0.5,0.125,0.25,6.0,5.0,2025-10-25 15:30:22,2025-08-12 07:09:34,29.25,7.0,0.0,1.0,5.0,74.0,Shuttle,39,878
U0187,51,E-Bike,5,0,5.0,220000.0,44000.0,57.2,0.2,0.2,0.6,3.0,3.0,2025-09-21 09:18:24,2025-08-07 09:19:09,29.0,2.0,2.0,1.0,39.0,44.0,E-Bike,51,5
U0188,53,Metro/Bus,1956,0,4.0,194500.0,48625.0,39.0,0.25,0.25,0.5,3.0,3.0,2025-10-15 16:43:50,2025-08-10 07:44:41,30.5,3.0,1.0,0.0,15.0,66.0,Metro/Bus,53,1956
U0189,25,Metro/Bus,273,0,6.0,168500.0,28083.333333333332,33.333333333333336,0.16666666666666666,0.3333333333333333,0.5,3.0,4.0,2025-10-11 17:49:53,2025-08-01 17:11:39,28.5,3.0,1.0,2.0,19.0,71.0,Metro/Bus,25,273
U0190,20,E-Bike,2508,0,4.0,122500.0,30625.0,23.75,0.0,0.0,0.5,4.0,4.0,2025-10-24 07:32:03,2025-08-14 19:35:53,32.25,3.0,0.0,1.0,6.0,70.0,E-Bike,20,2508
U0191,42,E-Bike,418,0,8.0,300000.0,37500.0,30.75,0.5,0.125,0.5,5.0,7.0,2025-10-25 07:59:23,2025-08-02 17:31:39,29.875,6.0,1.0,1.0,5.0,83.0,E-Bike,42,418
U0192,53,Metro/Bus,700,0,2.0,72000.0,36000.0,24.0,0.0,0.5,0.0,2.0,2.0,2025-10-15 15:14:34,2025-09-03 13:44:27,29.5,2.0,0.0,0.0,15.0,42.0,Metro/Bus,53,700
U0193,30,E-Bike,3888,0,3.0,56500.0,18833.333333333332,24.666666666666668,0.3333333333333333,0.0,0.0,3.0,2.0,2025-10-05 09:37:55,2025-08-19 19:57:18,29.666666666666668,1.0,0.0,2.0,25.0,46.0,E-Bike,30,3888
U0194,18,E-Bike,3344,0,3.0,135000.0,45000.0,30.0,0.6666666666666666,0.0,0.0,3.0,3.0,2025-10-05 13:56:55,2025-08-23 13:28:10,28.666666666666668,3.0,0.0,0.0,25.0,43.0,E-Bike,18,3344
U0195,41,E-Bike,4597,0,5.0,107500.0,21500.0,26.4,1.0,0.2,0.4,4.0,4.0,2025-10-25 18:02:06,2025-09-13 06:28:11,32.4,3.0,0.0,2.0,5.0,42.0,E-Bike,41,4597
U0196,39,E-Bike,3702,0,6.0,174500.0,29083.333333333332,43.333333333333336,0.5,0.16666666666666666,0.5,4.0,4.0,2025-10-27 17:45:17,2025-08-15 17:16:07,30.5,1.0,2.0,3.0,3.0,73.0,E-Bike,39,3702
U0197,31,Shuttle,4998,0,5.0,196500.0,39300.0,26.2,0.6,0.2,0.4,4.0,3.0,2025-10-26 09:11:14,2025-08-18 08:00:49,31.6,5.0,0.0,0.0,4.0,69.0,Shuttle,31,4998
U0198,21,E-Bike,2557,0,9.0,243000.0,27000.0,39.666666666666664,0.3333333333333333,0.3333333333333333,0.5555555555555556,7.0,5.0,2025-10-09 19:37:38,2025-08-05 15:06:39,31.88888888888889,3.0,3.0,3.0,21.0,65.0,E-Bike,21,2557
U0199,52,E-Bike,1591,0,5.0,140000.0,28000.0,25.0,0.0,0.2,0.4,4.0,4.0,2025-10-09 19:52:42,2025-08-01 14:14:43,30.8,4.0,0.0,1.0,21.0,69.0,E-Bike,52,1591
U0200,39,E-Bike,1286,0,7.0,199500.0,28500.0,30.428571428571427,0.2857142857142857,0.2857142857142857,0.42857142857142855,4.0,6.0,2025-10-16 09:21:23,2025-08-08 06:25:22,31.714285714285715,4.0,1.0,2.0,14.0,69.0,E-Bike,39,1286
U0201,45,E-Bike,4941,0,4.0,123000.0,30750.0,23.75,0.5,0.0,0.25,3.0,4.0,2025-10-16 13:40:59,2025-08-23 21:47:02,31.5,2.0,1.0,1.0,14.0,53.0,E-Bike,45,4941
U0202,34,E-Bike,3370,1,3.0,34000.0,11333.333333333334,40.666666666666664,0.0,0.0,0.6666666666666666,3.0,2.0,2025-09-29 10:38:37,2025-08-20 18:31:38,29.333333333333332,0.0,0.0,3.0,31.0,39.0,E-Bike,34,3370
U0203,21,Shuttle,1340,0,3.0,50000.0,16666.666666666668,23.0,0.0,0.0,0.3333333333333333,3.0,2.0,2025-10-29 07:01:28,2025-09-25 14:11:36,31.666666666666668,2.0,0.0,1.0,1.0,33.0,Shuttle,21,1340
U0204,35,E-Bike,940,0,5.0,114500.0,22900.0,38.6,0.4,0.0,0.2,5.0,4.0,2025-10-25 06:51:31,2025-08-14 07:14:35,29.6,2.0,1.0,2.0,5.0,71.0,E-Bike,35,940
U0205,24,E-Bike,767,0,7.0,198000.0,28285.714285714286,18.857142857142858,0.2857142857142857,0.2857142857142857,0.5714285714285714,6.0,5.0,2025-10-30 18:04:10,2025-08-05 22:58:46,31.571428571428573,7.0,0.0,0.0,0.0,85.0,E-Bike,24,767
U0206,46,E-Bike,1905,0,5.0,183500.0,36700.0,32.0,0.0,0.4,0.4,3.0,4.0,2025-10-28 18:09:38,2025-08-07 10:23:09,31.8,4.0,0.0,1.0,2.0,82.0,E-Bike,46,1905
U0207,29,Metro/Bus,421,0,9.0,291500.0,32388.88888888889,44.22222222222222,0.4444444444444444,0.0,0.4444444444444444,7.0,7.0,2025-10-25 08:24:33,2025-08-17 09:39:52,30.11111111111111,3.0,1.0,5.0,5.0,68.0,Metro/Bus,29,421
U0208,53,E-Bike,3514,1,3.0,62000.0,20666.666666666668,50.0,0.3333333333333333,0.0,0.6666666666666666,3.0,3.0,2025-09-09 18:55:53,2025-08-20 15:41:49,30.666666666666668,0.0,1.0,2.0,51.0,20.0,E-Bike,53,3514
U0209,35,E-Bike,3770,0,8.0,273500.0,34187.5,38.0,0.125,0.25,0.625,5.0,6.0,2025-10-26 18:40:32,2025-08-05 07:47:21,29.75,5.0,2.0,1.0,4.0,82.0,E-Bike,35,3770
U0210,31,Shuttle,1618,0,3.0,84000.0,28000.0,39.333333333333336,0.6666666666666666,0.0,0.6666666666666666,2.0,3.0,2025-10-24 07:59:48,2025-08-24 16:45:57,30.333333333333332,1.0,1.0,1.0,6.0,60.0,Shuttle,31,1618
U0211,44,Shuttle,2342,0,1.0,28500.0,28500.0,19.0,1.0,0.0,0.0,1.0,1.0,2025-10-04 11:20:06,2025-10-04 11:20:06,33.0,1.0,0.0,0.0,26.0,0.0,Shuttle,44,2342
U0212,36,Metro/Bus,1042,1,8.0,291500.0,36437.5,35.375,0.375,0.25,0.375,5.0,5.0,2025-10-12 14:48:21,2025-08-24 13:02:46,29.875,6.0,1.0,1.0,18.0,49.0,Metro/Bus,36,1042
U0213,23,E-Bike,2009,0,3.0,111500.0,37166.666666666664,45.666666666666664,0.6666666666666666,0.3333333333333333,0.3333333333333333,3.0,3.0,2025-10-18 22:00:45,2025-08-17 09:46:47,29.666666666666668,1.0,1.0,1.0,12.0,62.0,E-Bike,23,2009
U0214,49,E-Bike,3067,0,8.0,292500.0,36562.5,35.5,0.125,0.25,0.25,6.0,6.0,2025-10-27 20:07:12,2025-08-04 09:52:29,28.75,5.0,2.0,1.0,3.0,84.0,E-Bike,49,3067
U0215,22,Metro/Bus,3833,0,3.0,74000.0,24666.666666666668,44.333333333333336,0.6666666666666666,0.3333333333333333,1.0,2.0,1.0,2025-10-12 18:49:00,2025-08-10 18:20:12,31.666666666666668,1.0,1.0,1.0,18.0,63.0,Metro/Bus,22,3833
U0216,20,Metro/Bus,2181,0,6.0,281000.0,46833.333333333336,38.0,0.16666666666666666,0.0,0.5,4.0,5.0,2025-10-18 09:06:07,2025-08-22 15:06:30,30.5,5.0,0.0,1.0,12.0,56.0,Metro/Bus,20,2181
U0217,31,E-Bike,2812,0,5.0,139500.0,27900.0,20.0,0.6,0.4,0.2,3.0,5.0,2025-10-25 17:40:04,2025-08-31 09:22:15,32.4,4.0,0.0,1.0,5.0,55.0,E-Bike,31,2812
U0218,28,E-Bike,3411,0,1.0,52500.0,52500.0,35.0,0.0,0.0,1.0,1.0,1.0,2025-08-08 18:20:41,2025-08-08 18:20:41,29.0,1.0,0.0,0.0,83.0,0.0,E-Bike,28,3411
U0219,34,Shuttle,2908,0,4.0,150000.0,37500.0,28.5,0.5,0.0,0.5,3.0,3.0,2025-10-16 19:51:21,2025-08-30 07:07:43,31.0,3.0,0.0,1.0,14.0,47.0,Shuttle,34,2908
U0220,25,Metro/Bus,4505,0,8.0,321000.0,40125.0,32.5,0.5,0.25,0.375,6.0,4.0,2025-09-28 10:49:14,2025-08-23 09:26:10,31.625,6.0,1.0,1.0,32.0,36.0,Metro/Bus,25,4505
U0221,45,Metro/Bus,691,0,2.0,97000.0,48500.0,49.5,0.0,0.0,0.5,2.0,2.0,2025-09-19 17:30:56,2025-09-12 09:10:39,29.5,1.0,1.0,0.0,41.0,7.0,Metro/Bus,45,691
U0222,35,E-Bike,4773,0,6.0,180500.0,30083.333333333332,28.5,0.16666666666666666,0.16666666666666666,0.5,5.0,5.0,2025-10-23 18:55:35,2025-08-12 19:30:49,30.5,4.0,1.0,1.0,7.0,71.0,E-Bike,35,4773
U0223,23,E-Bike,4210,0,7.0,236000.0,33714.28571428572,44.857142857142854,0.14285714285714285,0.2857142857142857,0.7142857142857143,4.0,5.0,2025-10-28 18:11:28,2025-08-07 19:33:58,29.857142857142858,3.0,1.0,3.0,2.0,81.0,E-Bike,23,4210
U0224,22,Shuttle,4565,0,3.0,93500.0,31166.666666666668,26.333333333333332,0.0,0.0,0.3333333333333333,2.0,3.0,2025-09-11 14:43:19,2025-08-07 19:44:55,30.0,2.0,0.0,1.0,49.0,34.0,Shuttle,22,4565
U0225,43,Shuttle,2057,0,9.0,290500.0,32277.777777777777,27.666666666666668,0.2222222222222222,0.3333333333333333,0.3333333333333333,3.0,6.0,2025-10-16 18:31:44,2025-08-05 09:52:09,32.55555555555556,7.0,0.0,2.0,14.0,72.0,Shuttle,43,2057
U0226,21,Metro/Bus,346,0,6.0,216500.0,36083.333333333336,34.166666666666664,0.3333333333333333,0.16666666666666666,0.6666666666666666,5.0,4.0,2025-10-23 21:23:24,2025-08-15 18:34:03,29.166666666666668,4.0,0.0,2.0,7.0,69.0,Metro/Bus,21,346
U0227,41,Shuttle,1273,0,5.0,167500.0,33500.0,33.2,0.6,0.2,0.4,3.0,4.0,2025-10-18 21:36:38,2025-08-02 09:22:04,29.6,4.0,0.0,1.0,12.0,77.0,Shuttle,41,1273
U0228,34,Metro/Bus,3872,0,3.0,74500.0,24833.333333333332,23.0,0.3333333333333333,0.6666666666666666,0.3333333333333333,3.0,2.0,2025-10-23 19:15:56,2025-09-23 07:15:16,27.333333333333332,2.0,1.0,0.0,7.0,30.0,Metro/Bus,34,3872
U0229,47,E-Bike,772,1,8.0,159000.0,19875.0,21.625,0.125,0.0,0.375,5.0,6.0,2025-10-30 13:55:56,2025-08-05 21:33:24,31.375,5.0,0.0,3.0,0.0,85.0,E-Bike,47,772
U0230,41,E-Bike,4689,0,1.0,24000.0,24000.0,16.0,0.0,0.0,1.0,1.0,1.0,2025-08-21 18:25:11,2025-08-21 18:25:11,32.0,1.0,0.0,0.0,70.0,0.0,E-Bike,41,4689
U0231,19,Metro/Bus,1115,0,2.0,28500.0,14250.0,15.5,0.0,0.5,0.0,1.0,2.0,2025-09-22 13:27:04,2025-08-12 22:11:02,27.5,1.0,0.0,1.0,38.0,40.0,Metro/Bus,19,1115
U0232,34,Metro/Bus,2553,0,4.0,136500.0,34125.0,44.0,0.25,0.25,0.5,3.0,2.0,2025-10-14 19:29:42,2025-08-02 07:57:48,30.25,1.0,1.0,2.0,16.0,73.0,Metro/Bus,34,2553
U0233,24,Shuttle,4999,0,4.0,130000.0,32500.0,24.0,0.0,0.0,0.5,4.0,3.0,2025-09-15 21:29:55,2025-08-07 17:42:41,30.75,3.0,1.0,0.0,45.0,39.0,Shuttle,24,4999
U0234,19,Metro/Bus,1517,0,4.0,177000.0,44250.0,40.0,0.0,0.25,0.5,4.0,3.0,2025-10-03 21:35:30,2025-08-12 08:18:20,28.0,3.0,0.0,1.0,27.0,52.0,Metro/Bus,19,1517
U0235,42,E-Bike,2813,0,5.0,213000.0,42600.0,28.4,0.0,0.4,0.2,4.0,3.0,2025-10-23 19:50:09,2025-08-15 09:17:40,28.2,5.0,0.0,0.0,7.0,69.0,E-Bike,42,2813
U0236,29,Shuttle,2754,0,5.0,210000.0,42000.0,28.0,0.6,0.4,0.8,4.0,4.0,2025-10-18 08:20:08,2025-09-17 17:06:05,30.6,5.0,0.0,0.0,12.0,30.0,Shuttle,29,2754
U0237,31,Metro/Bus,3984,0,3.0,29500.0,9833.333333333334,25.0,0.3333333333333333,0.6666666666666666,0.6666666666666666,3.0,2.0,2025-10-19 18:28:31,2025-08-18 14:56:32,30.666666666666668,2.0,0.0,1.0,11.0,62.0,Metro/Bus,31,3984
U0238,24,E-Bike,2287,1,4.0,204000.0,51000.0,34.0,0.0,0.25,0.75,4.0,4.0,2025-10-15 06:53:20,2025-08-05 08:37:08,29.75,4.0,0.0,0.0,15.0,70.0,E-Bike,24,2287
U0239,54,Metro/Bus,3284,0,12.0,409500.0,34125.0,43.666666666666664,0.0,0.25,0.75,4.0,5.0,2025-10-29 18:46:02,2025-08-18 17:04:34,30.0,6.0,3.0,3.0,1.0,72.0,Metro/Bus,54,3284
U0240,45,Metro/Bus,4351,1,1.0,16500.0,16500.0,11.0,0.0,0.0,0.0,1.0,1.0,2025-08-14 09:05:45,2025-08-14 09:05:45,33.0,1.0,0.0,0.0,77.0,0.0,Metro/Bus,45,4351
U0241,33,E-Bike,4892,0,10.0,318500.0,31850.0,28.7,0.4,0.1,0.5,6.0,5.0,2025-10-14 07:04:55,2025-08-21 08:28:26,30.6,7.0,1.0,2.0,16.0,53.0,E-Bike,33,4892
U0242,51,E-Bike,1222,0,3.0,115000.0,38333.333333333336,34.333333333333336,0.3333333333333333,0.3333333333333333,0.6666666666666666,3.0,2.0,2025-10-08 18:57:02,2025-08-10 18:20:46,31.666666666666668,1.0,1.0,1.0,22.0,59.0,E-Bike,51,1222
U0243,51,E-Bike,3210,0,8.0,283000.0,35375.0,25.5,0.625,0.375,0.25,7.0,4.0,2025-10-17 17:53:04,2025-08-10 09:14:08,31.0,7.0,0.0,1.0,13.0,68.0,E-Bike,51,3210
U0244,28,E-Bike,2023,0,3.0,76500.0,25500.0,23.333333333333332,0.3333333333333333,0.0,0.6666666666666666,3.0,3.0,2025-10-21 08:37:45,2025-08-04 13:20:55,31.0,2.0,0.0,1.0,9.0,77.0,E-Bike,28,2023
U0245,39,Shuttle,4563,1,5.0,130000.0,26000.0,30.4,0.0,0.4,0.8,3.0,4.0,2025-10-24 08:51:26,2025-08-26 09:37:51,29.2,3.0,0.0,2.0,6.0,58.0,Shuttle,39,4563
U0246,26,E-Bike,3615,0,3.0,90500.0,30166.666666666668,30.333333333333332,0.3333333333333333,0.0,0.3333333333333333,3.0,2.0,2025-10-20 11:35:36,2025-10-04 17:19:27,33.0,1.0,2.0,0.0,10.0,15.0,E-Bike,26,3615
U0247,33,Shuttle,391,0,2.0,79000.0,39500.0,43.5,0.5,0.5,1.0,1.0,2.0,2025-09-18 08:57:25,2025-08-02 17:23:34,29.5,1.0,1.0,0.0,42.0,46.0,Shuttle,33,391
U0248,40,E-Bike,3276,0,5.0,171000.0,34200.0,41.4,0.0,0.2,0.4,4.0,3.0,2025-10-06 08:03:38,2025-08-29 11:05:36,30.8,3.0,1.0,1.0,24.0,37.0,E-Bike,40,3276
U0249,26,E-Bike,2297,0,3.0,52500.0,17500.0,22.0,0.3333333333333333,0.3333333333333333,1.0,3.0,3.0,2025-09-14 17:06:06,2025-09-02 17:27:06,29.666666666666668,1.0,0.0,2.0,46.0,11.0,E-Bike,26,2297
U0250,49,E-Bike,1701,0,5.0,232500.0,46500.0,31.0,0.2,0.0,0.8,5.0,4.0,2025-09-12 07:12:51,2025-08-04 18:00:35,32.6,5.0,0.0,0.0,48.0,38.0,E-Bike,49,1701
U0251,47,Metro/Bus,3491,1,1.0,15000.0,15000.0,19.0,0.0,0.0,1.0,1.0,1.0,2025-09-26 07:57:58,2025-09-26 07:57:58,32.0,0.0,0.0,1.0,34.0,0.0,Metro/Bus,47,3491
U0252,20,E-Bike,3954,0,7.0,244000.0,34857.142857142855,34.57142857142857,0.2857142857142857,0.14285714285714285,0.5714285714285714,5.0,4.0,2025-10-21 19:41:30,2025-09-13 08:58:01,30.428571428571427,3.0,2.0,2.0,9.0,38.0,E-Bike,20,3954
U0253,44,E-Bike,1582,0,4.0,151000.0,37750.0,32.5,0.5,0.5,0.5,3.0,3.0,2025-09-25 07:21:20,2025-08-09 12:52:56,32.0,3.0,0.0,1.0,35.0,46.0,E-Bike,44,1582
U0254,20,E-Bike,3222,0,2.0,52500.0,26250.0,17.5,0.5,0.5,0.5,2.0,2.0,2025-08-24 19:32:31,2025-08-19 18:36:23,28.0,2.0,0.0,0.0,67.0,5.0,E-Bike,20,3222
U0255,38,Metro/Bus,2236,0,4.0,125000.0,31250.0,41.75,0.5,0.0,0.25,2.0,2.0,2025-10-13 18:10:23,2025-09-14 19:30:56,32.0,2.0,2.0,0.0,17.0,28.0,Metro/Bus,38,2236
U0256,43,Metro/Bus,3326,0,3.0,106000.0,35333.333333333336,43.0,0.0,0.3333333333333333,0.0,3.0,3.0,2025-10-03 13:37:40,2025-08-01 13:31:31,31.0,2.0,1.0,0.0,27.0,63.0,Metro/Bus,43,3326
U0257,21,Shuttle,3175,0,8.0,283500.0,35437.5,30.25,0.25,0.125,0.375,5.0,5.0,2025-10-25 11:17:34,2025-08-13 11:59:11,30.25,6.0,0.0,2.0,5.0,72.0,Shuttle,21,3175
U0258,51,Metro/Bus,4951,0,6.0,223500.0,37250.0,24.833333333333332,0.3333333333333333,0.3333333333333333,0.5,4.0,5.0,2025-10-23 17:37:14,2025-08-12 22:14:51,32.0,6.0,0.0,0.0,7.0,71.0,Metro/Bus,51,4951
U0259,30,Shuttle,943,0,1.0,15000.0,15000.0,48.0,0.0,0.0,1.0,1.0,1.0,2025-09-26 07:50:53,2025-09-26 07:50:53,29.0,0.0,0.0,1.0,34.0,0.0,Shuttle,30,943
U0260,31,E-Bike,668,0,5.0,161000.0,32200.0,34.8,0.4,0.4,0.0,4.0,5.0,2025-10-13 19:17:19,2025-08-23 09:07:35,31.0,3.0,2.0,0.0,17.0,51.0,E-Bike,31,668
U0261,21,Shuttle,3088,0,4.0,106000.0,26500.0,35.75,0.25,0.25,0.0,4.0,4.0,2025-10-18 20:11:41,2025-08-15 19:01:49,30.25,1.0,1.0,2.0,12.0,64.0,Shuttle,21,3088
U0262,38,Metro/Bus,4143,0,7.0,219000.0,31285.714285714286,37.285714285714285,0.0,0.0,0.5714285714285714,5.0,6.0,2025-10-08 08:35:40,2025-08-13 10:06:45,29.714285714285715,4.0,1.0,2.0,22.0,55.0,Metro/Bus,38,4143
U0263,19,E-Bike,1896,0,4.0,99000.0,24750.0,28.25,0.25,0.0,0.5,4.0,4.0,2025-10-12 09:27:22,2025-08-15 13:46:08,29.5,1.0,1.0,2.0,18.0,57.0,E-Bike,19,1896
U0264,53,Metro/Bus,87,0,2.0,99000.0,49500.0,33.0,0.5,0.5,0.5,2.0,2.0,2025-10-21 19:15:47,2025-09-28 07:46:31,31.5,2.0,0.0,0.0,9.0,23.0,Metro/Bus,53,87
U0265,33,Metro/Bus,789,0,6.0,227500.0,37916.666666666664,27.166666666666668,0.16666666666666666,0.16666666666666666,0.16666666666666666,5.0,4.0,2025-10-27 19:08:49,2025-09-10 16:52:20,31.333333333333332,5.0,0.0,1.0,3.0,47.0,Metro/Bus,33,789
U0266,54,Metro/Bus,1743,1,3.0,94000.0,31333.333333333332,28.333333333333332,0.6666666666666666,0.3333333333333333,0.0,3.0,3.0,2025-08-31 13:07:06,2025-08-03 10:41:43,27.666666666666668,2.0,0.0,1.0,60.0,28.0,Metro/Bus,54,1743
U0267,36,E-Bike,2325,0,6.0,223000.0,37166.666666666664,41.0,0.3333333333333333,0.0,0.6666666666666666,5.0,5.0,2025-10-11 09:36:59,2025-08-10 18:01:43,30.166666666666668,4.0,0.0,2.0,19.0,61.0,E-Bike,36,2325
U0268,18,E-Bike,2991,0,3.0,66500.0,22166.666666666668,28.666666666666668,0.3333333333333333,0.0,0.3333333333333333,3.0,3.0,2025-09-25 19:10:01,2025-08-24 14:19:19,27.666666666666668,1.0,0.0,2.0,35.0,32.0,E-Bike,18,2991
U0269,48,Shuttle,762,0,4.0,110500.0,27625.0,25.5,0.25,0.25,0.25,2.0,3.0,2025-10-14 19:33:34,2025-08-24 21:13:18,28.0,3.0,0.0,1.0,16.0,50.0,Shuttle,48,762
U0270,21,E-Bike,150,0,0.0,0.0,0.0,0.0,0.0,0.0,0.0,0.0,0.0,,,0.0,0.0,0.0,0.0,0.0,0.0,E-Bike,21,150
U0271,24,E-Bike,1376,0,6.0,205500.0,34250.0,31.0,0.16666666666666666,0.5,0.3333333333333333,5.0,5.0,2025-10-28 19:21:44,2025-08-05 18:57:17,32.333333333333336,4.0,1.0,1.0,2.0,84.0,E-Bike,24,1376
U0272,46,Shuttle,146,0,5.0,206000.0,41200.0,27.8,0.0,0.0,0.4,3.0,3.0,2025-10-22 07:57:22,2025-08-08 19:27:06,28.6,4.0,0.0,1.0,8.0,74.0,Shuttle,46,146
U0273,40,E-Bike,3499,0,4.0,51000.0,12750.0,11.75,0.25,0.25,0.5,2.0,3.0,2025-10-11 09:00:45,2025-08-05 17:09:17,29.75,3.0,0.0,1.0,19.0,66.0,E-Bike,40,3499
U0274,33,E-Bike,4024,0,8.0,173500.0,21687.5,24.75,0.375,0.125,0.5,6.0,5.0,2025-10-26 07:41:25,2025-08-16 14:16:19,31.25,4.0,1.0,3.0,4.0,70.0,E-Bike,33,4024
U0275,18,E-Bike,464,1,4.0,98000.0,24500.0,18.25,0.5,0.0,0.25,2.0,3.0,2025-10-18 22:24:37,2025-08-23 19:51:45,29.75,3.0,0.0,1.0,12.0,56.0,E-Bike,18,464
U0276,18,E-Bike,2801,0,5.0,151500.0,30300.0,20.2,0.4,0.6,0.8,3.0,4.0,2025-09-16 18:44:24,2025-08-08 18:10:02,31.8,5.0,0.0,0.0,44.0,39.0,E-Bike,18,2801
U0277,37,Shuttle,4843,0,6.0,260500.0,43416.666666666664,41.166666666666664,0.16666666666666666,0.3333333333333333,0.3333333333333333,6.0,4.0,2025-09-24 08:31:39,2025-08-05 09:44:35,31.5,4.0,1.0,1.0,36.0,49.0,Shuttle,37,4843
U0278,54,E-Bike,4528,0,5.0,135500.0,27100.0,27.0,0.4,0.4,0.4,4.0,4.0,2025-09-15 13:53:57,2025-08-05 07:30:16,28.8,4.0,0.0,1.0,45.0,41.0,E-Bike,54,4528
U0279,29,E-Bike,758,0,4.0,170000.0,42500.0,56.5,0.0,0.25,0.25,4.0,4.0,2025-10-23 22:16:11,2025-08-05 09:13:57,31.5,2.0,2.0,0.0,7.0,79.0,E-Bike,29,758
U0280,50,Metro/Bus,953,0,5.0,179500.0,35900.0,31.6,0.4,0.4,0.6,4.0,3.0,2025-10-20 17:20:58,2025-08-02 14:32:58,30.0,3.0,1.0,1.0,10.0,79.0,Metro/Bus,50,953
U0281,53,E-Bike,1555,0,3.0,96000.0,32000.0,21.333333333333332,0.6666666666666666,0.6666666666666666,0.3333333333333333,3.0,2.0,2025-10-27 13:46:48,2025-08-10 06:07:20,32.666666666666664,3.0,0.0,0.0,3.0,78.0,E-Bike,53,1555
U0282,50,Shuttle,1596,0,7.0,150500.0,21500.0,27.428571428571427,0.14285714285714285,0.42857142857142855,0.14285714285714285,6.0,4.0,2025-10-20 12:25:00,2025-08-27 09:14:13,30.857142857142858,2.0,0.0,5.0,10.0,54.0,Shuttle,50,1596
U0283,26,Metro/Bus,1265,0,3.0,65500.0,21833.333333333332,28.666666666666668,0.3333333333333333,0.0,0.6666666666666666,3.0,3.0,2025-10-09 07:59:28,2025-08-02 09:53:10,31.666666666666668,2.0,0.0,1.0,21.0,67.0,Metro/Bus,26,1265
U0284,40,Metro/Bus,344,0,1.0,43500.0,43500.0,29.0,1.0,0.0,0.0,1.0,1.0,2025-10-05 09:05:57,2025-10-05 09:05:57,27.0,1.0,0.0,0.0,25.0,0.0,Metro/Bus,40,344
U0285,26,E-Bike,1628,1,5.0,161000.0,32200.0,43.6,0.2,0.2,0.6,2.0,5.0,2025-10-30 17:34:24,2025-08-08 12:48:44,30.6,3.0,1.0,1.0,0.0,83.0,E-Bike,26,1628
U0286,29,Metro/Bus,2299,0,8.0,257500.0,32187.5,30.0,0.25,0.375,0.375,6.0,5.0,2025-10-25 06:53:10,2025-08-18 14:03:36,29.125,5.0,1.0,2.0,5.0,67.0,Metro/Bus,29,2299
U0287,50,Shuttle,366,0,5.0,198500.0,39700.0,28.6,0.4,0.0,0.8,4.0,3.0,2025-10-09 07:07:06,2025-08-06 08:35:46,31.4,4.0,0.0,1.0,21.0,63.0,Shuttle,50,366
U0288,47,E-Bike,3572,1,3.0,99000.0,33000.0,27.333333333333332,0.3333333333333333,0.3333333333333333,0.3333333333333333,2.0,3.0,2025-10-26 14:39:37,2025-09-11 17:47:42,32.333333333333336,1.0,1.0,1.0,4.0,44.0,E-Bike,47,3572
U0289,18,Metro/Bus,2536,0,7.0,170500.0,24357.14285714286,32.857142857142854,0.42857142857142855,0.14285714285714285,0.42857142857142855,4.0,4.0,2025-10-19 09:28:21,2025-08-11 18:11:46,30.857142857142858,3.0,1.0,3.0,11.0,68.0,Metro/Bus,18,2536
U0290,44,E-Bike,4372,0,6.0,219500.0,36583.333333333336,41.0,0.16666666666666666,0.16666666666666666,0.3333333333333333,4.0,5.0,2025-10-30 21:57:46,2025-08-18 09:49:45,31.0,4.0,1.0,1.0,0.0,73.0,E-Bike,44,4372
U0291,27,E-Bike,3350,0,5.0,145500.0,29100.0,28.8,0.4,0.2,0.8,3.0,5.0,2025-10-21 08:02:47,2025-09-04 07:13:39,30.2,3.0,0.0,2.0,9.0,47.0,E-Bike,27,3350
U0292,36,E-Bike,1117,0,7.0,203500.0,29071.428571428572,45.42857142857143,0.2857142857142857,0.14285714285714285,0.7142857142857143,5.0,5.0,2025-10-28 21:04:21,2025-09-03 07:59:54,30.857142857142858,2.0,2.0,3.0,2.0,55.0,E-Bike,36,1117
U0293,37,E-Bike,4340,0,10.0,237500.0,23750.0,29.2,0.2,0.2,0.4,4.0,4.0,2025-10-30 14:24:46,2025-08-18 18:09:42,30.6,4.0,1.0,5.0,0.0,72.0,E-Bike,37,4340
U0294,50,E-Bike,4417,0,3.0,131500.0,43833.333333333336,50.0,0.3333333333333333,0.0,0.0,3.0,2.0,2025-10-19 09:16:15,2025-08-07 12:01:37,31.0,2.0,1.0,0.0,11.0,72.0,E-Bike,50,4417
U0295,49,Shuttle,1021,0,6.0,196500.0,32750.0,25.333333333333332,0.3333333333333333,0.16666666666666666,0.3333333333333333,4.0,5.0,2025-09-25 18:26:39,2025-08-13 09:22:52,28.833333333333332,5.0,0.0,1.0,35.0,43.0,Shuttle,49,1021
U0296,18,E-Bike,282,0,3.0,85000.0,28333.333333333332,26.333333333333332,0.0,0.3333333333333333,1.0,2.0,3.0,2025-10-10 18:29:18,2025-08-15 08:46:49,28.333333333333332,1.0,1.0,1.0,20.0,56.0,E-Bike,18,282
U0297,51,Shuttle,1511,0,4.0,150000.0,37500.0,30.0,0.25,0.25,0.75,4.0,4.0,2025-10-13 17:41:42,2025-08-08 17:47:03,33.5,3.0,0.0,1.0,17.0,65.0,Shuttle,51,1511
U0298,39,Metro/Bus,3358,0,2.0,35000.0,17500.0,30.5,0.0,0.0,1.0,2.0,2.0,2025-10-21 07:57:06,2025-08-15 07:58:31,29.5,0.0,0.0,2.0,9.0,66.0,Metro/Bus,39,3358
U0299,49,Shuttle,469,0,2.0,53000.0,26500.0,34.0,0.5,0.5,0.0,2.0,2.0,2025-10-10 15:32:15,2025-09-14 11:07:35,32.5,1.0,0.0,1.0,20.0,26.0,Shuttle,49,469
U0300,24,E-Bike,1090,1,2.0,85500.0,42750.0,28.5,0.0,0.0,0.5,1.0,2.0,2025-10-15 08:17:47,2025-09-18 16:16:40,30.5,2.0,0.0,0.0,15.0,26.0,E-Bike,24,1090
U0301,20,Metro/Bus,4933,0,6.0,178500.0,29750.0,31.166666666666668,0.3333333333333333,0.3333333333333333,0.8333333333333334,5.0,4.0,2025-10-01 17:59:12,2025-08-02 08:53:25,30.333333333333332,2.0,1.0,3.0,29.0,60.0,Metro/Bus,20,4933
U0302,25,E-Bike,4965,0,10.0,221500.0,22150.0,30.2,0.1,0.2,0.2,5.0,5.0,2025-10-29 18:56:52,2025-08-04 19:38:38,31.5,6.0,1.0,3.0,1.0,85.0,E-Bike,25,4965
U0303,40,Shuttle,2823,0,6.0,110500.0,18416.666666666668,31.666666666666668,0.3333333333333333,0.0,0.3333333333333333,5.0,5.0,2025-10-28 16:37:34,2025-08-04 08:54:08,30.166666666666668,2.0,0.0,4.0,2.0,85.0,Shuttle,40,2823
U0304,22,Shuttle,2479,0,6.0,189500.0,31583.333333333332,33.833333333333336,0.5,0.16666666666666666,0.3333333333333333,4.0,2.0,2025-10-17 15:15:05,2025-08-02 08:43:32,31.5,3.0,1.0,2.0,13.0,76.0,Shuttle,22,2479
U0305,25,E-Bike,499,0,2.0,47500.0,23750.0,39.5,0.0,0.0,1.0,2.0,2.0,2025-09-04 17:15:13,2025-08-11 07:02:35,31.0,1.0,1.0,0.0,56.0,24.0,E-Bike,25,499
U0306,29,Shuttle,1916,0,5.0,137500.0,27500.0,36.2,0.4,0.4,0.6,4.0,4.0,2025-10-19 08:15:53,2025-08-15 22:57:42,30.4,1.0,2.0,2.0,11.0,64.0,Shuttle,29,1916
U0307,36,Metro/Bus,3028,0,5.0,182000.0,36400.0,33.0,0.2,0.4,0.0,3.0,3.0,2025-10-24 15:13:41,2025-08-05 16:05:53,30.0,3.0,1.0,1.0,6.0,79.0,Metro/Bus,36,3028
U0308,18,Metro/Bus,69,0,3.0,98500.0,32833.333333333336,41.0,0.6666666666666666,0.0,0.3333333333333333,3.0,3.0,2025-10-18 07:51:03,2025-09-19 09:01:25,31.666666666666668,2.0,1.0,0.0,12.0,28.0,Metro/Bus,18,69
U0309,30,E-Bike,343,1,6.0,203500.0,33916.666666666664,28.666666666666668,0.3333333333333333,0.3333333333333333,0.3333333333333333,5.0,4.0,2025-09-09 16:56:28,2025-08-02 08:47:16,31.666666666666668,4.0,1.0,1.0,51.0,38.0,E-Bike,30,343
U0310,41,E-Bike,70,0,4.0,139000.0,34750.0,43.5,0.25,0.0,0.0,4.0,4.0,2025-10-09 13:12:24,2025-09-01 19:54:34,30.75,2.0,0.0,2.0,21.0,37.0,E-Bike,41,70
U0311,28,E-Bike,2005,0,8.0,339500.0,42437.5,37.625,0.25,0.125,0.375,5.0,4.0,2025-10-17 19:26:10,2025-08-10 22:37:13,28.875,4.0,3.0,1.0,13.0,67.0,E-Bike,28,2005
U0312,28,E-Bike,1400,0,6.0,257500.0,42916.666666666664,45.666666666666664,0.3333333333333333,0.16666666666666666,0.3333333333333333,5.0,5.0,2025-10-28 08:05:32,2025-08-04 14:17:19,32.0,4.0,1.0,1.0,2.0,84.0,E-Bike,28,1400
U0313,53,Metro/Bus,3890,0,3.0,34500.0,11500.0,29.666666666666668,0.3333333333333333,0.0,0.6666666666666666,3.0,3.0,2025-10-19 17:56:25,2025-08-06 13:39:51,29.333333333333332,1.0,0.0,2.0,11.0,74.0,Metro/Bus,53,3890
U0314,48,Metro/Bus,4625,0,6.0,259500.0,43250.0,33.5,0.3333333333333333,0.16666666666666666,0.5,5.0,4.0,2025-10-30 07:45:45,2025-08-05 15:23:02,29.833333333333332,5.0,0.0,1.0,0.0,85.0,Metro/Bus,48,4625
U0315,31,E-Bike,3176,0,2.0,36000.0,18000.0,17.5,0.5,0.5,0.0,2.0,1.0,2025-10-25 09:11:46,2025-10-03 09:41:06,29.0,1.0,0.0,1.0,5.0,21.0,E-Bike,31,3176
U0316,35,Metro/Bus,2958,0,4.0,99500.0,24875.0,40.25,0.5,0.0,0.5,3.0,4.0,2025-09-21 19:05:39,2025-08-16 08:53:33,31.75,2.0,1.0,1.0,39.0,36.0,Metro/Bus,35,2958
U0317,19,E-Bike,1759,0,6.0,176500.0,29416.666666666668,34.0,0.16666666666666666,0.16666666666666666,0.3333333333333333,4.0,5.0,2025-10-13 10:49:35,2025-08-11 09:01:03,29.333333333333332,4.0,0.0,2.0,17.0,63.0,E-Bike,19,1759
U0318,51,E-Bike,2678,0,2.0,132000.0,66000.0,44.0,1.0,0.0,0.0,2.0,2.0,2025-10-11 10:53:58,2025-10-11 09:26:56,28.5,2.0,0.0,0.0,19.0,0.0,E-Bike,51,2678
U0319,38,Metro/Bus,4917,0,5.0,214500.0,42900.0,29.8,0.2,0.0,0.4,5.0,5.0,2025-10-05 06:17:12,2025-08-01 14:23:20,30.0,4.0,0.0,1.0,25.0,64.0,Metro/Bus,38,4917
U0320,38,Shuttle,587,0,6.0,201000.0,33500.0,29.0,0.3333333333333333,0.16666666666666666,0.8333333333333334,3.0,5.0,2025-10-20 09:30:46,2025-09-06 18:35:36,30.5,5.0,0.0,1.0,10.0,43.0,Shuttle,38,587
U0321,18,E-Bike,4114,0,4.0,102500.0,25625.0,38.0,0.5,0.0,0.25,3.0,4.0,2025-10-26 21:14:45,2025-08-06 19:02:44,30.5,1.0,1.0,2.0,4.0,81.0,E-Bike,18,4114
U0322,23,E-Bike,3588,0,11.0,293000.0,26636.363636363636,36.54545454545455,0.0,0.18181818181818182,0.2727272727272727,7.0,6.0,2025-10-17 06:11:27,2025-08-01 08:20:55,31.818181818181817,5.0,2.0,4.0,13.0,76.0,E-Bike,23,3588
U0323,55,Shuttle,1146,0,3.0,111000.0,37000.0,26.333333333333332,0.0,0.3333333333333333,0.6666666666666666,3.0,2.0,2025-10-15 08:24:08,2025-09-15 21:28:18,33.333333333333336,2.0,0.0,1.0,15.0,29.0,Shuttle,55,1146
U0324,39,E-Bike,936,0,4.0,115500.0,28875.0,38.25,0.25,0.25,0.25,3.0,3.0,2025-10-20 19:02:40,2025-08-23 19:12:50,27.5,2.0,0.0,2.0,10.0,57.0,E-Bike,39,936
U0325,51,Metro/Bus,2389,0,4.0,104000.0,26000.0,39.5,0.25,0.5,0.0,3.0,4.0,2025-10-24 09:28:10,2025-08-17 19:22:00,30.25,1.0,1.0,2.0,6.0,67.0,Metro/Bus,51,2389
U0326,53,E-Bike,2089,0,9.0,306000.0,34000.0,37.0,0.1111111111111111,0.1111111111111111,0.4444444444444444,5.0,5.0,2025-10-22 06:04:03,2025-08-11 07:51:30,30.0,5.0,2.0,2.0,8.0,71.0,E-Bike,53,2089
U0327,43,E-Bike,3496,1,5.0,230000.0,46000.0,40.6,0.4,0.2,0.4,5.0,3.0,2025-10-29 19:35:51,2025-08-10 14:33:49,31.0,3.0,2.0,0.0,1.0,80.0,E-Bike,43,3496
U0328,24,E-Bike,745,0,2.0,35000.0,17500.0,16.0,0.0,0.5,0.5,2.0,2.0,2025-10-01 07:56:19,2025-08-29 19:34:12,26.5,1.0,0.0,1.0,29.0,32.0,E-Bike,24,745
U0329,39,Metro/Bus,1077,1,2.0,121500.0,60750.0,40.5,0.5,0.5,0.0,1.0,2.0,2025-10-26 10:36:03,2025-08-26 19:15:26,29.0,2.0,0.0,0.0,4.0,60.0,Metro/Bus,39,1077
U0330,43,E-Bike,214,0,7.0,140000.0,20000.0,32.714285714285715,0.0,0.0,0.7142857142857143,5.0,6.0,2025-10-22 17:40:54,2025-08-29 18:52:47,29.285714285714285,3.0,0.0,4.0,8.0,53.0,E-Bike,43,214
U0331,18,E-Bike,2714,0,4.0,134000.0,33500.0,35.0,0.0,0.5,0.25,3.0,3.0,2025-09-29 18:30:30,2025-08-06 16:10:58,30.25,2.0,2.0,0.0,31.0,54.0,E-Bike,18,2714
U0332,39,E-Bike,2805,0,3.0,92500.0,30833.333333333332,36.333333333333336,0.0,0.3333333333333333,0.6666666666666666,3.0,3.0,2025-10-08 16:42:47,2025-09-01 18:04:59,29.666666666666668,2.0,1.0,0.0,22.0,36.0,E-Bike,39,2805
U0333,23,Shuttle,3608,0,6.0,137000.0,22833.333333333332,31.5,0.16666666666666666,0.16666666666666666,0.3333333333333333,5.0,5.0,2025-10-08 14:21:52,2025-08-21 17:39:41,28.833333333333332,1.0,2.0,3.0,22.0,47.0,Shuttle,23,3608
U0334,47,E-Bike,2584,0,3.0,100000.0,33333.333333333336,43.0,0.6666666666666666,0.6666666666666666,0.6666666666666666,3.0,3.0,2025-10-18 09:27:49,2025-08-24 08:25:46,29.0,2.0,1.0,0.0,12.0,55.0,E-Bike,47,2584
U0335,32,Shuttle,1574,0,2.0,46000.0,23000.0,25.5,0.5,0.0,0.5,2.0,2.0,2025-10-05 18:08:07,2025-09-18 06:17:05,27.5,1.0,0.0,1.0,25.0,17.0,Shuttle,32,1574
U0336,26,Metro/Bus,256,0,6.0,159500.0,26583.333333333332,23.833333333333332,0.3333333333333333,0.3333333333333333,0.6666666666666666,5.0,6.0,2025-10-25 17:59:48,2025-08-22 07:56:25,31.166666666666668,5.0,0.0,1.0,5.0,64.0,Metro/Bus,26,256
U0337,47,Metro/Bus,809,0,4.0,69000.0,17250.0,42.0,0.0,0.0,0.75,4.0,3.0,2025-10-07 08:38:31,2025-08-28 17:45:34,30.25,0.0,1.0,3.0,23.0,39.0,Metro/Bus,47,809
U0338,27,E-Bike,4461,0,3.0,107500.0,35833.333333333336,41.333333333333336,0.0,0.3333333333333333,0.0,3.0,2.0,2025-10-30 22:47:18,2025-09-23 09:16:25,28.0,2.0,1.0,0.0,0.0,37.0,E-Bike,27,4461
U0339,35,Metro/Bus,4627,1,6.0,148500.0,24750.0,33.833333333333336,0.16666666666666666,0.16666666666666666,0.6666666666666666,6.0,4.0,2025-10-19 08:16:25,2025-08-04 12:09:44,31.5,2.0,0.0,4.0,11.0,75.0,Metro/Bus,35,4627
U0340,38,E-Bike,4307,0,5.0,112500.0,22500.0,34.4,0.2,0.0,0.6,5.0,3.0,2025-10-01 20:24:44,2025-08-01 08:30:16,31.0,2.0,1.0,2.0,29.0,61.0,E-Bike,38,4307
U0341,26,Metro/Bus,995,0,9.0,320000.0,35555.555555555555,36.22222222222222,0.3333333333333333,0.2222222222222222,0.4444444444444444,5.0,6.0,2025-10-25 07:11:10,2025-08-05 14:50:45,30.77777777777778,5.0,1.0,3.0,5.0,80.0,Metro/Bus,26,995
U0342,55,Metro/Bus,4245,0,4.0,105000.0,26250.0,29.5,0.25,0.5,0.25,4.0,2.0,2025-10-30 16:45:21,2025-08-13 17:30:12,28.5,3.0,0.0,1.0,0.0,77.0,Metro/Bus,55,4245
U0343,44,E-Bike,3860,0,5.0,122500.0,24500.0,26.2,0.6,0.0,0.4,3.0,5.0,2025-10-13 08:11:37,2025-09-11 10:36:52,31.2,4.0,0.0,1.0,17.0,31.0,E-Bike,44,3860
U0344,48,E-Bike,946,0,4.0,96500.0,24125.0,37.25,0.0,0.0,0.0,3.0,4.0,2025-09-17 09:01:11,2025-08-12 19:44:23,29.75,2.0,0.0,2.0,43.0,35.0,E-Bike,48,946
U0345,23,E-Bike,3701,0,2.0,42000.0,21000.0,14.0,1.0,0.0,0.0,2.0,2.0,2025-10-26 12:08:41,2025-10-25 15:34:14,35.0,2.0,0.0,0.0,4.0,0.0,E-Bike,23,3701
U0346,52,Shuttle,4063,1,3.0,123500.0,41166.666666666664,37.0,0.0,0.0,0.3333333333333333,2.0,3.0,2025-10-15 19:04:36,2025-10-06 20:59:17,31.0,2.0,0.0,1.0,15.0,8.0,Shuttle,52,4063
U0347,41,Metro/Bus,1293,0,4.0,127000.0,31750.0,28.75,0.5,0.25,0.5,3.0,2.0,2025-09-29 07:50:41,2025-08-03 09:39:18,29.0,3.0,0.0,1.0,31.0,56.0,Metro/Bus,41,1293
U0348,35,E-Bike,2017,0,2.0,21000.0,10500.0,7.0,0.0,0.5,1.0,2.0,2.0,2025-10-27 08:24:10,2025-09-24 07:17:24,34.0,2.0,0.0,0.0,3.0,33.0,E-Bike,35,2017
U0349,50,Metro/Bus,1310,0,3.0,71000.0,23666.666666666668,24.0,0.0,0.0,0.3333333333333333,3.0,3.0,2025-10-29 11:18:08,2025-10-09 19:45:03,30.333333333333332,1.0,1.0,1.0,1.0,19.0,Metro/Bus,50,1310
U0350,55,Shuttle,4909,0,4.0,98000.0,24500.0,50.75,0.25,0.25,1.0,3.0,3.0,2025-10-03 17:09:04,2025-08-06 07:44:44,26.5,1.0,1.0,2.0,27.0,58.0,Shuttle,55,4909
U0351,52,Metro/Bus,1261,0,4.0,158500.0,39625.0,39.5,0.0,0.0,0.75,3.0,4.0,2025-10-20 07:33:58,2025-08-04 09:15:11,32.0,2.0,1.0,1.0,10.0,76.0,Metro/Bus,52,1261
U0352,46,Metro/Bus,1192,0,5.0,166000.0,33200.0,37.0,0.0,0.2,0.4,4.0,3.0,2025-09-01 19:28:10,2025-08-14 08:43:17,32.0,2.0,1.0,2.0,59.0,18.0,Metro/Bus,46,1192
U0353,47,E-Bike,4921,0,6.0,47000.0,7833.333333333333,32.166666666666664,0.0,0.16666666666666666,0.3333333333333333,6.0,5.0,2025-10-16 11:03:08,2025-08-01 06:25:15,32.0,1.0,0.0,5.0,14.0,76.0,E-Bike,47,4921
U0354,45,Metro/Bus,899,0,6.0,193500.0,32250.0,21.5,0.3333333333333333,0.3333333333333333,0.5,4.0,4.0,2025-10-17 18:20:58,2025-08-10 07:00:50,30.666666666666668,6.0,0.0,0.0,13.0,68.0,Metro/Bus,45,899
U0355,30,E-Bike,1596,0,9.0,251000.0,27888.88888888889,24.333333333333332,0.2222222222222222,0.1111111111111111,0.4444444444444444,5.0,5.0,2025-10-23 21:39:41,2025-08-02 08:10:30,32.22222222222222,7.0,0.0,2.0,7.0,82.0,E-Bike,30,1596
U0356,37,E-Bike,997,0,6.0,227000.0,37833.333333333336,35.166666666666664,0.3333333333333333,0.0,0.3333333333333333,5.0,3.0,2025-10-25 08:35:28,2025-08-03 12:04:52,31.666666666666668,4.0,2.0,0.0,5.0,82.0,E-Bike,37,997
U0357,37,E-Bike,592,1,6.0,206000.0,34333.333333333336,34.833333333333336,0.5,0.16666666666666666,0.6666666666666666,4.0,4.0,2025-10-14 09:48:24,2025-08-02 09:36:17,29.833333333333332,4.0,1.0,1.0,16.0,73.0,E-Bike,37,592
U0358,19,E-Bike,3560,0,3.0,56000.0,18666.666666666668,33.333333333333336,0.3333333333333333,0.3333333333333333,0.0,2.0,2.0,2025-10-05 13:13:24,2025-08-19 20:43:12,31.0,1.0,1.0,1.0,25.0,46.0,E-Bike,19,3560
U0359,23,Metro/Bus,3913,0,2.0,33500.0,16750.0,15.0,0.5,0.0,1.0,2.0,2.0,2025-09-27 08:45:56,2025-08-15 07:59:29,30.0,1.0,0.0,1.0,33.0,43.0,Metro/Bus,23,3913
U0360,50,Metro/Bus,4843,0,7.0,226000.0,32285.714285714286,25.714285714285715,0.42857142857142855,0.42857142857142855,0.2857142857142857,5.0,5.0,2025-10-18 12:50:13,2025-08-08 06:15:20,30.0,6.0,1.0,0.0,12.0,71.0,Metro/Bus,50,4843
U0361,22,E-Bike,3311,0,3.0,67500.0,22500.0,15.0,1.0,0.3333333333333333,0.6666666666666666,3.0,2.0,2025-09-27 14:18:07,2025-08-17 07:26:24,30.666666666666668,3.0,0.0,0.0,33.0,41.0,E-Bike,22,3311
U0362,27,Metro/Bus,1439,0,8.0,229500.0,28687.5,44.75,0.375,0.125,0.375,6.0,3.0,2025-10-30 17:27:54,2025-08-02 18:23:52,28.75,3.0,1.0,4.0,0.0,88.0,Metro/Bus,27,1439
U0363,31,E-Bike,2680,0,8.0,176000.0,22000.0,32.5,0.375,0.0,0.5,6.0,5.0,2025-10-22 20:56:03,2025-08-13 19:22:05,31.625,4.0,1.0,3.0,8.0,70.0,E-Bike,31,2680
U0364,24,E-Bike,4734,0,4.0,173000.0,43250.0,39.5,0.0,0.25,0.25,4.0,4.0,2025-09-22 12:31:11,2025-08-15 15:37:18,30.5,3.0,0.0,1.0,38.0,37.0,E-Bike,24,4734
U0365,27,E-Bike,2688,1,5.0,176500.0,35300.0,39.4,0.6,0.2,0.8,3.0,4.0,2025-09-14 18:03:34,2025-08-06 07:41:30,32.6,3.0,0.0,2.0,46.0,39.0,E-Bike,27,2688
U0366,54,E-Bike,3759,0,7.0,188500.0,26928.571428571428,27.142857142857142,0.42857142857142855,0.42857142857142855,0.42857142857142855,5.0,5.0,2025-10-04 18:05:53,2025-08-17 08:24:10,31.428571428571427,5.0,0.0,2.0,26.0,48.0,E-Bike,54,3759
U0367,44,Metro/Bus,896,0,3.0,105000.0,35000.0,39.0,0.6666666666666666,0.3333333333333333,0.3333333333333333,3.0,3.0,2025-10-10 16:24:26,2025-08-31 08:54:57,30.0,2.0,0.0,1.0,20.0,40.0,Metro/Bus,44,896
U0368,37,E-Bike,246,0,5.0,146000.0,29200.0,45.4,0.2,0.2,0.2,3.0,4.0,2025-09-12 19:44:54,2025-08-03 10:06:58,34.0,1.0,2.0,2.0,48.0,40.0,E-Bike,37,246
U0369,18,Metro/Bus,1710,0,3.0,85500.0,28500.0,22.666666666666668,0.3333333333333333,0.3333333333333333,0.3333333333333333,3.0,3.0,2025-10-23 19:35:36,2025-08-03 12:21:11,30.333333333333332,2.0,0.0,1.0,7.0,81.0,Metro/Bus,18,1710
U0370,43,Metro/Bus,2727,0,7.0,304500.0,43500.0,36.714285714285715,0.42857142857142855,0.14285714285714285,0.2857142857142857,6.0,4.0,2025-10-22 16:00:48,2025-09-19 07:24:04,32.142857142857146,5.0,0.0,2.0,8.0,33.0,Metro/Bus,43,2727
U0371,18,Shuttle,4283,0,3.0,73000.0,24333.333333333332,24.666666666666668,0.0,0.3333333333333333,0.0,3.0,2.0,2025-10-24 16:55:31,2025-08-11 15:11:14,31.666666666666668,2.0,0.0,1.0,6.0,74.0,Shuttle,18,4283
U0372,52,Metro/Bus,1186,0,6.0,177000.0,29500.0,28.833333333333332,0.5,0.3333333333333333,0.5,6.0,3.0,2025-10-27 16:12:10,2025-08-10 19:20:50,31.333333333333332,4.0,0.0,2.0,3.0,77.0,Metro/Bus,52,1186
U0373,27,E-Bike,2105,0,4.0,147000.0,36750.0,38.75,0.5,0.5,0.5,4.0,3.0,2025-09-14 07:23:49,2025-08-21 09:30:58,30.75,1.0,2.0,1.0,46.0,23.0,E-Bike,27,2105
U0374,22,E-Bike,3779,1,4.0,150000.0,37500.0,25.0,0.0,0.5,0.25,3.0,2.0,2025-10-20 18:01:24,2025-09-04 13:18:36,30.5,4.0,0.0,0.0,10.0,46.0,E-Bike,22,3779
U0375,31,Metro/Bus,706,0,5.0,146500.0,29300.0,23.8,0.2,0.2,0.6,4.0,3.0,2025-10-18 16:24:46,2025-08-07 07:30:02,31.2,4.0,0.0,1.0,12.0,72.0,Metro/Bus,31,706
U0376,55,Shuttle,4806,1,3.0,125500.0,41833.333333333336,48.0,0.6666666666666666,0.3333333333333333,0.6666666666666666,3.0,3.0,2025-10-02 08:42:46,2025-08-10 09:10:54,30.333333333333332,2.0,1.0,0.0,28.0,52.0,Shuttle,55,4806
U0377,44,E-Bike,2482,1,4.0,154000.0,38500.0,39.75,0.0,0.0,0.5,4.0,4.0,2025-09-16 18:16:06,2025-08-27 11:29:48,29.5,3.0,1.0,0.0,44.0,20.0,E-Bike,44,2482
U0378,21,Shuttle,892,0,4.0,144500.0,36125.0,32.0,0.5,0.25,0.5,3.0,3.0,2025-10-18 08:49:31,2025-09-03 07:40:39,31.0,1.0,1.0,2.0,12.0,45.0,Shuttle,21,892
U0379,21,E-Bike,3333,0,7.0,146000.0,20857.14285714286,23.285714285714285,0.42857142857142855,0.14285714285714285,0.2857142857142857,5.0,6.0,2025-10-27 15:18:11,2025-08-04 19:03:54,31.714285714285715,5.0,0.0,2.0,3.0,83.0,E-Bike,21,3333
U0380,52,Shuttle,80,0,4.0,119000.0,29750.0,35.25,0.5,0.25,0.5,4.0,4.0,2025-10-26 22:44:30,2025-08-03 07:59:08,29.5,2.0,1.0,1.0,4.0,84.0,Shuttle,52,80
U0381,34,E-Bike,238,0,2.0,124500.0,62250.0,41.5,0.5,0.0,0.5,2.0,2.0,2025-10-15 14:41:10,2025-09-13 18:24:41,30.5,2.0,0.0,0.0,15.0,31.0,E-Bike,34,238
U0382,35,E-Bike,996,0,2.0,47000.0,23500.0,62.0,1.0,0.0,0.0,2.0,2.0,2025-10-18 12:49:55,2025-08-17 09:25:57,34.5,0.0,1.0,1.0,12.0,62.0,E-Bike,35,996
U0383,33,E-Bike,2600,0,4.0,99000.0,24750.0,37.75,0.25,0.25,0.25,3.0,2.0,2025-10-29 20:31:28,2025-08-10 19:44:17,29.75,1.0,2.0,1.0,1.0,80.0,E-Bike,33,2600
U0384,49,E-Bike,3051,0,4.0,131500.0,32875.0,48.0,0.25,0.0,0.5,2.0,3.0,2025-10-02 09:25:12,2025-08-21 08:32:24,32.25,1.0,2.0,1.0,28.0,42.0,E-Bike,49,3051
U0385,30,Shuttle,2848,0,3.0,100500.0,33500.0,29.666666666666668,0.3333333333333333,0.0,0.0,3.0,2.0,2025-10-19 09:04:29,2025-08-21 21:40:43,28.666666666666668,2.0,0.0,1.0,11.0,58.0,Shuttle,30,2848
U0386,23,E-Bike,528,0,4.0,130500.0,32625.0,44.5,0.25,0.5,0.75,3.0,3.0,2025-10-23 17:35:59,2025-08-06 19:08:10,32.75,2.0,1.0,1.0,7.0,77.0,E-Bike,23,528
U0387,51,Shuttle,1855,0,4.0,76500.0,19125.0,32.0,0.0,0.0,0.75,3.0,4.0,2025-10-17 18:02:56,2025-09-17 18:01:43,28.0,1.0,1.0,2.0,13.0,30.0,Shuttle,51,1855
U0388,28,E-Bike,1927,0,2.0,85000.0,42500.0,47.0,0.5,0.0,1.0,2.0,2.0,2025-10-18 08:57:39,2025-08-04 07:19:09,29.0,1.0,1.0,0.0,12.0,75.0,E-Bike,28,1927
U0389,36,Shuttle,1090,0,7.0,208500.0,29785.714285714286,33.142857142857146,0.42857142857142855,0.0,0.7142857142857143,4.0,5.0,2025-10-21 08:21:40,2025-08-05 08:39:20,30.714285714285715,3.0,1.0,3.0,9.0,76.0,Shuttle,36,1090
U0390,26,Metro/Bus,278,0,8.0,334000.0,41750.0,31.5,0.5,0.0,0.25,5.0,6.0,2025-10-26 08:53:26,2025-08-17 17:14:36,30.875,6.0,1.0,1.0,4.0,69.0,Metro/Bus,26,278
U0391,23,E-Bike,4433,0,3.0,122500.0,40833.333333333336,43.333333333333336,0.0,0.0,0.0,3.0,3.0,2025-09-23 11:33:31,2025-08-04 13:59:00,29.666666666666668,2.0,1.0,0.0,37.0,49.0,E-Bike,23,4433
U0392,22,E-Bike,2660,0,6.0,176000.0,29333.333333333332,37.5,0.16666666666666666,0.0,0.5,5.0,4.0,2025-10-13 08:12:25,2025-08-09 06:23:00,30.166666666666668,3.0,2.0,1.0,17.0,65.0,E-Bike,22,2660
U0393,21,E-Bike,690,0,4.0,187500.0,46875.0,31.25,0.25,0.0,0.75,3.0,3.0,2025-10-24 08:52:11,2025-08-20 08:20:48,32.0,4.0,0.0,0.0,6.0,65.0,E-Bike,21,690
U0394,35,E-Bike,93,0,4.0,165500.0,41375.0,37.5,0.25,0.25,0.75,3.0,3.0,2025-10-10 17:22:08,2025-09-13 18:35:03,30.0,3.0,0.0,1.0,20.0,26.0,E-Bike,35,93
U0395,39,Shuttle,3852,0,2.0,84000.0,42000.0,28.0,0.0,0.0,0.5,2.0,2.0,2025-09-29 09:57:31,2025-09-22 07:51:48,29.5,2.0,0.0,0.0,31.0,7.0,Shuttle,39,3852
U0396,43,E-Bike,3114,0,4.0,81500.0,20375.0,37.5,0.25,0.25,0.5,3.0,4.0,2025-10-30 20:43:36,2025-08-03 10:59:33,29.75,1.0,1.0,2.0,0.0,88.0,E-Bike,43,3114
U0397,29,Shuttle,3387,0,3.0,79000.0,26333.333333333332,45.0,0.0,0.3333333333333333,0.3333333333333333,3.0,3.0,2025-09-23 12:09:55,2025-09-01 08:26:57,29.0,1.0,0.0,2.0,37.0,22.0,Shuttle,29,3387
U0398,30,E-Bike,4512,0,9.0,396000.0,44000.0,41.333333333333336,0.3333333333333333,0.3333333333333333,0.6666666666666666,6.0,6.0,2025-10-15 18:30:31,2025-08-06 22:16:11,31.0,6.0,3.0,0.0,15.0,69.0,E-Bike,30,4512
U0399,53,E-Bike,713,0,5.0,183500.0,36700.0,29.0,0.6,0.6,0.4,4.0,3.0,2025-10-12 10:20:29,2025-08-03 18:08:27,30.0,3.0,2.0,0.0,18.0,69.0,E-Bike,53,713
U0400,35,E-Bike,4843,0,7.0,232500.0,33214.28571428572,37.714285714285715,0.0,0.42857142857142855,0.14285714285714285,6.0,5.0,2025-10-28 14:16:48,2025-08-19 19:56:15,29.714285714285715,4.0,1.0,2.0,2.0,69.0,E-Bike,35,4843
U0401,31,Metro/Bus,1282,0,3.0,100000.0,33333.333333333336,62.0,0.0,0.6666666666666666,0.6666666666666666,2.0,3.0,2025-09-26 18:23:29,2025-08-15 07:57:41,33.333333333333336,0.0,2.0,1.0,34.0,42.0,Metro/Bus,31,1282
U0402,55,E-Bike,733,0,2.0,69000.0,34500.0,40.5,0.0,0.0,0.5,2.0,2.0,2025-09-26 12:05:39,2025-09-10 07:56:59,31.0,1.0,0.0,1.0,34.0,16.0,E-Bike,55,733
U0403,25,E-Bike,1921,0,3.0,63000.0,21000.0,23.666666666666668,0.0,1.0,1.0,3.0,2.0,2025-10-03 18:13:36,2025-08-08 17:32:55,32.0,2.0,0.0,1.0,27.0,56.0,E-Bike,25,1921
U0404,43,E-Bike,1321,0,0.0,0.0,0.0,0.0,0.0,0.0,0.0,0.0,0.0,,,0.0,0.0,0.0,0.0,0.0,0.0,E-Bike,43,1321
U0405,44,Metro/Bus,2785,0,2.0,62500.0,31250.0,36.5,0.0,1.0,0.5,2.0,2.0,2025-09-25 10:05:47,2025-09-05 08:53:34,30.0,1.0,1.0,0.0,35.0,20.0,Metro/Bus,44,2785
U0406,41,Metro/Bus,2842,0,2.0,92500.0,46250.0,41.0,0.5,0.0,0.5,2.0,2.0,2025-10-12 21:23:53,2025-10-03 07:08:41,31.5,1.0,1.0,0.0,18.0,9.0,Metro/Bus,41,2842
U0407,48,Metro/Bus,4067,0,4.0,139500.0,34875.0,29.5,0.25,0.25,0.25,4.0,4.0,2025-10-16 14:45:27,2025-08-29 22:30:35,31.75,3.0,0.0,1.0,14.0,47.0,Metro/Bus,48,4067
U0408,25,E-Bike,1173,0,5.0,101500.0,20300.0,34.2,0.2,0.0,0.4,4.0,3.0,2025-10-22 17:23:38,2025-09-08 18:54:26,30.2,2.0,1.0,2.0,8.0,43.0,E-Bike,25,1173
U0409,22,E-Bike,3817,0,3.0,103500.0,34500.0,33.666666666666664,0.0,0.0,1.0,3.0,3.0,2025-10-27 07:05:25,2025-10-02 17:39:39,29.666666666666668,2.0,0.0,1.0,3.0,24.0,E-Bike,22,3817
U0410,37,Shuttle,1810,0,3.0,139000.0,46333.333333333336,50.0,0.0,0.0,0.6666666666666666,3.0,2.0,2025-10-06 18:14:07,2025-08-01 10:37:41,31.0,2.0,1.0,0.0,24.0,66.0,Shuttle,37,1810
U0411,55,E-Bike,1050,0,4.0,114000.0,28500.0,35.75,0.5,0.0,0.0,3.0,3.0,2025-09-18 09:46:49,2025-08-09 11:48:09,32.25,2.0,0.0,2.0,42.0,39.0,E-Bike,55,1050
U0412,49,E-Bike,2099,1,7.0,263500.0,37642.857142857145,40.57142857142857,0.7142857142857143,0.14285714285714285,0.5714285714285714,5.0,4.0,2025-10-26 07:24:43,2025-08-09 09:33:36,30.142857142857142,4.0,0.0,3.0,4.0,77.0,E-Bike,49,2099
U0413,31,Metro/Bus,1328,0,6.0,177000.0,29500.0,26.5,0.16666666666666666,0.0,0.6666666666666666,6.0,4.0,2025-10-29 07:30:56,2025-08-29 08:26:10,31.5,4.0,0.0,2.0,1.0,60.0,Metro/Bus,31,1328
U0414,51,Metro/Bus,26,0,5.0,219500.0,43900.0,31.6,0.0,0.2,0.4,3.0,5.0,2025-10-15 15:55:49,2025-08-28 21:41:50,29.8,3.0,2.0,0.0,15.0,47.0,Metro/Bus,51,26
U0415,55,Metro/Bus,796,0,4.0,166500.0,41625.0,29.25,0.5,0.25,0.5,4.0,4.0,2025-10-03 07:47:45,2025-08-10 19:18:42,29.75,3.0,0.0,1.0,27.0,53.0,Metro/Bus,55,796
U0416,52,E-Bike,304,0,5.0,109000.0,21800.0,40.6,0.2,0.2,0.6,3.0,4.0,2025-10-24 09:05:12,2025-09-06 17:03:24,30.8,0.0,2.0,3.0,6.0,47.0,E-Bike,52,304
U0417,45,Metro/Bus,2961,0,5.0,175000.0,35000.0,30.8,0.0,0.0,0.4,4.0,4.0,2025-10-30 22:48:24,2025-08-04 11:22:50,28.2,4.0,0.0,1.0,0.0,87.0,Metro/Bus,45,2961
U0418,22,Metro/Bus,252,0,6.0,230500.0,38416.666666666664,34.666666666666664,0.6666666666666666,0.16666666666666666,0.5,5.0,6.0,2025-10-12 18:33:17,2025-09-14 19:55:00,27.833333333333332,5.0,0.0,1.0,18.0,27.0,Metro/Bus,22,252
U0419,38,E-Bike,2563,0,5.0,121500.0,24300.0,24.2,0.2,0.4,0.6,3.0,3.0,2025-10-30 12:22:03,2025-08-17 07:26:47,30.2,4.0,0.0,1.0,0.0,74.0,E-Bike,38,2563
U0420,47,Metro/Bus,2970,0,4.0,161500.0,40375.0,27.75,0.5,0.0,0.25,4.0,4.0,2025-10-26 15:56:23,2025-08-01 19:45:15,32.25,3.0,1.0,0.0,4.0,85.0,Metro/Bus,47,2970
U0421,27,Metro/Bus,3686,0,6.0,97000.0,16166.666666666666,39.0,0.5,0.16666666666666666,0.5,5.0,5.0,2025-10-12 19:29:13,2025-08-09 18:35:42,32.5,1.0,0.0,5.0,18.0,64.0,Metro/Bus,27,3686
U0422,34,Shuttle,3430,0,3.0,80500.0,26833.333333333332,20.0,0.6666666666666666,0.0,0.6666666666666666,3.0,3.0,2025-10-04 07:56:33,2025-09-10 08:37:16,31.666666666666668,2.0,1.0,0.0,26.0,23.0,Shuttle,34,3430
U0423,32,Metro/Bus,3382,0,4.0,91500.0,22875.0,31.25,0.25,0.0,0.75,3.0,3.0,2025-10-27 17:33:42,2025-09-04 16:37:58,27.75,1.0,1.0,2.0,3.0,53.0,Metro/Bus,32,3382
U0424,40,Metro/Bus,1538,0,2.0,94500.0,47250.0,31.5,0.5,0.5,0.5,2.0,2.0,2025-10-27 07:31:25,2025-10-25 19:16:25,27.0,2.0,0.0,0.0,3.0,1.0,Metro/Bus,40,1538
U0425,49,E-Bike,4027,0,6.0,246000.0,41000.0,27.333333333333332,0.3333333333333333,0.3333333333333333,0.5,5.0,6.0,2025-10-28 11:19:42,2025-08-10 06:41:52,31.5,6.0,0.0,0.0,2.0,79.0,E-Bike,49,4027
U0426,38,Shuttle,3876,0,2.0,60000.0,30000.0,20.0,0.0,0.0,0.5,2.0,2.0,2025-08-11 19:15:49,2025-08-08 18:44:47,28.5,2.0,0.0,0.0,80.0,3.0,Shuttle,38,3876
U0427,46,E-Bike,259,0,5.0,182500.0,36500.0,38.6,0.2,0.0,0.4,4.0,3.0,2025-10-10 19:14:13,2025-09-19 22:02:21,30.6,3.0,0.0,2.0,20.0,20.0,E-Bike,46,259
U0428,18,E-Bike,1007,0,4.0,113000.0,28250.0,38.75,0.5,0.25,0.5,3.0,3.0,2025-10-05 07:23:09,2025-08-10 10:02:58,30.75,1.0,1.0,2.0,25.0,55.0,E-Bike,18,1007
U0429,47,E-Bike,1077,1,8.0,275500.0,34437.5,39.625,0.125,0.25,0.5,4.0,4.0,2025-10-30 08:47:05,2025-08-15 09:00:57,30.0,4.0,2.0,2.0,0.0,75.0,E-Bike,47,1077
U0430,24,Metro/Bus,179,0,8.0,277500.0,34687.5,34.5,0.5,0.25,0.375,6.0,6.0,2025-10-29 19:10:29,2025-08-02 20:30:25,29.625,5.0,1.0,2.0,1.0,87.0,Metro/Bus,24,179
U0431,52,E-Bike,4810,0,6.0,112000.0,18666.666666666668,37.333333333333336,0.5,0.0,0.6666666666666666,4.0,4.0,2025-10-15 06:37:28,2025-08-24 07:23:25,31.833333333333332,2.0,1.0,3.0,15.0,51.0,E-Bike,52,4810
U0432,52,E-Bike,25,0,3.0,67000.0,22333.333333333332,32.333333333333336,0.3333333333333333,0.6666666666666666,0.3333333333333333,3.0,3.0,2025-08-26 16:15:48,2025-08-05 17:10:50,28.0,2.0,1.0,0.0,65.0,20.0,E-Bike,52,25
U0433,32,E-Bike,4309,0,8.0,277500.0,34687.5,38.875,0.125,0.0,0.625,5.0,4.0,2025-10-29 17:45:06,2025-08-05 17:13:36,30.5,3.0,2.0,3.0,1.0,85.0,E-Bike,32,4309
U0434,45,Metro/Bus,2604,0,5.0,123500.0,24700.0,17.2,0.4,0.6,0.2,3.0,3.0,2025-10-25 09:27:35,2025-08-15 16:26:42,29.8,4.0,0.0,1.0,5.0,70.0,Metro/Bus,45,2604
U0435,18,Metro/Bus,1262,0,10.0,251000.0,25100.0,36.5,0.3,0.3,0.3,6.0,5.0,2025-10-11 20:54:11,2025-08-19 14:57:47,28.4,4.0,1.0,5.0,19.0,53.0,Metro/Bus,18,1262
U0436,37,E-Bike,454,0,3.0,119500.0,39833.333333333336,37.0,0.3333333333333333,0.0,0.6666666666666666,2.0,2.0,2025-09-03 08:58:14,2025-08-18 19:13:38,30.333333333333332,2.0,1.0,0.0,57.0,15.0,E-Bike,37,454
U0437,23,E-Bike,559,0,4.0,156000.0,39000.0,26.0,0.0,0.5,0.5,3.0,2.0,2025-10-27 07:18:49,2025-09-11 09:32:59,30.5,4.0,0.0,0.0,3.0,45.0,E-Bike,23,559
U0438,28,E-Bike,927,0,5.0,106000.0,21200.0,25.2,0.2,0.0,0.8,4.0,4.0,2025-10-16 17:42:56,2025-08-21 12:41:55,30.6,2.0,0.0,3.0,14.0,56.0,E-Bike,28,927
U0439,20,E-Bike,3584,1,8.0,226000.0,28250.0,42.875,0.5,0.125,0.25,6.0,5.0,2025-10-22 21:50:01,2025-08-02 22:33:26,28.75,1.0,3.0,4.0,8.0,80.0,E-Bike,20,3584
U0440,25,E-Bike,3447,1,1.0,28500.0,28500.0,19.0,0.0,0.0,0.0,1.0,1.0,2025-08-11 09:13:17,2025-08-11 09:13:17,30.0,1.0,0.0,0.0,80.0,0.0,E-Bike,25,3447
U0441,55,Shuttle,4347,1,7.0,297000.0,42428.57142857143,28.285714285714285,0.2857142857142857,0.2857142857142857,0.42857142857142855,4.0,4.0,2025-10-15 21:07:06,2025-08-16 07:17:47,30.571428571428573,7.0,0.0,0.0,15.0,60.0,Shuttle,55,4347
U0442,47,Metro/Bus,3701,0,7.0,255500.0,36500.0,34.285714285714285,0.2857142857142857,0.2857142857142857,0.2857142857142857,3.0,5.0,2025-10-18 16:26:18,2025-08-21 07:22:43,31.428571428571427,5.0,2.0,0.0,12.0,58.0,Metro/Bus,47,3701
U0443,41,Shuttle,4104,1,1.0,57000.0,57000.0,38.0,1.0,0.0,1.0,1.0,1.0,2025-08-24 18:13:31,2025-08-24 18:13:31,30.0,1.0,0.0,0.0,67.0,0.0,Shuttle,41,4104
U0444,41,Metro/Bus,86,0,5.0,131500.0,26300.0,41.2,0.2,0.2,0.6,4.0,3.0,2025-10-22 17:42:49,2025-08-14 16:39:51,31.4,1.0,1.0,3.0,8.0,69.0,Metro/Bus,41,86
U0445,40,E-Bike,2965,0,1.0,7500.0,7500.0,5.0,0.0,0.0,0.0,1.0,1.0,2025-09-11 09:38:14,2025-09-11 09:38:14,29.0,1.0,0.0,0.0,49.0,0.0,E-Bike,40,2965
U0446,48,Metro/Bus,4005,0,6.0,175500.0,29250.0,53.166666666666664,0.5,0.16666666666666666,0.16666666666666666,4.0,4.0,2025-10-16 19:41:17,2025-08-07 14:47:12,31.333333333333332,2.0,2.0,2.0,14.0,70.0,Metro/Bus,48,4005
U0447,19,Metro/Bus,3271,1,7.0,232000.0,33142.857142857145,32.142857142857146,0.5714285714285714,0.14285714285714285,0.5714285714285714,4.0,5.0,2025-10-26 18:56:56,2025-08-08 07:39:21,28.0,5.0,0.0,2.0,4.0,79.0,Metro/Bus,19,3271
U0448,43,Metro/Bus,2820,0,7.0,268000.0,38285.71428571428,34.285714285714285,0.2857142857142857,0.2857142857142857,0.5714285714285714,5.0,5.0,2025-09-23 07:30:25,2025-08-11 13:11:09,29.571428571428573,5.0,0.0,2.0,37.0,42.0,Metro/Bus,43,2820
U0449,43,Metro/Bus,326,0,7.0,218500.0,31214.285714285714,33.142857142857146,0.5714285714285714,0.42857142857142855,0.42857142857142855,5.0,5.0,2025-10-12 08:03:14,2025-08-16 08:25:33,31.571428571428573,4.0,2.0,1.0,18.0,56.0,Metro/Bus,43,326
U0450,26,E-Bike,4992,0,4.0,83500.0,20875.0,26.25,0.25,0.25,0.25,3.0,4.0,2025-10-20 09:54:54,2025-08-05 17:19:31,32.5,1.0,0.0,3.0,10.0,75.0,E-Bike,26,4992
U0451,43,E-Bike,3419,0,3.0,66000.0,22000.0,14.666666666666666,0.0,0.0,0.0,3.0,3.0,2025-10-01 22:28:22,2025-09-26 19:35:06,27.333333333333332,3.0,0.0,0.0,29.0,5.0,E-Bike,43,3419
U0452,25,E-Bike,71,0,4.0,155000.0,38750.0,32.75,0.0,0.25,0.25,4.0,4.0,2025-10-29 19:27:30,2025-08-28 09:28:00,31.25,3.0,0.0,1.0,1.0,62.0,E-Bike,25,71
U0453,28,Shuttle,4219,0,4.0,152000.0,38000.0,28.25,0.75,0.0,0.75,4.0,2.0,2025-10-11 07:16:44,2025-08-24 08:16:53,30.75,2.0,0.0,2.0,19.0,47.0,Shuttle,28,4219
U0454,28,Shuttle,4585,0,5.0,168000.0,33600.0,38.4,0.0,0.2,0.6,5.0,5.0,2025-10-21 08:47:35,2025-08-20 15:45:27,30.4,3.0,1.0,1.0,9.0,61.0,Shuttle,28,4585
U0455,18,E-Bike,4356,0,4.0,116000.0,29000.0,32.0,0.5,0.0,0.75,3.0,3.0,2025-10-09 07:25:00,2025-08-23 07:45:21,31.75,2.0,1.0,1.0,21.0,46.0,E-Bike,18,4356
U0456,37,Metro/Bus,846,0,4.0,137500.0,34375.0,37.5,0.5,0.0,0.75,4.0,3.0,2025-10-21 18:01:13,2025-08-10 22:21:17,33.0,2.0,0.0,2.0,9.0,71.0,Metro/Bus,37,846
U0457,22,E-Bike,293,1,4.0,81000.0,20250.0,20.0,0.5,0.5,0.75,4.0,3.0,2025-10-19 06:24:07,2025-08-03 17:58:40,31.0,2.0,0.0,2.0,11.0,76.0,E-Bike,22,293
U0458,23,Shuttle,3471,0,3.0,108000.0,36000.0,37.666666666666664,0.0,1.0,0.3333333333333333,3.0,2.0,2025-09-04 09:28:32,2025-08-06 19:23:37,29.333333333333332,2.0,0.0,1.0,56.0,28.0,Shuttle,23,3471
U0459,39,Metro/Bus,2535,0,4.0,113500.0,28375.0,30.75,0.25,0.0,0.5,3.0,4.0,2025-10-20 06:41:12,2025-09-10 07:51:59,30.0,3.0,1.0,0.0,10.0,39.0,Metro/Bus,39,2535
U0460,55,Shuttle,2387,0,6.0,182000.0,30333.333333333332,31.5,0.3333333333333333,0.5,0.16666666666666666,5.0,5.0,2025-10-30 07:13:56,2025-08-02 06:53:59,29.166666666666668,3.0,2.0,1.0,0.0,89.0,Shuttle,55,2387
U0461,44,Shuttle,388,1,6.0,174000.0,29000.0,30.833333333333332,0.16666666666666666,0.3333333333333333,0.6666666666666666,4.0,5.0,2025-10-07 19:09:39,2025-08-03 07:59:51,32.166666666666664,3.0,1.0,2.0,23.0,65.0,Shuttle,44,388
U0462,53,Metro/Bus,4340,0,8.0,164500.0,20562.5,29.5,0.375,0.125,0.625,6.0,5.0,2025-10-02 20:23:44,2025-08-10 17:30:50,30.25,4.0,0.0,4.0,28.0,53.0,Metro/Bus,53,4340
U0463,33,E-Bike,4443,0,4.0,99500.0,24875.0,17.75,0.0,0.25,0.25,3.0,4.0,2025-10-02 06:09:17,2025-08-01 09:45:44,31.5,3.0,0.0,1.0,28.0,61.0,E-Bike,33,4443
U0464,20,Shuttle,1521,0,4.0,134000.0,33500.0,34.75,0.5,0.5,0.75,3.0,4.0,2025-10-25 18:37:39,2025-08-23 17:14:20,31.25,2.0,2.0,0.0,5.0,63.0,Shuttle,20,1521
U0465,45,E-Bike,4641,0,3.0,132000.0,44000.0,29.333333333333332,0.0,0.3333333333333333,0.6666666666666666,2.0,3.0,2025-09-02 18:49:20,2025-08-20 17:23:52,29.0,3.0,0.0,0.0,58.0,13.0,E-Bike,45,4641
U0466,33,E-Bike,4270,0,2.0,97000.0,48500.0,41.0,0.5,0.0,0.5,2.0,2.0,2025-10-23 19:40:01,2025-10-11 07:10:22,31.0,1.0,1.0,0.0,7.0,12.0,E-Bike,33,4270
U0467,35,E-Bike,2041,0,4.0,190000.0,47500.0,47.5,0.5,0.25,0.25,4.0,3.0,2025-10-18 08:57:34,2025-08-20 15:33:31,28.75,3.0,1.0,0.0,12.0,58.0,E-Bike,35,2041
U0468,31,Metro/Bus,3425,0,4.0,118000.0,29500.0,32.75,0.25,0.25,0.5,4.0,4.0,2025-10-09 18:13:40,2025-08-02 18:55:37,30.5,3.0,0.0,1.0,21.0,67.0,Metro/Bus,31,3425
U0469,45,Metro/Bus,1018,1,6.0,175000.0,29166.666666666668,40.0,0.5,0.16666666666666666,0.5,4.0,6.0,2025-09-20 14:49:13,2025-08-01 13:06:38,30.666666666666668,3.0,0.0,3.0,40.0,50.0,Metro/Bus,45,1018
U0470,20,Metro/Bus,4745,1,3.0,92000.0,30666.666666666668,41.666666666666664,0.0,0.0,0.3333333333333333,3.0,3.0,2025-10-20 07:58:28,2025-08-08 13:45:20,33.666666666666664,1.0,1.0,1.0,10.0,72.0,Metro/Bus,20,4745
U0471,29,Metro/Bus,2049,0,6.0,199500.0,33250.0,26.666666666666668,0.16666666666666666,0.3333333333333333,0.3333333333333333,5.0,4.0,2025-10-24 19:19:47,2025-09-08 19:43:46,30.166666666666668,4.0,1.0,1.0,6.0,45.0,Metro/Bus,29,2049
U0472,19,E-Bike,271,0,5.0,138000.0,27600.0,23.2,0.6,0.2,0.4,4.0,4.0,2025-10-25 07:34:54,2025-08-24 14:46:24,29.2,4.0,0.0,1.0,5.0,61.0,E-Bike,19,271
U0473,44,E-Bike,700,0,3.0,75000.0,25000.0,40.666666666666664,0.6666666666666666,0.3333333333333333,0.6666666666666666,3.0,3.0,2025-10-26 17:07:01,2025-08-14 19:30:32,32.0,1.0,0.0,2.0,4.0,72.0,E-Bike,44,700
U0474,31,E-Bike,1403,0,6.0,214500.0,35750.0,31.666666666666668,0.3333333333333333,0.0,0.5,4.0,3.0,2025-10-18 18:15:33,2025-09-15 11:18:08,29.166666666666668,5.0,0.0,1.0,12.0,33.0,E-Bike,31,1403
U0475,44,Shuttle,1331,0,6.0,178500.0,29750.0,28.166666666666668,0.0,0.0,0.5,4.0,3.0,2025-10-10 21:37:15,2025-08-01 18:23:37,28.666666666666668,5.0,0.0,1.0,20.0,70.0,Shuttle,44,1331
U0476,52,E-Bike,1355,0,9.0,311500.0,34611.11111111111,28.666666666666668,0.3333333333333333,0.2222222222222222,0.4444444444444444,6.0,5.0,2025-10-29 08:50:14,2025-08-06 09:30:38,30.77777777777778,7.0,0.0,2.0,1.0,83.0,E-Bike,52,1355
U0477,25,E-Bike,1265,0,3.0,102000.0,34000.0,22.666666666666668,0.0,0.3333333333333333,0.3333333333333333,3.0,3.0,2025-09-18 21:51:09,2025-08-06 06:39:06,31.333333333333332,3.0,0.0,0.0,42.0,43.0,E-Bike,25,1265
U0478,50,E-Bike,2355,0,6.0,189500.0,31583.333333333332,29.333333333333332,0.5,0.3333333333333333,0.5,5.0,4.0,2025-10-19 09:54:18,2025-08-06 17:16:43,31.5,4.0,1.0,1.0,11.0,73.0,E-Bike,50,2355
U0479,18,Metro/Bus,2507,0,9.0,257500.0,28611.11111111111,29.0,0.3333333333333333,0.1111111111111111,0.7777777777777778,6.0,6.0,2025-10-19 08:37:57,2025-08-12 18:54:34,30.333333333333332,6.0,2.0,1.0,11.0,67.0,Metro/Bus,18,2507
U0480,32,E-Bike,3715,0,4.0,97000.0,24250.0,39.75,0.25,0.0,0.75,4.0,3.0,2025-10-18 17:04:23,2025-09-18 08:16:32,31.0,2.0,0.0,2.0,12.0,30.0,E-Bike,32,3715
U0481,21,E-Bike,3240,0,5.0,140500.0,28100.0,34.6,0.2,0.2,0.6,4.0,4.0,2025-10-02 08:43:32,2025-08-02 09:34:51,31.0,2.0,1.0,2.0,28.0,60.0,E-Bike,21,3240
U0482,33,Metro/Bus,3503,0,2.0,31500.0,15750.0,10.5,0.5,0.0,0.5,2.0,1.0,2025-09-25 09:21:49,2025-08-31 18:30:57,33.0,2.0,0.0,0.0,35.0,24.0,Metro/Bus,33,3503
U0483,42,E-Bike,3707,1,4.0,60000.0,15000.0,22.0,0.5,0.25,0.25,3.0,4.0,2025-09-28 16:12:13,2025-08-21 12:06:32,29.5,3.0,0.0,1.0,32.0,38.0,E-Bike,42,3707
U0484,34,E-Bike,562,0,5.0,184500.0,36900.0,37.6,0.4,0.4,0.6,5.0,3.0,2025-09-20 09:39:59,2025-08-09 17:41:03,31.8,3.0,1.0,1.0,40.0,41.0,E-Bike,34,562
U0485,41,Metro/Bus,872,0,4.0,132000.0,33000.0,40.25,0.0,0.0,0.5,3.0,2.0,2025-10-22 11:25:09,2025-09-02 18:48:04,31.25,2.0,1.0,1.0,8.0,49.0,Metro/Bus,41,872
U0486,22,Metro/Bus,3367,0,5.0,189500.0,37900.0,45.6,0.0,0.4,0.4,3.0,3.0,2025-10-21 08:31:58,2025-09-12 14:22:28,31.0,2.0,2.0,1.0,9.0,38.0,Metro/Bus,22,3367
U0487,18,Metro/Bus,1291,0,7.0,186500.0,26642.85714285714,30.285714285714285,0.14285714285714285,0.14285714285714285,0.2857142857142857,6.0,5.0,2025-10-27 16:06:49,2025-08-06 19:35:30,30.285714285714285,4.0,1.0,2.0,3.0,81.0,Metro/Bus,18,1291
U0488,44,E-Bike,4143,0,8.0,339500.0,42437.5,30.25,0.25,0.125,0.625,5.0,7.0,2025-10-26 17:57:32,2025-08-18 21:36:43,29.0,7.0,0.0,1.0,4.0,68.0,E-Bike,44,4143
U0489,41,Metro/Bus,1047,0,2.0,27000.0,13500.0,38.0,0.0,0.0,0.0,2.0,2.0,2025-10-22 14:33:42,2025-08-27 09:04:33,27.5,0.0,0.0,2.0,8.0,56.0,Metro/Bus,41,1047
U0490,26,E-Bike,2739,0,5.0,109000.0,21800.0,37.4,0.4,0.2,0.4,4.0,4.0,2025-10-29 07:39:57,2025-08-24 10:16:26,30.8,0.0,2.0,3.0,1.0,65.0,E-Bike,26,2739
U0491,27,Metro/Bus,4311,0,7.0,234000.0,33428.57142857143,34.42857142857143,0.42857142857142855,0.42857142857142855,0.42857142857142855,4.0,5.0,2025-09-27 17:54:42,2025-08-10 22:41:47,30.428571428571427,5.0,1.0,1.0,33.0,47.0,Metro/Bus,27,4311
U0492,25,E-Bike,4194,0,6.0,177000.0,29500.0,32.166666666666664,0.0,0.16666666666666666,0.16666666666666666,4.0,5.0,2025-09-30 10:47:07,2025-08-04 06:24:09,27.333333333333332,3.0,1.0,2.0,30.0,57.0,E-Bike,25,4194
U0493,26,E-Bike,213,0,5.0,153500.0,30700.0,41.8,0.2,0.2,0.4,4.0,3.0,2025-10-30 15:21:11,2025-10-02 16:27:37,33.0,2.0,1.0,2.0,0.0,27.0,E-Bike,26,213
U0494,26,Metro/Bus,832,0,3.0,81500.0,27166.666666666668,52.0,0.3333333333333333,0.3333333333333333,0.6666666666666666,2.0,3.0,2025-09-18 08:16:26,2025-08-05 07:16:21,27.0,1.0,1.0,1.0,42.0,44.0,Metro/Bus,26,832
U0495,29,E-Bike,261,0,4.0,97500.0,24375.0,38.5,0.25,0.25,0.5,3.0,3.0,2025-10-11 20:48:29,2025-08-21 18:35:38,28.75,1.0,1.0,2.0,19.0,51.0,E-Bike,29,261
U0496,42,E-Bike,3135,0,4.0,125500.0,31375.0,33.75,0.5,0.25,0.0,4.0,4.0,2025-10-04 15:42:17,2025-08-12 15:02:40,31.25,3.0,1.0,0.0,26.0,53.0,E-Bike,42,3135
U0497,40,Metro/Bus,2120,0,4.0,205500.0,51375.0,34.25,0.25,0.25,0.0,2.0,3.0,2025-10-24 22:53:03,2025-08-07 19:51:52,29.5,4.0,0.0,0.0,6.0,78.0,Metro/Bus,40,2120
U0498,48,Metro/Bus,4905,0,8.0,308000.0,38500.0,41.25,0.625,0.25,0.375,5.0,5.0,2025-09-28 13:31:58,2025-08-03 07:39:04,29.625,4.0,2.0,2.0,32.0,56.0,Metro/Bus,48,4905
U0499,26,Shuttle,4857,0,5.0,156500.0,31300.0,33.2,0.0,0.2,0.6,5.0,3.0,2025-10-23 09:34:38,2025-08-05 18:58:27,29.8,3.0,1.0,1.0,7.0,78.0,Shuttle,26,4857
U0500,30,E-Bike,1966,0,6.0,175500.0,29250.0,39.166666666666664,0.0,0.16666666666666666,0.3333333333333333,4.0,4.0,2025-10-27 19:19:26,2025-09-04 09:23:38,31.0,3.0,2.0,1.0,3.0,53.0,E-Bike,30,1966
U0501,18,Metro/Bus,2191,0,1.0,64500.0,64500.0,43.0,0.0,1.0,0.0,1.0,1.0,2025-10-01 19:12:00,2025-10-01 19:12:00,34.0,1.0,0.0,0.0,29.0,0.0,Metro/Bus,18,2191
U0502,46,Metro/Bus,3916,0,5.0,160000.0,32000.0,30.8,0.2,0.0,0.4,5.0,3.0,2025-10-06 17:43:05,2025-08-04 09:43:42,32.2,3.0,1.0,1.0,24.0,63.0,Metro/Bus,46,3916
U0503,44,Shuttle,1058,0,3.0,36000.0,12000.0,31.0,0.3333333333333333,0.0,0.3333333333333333,3.0,2.0,2025-09-08 16:15:36,2025-08-08 17:48:56,30.333333333333332,1.0,0.0,2.0,52.0,30.0,Shuttle,44,1058
U0504,44,Shuttle,1742,0,5.0,142500.0,28500.0,30.8,0.4,0.2,0.4,5.0,3.0,2025-09-23 08:46:14,2025-08-12 11:06:29,31.0,3.0,0.0,2.0,37.0,41.0,Shuttle,44,1742
U0505,25,Metro/Bus,4787,0,5.0,167500.0,33500.0,25.2,0.2,0.0,0.4,3.0,5.0,2025-10-04 07:09:02,2025-08-15 21:59:51,28.6,4.0,0.0,1.0,26.0,49.0,Metro/Bus,25,4787
U0506,34,E-Bike,2418,0,11.0,310500.0,28227.272727272728,28.545454545454547,0.36363636363636365,0.09090909090909091,0.36363636363636365,5.0,6.0,2025-10-22 19:44:30,2025-08-01 21:06:08,31.454545454545453,7.0,1.0,3.0,8.0,81.0,E-Bike,34,2418
U0507,45,Metro/Bus,904,0,8.0,326000.0,40750.0,35.625,0.25,0.25,0.75,4.0,6.0,2025-10-20 08:07:58,2025-08-04 07:48:14,30.875,5.0,2.0,1.0,10.0,77.0,Metro/Bus,45,904
U0508,30,Metro/Bus,3717,0,3.0,62000.0,20666.666666666668,40.0,0.3333333333333333,0.0,0.6666666666666666,2.0,2.0,2025-10-29 18:00:58,2025-08-09 08:10:41,32.0,1.0,0.0,2.0,1.0,81.0,Metro/Bus,30,3717
U0509,44,E-Bike,4862,0,3.0,110000.0,36666.666666666664,32.666666666666664,0.3333333333333333,0.0,0.3333333333333333,3.0,3.0,2025-09-26 21:05:16,2025-08-30 07:22:32,29.0,2.0,0.0,1.0,34.0,27.0,E-Bike,44,4862
U0510,22,E-Bike,4886,0,4.0,50000.0,12500.0,31.0,0.5,0.25,0.75,3.0,4.0,2025-09-19 17:51:25,2025-08-08 08:09:25,31.0,2.0,0.0,2.0,41.0,42.0,E-Bike,22,4886
U0511,44,Metro/Bus,3903,1,2.0,42000.0,21000.0,14.0,0.5,0.0,0.5,2.0,1.0,2025-09-12 08:32:56,2025-08-09 06:36:04,31.5,2.0,0.0,0.0,48.0,34.0,Metro/Bus,44,3903
U0512,53,Metro/Bus,492,0,7.0,280500.0,40071.42857142857,36.285714285714285,0.14285714285714285,0.5714285714285714,0.14285714285714285,5.0,5.0,2025-10-26 19:40:00,2025-08-14 11:48:10,30.285714285714285,4.0,1.0,2.0,4.0,73.0,Metro/Bus,53,492
U0513,32,E-Bike,901,0,2.0,106000.0,53000.0,57.5,0.0,0.0,0.0,2.0,2.0,2025-08-18 16:53:23,2025-08-06 20:33:08,27.5,1.0,1.0,0.0,73.0,11.0,E-Bike,32,901
U0514,25,Shuttle,2541,1,6.0,208000.0,34666.666666666664,26.666666666666668,0.0,0.16666666666666666,0.5,5.0,4.0,2025-10-16 17:47:07,2025-08-04 09:43:19,30.0,5.0,1.0,0.0,14.0,73.0,Shuttle,25,2541
U0515,51,Metro/Bus,1397,0,3.0,109000.0,36333.333333333336,43.666666666666664,0.0,0.3333333333333333,0.6666666666666666,3.0,3.0,2025-10-29 17:07:52,2025-09-23 09:30:19,32.333333333333336,1.0,1.0,1.0,1.0,36.0,Metro/Bus,51,1397
U0516,33,Metro/Bus,3987,1,4.0,136500.0,34125.0,43.5,0.5,0.25,0.5,3.0,4.0,2025-10-21 17:21:58,2025-08-17 15:13:50,29.75,1.0,1.0,2.0,9.0,65.0,Metro/Bus,33,3987
U0517,38,Shuttle,4787,0,3.0,40500.0,13500.0,13.333333333333334,0.3333333333333333,0.0,1.0,2.0,3.0,2025-10-19 18:23:19,2025-08-05 18:25:09,31.333333333333332,2.0,0.0,1.0,11.0,74.0,Shuttle,38,4787
U0518,24,E-Bike,2122,0,4.0,116000.0,29000.0,44.25,0.0,0.5,0.5,4.0,4.0,2025-10-16 08:24:37,2025-09-05 07:42:46,29.0,1.0,1.0,2.0,14.0,41.0,E-Bike,24,2122
U0519,46,E-Bike,3896,0,5.0,157500.0,31500.0,42.4,0.4,0.4,0.2,3.0,4.0,2025-10-29 11:00:51,2025-08-03 19:19:28,31.2,2.0,1.0,2.0,1.0,86.0,E-Bike,46,3896
U0520,19,Shuttle,2846,0,0.0,0.0,0.0,0.0,0.0,0.0,0.0,0.0,0.0,,,0.0,0.0,0.0,0.0,0.0,0.0,Shuttle,19,2846
U0521,24,Metro/Bus,4844,0,2.0,111000.0,55500.0,37.0,0.0,0.5,0.5,2.0,1.0,2025-10-21 15:45:00,2025-08-22 18:47:56,31.5,2.0,0.0,0.0,9.0,59.0,Metro/Bus,24,4844
U0522,22,E-Bike,1450,0,4.0,122500.0,30625.0,30.75,0.25,0.25,0.75,3.0,3.0,2025-10-05 09:47:37,2025-08-29 08:33:57,31.75,3.0,0.0,1.0,25.0,37.0,E-Bike,22,1450
U0523,36,E-Bike,4942,0,6.0,156000.0,26000.0,17.333333333333332,0.5,0.0,0.8333333333333334,4.0,4.0,2025-10-26 08:00:05,2025-08-03 17:48:35,30.0,6.0,0.0,0.0,4.0,83.0,E-Bike,36,4942
U0524,24,Shuttle,1294,1,2.0,81000.0,40500.0,27.0,0.5,0.5,0.5,2.0,2.0,2025-10-04 17:00:51,2025-09-15 19:18:12,32.5,2.0,0.0,0.0,26.0,18.0,Shuttle,24,1294
U0525,38,E-Bike,1817,0,10.0,216000.0,21600.0,30.0,0.3,0.2,0.5,6.0,4.0,2025-10-28 13:37:14,2025-08-06 18:10:20,31.4,4.0,1.0,5.0,2.0,82.0,E-Bike,38,1817
U0526,23,E-Bike,420,0,3.0,46500.0,15500.0,24.666666666666668,0.0,0.3333333333333333,0.3333333333333333,3.0,3.0,2025-10-29 10:28:16,2025-08-13 08:27:06,33.0,1.0,0.0,2.0,1.0,77.0,E-Bike,23,420
U0527,34,Shuttle,2780,0,7.0,246000.0,35142.857142857145,31.0,0.42857142857142855,0.42857142857142855,0.14285714285714285,5.0,4.0,2025-10-23 15:29:54,2025-08-10 06:22:53,29.857142857142858,5.0,0.0,2.0,7.0,74.0,Shuttle,34,2780
U0528,35,E-Bike,3492,1,2.0,67500.0,33750.0,22.5,1.0,0.0,0.0,2.0,2.0,2025-10-19 15:12:59,2025-09-21 09:13:19,30.5,2.0,0.0,0.0,11.0,28.0,E-Bike,35,3492
U0529,49,E-Bike,2413,0,3.0,118500.0,39500.0,26.333333333333332,1.0,0.0,0.6666666666666666,2.0,3.0,2025-10-12 07:32:25,2025-08-02 07:44:45,30.666666666666668,3.0,0.0,0.0,18.0,70.0,E-Bike,49,2413
U0530,42,E-Bike,2571,0,4.0,116500.0,29125.0,32.5,0.25,0.5,0.25,3.0,4.0,2025-10-27 09:25:11,2025-08-20 17:00:43,31.25,3.0,1.0,0.0,3.0,67.0,E-Bike,42,2571
U0531,25,E-Bike,1879,0,5.0,220500.0,44100.0,33.4,0.4,0.2,0.4,4.0,4.0,2025-10-10 19:29:17,2025-08-03 07:58:17,31.6,4.0,0.0,1.0,20.0,68.0,E-Bike,25,1879
U0532,47,E-Bike,4537,0,8.0,326000.0,40750.0,35.5,0.125,0.125,0.625,5.0,5.0,2025-10-30 07:00:25,2025-08-18 08:22:21,30.875,6.0,2.0,0.0,0.0,72.0,E-Bike,47,4537
U0533,49,E-Bike,1458,0,5.0,141000.0,28200.0,41.8,0.6,0.2,0.6,3.0,3.0,2025-10-19 11:22:58,2025-08-27 18:42:06,33.0,2.0,0.0,3.0,11.0,52.0,E-Bike,49,1458
U0534,30,E-Bike,1873,0,2.0,52500.0,26250.0,17.5,0.5,0.0,0.0,2.0,2.0,2025-10-19 09:08:12,2025-08-19 14:04:23,33.0,2.0,0.0,0.0,11.0,60.0,E-Bike,30,1873
U0535,55,E-Bike,2397,0,1.0,48000.0,48000.0,32.0,1.0,0.0,1.0,1.0,1.0,2025-09-28 17:40:02,2025-09-28 17:40:02,33.0,1.0,0.0,0.0,32.0,0.0,E-Bike,55,2397
U0536,47,E-Bike,69,0,1.0,40000.0,40000.0,62.0,0.0,0.0,0.0,1.0,1.0,2025-10-29 19:11:30,2025-10-29 19:11:30,26.0,0.0,1.0,0.0,1.0,0.0,E-Bike,47,69
U0537,33,E-Bike,4913,0,2.0,53500.0,26750.0,35.5,1.0,1.0,0.5,1.0,2.0,2025-10-25 10:40:36,2025-08-09 07:46:02,31.5,1.0,1.0,0.0,5.0,77.0,E-Bike,33,4913
U0538,40,Shuttle,4542,0,4.0,114000.0,28500.0,31.25,0.25,0.0,0.5,4.0,3.0,2025-10-22 17:16:08,2025-08-20 17:49:03,29.25,3.0,0.0,1.0,8.0,62.0,Shuttle,40,4542
U0539,18,E-Bike,2270,0,10.0,279000.0,27900.0,32.3,0.3,0.0,0.5,6.0,6.0,2025-10-23 13:01:33,2025-08-01 14:53:24,31.5,7.0,1.0,2.0,7.0,82.0,E-Bike,18,2270
U0540,43,Shuttle,3700,0,5.0,141500.0,28300.0,30.2,0.4,0.2,0.6,2.0,5.0,2025-10-20 08:53:09,2025-08-17 18:28:03,28.8,3.0,1.0,1.0,10.0,63.0,Shuttle,43,3700
U0541,51,E-Bike,2907,0,1.0,15000.0,15000.0,29.0,0.0,0.0,0.0,1.0,1.0,2025-10-30 19:18:56,2025-10-30 19:18:56,32.0,0.0,0.0,1.0,0.0,0.0,E-Bike,51,2907
U0542,31,Metro/Bus,4416,0,6.0,138000.0,23000.0,35.0,0.3333333333333333,0.3333333333333333,0.8333333333333334,5.0,4.0,2025-10-12 09:00:55,2025-08-03 08:09:15,30.833333333333332,2.0,0.0,4.0,18.0,70.0,Metro/Bus,31,4416
U0543,24,E-Bike,4506,0,7.0,287000.0,41000.0,29.285714285714285,0.42857142857142855,0.14285714285714285,0.14285714285714285,6.0,6.0,2025-10-01 12:07:48,2025-08-10 09:01:45,30.285714285714285,6.0,0.0,1.0,29.0,52.0,E-Bike,24,4506
U0544,27,Shuttle,1980,0,5.0,167500.0,33500.0,24.6,0.0,0.0,0.4,5.0,3.0,2025-10-20 20:38:49,2025-08-12 08:01:51,30.8,4.0,1.0,0.0,10.0,69.0,Shuttle,27,1980
U0545,39,Shuttle,3654,1,2.0,112500.0,56250.0,37.5,0.5,0.5,0.5,2.0,2.0,2025-10-05 18:05:03,2025-09-12 10:32:38,27.5,2.0,0.0,0.0,25.0,23.0,Shuttle,39,3654
U0546,54,E-Bike,2108,0,3.0,137500.0,45833.333333333336,43.0,0.0,0.3333333333333333,0.3333333333333333,2.0,2.0,2025-10-24 19:36:39,2025-08-29 20:34:50,29.333333333333332,2.0,1.0,0.0,6.0,55.0,E-Bike,54,2108
U0547,52,Metro/Bus,4978,0,1.0,15000.0,15000.0,30.0,1.0,0.0,1.0,1.0,1.0,2025-10-19 18:10:02,2025-10-19 18:10:02,33.0,0.0,0.0,1.0,11.0,0.0,Metro/Bus,52,4978
U0548,33,E-Bike,4779,0,10.0,351500.0,35150.0,29.2,0.3,0.2,0.3,7.0,4.0,2025-10-18 06:17:17,2025-08-07 11:00:11,30.1,8.0,1.0,1.0,12.0,71.0,E-Bike,33,4779
U0549,35,E-Bike,676,0,3.0,151500.0,50500.0,33.666666666666664,0.3333333333333333,0.0,0.3333333333333333,2.0,3.0,2025-10-22 18:56:22,2025-08-03 19:20:11,28.333333333333332,3.0,0.0,0.0,8.0,79.0,E-Bike,35,676
U0550,32,E-Bike,4639,0,6.0,216000.0,36000.0,40.333333333333336,0.0,0.6666666666666666,0.3333333333333333,4.0,5.0,2025-10-28 19:59:14,2025-08-04 19:43:47,29.333333333333332,4.0,0.0,2.0,2.0,85.0,E-Bike,32,4639
U0551,32,E-Bike,1260,0,3.0,92500.0,30833.333333333332,27.0,0.3333333333333333,0.0,0.6666666666666666,2.0,3.0,2025-10-18 18:05:55,2025-08-08 19:11:01,29.333333333333332,2.0,1.0,0.0,12.0,70.0,E-Bike,32,1260
U0552,20,E-Bike,449,0,7.0,162500.0,23214.285714285714,30.571428571428573,0.42857142857142855,0.42857142857142855,0.5714285714285714,4.0,4.0,2025-09-28 07:46:45,2025-08-02 09:55:48,31.142857142857142,3.0,0.0,4.0,32.0,56.0,E-Bike,20,449
U0553,48,Shuttle,1797,0,6.0,176500.0,29416.666666666668,29.166666666666668,0.16666666666666666,0.16666666666666666,0.6666666666666666,5.0,5.0,2025-10-22 18:06:15,2025-08-28 17:28:19,30.166666666666668,4.0,0.0,2.0,8.0,55.0,Shuttle,48,1797
U0554,27,E-Bike,2793,0,2.0,55500.0,27750.0,26.0,0.0,1.0,0.5,2.0,2.0,2025-10-07 14:11:38,2025-09-02 18:29:50,30.0,1.0,0.0,1.0,23.0,34.0,E-Bike,27,2793
U0555,50,Shuttle,3706,0,5.0,146500.0,29300.0,29.8,0.0,0.4,0.6,3.0,4.0,2025-10-27 08:01:08,2025-08-12 22:17:44,30.0,4.0,0.0,1.0,3.0,75.0,Shuttle,50,3706
U0556,18,Metro/Bus,3032,0,3.0,103000.0,34333.333333333336,25.333333333333332,0.3333333333333333,0.0,0.0,2.0,3.0,2025-10-19 19:11:31,2025-08-25 19:01:16,29.666666666666668,2.0,1.0,0.0,11.0,55.0,Metro/Bus,18,3032
U0557,45,Shuttle,528,0,7.0,231000.0,33000.0,32.142857142857146,0.42857142857142855,0.2857142857142857,0.5714285714285714,5.0,5.0,2025-10-22 16:17:47,2025-08-12 07:44:29,31.285714285714285,4.0,0.0,3.0,8.0,71.0,Shuttle,45,528
U0558,49,Shuttle,4491,0,1.0,43500.0,43500.0,29.0,0.0,1.0,1.0,1.0,1.0,2025-09-05 18:39:18,2025-09-05 18:39:18,27.0,1.0,0.0,0.0,55.0,0.0,Shuttle,49,4491
U0559,46,Metro/Bus,4594,0,7.0,180500.0,25785.714285714286,30.857142857142858,0.5714285714285714,0.14285714285714285,0.2857142857142857,4.0,5.0,2025-10-21 17:28:22,2025-08-03 08:29:24,29.714285714285715,4.0,0.0,3.0,9.0,79.0,Metro/Bus,46,4594
U0560,33,E-Bike,3296,0,2.0,25500.0,12750.0,8.5,0.5,0.0,0.5,2.0,2.0,2025-08-24 20:53:26,2025-08-01 08:14:16,33.0,2.0,0.0,0.0,67.0,23.0,E-Bike,33,3296
U0561,46,E-Bike,3982,0,7.0,190000.0,27142.85714285714,35.42857142857143,0.14285714285714285,0.0,0.5714285714285714,7.0,4.0,2025-10-26 16:37:54,2025-08-27 17:20:49,29.142857142857142,3.0,2.0,2.0,4.0,59.0,E-Bike,46,3982
U0562,52,Shuttle,2208,0,3.0,123000.0,41000.0,27.333333333333332,0.0,0.6666666666666666,0.3333333333333333,3.0,3.0,2025-09-29 13:56:22,2025-08-19 08:01:01,32.0,3.0,0.0,0.0,31.0,41.0,Shuttle,52,2208
U0563,34,Metro/Bus,2672,0,6.0,208000.0,34666.666666666664,33.666666666666664,0.3333333333333333,0.0,0.3333333333333333,3.0,4.0,2025-10-17 17:34:41,2025-08-06 21:33:32,31.5,3.0,2.0,1.0,13.0,71.0,Metro/Bus,34,2672
U0564,51,E-Bike,2994,0,8.0,226000.0,28250.0,37.125,0.125,0.125,0.25,4.0,7.0,2025-10-28 16:18:12,2025-08-12 17:40:05,30.625,2.0,2.0,4.0,2.0,76.0,E-Bike,51,2994
U0565,55,Metro/Bus,3357,0,3.0,42000.0,14000.0,28.333333333333332,0.3333333333333333,0.3333333333333333,0.3333333333333333,3.0,2.0,2025-10-17 16:48:58,2025-08-17 15:59:03,31.666666666666668,0.0,0.0,3.0,13.0,61.0,Metro/Bus,55,3357
U0566,35,Metro/Bus,286,0,7.0,189500.0,27071.428571428572,22.142857142857142,0.42857142857142855,0.2857142857142857,0.42857142857142855,4.0,6.0,2025-10-28 17:20:15,2025-08-02 19:44:08,29.571428571428573,5.0,0.0,2.0,2.0,86.0,Metro/Bus,35,286
U0567,38,Shuttle,3496,0,5.0,202500.0,40500.0,43.0,0.0,0.2,0.0,5.0,5.0,2025-10-17 09:13:29,2025-08-28 09:27:24,29.0,3.0,1.0,1.0,13.0,49.0,Shuttle,38,3496
U0568,23,Shuttle,878,1,2.0,47000.0,23500.0,52.5,0.0,0.0,0.5,2.0,2.0,2025-10-06 08:52:51,2025-10-03 20:55:45,28.5,0.0,1.0,1.0,24.0,2.0,Shuttle,23,878
U0569,20,E-Bike,3378,0,4.0,111500.0,27875.0,22.5,0.0,0.0,0.5,2.0,3.0,2025-10-24 17:26:07,2025-08-11 15:43:29,28.5,3.0,0.0,1.0,6.0,74.0,E-Bike,20,3378
U0570,28,Metro/Bus,3742,1,4.0,138000.0,34500.0,36.25,0.25,0.0,0.75,3.0,3.0,2025-09-13 17:18:34,2025-08-04 11:54:53,29.5,2.0,1.0,1.0,47.0,40.0,Metro/Bus,28,3742
U0571,38,E-Bike,1864,0,4.0,137500.0,34375.0,32.25,0.5,0.5,0.25,2.0,4.0,2025-09-28 08:11:40,2025-08-24 19:01:55,28.0,3.0,1.0,0.0,32.0,34.0,E-Bike,38,1864
U0572,30,E-Bike,3273,0,6.0,136500.0,22750.0,33.333333333333336,0.5,0.0,0.6666666666666666,6.0,4.0,2025-10-13 12:53:46,2025-08-16 06:36:08,30.5,1.0,1.0,4.0,17.0,58.0,E-Bike,30,3273
U0573,34,E-Bike,2094,0,8.0,317500.0,39687.5,42.75,0.375,0.375,0.375,6.0,6.0,2025-10-24 13:49:40,2025-08-10 22:45:21,30.125,4.0,4.0,0.0,6.0,74.0,E-Bike,34,2094
U0574,29,Shuttle,1724,0,4.0,183000.0,45750.0,50.25,0.75,0.0,0.25,4.0,4.0,2025-10-28 19:13:20,2025-08-10 20:54:11,33.0,1.0,3.0,0.0,2.0,78.0,Shuttle,29,1724
U0575,34,E-Bike,3616,1,3.0,96000.0,32000.0,24.333333333333332,0.0,0.0,0.6666666666666666,3.0,3.0,2025-10-14 18:35:32,2025-09-09 08:05:59,30.333333333333332,2.0,0.0,1.0,16.0,35.0,E-Bike,34,3616
U0576,49,E-Bike,760,0,8.0,248500.0,31062.5,36.25,0.5,0.25,0.625,5.0,5.0,2025-10-12 07:13:27,2025-08-08 17:12:09,31.25,3.0,2.0,3.0,18.0,64.0,E-Bike,49,760
U0577,18,Metro/Bus,710,0,8.0,277000.0,34625.0,26.875,0.5,0.375,0.625,6.0,6.0,2025-10-22 17:54:13,2025-08-02 07:02:19,30.125,6.0,1.0,1.0,8.0,81.0,Metro/Bus,18,710
U0578,21,E-Bike,205,0,4.0,90000.0,22500.0,26.5,0.25,0.25,0.5,3.0,3.0,2025-09-27 19:35:56,2025-08-22 06:03:07,29.5,2.0,1.0,1.0,33.0,36.0,E-Bike,21,205
U0579,33,E-Bike,3493,1,4.0,160500.0,40125.0,26.75,0.25,0.0,0.5,4.0,3.0,2025-10-26 16:59:05,2025-09-12 19:11:50,31.0,4.0,0.0,0.0,4.0,43.0,E-Bike,33,3493
U0580,50,Metro/Bus,4247,0,6.0,254000.0,42333.333333333336,40.333333333333336,0.5,0.0,0.16666666666666666,3.0,4.0,2025-10-08 11:12:13,2025-08-10 12:47:23,30.166666666666668,4.0,2.0,0.0,22.0,58.0,Metro/Bus,50,4247
U0581,51,Shuttle,1771,0,3.0,85000.0,28333.333333333332,27.333333333333332,0.0,0.3333333333333333,0.6666666666666666,3.0,3.0,2025-09-02 17:13:02,2025-08-06 17:41:14,33.333333333333336,2.0,0.0,1.0,58.0,26.0,Shuttle,51,1771
U0582,21,Metro/Bus,4844,1,2.0,56500.0,28250.0,43.5,0.0,0.0,0.5,2.0,2.0,2025-10-29 21:47:55,2025-10-02 07:16:10,32.0,1.0,1.0,0.0,1.0,27.0,Metro/Bus,21,4844
U0583,34,Shuttle,4439,0,7.0,249500.0,35642.857142857145,31.142857142857142,0.2857142857142857,0.14285714285714285,0.5714285714285714,4.0,4.0,2025-10-30 21:47:03,2025-09-01 19:09:24,29.571428571428573,5.0,1.0,1.0,0.0,59.0,Shuttle,34,4439
U0584,21,E-Bike,1441,0,5.0,192000.0,38400.0,38.2,0.0,0.2,0.0,3.0,4.0,2025-10-30 19:47:05,2025-08-08 19:48:11,29.8,3.0,1.0,1.0,0.0,82.0,E-Bike,21,1441
U0585,46,Metro/Bus,1429,0,5.0,116000.0,23200.0,28.6,0.0,0.2,0.4,2.0,4.0,2025-09-17 09:13:57,2025-08-14 22:05:39,29.8,2.0,1.0,2.0,43.0,33.0,Metro/Bus,46,1429
U0586,39,E-Bike,4783,0,3.0,43500.0,14500.0,15.333333333333334,0.3333333333333333,0.3333333333333333,0.6666666666666666,2.0,2.0,2025-10-09 17:29:50,2025-08-02 09:38:26,31.666666666666668,2.0,0.0,1.0,21.0,68.0,E-Bike,39,4783
U0587,48,Shuttle,4705,0,4.0,76500.0,19125.0,23.25,0.25,0.0,0.5,4.0,4.0,2025-10-09 18:05:57,2025-09-03 09:57:06,30.5,2.0,1.0,1.0,21.0,36.0,Shuttle,48,4705
U0588,51,Metro/Bus,1267,0,5.0,203000.0,40600.0,27.8,0.2,0.8,0.6,4.0,3.0,2025-10-29 08:27:57,2025-09-05 09:12:40,30.0,4.0,0.0,1.0,1.0,53.0,Metro/Bus,51,1267
U0589,44,Shuttle,327,1,7.0,158000.0,22571.428571428572,16.142857142857142,0.14285714285714285,0.14285714285714285,0.42857142857142855,5.0,6.0,2025-10-24 19:03:02,2025-08-01 18:55:08,30.714285714285715,6.0,0.0,1.0,6.0,84.0,Shuttle,44,327
U0590,23,Metro/Bus,4492,1,6.0,176500.0,29416.666666666668,29.5,0.5,0.16666666666666666,0.3333333333333333,5.0,5.0,2025-10-01 15:22:59,2025-08-03 09:43:23,30.666666666666668,2.0,0.0,4.0,29.0,59.0,Metro/Bus,23,4492
U0591,33,E-Bike,1338,0,2.0,47000.0,23500.0,22.0,0.0,0.5,0.5,2.0,2.0,2025-10-03 18:33:49,2025-08-25 15:37:59,30.5,1.0,0.0,1.0,27.0,39.0,E-Bike,33,1338
U0592,40,Metro/Bus,4115,0,5.0,199000.0,39800.0,37.0,0.4,0.6,0.4,3.0,3.0,2025-09-27 19:52:41,2025-08-03 09:13:44,29.2,4.0,1.0,0.0,33.0,55.0,Metro/Bus,40,4115
U0593,50,E-Bike,1023,0,7.0,204500.0,29214.285714285714,33.285714285714285,0.7142857142857143,0.42857142857142855,0.0,5.0,6.0,2025-10-26 09:50:10,2025-08-13 09:58:45,29.857142857142858,4.0,1.0,2.0,4.0,73.0,E-Bike,50,1023
U0594,47,E-Bike,103,0,1.0,64500.0,64500.0,43.0,0.0,0.0,1.0,1.0,1.0,2025-09-25 17:00:15,2025-09-25 17:00:15,33.0,1.0,0.0,0.0,35.0,0.0,E-Bike,47,103
U0595,25,E-Bike,4372,1,4.0,90000.0,22500.0,15.0,0.25,0.5,0.25,4.0,3.0,2025-10-14 13:36:03,2025-09-07 19:13:11,31.0,4.0,0.0,0.0,16.0,36.0,E-Bike,25,4372
U0596,53,E-Bike,465,0,4.0,83500.0,20875.0,20.25,0.25,0.0,0.25,4.0,4.0,2025-10-04 07:48:42,2025-08-06 10:20:43,28.5,3.0,0.0,1.0,26.0,58.0,E-Bike,53,465
U0597,30,Metro/Bus,1545,0,2.0,80000.0,40000.0,37.0,0.0,1.0,1.0,2.0,2.0,2025-10-15 18:12:58,2025-08-20 08:16:25,29.0,0.0,2.0,0.0,15.0,56.0,Metro/Bus,30,1545
U0598,52,Metro/Bus,1899,0,7.0,179000.0,25571.428571428572,39.714285714285715,0.2857142857142857,0.42857142857142855,0.5714285714285714,5.0,6.0,2025-10-24 09:41:00,2025-08-08 08:50:55,32.142857142857146,3.0,0.0,4.0,6.0,77.0,Metro/Bus,52,1899
U0599,32,Metro/Bus,3981,0,5.0,127500.0,25500.0,24.0,0.6,0.0,0.2,2.0,4.0,2025-09-19 09:47:44,2025-08-29 11:07:39,28.2,3.0,1.0,1.0,41.0,20.0,Metro/Bus,32,3981
U0600,40,E-Bike,4600,0,4.0,82000.0,20500.0,40.75,0.5,0.0,0.0,4.0,3.0,2025-10-03 20:38:24,2025-08-17 09:11:11,29.0,0.0,1.0,3.0,27.0,47.0,E-Bike,40,4600
U0601,32,Shuttle,738,0,4.0,56000.0,14000.0,21.25,0.5,0.5,0.0,2.0,4.0,2025-10-27 19:29:00,2025-08-21 21:57:40,29.75,2.0,0.0,2.0,3.0,66.0,Shuttle,32,738
U0602,45,Metro/Bus,4304,0,3.0,69000.0,23000.0,15.333333333333334,0.3333333333333333,0.0,0.3333333333333333,2.0,2.0,2025-09-16 19:35:13,2025-08-02 21:47:33,33.0,3.0,0.0,0.0,44.0,44.0,Metro/Bus,45,4304
U0603,46,Shuttle,99,0,3.0,118500.0,39500.0,26.333333333333332,0.3333333333333333,0.6666666666666666,0.6666666666666666,1.0,3.0,2025-10-25 17:15:48,2025-08-01 18:39:22,32.666666666666664,3.0,0.0,0.0,5.0,84.0,Shuttle,46,99
U0604,34,Shuttle,4247,0,1.0,40000.0,40000.0,75.0,0.0,0.0,0.0,1.0,1.0,2025-08-12 09:57:24,2025-08-12 09:57:24,31.0,0.0,1.0,0.0,79.0,0.0,Shuttle,34,4247
U0605,48,E-Bike,3263,0,3.0,137500.0,45833.333333333336,49.666666666666664,0.6666666666666666,0.0,0.3333333333333333,3.0,3.0,2025-09-13 18:45:31,2025-08-05 20:48:43,29.666666666666668,2.0,1.0,0.0,47.0,38.0,E-Bike,48,3263
U0606,46,Shuttle,4199,0,3.0,110000.0,36666.666666666664,47.666666666666664,0.3333333333333333,0.3333333333333333,0.0,2.0,3.0,2025-09-30 19:08:22,2025-08-02 21:23:40,29.666666666666668,1.0,2.0,0.0,30.0,58.0,Shuttle,46,4199
U0607,36,E-Bike,4632,0,4.0,130000.0,32500.0,41.75,0.0,0.5,0.25,2.0,4.0,2025-10-30 18:58:30,2025-08-28 09:26:46,32.75,2.0,1.0,1.0,0.0,63.0,E-Bike,36,4632
U0608,30,Metro/Bus,260,0,8.0,312500.0,39062.5,35.5,0.25,0.25,0.625,4.0,5.0,2025-10-29 18:45:19,2025-08-10 17:27:46,29.25,6.0,1.0,1.0,1.0,80.0,Metro/Bus,30,260
U0609,26,E-Bike,2542,0,2.0,80000.0,40000.0,65.5,0.5,0.0,0.0,2.0,1.0,2025-08-07 13:03:48,2025-08-03 09:55:00,26.0,0.0,2.0,0.0,84.0,4.0,E-Bike,26,2542
U0610,43,E-Bike,1091,0,8.0,162500.0,20312.5,21.75,0.25,0.125,0.375,5.0,5.0,2025-10-16 18:43:58,2025-08-06 20:04:06,30.625,6.0,1.0,1.0,14.0,70.0,E-Bike,43,1091
U0611,43,E-Bike,2192,0,2.0,81000.0,40500.0,27.0,0.5,0.5,0.0,2.0,2.0,2025-08-29 16:52:58,2025-08-17 21:04:17,31.5,2.0,0.0,0.0,62.0,11.0,E-Bike,43,2192
U0612,41,E-Bike,4693,0,3.0,63000.0,21000.0,41.333333333333336,0.3333333333333333,0.0,0.3333333333333333,3.0,3.0,2025-10-11 08:58:14,2025-08-13 13:43:44,29.666666666666668,1.0,0.0,2.0,19.0,58.0,E-Bike,41,4693
U0613,49,Metro/Bus,2462,0,10.0,303000.0,30300.0,31.2,0.3,0.3,0.3,5.0,6.0,2025-10-29 19:18:48,2025-08-30 20:47:38,31.4,6.0,1.0,3.0,1.0,59.0,Metro/Bus,49,2462
U0614,44,E-Bike,3943,0,8.0,126000.0,15750.0,30.125,0.375,0.25,0.25,5.0,5.0,2025-10-24 21:17:30,2025-08-03 11:38:20,30.875,3.0,0.0,5.0,6.0,82.0,E-Bike,44,3943
U0615,19,Metro/Bus,4450,0,5.0,183500.0,36700.0,35.0,0.2,0.2,0.2,4.0,4.0,2025-10-28 11:28:24,2025-08-01 21:04:17,28.4,3.0,2.0,0.0,2.0,87.0,Metro/Bus,19,4450
U0616,21,Metro/Bus,483,0,11.0,412500.0,37500.0,33.27272727272727,0.2727272727272727,0.36363636363636365,0.7272727272727273,5.0,6.0,2025-10-29 18:31:47,2025-08-01 18:49:33,29.90909090909091,8.0,2.0,1.0,1.0,88.0,Metro/Bus,21,483
U0617,22,Metro/Bus,767,0,3.0,97500.0,32500.0,21.666666666666668,0.0,0.3333333333333333,0.3333333333333333,2.0,2.0,2025-09-16 08:40:22,2025-08-26 13:46:15,27.333333333333332,3.0,0.0,0.0,44.0,20.0,Metro/Bus,22,767
U0618,38,E-Bike,3126,0,5.0,89500.0,17900.0,37.8,0.2,0.2,0.4,3.0,3.0,2025-10-28 18:21:56,2025-08-31 19:34:47,28.2,2.0,0.0,3.0,2.0,57.0,E-Bike,38,3126
U0619,36,E-Bike,3016,0,5.0,194000.0,38800.0,47.4,0.2,0.4,0.4,4.0,4.0,2025-10-14 21:51:52,2025-08-07 18:41:46,30.4,2.0,2.0,1.0,16.0,68.0,E-Bike,36,3016
U0620,19,Shuttle,100,1,6.0,235000.0,39166.666666666664,33.0,0.16666666666666666,0.0,0.16666666666666666,4.0,3.0,2025-09-25 10:04:01,2025-08-13 16:20:48,27.166666666666668,5.0,1.0,0.0,35.0,42.0,Shuttle,19,100
U0621,31,E-Bike,3752,1,8.0,234000.0,29250.0,24.0,0.5,0.0,0.375,5.0,5.0,2025-10-28 19:40:49,2025-08-02 18:08:14,30.0,5.0,1.0,2.0,2.0,87.0,E-Bike,31,3752
U0622,22,E-Bike,1048,0,5.0,136500.0,27300.0,18.2,0.2,0.2,0.4,4.0,4.0,2025-10-13 08:48:54,2025-08-02 09:35:54,29.2,5.0,0.0,0.0,17.0,71.0,E-Bike,22,1048
U0623,54,E-Bike,4166,0,5.0,152000.0,30400.0,24.8,0.4,0.6,0.4,4.0,4.0,2025-10-30 09:21:17,2025-08-18 18:16:42,31.2,3.0,0.0,2.0,0.0,72.0,E-Bike,54,4166
U0624,38,E-Bike,2958,0,8.0,280500.0,35062.5,37.25,0.375,0.125,0.75,5.0,5.0,2025-10-19 17:49:10,2025-09-02 17:32:02,31.875,5.0,1.0,2.0,11.0,47.0,E-Bike,38,2958
U0625,45,Shuttle,2144,0,1.0,40000.0,40000.0,46.0,0.0,0.0,1.0,1.0,1.0,2025-10-03 07:53:10,2025-10-03 07:53:10,26.0,0.0,1.0,0.0,27.0,0.0,Shuttle,45,2144
U0626,32,E-Bike,2943,0,6.0,271500.0,45250.0,30.166666666666668,0.3333333333333333,0.16666666666666666,0.6666666666666666,4.0,2.0,2025-10-27 07:26:39,2025-08-20 19:16:57,30.666666666666668,6.0,0.0,0.0,3.0,67.0,E-Bike,32,2943
U0627,35,Metro/Bus,2766,0,4.0,100500.0,25125.0,43.25,0.25,0.0,0.5,3.0,3.0,2025-10-26 09:41:48,2025-09-18 08:56:40,29.25,1.0,1.0,2.0,4.0,38.0,Metro/Bus,35,2766
U0628,25,Shuttle,1141,1,4.0,127000.0,31750.0,33.0,0.25,0.25,0.5,3.0,4.0,2025-10-28 19:12:49,2025-08-02 17:12:03,31.0,2.0,0.0,2.0,2.0,87.0,Shuttle,25,1141
U0629,37,E-Bike,4758,0,6.0,140500.0,23416.666666666668,35.333333333333336,0.16666666666666666,0.16666666666666666,0.0,5.0,5.0,2025-10-27 21:11:13,2025-08-07 09:12:32,31.666666666666668,2.0,1.0,3.0,3.0,81.0,E-Bike,37,4758
U0630,29,Metro/Bus,27,0,7.0,221000.0,31571.428571428572,25.428571428571427,0.42857142857142855,0.0,0.8571428571428571,5.0,5.0,2025-10-26 07:03:22,2025-08-12 08:06:18,30.714285714285715,6.0,0.0,1.0,4.0,74.0,Metro/Bus,29,27
U0631,18,E-Bike,942,0,3.0,76000.0,25333.333333333332,38.0,0.3333333333333333,0.3333333333333333,0.6666666666666666,3.0,3.0,2025-10-07 08:00:23,2025-08-15 09:32:50,30.333333333333332,2.0,1.0,0.0,23.0,52.0,E-Bike,18,942
U0632,34,E-Bike,2439,0,3.0,73500.0,24500.0,21.666666666666668,0.0,0.0,0.0,2.0,2.0,2025-10-29 22:53:25,2025-09-30 14:54:48,29.666666666666668,1.0,1.0,1.0,1.0,29.0,E-Bike,34,2439
U0633,35,Shuttle,1924,1,6.0,210500.0,35083.333333333336,34.666666666666664,0.5,0.16666666666666666,0.5,4.0,4.0,2025-10-23 07:39:19,2025-08-10 08:46:22,30.666666666666668,4.0,2.0,0.0,7.0,73.0,Shuttle,35,1924
U0634,53,E-Bike,4559,0,3.0,120000.0,40000.0,29.0,0.6666666666666666,0.0,0.0,3.0,3.0,2025-10-26 11:39:00,2025-09-26 09:21:09,33.0,2.0,0.0,1.0,4.0,30.0,E-Bike,53,4559
U0635,26,Shuttle,4848,0,2.0,79000.0,39500.0,51.0,0.5,0.0,0.5,2.0,2.0,2025-10-27 08:37:09,2025-08-09 06:34:32,30.5,1.0,1.0,0.0,3.0,79.0,Shuttle,26,4848
U0636,52,Metro/Bus,1389,0,4.0,115000.0,28750.0,42.25,0.25,0.25,0.5,3.0,3.0,2025-10-16 08:45:16,2025-08-08 07:13:45,31.5,1.0,0.0,3.0,14.0,69.0,Metro/Bus,52,1389
U0637,37,E-Bike,3079,0,5.0,147000.0,29400.0,56.0,0.4,0.2,0.2,4.0,4.0,2025-10-18 19:38:21,2025-08-15 17:00:02,28.8,0.0,3.0,2.0,12.0,64.0,E-Bike,37,3079
U0638,46,Metro/Bus,1677,0,2.0,97000.0,48500.0,53.5,0.0,0.0,0.5,2.0,2.0,2025-10-08 15:35:52,2025-10-07 18:57:18,30.0,1.0,1.0,0.0,22.0,0.0,Metro/Bus,46,1677
U0639,40,E-Bike,4572,1,5.0,166500.0,33300.0,37.2,0.4,0.0,0.2,4.0,4.0,2025-10-09 14:35:50,2025-08-10 09:55:36,29.4,3.0,1.0,1.0,21.0,60.0,E-Bike,40,4572
U0640,34,E-Bike,796,0,6.0,183000.0,30500.0,38.5,0.3333333333333333,0.16666666666666666,0.3333333333333333,6.0,4.0,2025-10-19 17:05:39,2025-08-12 18:32:36,32.0,3.0,2.0,1.0,11.0,67.0,E-Bike,34,796
U0641,22,Metro/Bus,1333,0,7.0,260500.0,37214.28571428572,29.0,0.42857142857142855,0.5714285714285714,0.5714285714285714,5.0,6.0,2025-10-16 09:35:39,2025-08-08 13:23:58,30.285714285714285,4.0,0.0,3.0,14.0,68.0,Metro/Bus,22,1333
U0642,43,Metro/Bus,1150,1,3.0,115500.0,38500.0,39.0,0.3333333333333333,0.0,0.3333333333333333,3.0,2.0,2025-09-09 15:57:48,2025-08-13 18:33:02,31.333333333333332,2.0,0.0,1.0,51.0,26.0,Metro/Bus,43,1150
U0643,45,E-Bike,3541,0,6.0,181500.0,30250.0,27.833333333333332,0.0,0.16666666666666666,0.3333333333333333,3.0,4.0,2025-10-28 07:18:01,2025-08-18 07:40:31,30.166666666666668,4.0,0.0,2.0,2.0,70.0,E-Bike,45,3541
U0644,46,Metro/Bus,769,0,3.0,103500.0,34500.0,31.0,0.0,0.3333333333333333,0.3333333333333333,2.0,3.0,2025-10-01 16:14:33,2025-09-23 08:02:25,30.666666666666668,2.0,0.0,1.0,29.0,8.0,Metro/Bus,46,769
U0645,38,Metro/Bus,4539,0,4.0,128500.0,32125.0,26.75,0.0,0.5,0.5,3.0,4.0,2025-10-24 11:41:00,2025-08-13 07:31:05,29.75,3.0,1.0,0.0,6.0,72.0,Metro/Bus,38,4539
U0646,18,Metro/Bus,949,0,2.0,64000.0,32000.0,34.0,0.0,0.0,0.0,2.0,2.0,2025-09-17 09:19:18,2025-09-12 16:16:41,31.5,1.0,1.0,0.0,43.0,4.0,Metro/Bus,18,949
U0647,27,Metro/Bus,977,1,3.0,143500.0,47833.333333333336,44.333333333333336,0.0,0.0,0.6666666666666666,2.0,3.0,2025-09-26 08:24:24,2025-08-11 19:11:16,28.666666666666668,2.0,1.0,0.0,34.0,45.0,Metro/Bus,27,977
U0648,25,Shuttle,1963,0,7.0,253500.0,36214.28571428572,24.142857142857142,0.2857142857142857,0.2857142857142857,0.5714285714285714,6.0,5.0,2025-09-29 17:26:28,2025-08-03 15:26:20,30.142857142857142,7.0,0.0,0.0,31.0,57.0,Shuttle,25,1963
U0649,45,Metro/Bus,22,1,3.0,140500.0,46833.333333333336,47.0,0.3333333333333333,0.6666666666666666,0.6666666666666666,3.0,3.0,2025-10-13 17:46:26,2025-09-06 18:50:27,29.333333333333332,2.0,0.0,1.0,17.0,36.0,Metro/Bus,45,22
U0650,24,Shuttle,3003,0,5.0,179500.0,35900.0,39.8,0.2,0.0,0.6,5.0,4.0,2025-10-11 07:31:31,2025-08-07 20:03:21,28.4,3.0,1.0,1.0,19.0,64.0,Shuttle,24,3003
U0651,49,Metro/Bus,3485,0,5.0,123000.0,24600.0,24.2,0.4,0.0,0.8,4.0,4.0,2025-10-27 18:15:07,2025-08-01 08:32:31,28.0,3.0,1.0,1.0,3.0,87.0,Metro/Bus,49,3485
U0652,27,Metro/Bus,1166,0,0.0,0.0,0.0,0.0,0.0,0.0,0.0,0.0,0.0,,,0.0,0.0,0.0,0.0,0.0,0.0,Metro/Bus,27,1166
U0653,21,Metro/Bus,1267,0,6.0,233500.0,38916.666666666664,35.0,0.16666666666666666,0.3333333333333333,0.5,5.0,5.0,2025-10-13 17:16:22,2025-08-07 13:50:14,29.333333333333332,5.0,0.0,1.0,17.0,67.0,Metro/Bus,21,1267
U0654,52,E-Bike,4410,0,3.0,125500.0,41833.333333333336,33.666666666666664,0.3333333333333333,0.0,0.6666666666666666,2.0,3.0,2025-10-12 18:59:30,2025-09-15 21:59:35,27.333333333333332,2.0,1.0,0.0,18.0,26.0,E-Bike,52,4410
U0655,55,Shuttle,3527,0,6.0,225500.0,37583.333333333336,43.5,0.0,0.0,0.5,5.0,3.0,2025-10-09 09:57:50,2025-08-20 18:31:01,29.0,3.0,0.0,3.0,21.0,49.0,Shuttle,55,3527
U0656,42,Metro/Bus,3207,0,4.0,105500.0,26375.0,31.25,0.5,0.0,0.0,3.0,4.0,2025-10-22 14:26:33,2025-08-30 12:04:46,27.75,1.0,1.0,2.0,8.0,53.0,Metro/Bus,42,3207
U0657,31,E-Bike,3627,0,5.0,198000.0,39600.0,47.4,0.4,0.4,0.2,4.0,3.0,2025-10-28 17:25:51,2025-08-01 21:59:13,30.4,2.0,1.0,2.0,2.0,87.0,E-Bike,31,3627
U0658,34,E-Bike,376,0,6.0,248500.0,41416.666666666664,38.333333333333336,0.16666666666666666,0.3333333333333333,0.3333333333333333,6.0,4.0,2025-10-28 14:15:40,2025-08-08 17:46:07,30.5,4.0,1.0,1.0,2.0,80.0,E-Bike,34,376
U0659,51,Shuttle,3377,0,3.0,133500.0,44500.0,29.666666666666668,0.0,0.0,0.3333333333333333,2.0,3.0,2025-10-21 13:46:01,2025-08-06 18:30:18,29.666666666666668,3.0,0.0,0.0,9.0,75.0,Shuttle,51,3377
U0660,49,Metro/Bus,3446,0,9.0,266000.0,29555.555555555555,32.666666666666664,0.1111111111111111,0.2222222222222222,0.3333333333333333,7.0,6.0,2025-09-25 10:45:22,2025-08-04 15:55:41,28.22222222222222,6.0,2.0,1.0,35.0,51.0,Metro/Bus,49,3446
U0661,27,Metro/Bus,1723,0,4.0,148000.0,37000.0,36.5,0.25,0.25,0.5,3.0,4.0,2025-10-08 17:42:41,2025-08-18 09:54:09,32.75,3.0,0.0,1.0,22.0,51.0,Metro/Bus,27,1723
U0662,40,E-Bike,4926,0,7.0,257000.0,36714.28571428572,36.142857142857146,0.2857142857142857,0.0,0.5714285714285714,5.0,6.0,2025-10-02 08:17:26,2025-08-05 17:25:58,29.714285714285715,5.0,2.0,0.0,28.0,57.0,E-Bike,40,4926
U0663,37,Shuttle,2804,0,1.0,64500.0,64500.0,43.0,0.0,0.0,1.0,1.0,1.0,2025-08-28 18:21:29,2025-08-28 18:21:29,26.0,1.0,0.0,0.0,63.0,0.0,Shuttle,37,2804
U0664,40,E-Bike,528,0,6.0,140000.0,23333.333333333332,31.833333333333332,0.5,0.16666666666666666,0.8333333333333334,3.0,6.0,2025-10-16 09:50:55,2025-08-23 08:17:45,32.166666666666664,4.0,1.0,1.0,14.0,54.0,E-Bike,40,528
U0665,50,E-Bike,1583,0,4.0,182500.0,45625.0,39.75,0.5,1.0,0.5,4.0,4.0,2025-09-13 21:00:06,2025-08-07 16:42:24,28.0,3.0,1.0,0.0,47.0,37.0,E-Bike,50,1583
U0666,51,E-Bike,4320,0,2.0,40000.0,20000.0,52.5,0.0,0.0,0.5,2.0,2.0,2025-09-25 08:59:36,2025-09-02 14:26:05,28.0,0.0,0.0,2.0,35.0,22.0,E-Bike,51,4320
U0667,40,E-Bike,2413,0,10.0,267000.0,26700.0,30.0,0.3,0.2,0.5,6.0,5.0,2025-10-23 08:13:22,2025-08-02 09:24:28,31.0,5.0,0.0,5.0,7.0,81.0,E-Bike,40,2413
U0668,27,Shuttle,4804,0,7.0,182500.0,26071.428571428572,26.857142857142858,0.14285714285714285,0.42857142857142855,0.5714285714285714,6.0,3.0,2025-10-29 08:30:23,2025-08-11 19:17:31,29.714285714285715,4.0,0.0,3.0,1.0,78.0,Shuttle,27,4804
U0669,47,E-Bike,1954,0,4.0,123500.0,30875.0,44.75,0.25,0.25,0.25,4.0,3.0,2025-10-30 16:58:51,2025-09-04 07:25:37,28.0,2.0,2.0,0.0,0.0,56.0,E-Bike,47,1954
U0670,18,E-Bike,2492,0,4.0,134500.0,33625.0,29.25,0.0,0.0,0.75,2.0,3.0,2025-10-30 13:05:54,2025-09-09 18:30:05,30.75,2.0,0.0,2.0,0.0,50.0,E-Bike,18,2492
U0671,54,Shuttle,4690,0,4.0,97000.0,24250.0,37.25,0.5,0.25,0.75,3.0,3.0,2025-10-14 08:49:41,2025-09-07 08:37:37,30.75,2.0,0.0,2.0,16.0,37.0,Shuttle,54,4690
U0672,37,Shuttle,2310,0,2.0,69500.0,34750.0,24.5,0.0,0.0,0.5,2.0,2.0,2025-08-26 17:01:35,2025-08-01 21:56:27,27.5,1.0,0.0,1.0,65.0,24.0,Shuttle,37,2310
U0673,37,Metro/Bus,2202,0,4.0,179000.0,44750.0,37.75,0.5,0.25,0.25,3.0,4.0,2025-09-28 22:49:22,2025-08-11 19:53:01,30.25,2.0,2.0,0.0,32.0,48.0,Metro/Bus,37,2202
U0674,55,Metro/Bus,670,0,8.0,235500.0,29437.5,31.25,0.125,0.25,0.5,5.0,5.0,2025-10-20 18:18:11,2025-08-22 07:54:33,30.625,5.0,0.0,3.0,10.0,59.0,Metro/Bus,55,670
U0675,36,Metro/Bus,4930,0,4.0,133500.0,33375.0,30.25,0.5,0.25,0.25,3.0,2.0,2025-10-29 20:16:28,2025-08-31 17:59:36,29.75,2.0,1.0,1.0,1.0,59.0,Metro/Bus,36,4930
U0676,51,E-Bike,3886,0,3.0,82500.0,27500.0,26.333333333333332,0.3333333333333333,0.3333333333333333,0.6666666666666666,2.0,3.0,2025-10-13 10:30:56,2025-08-02 18:03:29,29.666666666666668,1.0,1.0,1.0,17.0,71.0,E-Bike,51,3886
U0677,18,E-Bike,1001,0,10.0,452000.0,45200.0,33.6,0.3,0.2,0.5,6.0,6.0,2025-10-15 18:25:44,2025-08-20 14:44:40,32.1,8.0,1.0,1.0,15.0,56.0,E-Bike,18,1001
U0678,27,Metro/Bus,2823,0,7.0,189000.0,27000.0,28.285714285714285,0.14285714285714285,0.14285714285714285,0.42857142857142855,6.0,6.0,2025-10-20 19:31:10,2025-08-18 09:13:24,27.857142857142858,4.0,1.0,2.0,10.0,63.0,Metro/Bus,27,2823
U0679,49,Metro/Bus,4093,0,3.0,75500.0,25166.666666666668,31.666666666666668,0.3333333333333333,0.3333333333333333,0.6666666666666666,3.0,2.0,2025-09-10 17:59:53,2025-08-23 12:31:30,28.333333333333332,2.0,0.0,1.0,50.0,18.0,Metro/Bus,49,4093
U0680,29,Shuttle,3157,1,8.0,263500.0,32937.5,38.0,0.375,0.25,0.375,5.0,5.0,2025-10-13 17:02:39,2025-08-14 14:39:52,30.125,4.0,3.0,1.0,17.0,60.0,Shuttle,29,3157
U0681,52,Metro/Bus,1536,0,3.0,106500.0,35500.0,23.666666666666668,0.0,0.3333333333333333,1.0,3.0,3.0,2025-10-20 17:53:28,2025-09-08 08:25:47,32.333333333333336,3.0,0.0,0.0,10.0,42.0,Metro/Bus,52,1536
U0682,49,E-Bike,2306,0,3.0,65500.0,21833.333333333332,31.666666666666668,0.3333333333333333,0.0,0.6666666666666666,3.0,3.0,2025-10-11 21:12:36,2025-08-20 18:26:59,28.666666666666668,2.0,1.0,0.0,19.0,52.0,E-Bike,49,2306
U0683,27,Metro/Bus,1502,0,8.0,314000.0,39250.0,48.0,0.25,0.25,0.625,6.0,4.0,2025-10-29 17:38:40,2025-08-05 19:30:25,30.75,4.0,2.0,2.0,1.0,84.0,Metro/Bus,27,1502
U0684,53,E-Bike,2613,0,3.0,98500.0,32833.333333333336,43.666666666666664,0.3333333333333333,0.3333333333333333,0.6666666666666666,1.0,3.0,2025-10-22 19:21:30,2025-09-14 07:37:28,28.0,1.0,1.0,1.0,8.0,38.0,E-Bike,53,2613
U0685,49,E-Bike,4609,0,2.0,32000.0,16000.0,33.0,0.0,0.0,0.5,2.0,2.0,2025-10-21 11:58:58,2025-10-21 07:05:24,33.0,1.0,0.0,1.0,9.0,0.0,E-Bike,49,4609
U0686,19,E-Bike,1337,1,2.0,64500.0,32250.0,24.0,1.0,0.0,1.0,2.0,2.0,2025-08-23 18:05:30,2025-08-02 07:47:32,28.0,1.0,0.0,1.0,68.0,21.0,E-Bike,19,1337
U0687,53,E-Bike,2126,1,5.0,90500.0,18100.0,39.0,0.2,0.2,0.6,4.0,4.0,2025-10-23 09:59:52,2025-08-29 17:20:04,30.4,1.0,1.0,3.0,7.0,54.0,E-Bike,53,2126
U0688,52,E-Bike,4191,0,2.0,79000.0,39500.0,42.0,0.5,0.0,0.0,2.0,2.0,2025-09-30 21:42:27,2025-08-24 09:27:07,27.0,1.0,1.0,0.0,30.0,37.0,E-Bike,52,4191
U0689,31,E-Bike,1841,0,5.0,125500.0,25100.0,37.0,0.4,0.6,0.6,4.0,4.0,2025-09-29 18:50:32,2025-08-02 15:27:12,32.6,2.0,1.0,2.0,31.0,58.0,E-Bike,31,1841
U0690,45,Metro/Bus,641,0,5.0,218500.0,43700.0,48.8,0.0,0.4,0.4,5.0,4.0,2025-10-27 08:03:43,2025-09-24 18:23:40,29.8,2.0,2.0,1.0,3.0,32.0,Metro/Bus,45,641
U0691,29,E-Bike,1636,0,4.0,83000.0,20750.0,21.0,0.5,0.25,0.5,4.0,3.0,2025-09-21 18:32:00,2025-08-13 07:29:09,31.25,2.0,0.0,2.0,39.0,39.0,E-Bike,29,1636
U0692,35,E-Bike,3311,0,6.0,168000.0,28000.0,36.5,0.5,0.0,0.6666666666666666,5.0,5.0,2025-10-20 09:59:49,2025-08-25 18:27:25,29.666666666666668,3.0,3.0,0.0,10.0,55.0,E-Bike,35,3311
U0693,22,Shuttle,4592,0,5.0,189500.0,37900.0,39.0,0.0,0.4,0.2,4.0,3.0,2025-10-22 17:36:38,2025-08-04 09:32:28,29.4,3.0,2.0,0.0,8.0,79.0,Shuttle,22,4592
U0694,36,E-Bike,2321,0,6.0,222000.0,37000.0,33.833333333333336,0.16666666666666666,0.3333333333333333,0.3333333333333333,5.0,6.0,2025-10-15 19:44:44,2025-08-10 15:54:55,30.333333333333332,4.0,1.0,1.0,15.0,66.0,E-Bike,36,2321
U0695,31,Shuttle,876,0,6.0,174000.0,29000.0,33.333333333333336,0.0,0.3333333333333333,0.3333333333333333,4.0,5.0,2025-10-29 17:14:22,2025-08-08 19:45:12,29.833333333333332,3.0,1.0,2.0,1.0,81.0,Shuttle,31,876
U0696,20,E-Bike,1468,0,1.0,40000.0,40000.0,71.0,0.0,0.0,1.0,1.0,1.0,2025-09-11 18:03:12,2025-09-11 18:03:12,29.0,0.0,1.0,0.0,49.0,0.0,E-Bike,20,1468
U0697,41,Metro/Bus,2711,0,6.0,260000.0,43333.333333333336,44.166666666666664,0.16666666666666666,0.3333333333333333,0.6666666666666666,4.0,5.0,2025-10-23 07:48:12,2025-08-19 08:00:22,31.166666666666668,4.0,0.0,2.0,7.0,64.0,Metro/Bus,41,2711
U0698,54,E-Bike,554,0,3.0,87000.0,29000.0,19.333333333333332,0.0,0.6666666666666666,0.3333333333333333,2.0,3.0,2025-10-23 20:48:48,2025-08-06 07:44:22,30.0,3.0,0.0,0.0,7.0,78.0,E-Bike,54,554
U0699,18,E-Bike,2962,0,1.0,30000.0,30000.0,20.0,0.0,0.0,1.0,1.0,1.0,2025-10-09 18:09:38,2025-10-09 18:09:38,31.0,1.0,0.0,0.0,21.0,0.0,E-Bike,18,2962
U0700,24,Metro/Bus,4528,1,4.0,127000.0,31750.0,24.0,0.25,0.25,0.5,4.0,3.0,2025-10-23 17:38:04,2025-08-22 19:26:33,30.25,3.0,1.0,0.0,7.0,61.0,Metro/Bus,24,4528
U0701,52,E-Bike,289,0,1.0,40000.0,40000.0,51.0,1.0,0.0,0.0,1.0,1.0,2025-09-14 09:09:50,2025-09-14 09:09:50,33.0,0.0,1.0,0.0,46.0,0.0,E-Bike,52,289
U0702,51,E-Bike,4794,1,4.0,126000.0,31500.0,33.25,0.5,0.5,0.5,3.0,2.0,2025-10-23 18:45:21,2025-08-10 20:52:16,31.0,3.0,0.0,1.0,7.0,73.0,E-Bike,51,4794
U0703,34,Shuttle,153,0,7.0,202000.0,28857.14285714286,41.0,0.2857142857142857,0.14285714285714285,0.42857142857142855,4.0,3.0,2025-10-19 18:35:58,2025-08-07 09:39:04,31.142857142857142,4.0,2.0,1.0,11.0,73.0,Shuttle,34,153
U0704,21,E-Bike,1032,0,6.0,96000.0,16000.0,34.5,0.16666666666666666,0.16666666666666666,0.6666666666666666,5.0,4.0,2025-10-27 18:50:16,2025-08-21 08:39:16,32.5,1.0,0.0,5.0,3.0,67.0,E-Bike,21,1032
U0705,38,Shuttle,4617,0,5.0,140500.0,28100.0,42.4,0.4,0.4,0.4,5.0,5.0,2025-10-14 16:44:01,2025-08-17 20:10:57,31.2,2.0,1.0,2.0,16.0,57.0,Shuttle,38,4617
U0706,26,Shuttle,4446,0,5.0,212500.0,42500.0,37.6,0.6,0.2,0.4,4.0,4.0,2025-10-30 16:40:18,2025-08-24 09:31:22,30.2,4.0,0.0,1.0,0.0,67.0,Shuttle,26,4446
U0707,53,Shuttle,1732,0,2.0,60000.0,30000.0,51.0,0.0,0.0,1.0,2.0,2.0,2025-10-27 07:27:44,2025-08-15 08:56:18,31.5,0.0,1.0,1.0,3.0,72.0,Shuttle,53,1732
U0708,35,Metro/Bus,3671,0,4.0,148000.0,37000.0,25.75,0.75,0.25,0.75,3.0,3.0,2025-09-26 18:20:16,2025-08-03 08:18:16,33.5,3.0,1.0,0.0,34.0,54.0,Metro/Bus,35,3671
U0709,51,Metro/Bus,3992,1,6.0,157500.0,26250.0,30.5,0.0,0.16666666666666666,0.6666666666666666,6.0,6.0,2025-10-13 15:05:15,2025-08-19 07:48:06,30.166666666666668,4.0,1.0,1.0,17.0,55.0,Metro/Bus,51,3992
U0710,55,Metro/Bus,2566,0,6.0,247000.0,41166.666666666664,35.333333333333336,0.0,0.0,0.6666666666666666,6.0,4.0,2025-10-15 18:14:09,2025-08-15 21:13:04,30.666666666666668,4.0,1.0,1.0,15.0,60.0,Metro/Bus,55,2566
U0711,43,E-Bike,1322,0,5.0,114000.0,22800.0,39.2,0.6,0.2,0.2,4.0,3.0,2025-10-29 09:00:43,2025-08-24 22:47:03,32.8,2.0,2.0,1.0,1.0,65.0,E-Bike,43,1322
U0712,19,Metro/Bus,3413,0,6.0,217000.0,36166.666666666664,33.0,0.16666666666666666,0.16666666666666666,0.8333333333333334,5.0,4.0,2025-10-30 18:54:12,2025-08-19 08:39:41,31.333333333333332,5.0,1.0,0.0,0.0,72.0,Metro/Bus,19,3413
U0713,26,E-Bike,1916,1,5.0,179000.0,35800.0,38.8,0.0,0.2,0.4,3.0,4.0,2025-10-03 19:53:29,2025-08-13 19:06:03,29.8,3.0,0.0,2.0,27.0,51.0,E-Bike,26,1916
U0714,51,E-Bike,488,0,8.0,201500.0,25187.5,33.75,0.375,0.125,0.625,5.0,6.0,2025-10-27 08:18:40,2025-08-07 08:14:08,31.0,4.0,0.0,4.0,3.0,81.0,E-Bike,51,488
U0715,40,Shuttle,3534,0,6.0,146500.0,24416.666666666668,32.166666666666664,0.0,0.16666666666666666,0.5,4.0,4.0,2025-10-06 17:00:50,2025-08-19 06:44:30,32.0,3.0,0.0,3.0,24.0,48.0,Shuttle,40,3534
U0716,24,Shuttle,314,0,4.0,154500.0,38625.0,30.75,0.5,0.25,0.5,3.0,3.0,2025-10-26 09:32:38,2025-08-03 17:26:55,28.25,2.0,1.0,1.0,4.0,83.0,Shuttle,24,314
U0717,45,E-Bike,2785,0,4.0,109500.0,27375.0,28.5,0.5,0.5,0.5,3.0,3.0,2025-10-20 20:46:17,2025-08-23 07:02:43,31.75,2.0,1.0,1.0,10.0,58.0,E-Bike,45,2785
U0718,24,E-Bike,1507,0,3.0,101500.0,33833.333333333336,48.333333333333336,0.3333333333333333,0.0,0.3333333333333333,3.0,3.0,2025-10-27 14:05:23,2025-09-21 09:09:39,30.333333333333332,1.0,1.0,1.0,3.0,36.0,E-Bike,24,1507
U0719,49,E-Bike,3244,0,6.0,222500.0,37083.333333333336,27.5,0.3333333333333333,0.16666666666666666,0.3333333333333333,5.0,4.0,2025-10-04 17:30:53,2025-08-13 10:28:18,29.166666666666668,5.0,0.0,1.0,26.0,52.0,E-Bike,49,3244
U0720,45,Shuttle,2178,0,7.0,212000.0,30285.714285714286,31.857142857142858,0.2857142857142857,0.2857142857142857,0.5714285714285714,5.0,5.0,2025-10-29 08:15:39,2025-08-04 18:09:37,30.428571428571427,3.0,2.0,2.0,1.0,85.0,Shuttle,45,2178
U0721,39,E-Bike,3822,0,2.0,83500.0,41750.0,34.0,0.5,0.0,0.0,2.0,2.0,2025-09-16 09:11:20,2025-08-30 19:17:14,27.5,1.0,1.0,0.0,44.0,16.0,E-Bike,39,3822
U0722,44,Metro/Bus,3959,0,7.0,193000.0,27571.428571428572,34.285714285714285,0.2857142857142857,0.2857142857142857,0.14285714285714285,3.0,6.0,2025-10-28 19:05:27,2025-08-02 22:06:02,30.285714285714285,3.0,1.0,3.0,2.0,86.0,Metro/Bus,44,3959
U0723,54,Shuttle,515,0,7.0,249500.0,35642.857142857145,32.57142857142857,0.7142857142857143,0.14285714285714285,0.7142857142857143,5.0,3.0,2025-10-29 08:14:35,2025-08-03 17:20:58,31.714285714285715,4.0,2.0,1.0,1.0,86.0,Shuttle,54,515
U0724,40,E-Bike,2238,0,14.0,571500.0,40821.42857142857,43.642857142857146,0.21428571428571427,0.21428571428571427,0.42857142857142855,8.0,7.0,2025-10-23 12:05:16,2025-08-15 09:12:37,29.785714285714285,7.0,4.0,3.0,7.0,69.0,E-Bike,40,2238
U0725,49,E-Bike,1490,0,2.0,82500.0,41250.0,27.5,0.0,0.0,0.5,2.0,2.0,2025-10-28 14:26:56,2025-10-20 08:45:28,29.0,2.0,0.0,0.0,2.0,8.0,E-Bike,49,1490
U0726,30,E-Bike,454,0,1.0,42000.0,42000.0,28.0,0.0,0.0,1.0,1.0,1.0,2025-09-04 07:23:31,2025-09-04 07:23:31,29.0,1.0,0.0,0.0,56.0,0.0,E-Bike,30,454
U0727,50,Metro/Bus,799,0,3.0,132000.0,44000.0,29.333333333333332,0.0,0.3333333333333333,0.6666666666666666,3.0,2.0,2025-09-10 07:25:33,2025-08-11 17:27:49,27.0,3.0,0.0,0.0,50.0,29.0,Metro/Bus,50,799
U0728,47,Metro/Bus,3033,0,5.0,219500.0,43900.0,36.4,0.4,0.4,0.0,4.0,4.0,2025-10-27 19:11:14,2025-08-01 11:20:56,31.8,3.0,2.0,0.0,3.0,87.0,Metro/Bus,47,3033
U0729,48,Shuttle,4811,0,3.0,125500.0,41833.333333333336,36.0,0.3333333333333333,0.3333333333333333,0.6666666666666666,3.0,3.0,2025-10-07 17:21:44,2025-08-03 19:54:22,30.666666666666668,2.0,0.0,1.0,23.0,64.0,Shuttle,48,4811
U0730,48,E-Bike,4228,0,3.0,106000.0,35333.333333333336,43.0,0.0,0.0,0.0,3.0,3.0,2025-10-01 19:52:51,2025-08-19 16:35:01,28.333333333333332,2.0,1.0,0.0,29.0,43.0,E-Bike,48,4228
U0731,38,Metro/Bus,2765,0,7.0,264500.0,37785.71428571428,33.857142857142854,0.2857142857142857,0.14285714285714285,0.5714285714285714,6.0,5.0,2025-10-22 17:34:26,2025-08-15 07:36:04,30.857142857142858,5.0,1.0,1.0,8.0,68.0,Metro/Bus,38,2765
U0732,18,Metro/Bus,3096,0,5.0,150500.0,30100.0,28.0,0.0,0.2,0.6,5.0,4.0,2025-10-09 09:32:59,2025-08-19 18:41:47,30.4,4.0,0.0,1.0,21.0,50.0,Metro/Bus,18,3096
U0733,44,E-Bike,4938,0,4.0,163000.0,40750.0,30.5,0.0,0.25,0.5,4.0,3.0,2025-10-24 09:31:50,2025-08-07 18:58:42,30.0,3.0,1.0,0.0,6.0,77.0,E-Bike,44,4938
U0734,18,Metro/Bus,3458,0,5.0,146000.0,29200.0,42.2,0.2,0.0,0.4,4.0,3.0,2025-10-23 08:51:12,2025-08-08 07:37:54,32.6,2.0,2.0,1.0,7.0,76.0,Metro/Bus,18,3458
U0735,34,Shuttle,2864,0,8.0,305000.0,38125.0,37.0,0.375,0.25,0.5,4.0,6.0,2025-10-27 13:36:14,2025-08-22 11:26:33,32.0,6.0,2.0,0.0,3.0,66.0,Shuttle,34,2864
U0736,26,E-Bike,2708,0,4.0,166000.0,41500.0,42.0,0.25,0.25,1.0,3.0,4.0,2025-10-25 08:34:16,2025-08-11 18:47:38,30.0,3.0,1.0,0.0,5.0,74.0,E-Bike,26,2708
U0737,29,E-Bike,2865,0,4.0,137500.0,34375.0,28.0,0.5,0.25,0.5,3.0,2.0,2025-10-28 08:45:19,2025-08-09 18:47:47,33.25,3.0,0.0,1.0,2.0,79.0,E-Bike,29,2865
U0738,21,Shuttle,4022,0,5.0,128000.0,25600.0,36.0,0.2,0.4,0.4,3.0,3.0,2025-10-04 06:07:17,2025-08-14 17:12:55,28.0,2.0,0.0,3.0,26.0,50.0,Shuttle,21,4022
U0739,33,E-Bike,2552,0,4.0,155000.0,38750.0,43.0,0.0,0.25,0.75,3.0,4.0,2025-10-17 22:36:15,2025-08-04 07:51:36,32.0,2.0,2.0,0.0,13.0,74.0,E-Bike,33,2552
U0740,22,Metro/Bus,4499,0,3.0,143000.0,47666.666666666664,61.0,0.0,0.0,0.0,3.0,3.0,2025-08-11 15:11:25,2025-08-04 09:56:18,32.666666666666664,1.0,2.0,0.0,80.0,7.0,Metro/Bus,22,4499
U0741,37,Shuttle,2914,0,5.0,202500.0,40500.0,27.0,0.0,0.2,0.8,4.0,4.0,2025-10-24 18:08:01,2025-08-01 08:35:31,30.0,5.0,0.0,0.0,6.0,84.0,Shuttle,37,2914
U0742,30,Shuttle,2476,1,1.0,20000.0,20000.0,47.0,1.0,0.0,1.0,1.0,1.0,2025-09-20 18:01:56,2025-09-20 18:01:56,27.0,0.0,0.0,1.0,40.0,0.0,Shuttle,30,2476
U0743,53,Shuttle,2527,0,6.0,94000.0,15666.666666666666,17.166666666666668,0.5,0.16666666666666666,1.0,4.0,4.0,2025-10-18 18:43:57,2025-08-11 07:29:18,29.333333333333332,4.0,0.0,2.0,12.0,68.0,Shuttle,53,2527
U0744,27,E-Bike,2699,0,3.0,75000.0,25000.0,51.0,0.6666666666666666,0.0,0.6666666666666666,3.0,3.0,2025-10-04 09:49:01,2025-08-03 18:24:24,29.0,0.0,1.0,2.0,26.0,61.0,E-Bike,27,2699
U0745,23,Metro/Bus,4905,0,5.0,177500.0,35500.0,36.6,0.0,0.4,0.8,5.0,4.0,2025-10-24 21:07:36,2025-08-04 08:15:20,30.0,3.0,2.0,0.0,6.0,81.0,Metro/Bus,23,4905
U0746,32,E-Bike,4590,0,4.0,156000.0,39000.0,26.0,0.0,0.25,0.75,2.0,3.0,2025-10-13 17:33:44,2025-08-06 07:31:07,30.0,4.0,0.0,0.0,17.0,68.0,E-Bike,32,4590
U0747,41,E-Bike,712,0,3.0,136500.0,45500.0,30.333333333333332,0.6666666666666666,0.0,0.6666666666666666,3.0,3.0,2025-10-20 17:11:58,2025-08-09 07:19:59,29.333333333333332,3.0,0.0,0.0,10.0,72.0,E-Bike,41,712
U0748,52,E-Bike,1081,0,3.0,76000.0,25333.333333333332,37.666666666666664,0.0,0.0,0.0,3.0,3.0,2025-09-03 13:38:15,2025-08-01 09:08:39,28.333333333333332,2.0,1.0,0.0,57.0,33.0,E-Bike,52,1081
U0749,41,E-Bike,4728,0,7.0,173500.0,24785.714285714286,28.142857142857142,0.5714285714285714,0.14285714285714285,0.2857142857142857,5.0,4.0,2025-10-25 07:05:02,2025-08-17 06:37:50,30.285714285714285,4.0,2.0,1.0,5.0,69.0,E-Bike,41,4728
U0750,21,E-Bike,3868,0,8.0,217000.0,27125.0,20.375,0.5,0.25,0.75,6.0,6.0,2025-10-18 08:59:32,2025-08-02 08:19:42,31.0,7.0,0.0,1.0,12.0,77.0,E-Bike,21,3868
U0751,33,E-Bike,383,0,6.0,235500.0,39250.0,29.5,0.3333333333333333,0.16666666666666666,0.5,5.0,3.0,2025-10-28 18:25:10,2025-08-03 19:30:51,30.833333333333332,4.0,1.0,1.0,2.0,85.0,E-Bike,33,383
U0752,20,Metro/Bus,2998,0,9.0,354000.0,39333.333333333336,40.0,0.1111111111111111,0.4444444444444444,0.4444444444444444,5.0,5.0,2025-10-26 09:01:08,2025-08-19 17:44:27,28.333333333333332,6.0,3.0,0.0,4.0,67.0,Metro/Bus,20,2998
U0753,38,Metro/Bus,1041,0,3.0,104500.0,34833.333333333336,39.666666666666664,0.3333333333333333,0.3333333333333333,0.6666666666666666,1.0,3.0,2025-09-19 14:44:41,2025-08-30 17:53:43,31.333333333333332,2.0,1.0,0.0,41.0,19.0,Metro/Bus,38,1041
U0754,48,E-Bike,4343,0,2.0,60000.0,30000.0,49.5,0.5,0.0,0.5,2.0,2.0,2025-09-21 07:12:14,2025-08-07 09:45:01,32.0,0.0,1.0,1.0,39.0,44.0,E-Bike,48,4343
U0755,50,Shuttle,475,0,3.0,100000.0,33333.333333333336,53.333333333333336,0.0,0.3333333333333333,0.3333333333333333,2.0,3.0,2025-10-13 17:04:14,2025-08-07 09:38:23,31.666666666666668,0.0,2.0,1.0,17.0,67.0,Shuttle,50,475
U0756,39,E-Bike,394,0,5.0,144500.0,28900.0,25.2,0.0,0.0,0.6,4.0,4.0,2025-10-08 07:57:09,2025-08-04 09:44:57,31.0,3.0,2.0,0.0,22.0,64.0,E-Bike,39,394
U0757,54,E-Bike,613,1,5.0,62500.0,12500.0,30.8,0.2,0.4,0.6,4.0,5.0,2025-10-28 19:12:13,2025-08-29 14:13:48,29.4,2.0,0.0,3.0,2.0,60.0,E-Bike,54,613
U0758,54,E-Bike,2855,1,4.0,75500.0,18875.0,14.25,0.0,0.25,0.0,4.0,4.0,2025-08-28 09:18:44,2025-08-11 10:35:36,29.75,3.0,0.0,1.0,63.0,16.0,E-Bike,54,2855
U0759,35,Shuttle,1680,0,2.0,88500.0,44250.0,29.5,0.0,0.0,0.5,2.0,2.0,2025-10-28 08:36:19,2025-10-21 09:09:56,30.5,2.0,0.0,0.0,2.0,6.0,Shuttle,35,1680
U0760,43,E-Bike,788,0,1.0,46500.0,46500.0,31.0,0.0,0.0,0.0,1.0,1.0,2025-10-24 21:03:18,2025-10-24 21:03:18,26.0,1.0,0.0,0.0,6.0,0.0,E-Bike,43,788
U0761,27,Metro/Bus,2412,0,2.0,58500.0,29250.0,26.0,0.0,0.5,0.0,2.0,2.0,2025-09-23 16:19:09,2025-08-13 15:22:20,30.5,1.0,0.0,1.0,37.0,41.0,Metro/Bus,27,2412
U0762,33,E-Bike,1506,1,4.0,105500.0,26375.0,37.25,0.0,0.75,0.75,4.0,3.0,2025-10-15 14:50:11,2025-08-07 07:06:00,31.0,1.0,1.0,2.0,15.0,69.0,E-Bike,33,1506
U0763,20,E-Bike,298,0,3.0,78500.0,26166.666666666668,35.333333333333336,0.6666666666666666,0.3333333333333333,0.6666666666666666,3.0,3.0,2025-09-15 17:35:34,2025-08-09 08:14:10,32.666666666666664,1.0,1.0,1.0,45.0,37.0,E-Bike,20,298
U0764,20,Shuttle,3335,0,7.0,206500.0,29500.0,31.285714285714285,0.0,0.2857142857142857,0.7142857142857143,6.0,7.0,2025-10-29 18:47:30,2025-08-04 21:27:37,30.571428571428573,4.0,1.0,2.0,1.0,85.0,Shuttle,20,3335
U0765,49,Metro/Bus,1330,0,4.0,144500.0,36125.0,47.25,0.75,0.25,0.75,3.0,4.0,2025-09-17 07:02:15,2025-08-16 20:02:01,31.5,2.0,2.0,0.0,43.0,31.0,Metro/Bus,49,1330
U0766,26,Metro/Bus,1255,0,10.0,343000.0,34300.0,36.9,0.2,0.1,0.6,5.0,6.0,2025-10-22 08:43:13,2025-08-02 09:28:46,27.8,6.0,2.0,2.0,8.0,80.0,Metro/Bus,26,1255
U0767,46,Metro/Bus,4366,0,6.0,240000.0,40000.0,26.666666666666668,0.0,0.16666666666666666,0.6666666666666666,6.0,4.0,2025-10-07 18:04:40,2025-08-14 19:18:59,29.166666666666668,6.0,0.0,0.0,23.0,53.0,Metro/Bus,46,4366
U0768,24,Metro/Bus,4621,0,7.0,192000.0,27428.571428571428,24.571428571428573,0.42857142857142855,0.2857142857142857,0.42857142857142855,4.0,6.0,2025-10-28 17:53:19,2025-08-07 19:47:04,30.714285714285715,4.0,1.0,2.0,2.0,81.0,Metro/Bus,24,4621
U0769,30,Metro/Bus,763,0,2.0,69000.0,34500.0,23.0,0.0,0.0,0.5,2.0,1.0,2025-09-23 06:42:37,2025-09-04 17:38:15,32.0,2.0,0.0,0.0,37.0,18.0,Metro/Bus,30,763
U0770,34,E-Bike,2381,0,3.0,75000.0,25000.0,49.666666666666664,0.3333333333333333,0.0,0.6666666666666666,2.0,3.0,2025-09-06 17:12:25,2025-08-07 18:12:21,28.666666666666668,0.0,1.0,2.0,54.0,29.0,E-Bike,34,2381
U0771,51,E-Bike,1217,0,8.0,226500.0,28312.5,32.125,0.375,0.0,0.625,5.0,5.0,2025-10-23 18:06:30,2025-08-06 17:23:39,29.625,4.0,2.0,2.0,7.0,78.0,E-Bike,51,1217
U0772,23,Shuttle,4361,0,7.0,197000.0,28142.85714285714,30.714285714285715,0.14285714285714285,0.42857142857142855,0.7142857142857143,5.0,5.0,2025-10-23 07:08:36,2025-09-03 19:54:38,30.857142857142858,4.0,1.0,2.0,7.0,49.0,Shuttle,23,4361
U0773,46,Metro/Bus,4330,0,4.0,146500.0,36625.0,29.5,0.25,0.0,0.0,3.0,3.0,2025-10-23 06:36:48,2025-08-12 09:13:16,27.25,3.0,1.0,0.0,7.0,71.0,Metro/Bus,46,4330
U0774,50,E-Bike,2334,0,5.0,79000.0,15800.0,16.0,0.2,0.4,0.2,4.0,3.0,2025-10-11 08:16:48,2025-08-01 06:52:05,27.2,4.0,0.0,1.0,19.0,71.0,E-Bike,50,2334
U0775,19,Metro/Bus,2235,0,6.0,171500.0,28583.333333333332,33.166666666666664,0.16666666666666666,0.0,0.0,4.0,4.0,2025-10-21 09:20:15,2025-08-25 20:23:47,30.166666666666668,4.0,1.0,1.0,9.0,56.0,Metro/Bus,19,2235
U0776,49,E-Bike,3696,0,3.0,127500.0,42500.0,28.333333333333332,0.3333333333333333,0.3333333333333333,0.0,3.0,2.0,2025-10-12 09:38:52,2025-08-19 14:21:45,28.666666666666668,3.0,0.0,0.0,18.0,53.0,E-Bike,49,3696
U0777,53,E-Bike,3522,0,8.0,357500.0,44687.5,42.75,0.625,0.0,0.5,6.0,4.0,2025-10-27 08:03:36,2025-08-09 18:42:37,30.25,6.0,1.0,1.0,3.0,78.0,E-Bike,53,3522
U0778,21,Metro/Bus,4814,0,2.0,107500.0,53750.0,63.5,0.5,0.0,1.0,2.0,1.0,2025-10-19 08:29:35,2025-08-29 08:37:39,31.0,1.0,1.0,0.0,11.0,50.0,Metro/Bus,21,4814
U0779,53,E-Bike,3523,1,0.0,0.0,0.0,0.0,0.0,0.0,0.0,0.0,0.0,,,0.0,0.0,0.0,0.0,0.0,0.0,E-Bike,53,3523
U0780,22,E-Bike,1423,0,1.0,40000.0,40000.0,75.0,0.0,0.0,1.0,1.0,1.0,2025-09-02 07:36:00,2025-09-02 07:36:00,35.0,0.0,1.0,0.0,58.0,0.0,E-Bike,22,1423
U0781,23,Shuttle,3759,0,8.0,238000.0,29750.0,31.75,0.125,0.25,0.75,5.0,6.0,2025-10-25 08:02:27,2025-08-08 11:12:39,29.375,4.0,1.0,3.0,5.0,77.0,Shuttle,23,3759
U0782,32,E-Bike,2008,0,3.0,46000.0,15333.333333333334,34.0,0.3333333333333333,0.0,0.0,3.0,3.0,2025-10-07 11:48:01,2025-08-16 09:17:29,31.0,1.0,0.0,2.0,23.0,52.0,E-Bike,32,2008
U0783,32,Metro/Bus,3494,0,2.0,83500.0,41750.0,48.0,0.0,0.0,0.5,1.0,2.0,2025-08-26 18:50:39,2025-08-21 16:47:03,28.0,1.0,1.0,0.0,65.0,5.0,Metro/Bus,32,3494
U0784,21,Metro/Bus,3547,0,6.0,163000.0,27166.666666666668,23.333333333333332,0.5,0.3333333333333333,1.0,5.0,4.0,2025-10-14 07:18:40,2025-08-02 08:29:45,30.333333333333332,5.0,0.0,1.0,16.0,72.0,Metro/Bus,21,3547
U0785,35,E-Bike,3581,0,5.0,156000.0,31200.0,37.4,0.0,0.0,0.4,4.0,4.0,2025-09-24 09:35:56,2025-08-07 18:49:14,31.4,3.0,0.0,2.0,36.0,47.0,E-Bike,35,3581
U0786,20,E-Bike,1424,0,5.0,123000.0,24600.0,16.4,0.4,0.0,0.4,4.0,5.0,2025-10-20 17:53:51,2025-08-15 09:42:17,32.0,5.0,0.0,0.0,10.0,66.0,E-Bike,20,1424
U0787,46,Shuttle,4463,0,5.0,172000.0,34400.0,27.6,0.4,0.4,0.6,4.0,3.0,2025-10-27 19:05:22,2025-09-01 18:38:37,29.8,4.0,0.0,1.0,3.0,56.0,Shuttle,46,4463
U0788,49,Metro/Bus,3474,0,2.0,36500.0,18250.0,16.5,1.0,0.5,0.5,2.0,2.0,2025-10-11 08:39:05,2025-08-16 16:25:05,31.0,1.0,0.0,1.0,19.0,55.0,Metro/Bus,49,3474
U0789,48,E-Bike,3559,0,5.0,150000.0,30000.0,52.4,0.2,0.4,0.4,5.0,4.0,2025-10-24 18:46:34,2025-08-12 15:26:05,29.6,1.0,2.0,2.0,6.0,73.0,E-Bike,48,3559
U0790,28,E-Bike,2340,0,2.0,30500.0,15250.0,14.5,0.0,0.0,0.5,2.0,2.0,2025-10-17 20:06:17,2025-09-19 08:51:36,29.0,1.0,0.0,1.0,13.0,28.0,E-Bike,28,2340
U0791,22,E-Bike,1298,0,6.0,90000.0,15000.0,22.833333333333332,0.5,0.3333333333333333,0.16666666666666666,3.0,3.0,2025-09-20 17:52:47,2025-08-10 09:20:26,31.5,2.0,0.0,4.0,40.0,41.0,E-Bike,22,1298
U0792,49,E-Bike,2703,0,3.0,70000.0,23333.333333333332,20.333333333333332,0.3333333333333333,0.0,0.6666666666666666,2.0,2.0,2025-09-07 07:36:18,2025-08-01 20:05:21,29.0,2.0,1.0,0.0,53.0,36.0,E-Bike,49,2703
U0793,54,E-Bike,547,0,3.0,81000.0,27000.0,18.0,0.0,0.3333333333333333,0.6666666666666666,3.0,3.0,2025-10-10 17:48:12,2025-08-27 08:01:52,28.333333333333332,3.0,0.0,0.0,20.0,44.0,E-Bike,54,547
U0794,49,Metro/Bus,4939,1,2.0,107500.0,53750.0,57.5,0.0,0.5,0.0,2.0,2.0,2025-09-29 09:09:27,2025-08-08 16:37:52,31.5,1.0,1.0,0.0,31.0,51.0,Metro/Bus,49,4939
U0795,44,E-Bike,4399,0,5.0,157500.0,31500.0,23.6,0.4,0.2,0.6,3.0,4.0,2025-10-22 17:05:36,2025-08-05 09:16:16,30.8,4.0,0.0,1.0,8.0,78.0,E-Bike,44,4399
U0796,28,E-Bike,2358,0,4.0,133000.0,33250.0,40.0,0.5,0.0,0.75,4.0,3.0,2025-10-05 08:21:12,2025-08-01 08:49:01,31.75,2.0,1.0,1.0,25.0,64.0,E-Bike,28,2358
U0797,34,Metro/Bus,4038,1,7.0,222000.0,31714.285714285714,28.857142857142858,0.42857142857142855,0.0,0.14285714285714285,4.0,6.0,2025-10-26 08:43:44,2025-08-03 19:59:31,30.714285714285715,4.0,1.0,2.0,4.0,83.0,Metro/Bus,34,4038
U0798,41,E-Bike,4107,0,4.0,148500.0,37125.0,24.75,0.0,0.25,0.75,4.0,4.0,2025-10-14 08:38:32,2025-08-04 09:13:02,30.75,4.0,0.0,0.0,16.0,70.0,E-Bike,41,4107
U0799,21,Metro/Bus,257,1,2.0,102000.0,51000.0,34.0,0.5,0.5,0.5,2.0,2.0,2025-09-01 07:55:35,2025-08-31 21:50:14,29.0,2.0,0.0,0.0,59.0,0.0,Metro/Bus,21,257
U0800,32,E-Bike,179,1,2.0,84000.0,42000.0,28.0,0.0,0.0,1.0,2.0,2.0,2025-09-10 08:18:25,2025-08-22 18:41:26,31.5,2.0,0.0,0.0,50.0,18.0,E-Bike,32,179
U0801,32,Shuttle,816,0,6.0,188000.0,31333.333333333332,24.166666666666668,0.5,0.0,0.6666666666666666,4.0,5.0,2025-10-18 07:01:37,2025-08-09 17:38:38,31.333333333333332,5.0,0.0,1.0,12.0,69.0,Shuttle,32,816
U0802,25,E-Bike,1550,0,8.0,258500.0,32312.5,26.375,0.375,0.375,0.5,4.0,5.0,2025-10-07 09:49:32,2025-08-17 07:58:00,31.0,6.0,0.0,2.0,23.0,51.0,E-Bike,25,1550
U0803,54,Metro/Bus,2654,0,4.0,138000.0,34500.0,23.0,0.75,0.5,0.75,4.0,3.0,2025-10-11 08:12:49,2025-08-22 07:13:36,29.75,4.0,0.0,0.0,19.0,50.0,Metro/Bus,54,2654
U0804,40,E-Bike,112,0,3.0,105000.0,35000.0,23.333333333333332,0.6666666666666666,0.0,0.0,2.0,2.0,2025-10-05 22:36:38,2025-08-05 10:12:32,27.333333333333332,3.0,0.0,0.0,25.0,61.0,E-Bike,40,112
U0805,42,E-Bike,1325,0,4.0,142500.0,35625.0,39.25,0.0,0.0,0.25,4.0,2.0,2025-10-08 07:37:05,2025-09-23 09:13:46,29.0,2.0,0.0,2.0,22.0,14.0,E-Bike,42,1325
U0806,19,E-Bike,324,0,6.0,167000.0,27833.333333333332,21.833333333333332,0.16666666666666666,0.0,0.8333333333333334,4.0,3.0,2025-10-09 07:16:19,2025-08-08 20:33:35,31.0,4.0,1.0,1.0,21.0,61.0,E-Bike,19,324
U0807,54,E-Bike,4031,0,5.0,64500.0,12900.0,28.0,0.4,0.2,0.4,4.0,3.0,2025-10-26 09:55:32,2025-08-24 12:11:05,30.8,2.0,0.0,3.0,4.0,62.0,E-Bike,54,4031
U0808,34,E-Bike,1136,0,5.0,112000.0,22400.0,32.8,0.4,0.0,0.8,4.0,3.0,2025-10-21 08:10:50,2025-08-01 17:23:23,31.0,2.0,1.0,2.0,9.0,80.0,E-Bike,34,1136
U0809,29,Metro/Bus,1932,0,9.0,123000.0,13666.666666666666,29.11111111111111,0.5555555555555556,0.2222222222222222,0.6666666666666666,5.0,5.0,2025-10-26 19:06:58,2025-08-09 06:18:58,29.333333333333332,4.0,1.0,4.0,4.0,78.0,Metro/Bus,29,1932
U0810,22,E-Bike,2458,0,7.0,238000.0,34000.0,31.571428571428573,0.2857142857142857,0.14285714285714285,0.14285714285714285,6.0,5.0,2025-10-02 22:22:45,2025-08-01 06:25:05,31.142857142857142,4.0,1.0,2.0,28.0,62.0,E-Bike,22,2458
U0811,32,E-Bike,3317,0,6.0,218500.0,36416.666666666664,27.333333333333332,0.3333333333333333,0.0,0.3333333333333333,3.0,5.0,2025-10-30 18:48:00,2025-08-02 19:00:42,32.166666666666664,4.0,0.0,2.0,0.0,88.0,E-Bike,32,3317
U0812,47,Metro/Bus,2346,0,8.0,319000.0,39875.0,33.125,0.625,0.25,0.5,5.0,5.0,2025-10-23 13:42:32,2025-08-03 09:17:39,29.0,7.0,1.0,0.0,7.0,81.0,Metro/Bus,47,2346
U0813,26,Metro/Bus,2151,0,2.0,106500.0,53250.0,35.5,0.0,0.0,0.0,1.0,2.0,2025-09-22 19:22:17,2025-09-12 06:01:32,34.5,2.0,0.0,0.0,38.0,10.0,Metro/Bus,26,2151
U0814,28,Metro/Bus,4442,1,6.0,156500.0,26083.333333333332,30.5,0.16666666666666666,0.16666666666666666,0.3333333333333333,5.0,4.0,2025-10-23 09:14:28,2025-08-05 10:48:37,30.166666666666668,4.0,0.0,2.0,7.0,78.0,Metro/Bus,28,4442
U0815,19,E-Bike,2010,0,10.0,264000.0,26400.0,35.4,0.1,0.4,0.2,7.0,7.0,2025-10-27 09:13:19,2025-08-06 08:44:36,30.8,4.0,2.0,4.0,3.0,82.0,E-Bike,19,2010
U0816,34,Metro/Bus,4639,0,6.0,227500.0,37916.666666666664,41.166666666666664,0.16666666666666666,0.5,0.5,4.0,4.0,2025-10-15 14:54:06,2025-08-01 14:08:45,30.166666666666668,3.0,1.0,2.0,15.0,75.0,Metro/Bus,34,4639
U0817,51,Shuttle,421,0,4.0,71000.0,17750.0,18.75,0.25,0.0,0.25,2.0,3.0,2025-09-22 16:06:17,2025-08-06 09:27:47,29.0,3.0,0.0,1.0,38.0,47.0,Shuttle,51,421
U0818,54,Metro/Bus,4900,0,6.0,263500.0,43916.666666666664,35.0,0.16666666666666666,0.0,0.3333333333333333,6.0,4.0,2025-10-15 09:41:59,2025-08-11 18:07:32,31.0,5.0,1.0,0.0,15.0,64.0,Metro/Bus,54,4900
U0819,45,E-Bike,4980,1,7.0,245500.0,35071.42857142857,40.42857142857143,0.42857142857142855,0.7142857142857143,0.5714285714285714,6.0,6.0,2025-10-15 12:31:56,2025-08-06 07:45:38,29.857142857142858,3.0,1.0,3.0,15.0,70.0,E-Bike,45,4980
U0820,22,E-Bike,831,0,4.0,134000.0,33500.0,36.0,0.5,0.5,0.5,3.0,3.0,2025-09-21 09:00:25,2025-08-23 07:57:53,30.5,2.0,2.0,0.0,39.0,29.0,E-Bike,22,831
U0821,55,Shuttle,2242,0,5.0,159000.0,31800.0,60.0,0.4,0.0,0.6,4.0,3.0,2025-10-21 07:09:42,2025-08-16 17:01:54,30.8,1.0,2.0,2.0,9.0,65.0,Shuttle,55,2242
U0822,23,E-Bike,4021,0,5.0,114000.0,22800.0,39.8,0.0,0.6,0.6,3.0,3.0,2025-10-28 18:09:26,2025-08-11 12:02:31,29.6,1.0,1.0,3.0,2.0,78.0,E-Bike,23,4021
U0823,32,Shuttle,593,0,3.0,110500.0,36833.333333333336,31.0,0.6666666666666666,0.3333333333333333,1.0,3.0,3.0,2025-10-19 07:23:12,2025-08-25 07:04:53,29.666666666666668,2.0,1.0,0.0,11.0,55.0,Shuttle,32,593
U0824,46,E-Bike,835,0,7.0,167000.0,23857.14285714286,35.285714285714285,0.42857142857142855,0.2857142857142857,0.5714285714285714,5.0,6.0,2025-10-12 10:53:56,2025-08-01 08:38:14,29.285714285714285,2.0,0.0,5.0,18.0,72.0,E-Bike,46,835
U0825,52,Metro/Bus,193,0,5.0,115500.0,23100.0,15.4,0.4,0.4,0.6,3.0,4.0,2025-10-24 07:09:41,2025-08-05 08:37:24,31.8,5.0,0.0,0.0,6.0,79.0,Metro/Bus,52,193
U0826,25,E-Bike,758,0,6.0,239000.0,39833.333333333336,36.333333333333336,0.16666666666666666,0.16666666666666666,0.5,6.0,5.0,2025-10-22 13:44:13,2025-08-02 17:51:43,30.666666666666668,4.0,1.0,1.0,8.0,80.0,E-Bike,25,758
U0827,38,Metro/Bus,4449,0,5.0,193000.0,38600.0,32.2,0.0,0.4,0.4,5.0,4.0,2025-10-24 08:08:35,2025-08-15 09:21:40,30.0,3.0,0.0,2.0,6.0,69.0,Metro/Bus,38,4449
U0828,40,E-Bike,4924,0,5.0,137000.0,27400.0,32.4,0.4,0.2,0.8,4.0,3.0,2025-10-20 18:06:09,2025-08-10 18:04:39,31.4,2.0,1.0,2.0,10.0,71.0,E-Bike,40,4924
U0829,36,Metro/Bus,4767,0,5.0,176000.0,35200.0,42.6,0.6,0.0,0.4,4.0,4.0,2025-10-04 09:18:30,2025-08-12 17:03:24,30.2,2.0,2.0,1.0,26.0,52.0,Metro/Bus,36,4767
U0830,31,E-Bike,699,1,6.0,208500.0,34750.0,37.5,0.16666666666666666,0.16666666666666666,0.5,6.0,4.0,2025-10-07 07:58:57,2025-08-23 18:07:05,30.0,3.0,1.0,2.0,23.0,44.0,E-Bike,31,699
U0831,21,Metro/Bus,4444,0,7.0,205500.0,29357.14285714286,25.142857142857142,0.2857142857142857,0.0,0.2857142857142857,3.0,3.0,2025-10-24 15:59:45,2025-08-05 09:47:40,31.142857142857142,4.0,0.0,3.0,6.0,80.0,Metro/Bus,21,4444
U0832,42,Shuttle,4631,0,6.0,162500.0,27083.333333333332,23.333333333333332,0.5,0.0,0.3333333333333333,4.0,4.0,2025-10-13 17:23:14,2025-08-14 19:59:57,30.666666666666668,5.0,0.0,1.0,17.0,59.0,Shuttle,42,4631
U0833,18,Metro/Bus,230,0,3.0,110500.0,36833.333333333336,38.666666666666664,0.3333333333333333,0.3333333333333333,0.3333333333333333,3.0,3.0,2025-10-19 17:25:43,2025-08-29 09:37:51,32.333333333333336,2.0,0.0,1.0,11.0,51.0,Metro/Bus,18,230
U0834,22,Metro/Bus,2756,0,9.0,286000.0,31777.777777777777,30.11111111111111,0.3333333333333333,0.1111111111111111,0.5555555555555556,5.0,5.0,2025-10-26 18:38:21,2025-08-18 18:53:03,30.77777777777778,5.0,3.0,1.0,4.0,68.0,Metro/Bus,22,2756
U0835,51,E-Bike,412,0,5.0,157500.0,31500.0,22.4,0.0,0.2,0.2,3.0,4.0,2025-10-09 19:34:08,2025-08-04 15:31:15,31.2,4.0,0.0,1.0,21.0,66.0,E-Bike,51,412
U0836,27,E-Bike,2617,0,3.0,77500.0,25833.333333333332,34.0,0.3333333333333333,0.0,0.3333333333333333,3.0,3.0,2025-10-16 06:47:38,2025-08-14 18:12:59,32.333333333333336,2.0,0.0,1.0,14.0,62.0,E-Bike,27,2617
U0837,21,E-Bike,1342,0,4.0,208500.0,52125.0,34.75,0.5,0.0,0.75,3.0,4.0,2025-10-10 18:34:31,2025-08-02 18:19:43,31.25,4.0,0.0,0.0,20.0,69.0,E-Bike,21,1342
U0838,47,Metro/Bus,520,0,7.0,221500.0,31642.85714285714,42.857142857142854,0.42857142857142855,0.0,0.42857142857142855,5.0,5.0,2025-10-26 22:56:49,2025-08-05 18:39:34,28.857142857142858,3.0,2.0,2.0,4.0,82.0,Metro/Bus,47,520
U0839,53,E-Bike,1575,0,3.0,144000.0,48000.0,32.0,0.0,0.0,0.0,1.0,2.0,2025-10-23 09:20:34,2025-08-07 11:14:10,31.666666666666668,3.0,0.0,0.0,7.0,76.0,E-Bike,53,1575
U0840,48,E-Bike,1539,0,4.0,122000.0,30500.0,39.0,0.0,0.0,0.25,4.0,2.0,2025-10-17 14:18:32,2025-08-06 18:02:10,31.5,2.0,0.0,2.0,13.0,71.0,E-Bike,48,1539
U0841,48,Metro/Bus,3111,0,1.0,20000.0,20000.0,35.0,0.0,0.0,0.0,1.0,1.0,2025-08-25 12:41:55,2025-08-25 12:41:55,27.0,0.0,0.0,1.0,66.0,0.0,Metro/Bus,48,3111
U0842,23,Shuttle,3449,0,6.0,208000.0,34666.666666666664,34.0,0.3333333333333333,0.3333333333333333,0.3333333333333333,4.0,5.0,2025-10-30 19:30:15,2025-08-01 07:07:27,31.0,2.0,2.0,2.0,0.0,90.0,Shuttle,23,3449
U0843,44,Metro/Bus,3856,0,3.0,96500.0,32166.666666666668,43.0,0.3333333333333333,0.3333333333333333,0.6666666666666666,2.0,3.0,2025-10-22 18:48:48,2025-08-08 17:05:35,30.666666666666668,1.0,2.0,0.0,8.0,75.0,Metro/Bus,44,3856
U0844,32,E-Bike,2082,0,5.0,188000.0,37600.0,33.2,0.0,0.2,0.2,3.0,4.0,2025-10-01 19:16:07,2025-08-05 09:40:18,31.0,4.0,0.0,1.0,29.0,57.0,E-Bike,32,2082
U0845,25,E-Bike,4854,0,3.0,103000.0,34333.333333333336,34.333333333333336,0.3333333333333333,0.3333333333333333,0.6666666666666666,2.0,2.0,2025-10-24 07:27:23,2025-09-29 18:15:04,30.0,2.0,1.0,0.0,6.0,24.0,E-Bike,25,4854
U0846,51,E-Bike,3598,0,5.0,160000.0,32000.0,38.8,0.4,0.0,0.2,4.0,4.0,2025-10-07 11:35:45,2025-09-19 08:44:44,30.8,2.0,1.0,2.0,23.0,18.0,E-Bike,51,3598
U0847,24,E-Bike,4995,1,2.0,70000.0,35000.0,37.5,0.0,0.5,1.0,2.0,2.0,2025-09-29 08:04:00,2025-09-16 18:07:04,30.0,1.0,0.0,1.0,31.0,12.0,E-Bike,24,4995
U0848,28,E-Bike,4707,0,5.0,81000.0,16200.0,29.8,0.0,0.2,0.6,3.0,3.0,2025-09-23 17:30:11,2025-09-03 21:39:01,30.0,1.0,0.0,4.0,37.0,19.0,E-Bike,28,4707
U0849,42,Metro/Bus,1553,1,2.0,58500.0,29250.0,19.5,0.5,0.0,0.5,2.0,2.0,2025-10-10 19:36:40,2025-08-03 18:27:34,31.5,2.0,0.0,0.0,20.0,68.0,Metro/Bus,42,1553
U0850,51,Shuttle,368,0,8.0,221500.0,27687.5,19.75,0.5,0.25,0.375,7.0,5.0,2025-10-25 08:50:12,2025-08-13 07:24:23,31.0,7.0,1.0,0.0,5.0,73.0,Shuttle,51,368
U0851,42,Metro/Bus,2899,1,6.0,220500.0,36750.0,24.5,0.16666666666666666,0.16666666666666666,0.5,4.0,4.0,2025-10-27 22:32:43,2025-08-22 07:42:18,29.333333333333332,6.0,0.0,0.0,3.0,66.0,Metro/Bus,42,2899
U0852,52,Metro/Bus,170,0,2.0,43000.0,21500.0,35.5,0.0,0.5,0.5,2.0,2.0,2025-10-24 19:54:48,2025-10-03 07:28:16,29.5,1.0,0.0,1.0,6.0,21.0,Metro/Bus,52,170
U0853,26,E-Bike,4450,0,4.0,153000.0,38250.0,25.5,0.5,0.5,0.5,3.0,2.0,2025-10-28 07:25:01,2025-08-24 22:48:39,30.75,4.0,0.0,0.0,2.0,64.0,E-Bike,26,4450
U0854,36,E-Bike,376,0,3.0,118500.0,39500.0,32.666666666666664,0.6666666666666666,0.0,0.6666666666666666,2.0,2.0,2025-10-25 13:09:15,2025-08-24 08:38:17,33.333333333333336,2.0,0.0,1.0,5.0,62.0,E-Bike,36,376
U0855,43,Shuttle,668,0,3.0,57000.0,19000.0,28.0,0.6666666666666666,0.3333333333333333,0.0,3.0,2.0,2025-09-05 19:53:31,2025-08-02 09:05:46,31.666666666666668,2.0,0.0,1.0,55.0,34.0,Shuttle,43,668
U0856,54,Shuttle,4247,0,6.0,151500.0,25250.0,30.833333333333332,0.16666666666666666,0.16666666666666666,0.5,4.0,5.0,2025-10-18 19:53:45,2025-08-26 13:06:58,29.333333333333332,4.0,0.0,2.0,12.0,53.0,Shuttle,54,4247
U0857,49,Shuttle,2296,0,6.0,202500.0,33750.0,30.0,0.16666666666666666,0.16666666666666666,0.6666666666666666,4.0,5.0,2025-10-22 08:22:53,2025-08-19 18:54:35,32.666666666666664,5.0,0.0,1.0,8.0,63.0,Shuttle,49,2296
U0858,31,Metro/Bus,3250,0,2.0,79500.0,39750.0,26.5,0.5,0.0,1.0,2.0,2.0,2025-09-22 17:33:31,2025-08-03 08:50:18,26.5,2.0,0.0,0.0,38.0,50.0,Metro/Bus,31,3250
U0859,49,Metro/Bus,1084,0,4.0,108000.0,27000.0,33.25,0.25,0.25,1.0,3.0,3.0,2025-10-20 17:56:39,2025-08-15 08:00:02,30.5,1.0,1.0,2.0,10.0,66.0,Metro/Bus,49,1084
U0860,23,Shuttle,830,0,6.0,187500.0,31250.0,20.833333333333332,0.16666666666666666,0.16666666666666666,0.0,4.0,4.0,2025-10-22 15:04:11,2025-09-17 14:00:44,30.666666666666668,6.0,0.0,0.0,8.0,35.0,Shuttle,23,830
U0861,33,E-Bike,3832,0,8.0,306000.0,38250.0,33.0,0.25,0.25,0.25,6.0,6.0,2025-10-23 08:29:07,2025-08-06 09:38:22,30.5,6.0,0.0,2.0,7.0,77.0,E-Bike,33,3832
U0862,35,Metro/Bus,991,0,7.0,270000.0,38571.42857142857,42.142857142857146,0.14285714285714285,0.7142857142857143,0.5714285714285714,4.0,4.0,2025-09-26 21:53:22,2025-08-02 12:08:58,30.285714285714285,4.0,3.0,0.0,34.0,55.0,Metro/Bus,35,991
U0863,25,Shuttle,4980,0,3.0,50000.0,16666.666666666668,32.0,0.3333333333333333,0.0,0.6666666666666666,3.0,3.0,2025-10-25 14:45:53,2025-09-02 07:30:27,28.666666666666668,0.0,0.0,3.0,5.0,53.0,Shuttle,25,4980
U0864,42,Metro/Bus,454,0,1.0,40000.0,40000.0,35.0,0.0,1.0,0.0,1.0,1.0,2025-09-29 09:42:35,2025-09-29 09:42:35,35.0,0.0,1.0,0.0,31.0,0.0,Metro/Bus,42,454
U0865,19,Metro/Bus,2556,0,2.0,88500.0,44250.0,29.5,0.5,0.5,0.0,2.0,2.0,2025-09-09 09:00:26,2025-09-07 19:59:41,34.5,2.0,0.0,0.0,51.0,1.0,Metro/Bus,19,2556
U0866,48,Shuttle,4748,0,4.0,125500.0,31375.0,25.5,0.0,0.25,0.5,4.0,2.0,2025-09-16 09:53:49,2025-08-05 08:20:38,32.25,3.0,0.0,1.0,44.0,42.0,Shuttle,48,4748
U0867,37,Metro/Bus,4252,0,6.0,186500.0,31083.333333333332,31.833333333333332,0.5,0.5,0.8333333333333334,5.0,4.0,2025-10-27 17:49:05,2025-08-02 10:09:02,30.5,3.0,2.0,1.0,3.0,86.0,Metro/Bus,37,4252
U0868,23,Shuttle,3961,0,4.0,98500.0,24625.0,21.5,0.0,0.0,0.25,3.0,4.0,2025-09-30 16:57:45,2025-08-15 17:48:07,28.75,3.0,1.0,0.0,30.0,45.0,Shuttle,23,3961
U0869,18,Metro/Bus,60,0,6.0,162500.0,27083.333333333332,21.333333333333332,0.16666666666666666,0.0,0.5,5.0,5.0,2025-10-07 15:06:06,2025-08-09 07:05:03,32.0,5.0,0.0,1.0,23.0,59.0,Metro/Bus,18,60
U0870,54,E-Bike,1169,0,2.0,79000.0,39500.0,54.0,0.0,0.0,0.5,1.0,2.0,2025-09-18 09:39:51,2025-08-21 07:36:27,31.0,1.0,1.0,0.0,42.0,28.0,E-Bike,54,1169
U0871,29,Metro/Bus,3249,1,3.0,62500.0,20833.333333333332,29.333333333333332,0.0,0.3333333333333333,0.0,1.0,3.0,2025-10-20 19:35:53,2025-08-01 19:05:46,29.0,2.0,0.0,1.0,10.0,80.0,Metro/Bus,29,3249
U0872,23,E-Bike,101,0,4.0,111500.0,27875.0,28.75,0.5,0.25,0.5,4.0,4.0,2025-10-25 18:05:35,2025-08-15 09:33:31,31.5,2.0,1.0,1.0,5.0,71.0,E-Bike,23,101
U0873,23,E-Bike,1967,0,5.0,190000.0,38000.0,29.4,0.6,0.2,0.4,3.0,3.0,2025-10-26 16:24:04,2025-08-06 07:24:17,31.0,4.0,1.0,0.0,4.0,81.0,E-Bike,23,1967
U0874,36,Metro/Bus,2794,0,8.0,252500.0,31562.5,29.125,0.25,0.125,0.375,5.0,5.0,2025-10-26 20:24:41,2025-08-14 09:40:34,29.75,6.0,1.0,1.0,4.0,73.0,Metro/Bus,36,2794
U0875,43,E-Bike,886,0,5.0,134000.0,26800.0,40.6,0.2,0.0,0.4,4.0,4.0,2025-10-09 08:25:23,2025-08-16 21:30:06,32.4,1.0,2.0,2.0,21.0,53.0,E-Bike,43,886
U0876,53,Metro/Bus,702,0,5.0,157500.0,31500.0,21.0,0.6,0.2,0.4,4.0,2.0,2025-10-12 06:08:54,2025-08-17 14:05:28,31.6,5.0,0.0,0.0,18.0,55.0,Metro/Bus,53,702
U0877,24,Metro/Bus,3117,1,4.0,183000.0,45750.0,30.5,0.5,0.75,0.75,4.0,3.0,2025-09-23 18:25:58,2025-08-02 18:21:24,30.0,4.0,0.0,0.0,37.0,52.0,Metro/Bus,24,3117
U0878,51,E-Bike,2573,0,2.0,73500.0,36750.0,24.5,0.5,1.0,1.0,2.0,2.0,2025-09-27 18:54:25,2025-08-21 07:08:53,28.5,2.0,0.0,0.0,33.0,37.0,E-Bike,51,2573
U0879,37,Metro/Bus,2772,0,6.0,138500.0,23083.333333333332,29.166666666666668,0.5,0.16666666666666666,0.3333333333333333,5.0,5.0,2025-09-23 17:28:35,2025-08-01 08:31:16,30.333333333333332,3.0,0.0,3.0,37.0,53.0,Metro/Bus,37,2772
U0880,27,E-Bike,754,1,1.0,55500.0,55500.0,37.0,0.0,1.0,1.0,1.0,1.0,2025-10-01 17:17:55,2025-10-01 17:17:55,35.0,1.0,0.0,0.0,29.0,0.0,E-Bike,27,754
U0881,18,E-Bike,4153,0,2.0,42000.0,21000.0,26.5,0.5,0.0,1.0,1.0,2.0,2025-10-04 07:32:00,2025-08-19 18:38:13,32.0,1.0,0.0,1.0,26.0,45.0,E-Bike,18,4153
U0882,55,Shuttle,536,0,6.0,208500.0,34750.0,31.166666666666668,0.16666666666666666,0.16666666666666666,0.5,4.0,4.0,2025-10-13 19:42:33,2025-08-02 18:18:21,29.666666666666668,4.0,0.0,2.0,17.0,72.0,Shuttle,55,536
U0883,50,E-Bike,3201,1,2.0,108000.0,54000.0,36.0,0.5,1.0,0.0,2.0,2.0,2025-09-14 19:45:58,2025-08-01 14:34:51,33.0,2.0,0.0,0.0,46.0,44.0,E-Bike,50,3201
U0884,45,E-Bike,3054,1,1.0,21000.0,21000.0,14.0,0.0,0.0,1.0,1.0,1.0,2025-08-19 18:12:33,2025-08-19 18:12:33,26.0,1.0,0.0,0.0,72.0,0.0,E-Bike,45,3054
U0885,38,Metro/Bus,2448,0,3.0,42000.0,14000.0,31.0,0.0,0.6666666666666666,1.0,2.0,3.0,2025-10-23 18:53:16,2025-09-10 18:48:34,30.333333333333332,0.0,0.0,3.0,7.0,43.0,Metro/Bus,38,2448
U0886,30,Metro/Bus,2459,0,6.0,146500.0,24416.666666666668,34.833333333333336,0.16666666666666666,0.3333333333333333,0.6666666666666666,6.0,4.0,2025-10-09 07:04:15,2025-08-11 18:20:09,30.166666666666668,2.0,1.0,3.0,21.0,58.0,Metro/Bus,30,2459
U0887,49,Shuttle,615,0,3.0,112500.0,37500.0,25.0,0.3333333333333333,0.6666666666666666,0.6666666666666666,3.0,3.0,2025-10-25 18:54:35,2025-08-27 19:13:37,31.333333333333332,3.0,0.0,0.0,5.0,58.0,Shuttle,49,615
U0888,50,E-Bike,2294,0,6.0,150500.0,25083.333333333332,33.0,0.0,0.16666666666666666,0.6666666666666666,3.0,4.0,2025-10-17 07:33:49,2025-08-08 18:21:24,30.333333333333332,2.0,2.0,2.0,13.0,69.0,E-Bike,50,2294
U0889,52,E-Bike,2,0,4.0,97500.0,24375.0,26.75,0.25,0.25,0.5,3.0,2.0,2025-10-22 09:29:37,2025-08-14 07:01:47,28.25,3.0,0.0,1.0,8.0,69.0,E-Bike,52,2
U0890,47,Metro/Bus,2542,0,2.0,38000.0,19000.0,14.5,0.5,0.0,0.0,1.0,1.0,2025-09-07 20:13:53,2025-08-11 09:35:57,30.0,1.0,0.0,1.0,53.0,27.0,Metro/Bus,47,2542
U0891,46,Shuttle,2487,0,7.0,190500.0,27214.285714285714,37.285714285714285,0.42857142857142855,0.14285714285714285,0.5714285714285714,6.0,5.0,2025-10-11 10:22:27,2025-08-04 07:53:31,31.428571428571427,3.0,2.0,2.0,19.0,68.0,Shuttle,46,2487
U0892,55,Metro/Bus,820,0,8.0,247000.0,30875.0,30.875,0.125,0.0,0.375,7.0,4.0,2025-10-05 09:19:05,2025-08-04 08:13:06,29.875,6.0,0.0,2.0,25.0,62.0,Metro/Bus,55,820
U0893,51,E-Bike,2356,1,10.0,253500.0,25350.0,29.5,0.2,0.2,0.4,6.0,6.0,2025-10-29 21:01:08,2025-08-09 09:28:56,30.9,6.0,0.0,4.0,1.0,81.0,E-Bike,51,2356
U0894,25,E-Bike,711,1,5.0,170500.0,34100.0,45.0,0.4,0.0,0.6,4.0,4.0,2025-10-20 19:09:09,2025-08-21 08:44:00,31.8,2.0,1.0,2.0,10.0,60.0,E-Bike,25,711
U0895,49,E-Bike,1992,0,4.0,171000.0,42750.0,28.5,0.25,0.25,0.5,4.0,4.0,2025-10-10 14:17:33,2025-08-02 18:21:31,30.0,4.0,0.0,0.0,20.0,68.0,E-Bike,49,1992
U0896,28,E-Bike,4586,0,6.0,143500.0,23916.666666666668,27.833333333333332,0.5,0.16666666666666666,0.6666666666666666,5.0,5.0,2025-10-05 08:53:10,2025-08-09 18:52:43,30.833333333333332,2.0,2.0,2.0,25.0,56.0,E-Bike,28,4586
U0897,29,E-Bike,604,0,6.0,277000.0,46166.666666666664,33.833333333333336,0.5,0.16666666666666666,0.3333333333333333,3.0,3.0,2025-10-19 09:38:29,2025-08-07 10:30:47,31.5,5.0,1.0,0.0,11.0,72.0,E-Bike,29,604
U0898,49,Metro/Bus,738,0,3.0,120000.0,40000.0,56.666666666666664,0.3333333333333333,0.0,0.6666666666666666,2.0,2.0,2025-09-07 13:57:56,2025-08-18 07:30:53,32.0,0.0,3.0,0.0,53.0,20.0,Metro/Bus,49,738
U0899,48,E-Bike,2878,0,5.0,136000.0,27200.0,20.2,0.0,0.2,0.6,5.0,4.0,2025-10-30 09:17:36,2025-08-26 09:03:08,30.2,4.0,0.0,1.0,0.0,65.0,E-Bike,48,2878
U0900,22,E-Bike,419,0,6.0,171500.0,28583.333333333332,26.0,0.5,0.5,0.3333333333333333,5.0,4.0,2025-10-15 17:40:02,2025-08-09 18:50:35,32.5,4.0,0.0,2.0,15.0,66.0,E-Bike,22,419
U0901,48,Metro/Bus,1191,0,2.0,96000.0,48000.0,32.0,0.0,0.0,0.5,2.0,2.0,2025-08-25 09:36:35,2025-08-25 07:35:26,31.0,2.0,0.0,0.0,66.0,0.0,Metro/Bus,48,1191
U0902,46,E-Bike,269,0,5.0,225000.0,45000.0,30.0,0.2,0.2,0.4,4.0,3.0,2025-10-07 07:18:37,2025-08-12 18:21:38,32.0,5.0,0.0,0.0,23.0,55.0,E-Bike,46,269
U0903,19,Metro/Bus,1047,0,8.0,252000.0,31500.0,34.875,0.5,0.0,0.5,4.0,5.0,2025-10-05 10:17:44,2025-08-03 07:23:14,28.5,5.0,1.0,2.0,25.0,63.0,Metro/Bus,19,1047
U0904,45,Metro/Bus,165,0,4.0,132500.0,33125.0,28.75,0.5,0.0,0.0,2.0,3.0,2025-10-10 09:36:01,2025-08-30 19:25:49,30.5,2.0,1.0,1.0,20.0,40.0,Metro/Bus,45,165
U0905,53,Shuttle,2769,0,5.0,156500.0,31300.0,26.2,0.2,0.4,0.8,4.0,4.0,2025-10-18 18:54:10,2025-08-11 17:43:16,30.8,3.0,0.0,2.0,12.0,68.0,Shuttle,53,2769
U0906,46,E-Bike,770,0,0.0,0.0,0.0,0.0,0.0,0.0,0.0,0.0,0.0,,,0.0,0.0,0.0,0.0,0.0,0.0,E-Bike,46,770
U0907,31,Metro/Bus,1488,0,3.0,85000.0,28333.333333333332,27.333333333333332,0.6666666666666666,0.0,0.3333333333333333,1.0,3.0,2025-10-23 22:14:33,2025-10-05 19:49:52,32.666666666666664,2.0,0.0,1.0,7.0,18.0,Metro/Bus,31,1488
U0908,28,Metro/Bus,2853,1,8.0,256500.0,32062.5,31.375,0.375,0.125,0.125,5.0,5.0,2025-10-21 11:53:06,2025-08-08 22:50:06,30.375,5.0,1.0,2.0,9.0,73.0,Metro/Bus,28,2853
U0909,44,Shuttle,4248,0,6.0,262500.0,43750.0,29.166666666666668,0.0,0.16666666666666666,0.3333333333333333,5.0,3.0,2025-10-30 19:13:39,2025-08-01 07:12:08,31.833333333333332,6.0,0.0,0.0,0.0,90.0,Shuttle,44,4248
U0910,43,E-Bike,852,0,10.0,343500.0,34350.0,38.2,0.3,0.3,0.4,7.0,5.0,2025-10-28 09:55:37,2025-08-05 10:52:10,30.6,6.0,2.0,2.0,2.0,83.0,E-Bike,43,852
U0911,21,Metro/Bus,62,0,0.0,0.0,0.0,0.0,0.0,0.0,0.0,0.0,0.0,,,0.0,0.0,0.0,0.0,0.0,0.0,Metro/Bus,21,62
U0912,50,E-Bike,3080,0,4.0,130500.0,32625.0,21.75,0.5,0.5,0.5,2.0,3.0,2025-10-21 19:17:15,2025-10-03 18:26:37,33.0,4.0,0.0,0.0,9.0,18.0,E-Bike,50,3080
U0913,35,E-Bike,3298,1,7.0,202000.0,28857.14285714286,45.0,0.42857142857142855,0.0,0.2857142857142857,5.0,4.0,2025-10-20 10:22:46,2025-08-23 18:30:30,30.714285714285715,3.0,2.0,2.0,10.0,57.0,E-Bike,35,3298
U0914,44,Metro/Bus,4285,0,4.0,124500.0,31125.0,33.5,0.5,0.0,0.75,3.0,3.0,2025-10-11 08:09:33,2025-08-24 10:08:55,31.0,2.0,1.0,1.0,19.0,47.0,Metro/Bus,44,4285
U0915,53,Metro/Bus,3350,0,7.0,194500.0,27785.714285714286,31.285714285714285,0.42857142857142855,0.0,0.5714285714285714,6.0,5.0,2025-10-30 16:07:37,2025-08-24 17:06:52,30.285714285714285,3.0,1.0,3.0,0.0,66.0,Metro/Bus,53,3350
U0916,40,E-Bike,2120,0,6.0,182000.0,30333.333333333332,33.166666666666664,0.0,0.5,0.16666666666666666,4.0,4.0,2025-10-28 19:58:49,2025-08-07 09:17:05,28.666666666666668,3.0,0.0,3.0,2.0,82.0,E-Bike,40,2120
U0917,40,E-Bike,94,0,4.0,111500.0,27875.0,38.25,0.25,0.0,0.5,4.0,4.0,2025-09-26 07:44:54,2025-08-28 19:46:48,28.25,2.0,1.0,1.0,34.0,28.0,E-Bike,40,94
U0918,30,E-Bike,4309,0,5.0,86500.0,17300.0,27.6,0.2,0.0,0.2,4.0,4.0,2025-10-22 09:33:48,2025-08-08 14:38:33,30.2,1.0,0.0,4.0,8.0,74.0,E-Bike,30,4309
U0919,37,E-Bike,534,0,2.0,49500.0,24750.0,30.0,0.0,0.0,0.5,2.0,2.0,2025-10-13 07:31:47,2025-08-15 14:04:00,29.5,1.0,0.0,1.0,17.0,58.0,E-Bike,37,534
U0920,28,Shuttle,4389,0,5.0,213000.0,42600.0,28.4,0.0,0.2,0.4,3.0,4.0,2025-10-28 14:59:17,2025-08-08 08:32:21,32.4,5.0,0.0,0.0,2.0,81.0,Shuttle,28,4389
U0921,38,Shuttle,4609,0,4.0,120000.0,30000.0,47.75,0.0,0.0,0.25,3.0,4.0,2025-10-20 09:57:04,2025-08-13 20:17:11,30.75,0.0,2.0,2.0,10.0,67.0,Shuttle,38,4609
U0922,35,E-Bike,4189,0,3.0,103000.0,34333.333333333336,37.0,0.6666666666666666,0.0,0.3333333333333333,3.0,3.0,2025-10-25 19:26:16,2025-08-30 17:22:16,30.333333333333332,2.0,1.0,0.0,5.0,56.0,E-Bike,35,4189
U0923,45,Metro/Bus,4759,0,7.0,268000.0,38285.71428571428,31.428571428571427,0.2857142857142857,0.14285714285714285,0.2857142857142857,3.0,6.0,2025-10-16 12:44:55,2025-08-25 15:36:32,30.857142857142858,6.0,1.0,0.0,14.0,51.0,Metro/Bus,45,4759
U0924,21,Metro/Bus,435,0,1.0,40000.0,40000.0,66.0,0.0,0.0,0.0,1.0,1.0,2025-09-05 20:20:19,2025-09-05 20:20:19,32.0,0.0,1.0,0.0,55.0,0.0,Metro/Bus,21,435
U0925,37,Metro/Bus,1420,0,5.0,164000.0,32800.0,46.0,0.4,0.2,0.4,4.0,5.0,2025-10-28 08:16:56,2025-08-09 17:14:55,32.2,2.0,1.0,2.0,2.0,79.0,Metro/Bus,37,1420
U0926,52,Shuttle,2799,1,0.0,0.0,0.0,0.0,0.0,0.0,0.0,0.0,0.0,,,0.0,0.0,0.0,0.0,0.0,0.0,Shuttle,52,2799
U0927,26,E-Bike,499,0,6.0,171000.0,28500.0,41.833333333333336,0.16666666666666666,0.16666666666666666,0.3333333333333333,6.0,5.0,2025-10-15 06:26:09,2025-08-07 19:12:05,30.5,1.0,1.0,4.0,15.0,68.0,E-Bike,26,499
U0928,36,Metro/Bus,14,0,3.0,128000.0,42666.666666666664,34.666666666666664,0.3333333333333333,0.0,0.6666666666666666,2.0,3.0,2025-10-09 17:31:37,2025-09-07 19:45:29,31.333333333333332,2.0,0.0,1.0,21.0,31.0,Metro/Bus,36,14
U0929,55,E-Bike,3271,0,6.0,217500.0,36250.0,37.166666666666664,0.16666666666666666,0.16666666666666666,0.5,4.0,4.0,2025-10-21 09:03:43,2025-08-22 07:58:58,30.666666666666668,3.0,1.0,2.0,9.0,60.0,E-Bike,55,3271
U0930,41,E-Bike,4256,0,2.0,107500.0,53750.0,57.0,1.0,0.5,0.5,2.0,2.0,2025-10-12 07:15:46,2025-08-23 14:31:19,29.5,1.0,1.0,0.0,18.0,49.0,E-Bike,41,4256
U0931,27,E-Bike,2135,0,3.0,100500.0,33500.0,22.333333333333332,0.6666666666666666,0.0,0.0,1.0,3.0,2025-08-27 16:17:07,2025-08-10 11:44:09,30.0,3.0,0.0,0.0,64.0,17.0,E-Bike,27,2135
U0932,54,E-Bike,2991,1,1.0,63000.0,63000.0,42.0,1.0,0.0,1.0,1.0,1.0,2025-08-03 17:31:48,2025-08-03 17:31:48,26.0,1.0,0.0,0.0,88.0,0.0,E-Bike,54,2991
U0933,29,E-Bike,2522,0,4.0,135000.0,33750.0,22.5,0.0,0.5,0.75,3.0,3.0,2025-10-09 18:20:44,2025-08-21 17:43:52,29.25,4.0,0.0,0.0,21.0,49.0,E-Bike,29,2522
U0934,54,Metro/Bus,2608,0,5.0,168000.0,33600.0,48.0,0.4,0.2,0.6,4.0,4.0,2025-10-28 17:29:46,2025-08-15 07:26:48,30.8,2.0,2.0,1.0,2.0,74.0,Metro/Bus,54,2608
U0935,42,E-Bike,2671,0,4.0,167500.0,41875.0,43.75,0.25,0.0,1.0,4.0,4.0,2025-10-17 08:50:26,2025-08-11 08:49:15,30.5,1.0,2.0,1.0,13.0,67.0,E-Bike,42,2671
U0936,28,E-Bike,1763,0,3.0,79500.0,26500.0,29.333333333333332,0.6666666666666666,0.0,0.0,3.0,3.0,2025-09-06 19:46:34,2025-08-09 19:02:06,29.333333333333332,2.0,0.0,1.0,54.0,28.0,E-Bike,28,1763
U0937,52,E-Bike,1258,1,4.0,187000.0,46750.0,45.0,0.0,0.0,0.0,3.0,2.0,2025-10-29 19:30:30,2025-09-02 10:35:55,29.75,3.0,1.0,0.0,1.0,57.0,E-Bike,52,1258
U0938,22,E-Bike,1123,0,8.0,213500.0,26687.5,27.0,0.25,0.25,0.625,5.0,6.0,2025-10-29 11:04:14,2025-08-12 17:59:32,30.625,6.0,1.0,1.0,1.0,77.0,E-Bike,22,1123
U0939,24,E-Bike,306,0,7.0,277500.0,39642.857142857145,46.0,0.14285714285714285,0.42857142857142855,0.2857142857142857,5.0,5.0,2025-10-24 18:26:45,2025-08-07 08:00:22,32.285714285714285,4.0,1.0,2.0,6.0,78.0,E-Bike,24,306
U0940,29,E-Bike,2808,0,3.0,139000.0,46333.333333333336,41.0,0.3333333333333333,0.0,1.0,3.0,2.0,2025-09-30 18:02:35,2025-08-17 17:20:56,28.666666666666668,2.0,1.0,0.0,30.0,44.0,E-Bike,29,2808
U0941,33,E-Bike,2356,0,3.0,117500.0,39166.666666666664,42.333333333333336,0.6666666666666666,0.3333333333333333,0.3333333333333333,3.0,2.0,2025-10-26 22:16:17,2025-08-10 10:36:55,28.333333333333332,1.0,2.0,0.0,4.0,77.0,E-Bike,33,2356
U0942,42,E-Bike,3176,0,7.0,254500.0,36357.142857142855,27.0,0.42857142857142855,0.14285714285714285,0.5714285714285714,6.0,6.0,2025-10-24 18:51:11,2025-08-09 18:35:13,29.571428571428573,4.0,1.0,2.0,6.0,76.0,E-Bike,42,3176
U0943,31,E-Bike,4066,0,6.0,110500.0,18416.666666666668,34.333333333333336,0.3333333333333333,0.3333333333333333,0.6666666666666666,5.0,5.0,2025-10-09 08:44:25,2025-08-02 19:41:29,31.5,1.0,1.0,4.0,21.0,67.0,E-Bike,31,4066
U0944,54,E-Bike,1258,0,5.0,141000.0,28200.0,29.6,0.4,0.0,0.8,3.0,4.0,2025-10-25 22:29:45,2025-09-05 07:45:39,32.0,3.0,0.0,2.0,5.0,50.0,E-Bike,54,1258
U0945,44,Metro/Bus,4814,0,2.0,104500.0,52250.0,63.5,0.5,0.0,0.5,1.0,2.0,2025-08-13 17:58:09,2025-08-03 09:09:02,31.0,1.0,1.0,0.0,78.0,10.0,Metro/Bus,44,4814
U0946,27,E-Bike,1189,0,0.0,0.0,0.0,0.0,0.0,0.0,0.0,0.0,0.0,,,0.0,0.0,0.0,0.0,0.0,0.0,E-Bike,27,1189
U0947,40,E-Bike,661,0,9.0,270500.0,30055.555555555555,35.44444444444444,0.4444444444444444,0.1111111111111111,0.2222222222222222,4.0,5.0,2025-10-19 14:19:33,2025-08-08 10:18:45,29.11111111111111,5.0,2.0,2.0,11.0,72.0,E-Bike,40,661
U0948,39,E-Bike,419,0,4.0,82000.0,20500.0,37.25,0.25,0.25,0.25,4.0,3.0,2025-10-08 08:45:40,2025-08-27 19:39:09,31.5,0.0,1.0,3.0,22.0,41.0,E-Bike,39,419
U0949,22,E-Bike,2415,0,11.0,404500.0,36772.72727272727,27.363636363636363,0.5454545454545454,0.18181818181818182,0.2727272727272727,6.0,5.0,2025-10-11 10:03:22,2025-08-02 09:53:58,30.636363636363637,10.0,1.0,0.0,19.0,70.0,E-Bike,22,2415
U0950,20,Shuttle,2246,0,5.0,155000.0,31000.0,43.2,0.0,0.2,0.4,2.0,4.0,2025-09-18 17:39:32,2025-08-08 14:05:49,29.2,3.0,2.0,0.0,42.0,41.0,Shuttle,20,2246
U0951,29,E-Bike,640,0,6.0,150500.0,25083.333333333332,37.0,0.16666666666666666,0.5,0.8333333333333334,6.0,4.0,2025-10-30 08:54:13,2025-08-08 06:48:02,32.333333333333336,3.0,1.0,2.0,0.0,83.0,E-Bike,29,640
U0952,34,E-Bike,2396,0,4.0,125000.0,31250.0,34.75,0.5,0.75,0.5,4.0,3.0,2025-10-19 08:36:59,2025-08-05 07:36:39,32.75,2.0,2.0,0.0,11.0,75.0,E-Bike,34,2396
U0953,46,E-Bike,4607,1,6.0,252000.0,42000.0,40.333333333333336,0.16666666666666666,0.16666666666666666,0.5,4.0,4.0,2025-10-15 17:57:51,2025-08-07 22:41:28,32.166666666666664,4.0,0.0,2.0,15.0,68.0,E-Bike,46,4607
U0954,37,Shuttle,4075,0,6.0,202000.0,33666.666666666664,25.5,0.3333333333333333,0.0,0.3333333333333333,5.0,4.0,2025-10-23 06:43:20,2025-08-25 18:32:01,30.0,4.0,0.0,2.0,7.0,58.0,Shuttle,37,4075
U0955,47,Metro/Bus,2090,0,5.0,178000.0,35600.0,36.0,0.2,0.6,0.4,5.0,4.0,2025-08-19 17:26:14,2025-08-05 16:34:35,26.8,3.0,1.0,1.0,72.0,14.0,Metro/Bus,47,2090
U0956,27,Shuttle,1058,0,6.0,185000.0,30833.333333333332,37.166666666666664,0.16666666666666666,0.0,0.3333333333333333,4.0,5.0,2025-10-11 16:27:37,2025-08-19 18:05:39,29.333333333333332,3.0,1.0,2.0,19.0,52.0,Shuttle,27,1058
U0957,37,Metro/Bus,2987,1,1.0,7500.0,7500.0,5.0,0.0,1.0,1.0,1.0,1.0,2025-10-21 07:15:54,2025-10-21 07:15:54,34.0,1.0,0.0,0.0,9.0,0.0,Metro/Bus,37,2987
U0958,49,Shuttle,4079,0,3.0,73500.0,24500.0,22.0,0.0,0.3333333333333333,1.0,3.0,3.0,2025-10-13 18:15:26,2025-08-15 07:51:36,29.333333333333332,2.0,0.0,1.0,17.0,59.0,Shuttle,49,4079
U0959,27,Metro/Bus,1377,0,7.0,222000.0,31714.285714285714,36.857142857142854,0.5714285714285714,0.14285714285714285,0.5714285714285714,5.0,5.0,2025-10-26 07:38:44,2025-08-03 07:02:07,29.857142857142858,2.0,4.0,1.0,4.0,84.0,Metro/Bus,27,1377
U0960,43,E-Bike,2760,0,4.0,139500.0,34875.0,35.5,0.0,0.25,0.75,3.0,4.0,2025-10-22 17:28:00,2025-08-22 17:08:58,30.5,2.0,0.0,2.0,8.0,61.0,E-Bike,43,2760
U0961,33,E-Bike,1566,0,10.0,280500.0,28050.0,34.2,0.1,0.3,0.5,5.0,5.0,2025-10-22 22:31:49,2025-08-12 17:25:25,30.1,6.0,1.0,3.0,8.0,71.0,E-Bike,33,1566
U0962,43,E-Bike,3659,0,5.0,184500.0,36900.0,27.0,0.2,0.4,0.2,4.0,5.0,2025-10-29 08:44:37,2025-09-27 22:36:45,29.0,3.0,1.0,1.0,1.0,31.0,E-Bike,43,3659
U0963,24,E-Bike,3710,0,9.0,358500.0,39833.333333333336,48.666666666666664,0.1111111111111111,0.0,0.3333333333333333,5.0,5.0,2025-10-30 19:38:12,2025-08-13 07:52:41,29.11111111111111,4.0,4.0,1.0,0.0,78.0,E-Bike,24,3710
U0964,52,E-Bike,1062,0,7.0,171500.0,24500.0,21.142857142857142,0.42857142857142855,0.14285714285714285,0.14285714285714285,4.0,6.0,2025-10-27 11:44:04,2025-08-20 15:06:05,30.285714285714285,5.0,0.0,2.0,3.0,67.0,E-Bike,52,1062
U0965,35,E-Bike,1952,1,3.0,97500.0,32500.0,39.333333333333336,0.3333333333333333,0.0,1.0,2.0,2.0,2025-09-26 07:07:58,2025-08-10 07:45:20,32.0,1.0,1.0,1.0,34.0,46.0,E-Bike,35,1952
U0966,48,E-Bike,4848,1,4.0,150000.0,37500.0,25.0,0.0,0.0,0.5,3.0,3.0,2025-09-16 08:03:28,2025-08-28 18:53:05,29.25,4.0,0.0,0.0,44.0,18.0,E-Bike,48,4848
U0967,30,Shuttle,3017,0,6.0,197000.0,32833.333333333336,35.833333333333336,0.0,0.3333333333333333,0.5,5.0,6.0,2025-10-22 07:20:53,2025-08-05 12:15:09,31.333333333333332,4.0,2.0,0.0,8.0,77.0,Shuttle,30,3017
U0968,44,E-Bike,1736,0,4.0,76500.0,19125.0,17.25,0.25,0.0,0.5,3.0,3.0,2025-10-27 11:11:40,2025-08-02 08:12:30,31.25,3.0,0.0,1.0,3.0,86.0,E-Bike,44,1736
U0969,39,E-Bike,4713,0,7.0,316000.0,45142.857142857145,37.57142857142857,0.5714285714285714,0.14285714285714285,0.42857142857142855,4.0,4.0,2025-10-25 09:45:34,2025-08-02 18:13:32,30.285714285714285,6.0,1.0,0.0,5.0,83.0,E-Bike,39,4713
U0970,42,Metro/Bus,2562,0,7.0,267000.0,38142.857142857145,38.714285714285715,0.14285714285714285,0.2857142857142857,0.42857142857142855,5.0,6.0,2025-10-29 07:06:45,2025-09-11 17:47:15,31.571428571428573,4.0,0.0,3.0,1.0,47.0,Metro/Bus,42,2562
U0971,23,E-Bike,4649,0,7.0,152500.0,21785.714285714286,26.428571428571427,0.14285714285714285,0.2857142857142857,0.5714285714285714,7.0,6.0,2025-10-14 18:07:36,2025-08-25 14:59:45,31.142857142857142,3.0,0.0,4.0,16.0,50.0,E-Bike,23,4649
U0972,23,Metro/Bus,1016,0,3.0,87000.0,29000.0,46.0,0.3333333333333333,0.0,0.3333333333333333,3.0,2.0,2025-09-21 11:57:03,2025-08-07 09:19:20,29.666666666666668,0.0,2.0,1.0,39.0,45.0,Metro/Bus,23,1016
U0973,47,E-Bike,2969,0,2.0,65500.0,32750.0,32.5,0.0,1.0,0.5,2.0,2.0,2025-09-25 07:58:53,2025-09-11 19:15:23,28.0,1.0,1.0,0.0,35.0,13.0,E-Bike,47,2969
U0974,19,E-Bike,1364,0,4.0,108500.0,27125.0,34.25,0.75,0.25,0.75,4.0,4.0,2025-10-19 18:08:43,2025-08-05 08:39:26,33.25,2.0,0.0,2.0,11.0,75.0,E-Bike,19,1364
U0975,19,E-Bike,374,0,5.0,126000.0,25200.0,38.6,0.4,0.8,0.4,3.0,4.0,2025-09-30 06:21:16,2025-08-03 19:11:12,29.0,2.0,1.0,2.0,30.0,57.0,E-Bike,19,374
U0976,39,E-Bike,1313,0,5.0,140500.0,28100.0,29.6,0.2,0.0,0.4,4.0,4.0,2025-09-24 19:49:56,2025-08-12 09:40:37,32.4,4.0,0.0,1.0,36.0,43.0,E-Bike,39,1313
U0977,51,E-Bike,3813,0,6.0,121500.0,20250.0,23.833333333333332,0.16666666666666666,0.5,0.3333333333333333,4.0,3.0,2025-10-08 09:00:52,2025-08-04 07:13:28,32.166666666666664,3.0,1.0,2.0,22.0,65.0,E-Bike,51,3813
U0978,26,Shuttle,2388,0,5.0,144000.0,28800.0,31.2,0.0,0.0,0.4,4.0,4.0,2025-10-22 21:33:05,2025-08-04 21:46:06,30.0,3.0,0.0,2.0,8.0,78.0,Shuttle,26,2388
U0979,24,E-Bike,2196,0,6.0,195000.0,32500.0,34.5,0.3333333333333333,0.0,0.3333333333333333,3.0,6.0,2025-10-13 12:26:23,2025-08-10 09:10:30,30.166666666666668,2.0,2.0,2.0,17.0,64.0,E-Bike,24,2196
U0980,39,E-Bike,4410,0,2.0,80000.0,40000.0,48.5,0.0,0.0,1.0,2.0,2.0,2025-09-22 08:59:12,2025-09-03 17:27:57,31.0,0.0,2.0,0.0,38.0,18.0,E-Bike,39,4410
U0981,40,Metro/Bus,890,0,5.0,121500.0,24300.0,32.6,0.6,0.2,0.4,4.0,3.0,2025-10-09 13:23:23,2025-08-08 16:00:52,32.4,2.0,0.0,3.0,21.0,61.0,Metro/Bus,40,890
U0982,27,Shuttle,1538,0,4.0,127000.0,31750.0,64.0,0.25,0.5,1.0,4.0,4.0,2025-10-30 07:31:52,2025-08-09 17:15:36,31.5,0.0,3.0,1.0,0.0,81.0,Shuttle,27,1538
U0983,24,Shuttle,3994,0,6.0,213000.0,35500.0,30.833333333333332,0.0,0.0,0.3333333333333333,4.0,5.0,2025-10-29 19:22:55,2025-08-25 18:21:51,31.5,4.0,1.0,1.0,1.0,65.0,Shuttle,24,3994
U0984,18,E-Bike,3008,0,5.0,172000.0,34400.0,31.8,0.4,0.0,0.4,5.0,5.0,2025-10-29 21:18:35,2025-08-01 18:54:21,31.4,4.0,0.0,1.0,1.0,89.0,E-Bike,18,3008
U0985,25,Metro/Bus,90,1,2.0,97500.0,48750.0,32.5,1.0,0.5,1.0,2.0,2.0,2025-09-07 18:32:09,2025-08-03 17:19:29,30.0,2.0,0.0,0.0,53.0,35.0,Metro/Bus,25,90
U0986,24,Metro/Bus,2355,0,3.0,50000.0,16666.666666666668,43.333333333333336,0.0,0.0,0.6666666666666666,3.0,2.0,2025-09-24 18:43:27,2025-08-06 14:12:32,31.333333333333332,0.0,0.0,3.0,36.0,49.0,Metro/Bus,24,2355
U0987,49,E-Bike,1198,1,6.0,206000.0,34333.333333333336,32.666666666666664,0.6666666666666666,0.3333333333333333,0.5,4.0,5.0,2025-10-26 19:22:19,2025-08-20 08:21:52,29.0,4.0,0.0,2.0,4.0,67.0,E-Bike,49,1198
U0988,28,Metro/Bus,522,0,2.0,44500.0,22250.0,22.0,0.0,0.0,0.0,2.0,2.0,2025-08-22 19:22:57,2025-08-06 20:43:48,31.0,1.0,0.0,1.0,69.0,15.0,Metro/Bus,28,522
U0989,21,Metro/Bus,1145,0,7.0,220500.0,31500.0,29.714285714285715,0.42857142857142855,0.2857142857142857,0.7142857142857143,5.0,3.0,2025-10-06 09:53:15,2025-08-04 07:56:42,30.714285714285715,5.0,0.0,2.0,24.0,63.0,Metro/Bus,21,1145
U0990,20,E-Bike,1364,0,5.0,92500.0,18500.0,37.4,0.4,0.4,0.0,4.0,5.0,2025-10-29 09:49:36,2025-08-02 09:15:23,31.0,2.0,0.0,3.0,1.0,88.0,E-Bike,20,1364
U0991,44,Shuttle,3076,0,7.0,291000.0,41571.42857142857,38.0,0.2857142857142857,0.14285714285714285,0.14285714285714285,6.0,4.0,2025-09-22 14:13:26,2025-08-02 09:25:23,32.285714285714285,4.0,3.0,0.0,38.0,51.0,Shuttle,44,3076
U0992,48,E-Bike,3847,0,6.0,229000.0,38166.666666666664,45.333333333333336,0.16666666666666666,0.3333333333333333,0.5,5.0,5.0,2025-10-12 09:59:20,2025-08-07 15:05:06,31.0,3.0,1.0,2.0,18.0,65.0,E-Bike,48,3847
U0993,34,E-Bike,1357,1,8.0,309000.0,38625.0,36.25,0.25,0.25,0.375,5.0,5.0,2025-10-24 19:31:05,2025-08-10 09:42:03,30.125,5.0,0.0,3.0,6.0,75.0,E-Bike,34,1357
U0994,26,E-Bike,3102,0,4.0,106500.0,26625.0,23.0,0.25,0.0,0.25,3.0,3.0,2025-10-07 19:57:49,2025-09-17 16:29:49,30.75,3.0,0.0,1.0,23.0,20.0,E-Bike,26,3102
U0995,26,Metro/Bus,3910,0,7.0,146500.0,20928.571428571428,33.142857142857146,0.2857142857142857,0.2857142857142857,0.5714285714285714,5.0,5.0,2025-10-10 19:06:19,2025-08-01 09:07:06,28.285714285714285,2.0,0.0,5.0,20.0,70.0,Metro/Bus,26,3910
U0996,49,E-Bike,2547,0,3.0,136500.0,45500.0,30.333333333333332,1.0,0.6666666666666666,0.6666666666666666,3.0,3.0,2025-09-27 18:57:29,2025-08-17 19:05:54,31.333333333333332,3.0,0.0,0.0,33.0,40.0,E-Bike,49,2547
U0997,23,Metro/Bus,965,0,8.0,223000.0,27875.0,30.875,0.125,0.125,0.375,7.0,6.0,2025-10-27 17:22:00,2025-08-20 09:13:56,31.375,5.0,2.0,1.0,3.0,68.0,Metro/Bus,23,965
U0998,34,E-Bike,4558,0,7.0,211500.0,30214.285714285714,41.285714285714285,0.8571428571428571,0.0,0.42857142857142855,7.0,4.0,2025-10-18 09:26:36,2025-08-03 18:47:25,30.428571428571427,2.0,2.0,3.0,12.0,75.0,E-Bike,34,4558
U0999,31,E-Bike,3760,0,8.0,250500.0,31312.5,26.875,0.25,0.25,0.5,6.0,5.0,2025-10-17 12:21:01,2025-08-10 14:42:24,33.0,4.0,1.0,3.0,13.0,67.0,E-Bike,31,3760
U1000,52,Metro/Bus,3039,0,6.0,120000.0,20000.0,36.833333333333336,0.16666666666666666,0.16666666666666666,0.6666666666666666,5.0,3.0,2025-10-24 17:30:06,2025-08-04 08:15:49,31.5,3.0,1.0,2.0,6.0,81.0,Metro/Bus,52,3039
U1001,46,Shuttle,1268,0,7.0,182500.0,26071.428571428572,23.142857142857142,0.5714285714285714,0.2857142857142857,0.42857142857142855,6.0,4.0,2025-10-26 13:19:51,2025-08-14 07:24:27,29.0,5.0,0.0,2.0,4.0,73.0,Shuttle,46,1268
U1002,20,E-Bike,3072,0,3.0,139000.0,46333.333333333336,45.666666666666664,0.3333333333333333,0.0,0.3333333333333333,3.0,3.0,2025-10-21 08:43:50,2025-08-09 14:16:04,29.333333333333332,2.0,0.0,1.0,9.0,72.0,E-Bike,20,3072
U1003,55,Metro/Bus,4940,1,1.0,15000.0,15000.0,27.0,1.0,0.0,0.0,1.0,1.0,2025-10-11 20:40:18,2025-10-11 20:40:18,35.0,0.0,0.0,1.0,19.0,0.0,Metro/Bus,55,4940
U1004,48,Shuttle,431,0,5.0,228000.0,45600.0,30.4,0.8,0.8,0.8,3.0,4.0,2025-10-26 18:16:01,2025-08-04 18:36:50,30.4,5.0,0.0,0.0,4.0,82.0,Shuttle,48,431
U1005,36,Shuttle,4144,1,6.0,144500.0,24083.333333333332,22.333333333333332,0.5,0.0,0.0,4.0,5.0,2025-10-27 14:17:49,2025-08-06 21:14:27,32.333333333333336,3.0,0.0,3.0,3.0,81.0,Shuttle,36,4144
U1006,29,Metro/Bus,3296,0,6.0,195000.0,32500.0,31.833333333333332,0.16666666666666666,0.0,0.3333333333333333,4.0,4.0,2025-10-27 08:32:46,2025-09-17 06:38:33,30.166666666666668,3.0,1.0,2.0,3.0,40.0,Metro/Bus,29,3296
U1007,19,Shuttle,4731,0,2.0,58000.0,29000.0,33.5,0.5,0.5,1.0,2.0,2.0,2025-09-18 18:16:04,2025-08-17 08:49:58,27.0,1.0,1.0,0.0,42.0,32.0,Shuttle,19,4731
U1008,24,E-Bike,1470,0,7.0,272000.0,38857.142857142855,38.714285714285715,0.14285714285714285,0.14285714285714285,0.14285714285714285,4.0,5.0,2025-10-10 09:59:26,2025-08-26 08:51:00,30.571428571428573,2.0,3.0,2.0,20.0,45.0,E-Bike,24,1470
U1009,48,E-Bike,1052,0,7.0,187500.0,26785.714285714286,35.857142857142854,0.14285714285714285,0.0,0.5714285714285714,4.0,5.0,2025-10-22 08:46:42,2025-08-11 15:34:06,30.285714285714285,3.0,2.0,2.0,8.0,71.0,E-Bike,48,1052
U1010,20,E-Bike,3404,1,6.0,179500.0,29916.666666666668,27.0,0.16666666666666666,0.5,0.5,4.0,5.0,2025-10-27 09:52:14,2025-08-17 18:45:20,30.0,4.0,1.0,1.0,3.0,70.0,E-Bike,20,3404
U1011,52,E-Bike,1459,0,3.0,139500.0,46500.0,31.0,0.3333333333333333,0.0,1.0,2.0,3.0,2025-10-18 18:45:01,2025-08-22 17:18:26,31.0,3.0,0.0,0.0,12.0,57.0,E-Bike,52,1459
U1012,31,Shuttle,1225,0,6.0,182000.0,30333.333333333332,38.333333333333336,0.5,0.16666666666666666,0.5,5.0,3.0,2025-10-11 21:30:46,2025-09-04 18:06:29,30.666666666666668,3.0,1.0,2.0,19.0,37.0,Shuttle,31,1225
U1013,25,Metro/Bus,4773,0,0.0,0.0,0.0,0.0,0.0,0.0,0.0,0.0,0.0,,,0.0,0.0,0.0,0.0,0.0,0.0,Metro/Bus,25,4773
U1014,52,Metro/Bus,2415,1,8.0,242500.0,30312.5,37.875,0.25,0.125,0.625,5.0,6.0,2025-10-29 17:29:30,2025-08-04 08:25:31,30.125,3.0,3.0,2.0,1.0,86.0,Metro/Bus,52,2415
U1015,25,E-Bike,4932,0,3.0,106000.0,35333.333333333336,28.666666666666668,0.0,0.3333333333333333,0.0,3.0,3.0,2025-09-05 19:08:54,2025-08-01 16:33:28,30.0,2.0,0.0,1.0,55.0,35.0,E-Bike,25,4932
U1016,32,E-Bike,1066,0,5.0,116500.0,23300.0,19.2,0.2,0.4,0.4,4.0,4.0,2025-10-20 08:18:57,2025-08-04 13:27:56,29.2,4.0,1.0,0.0,10.0,76.0,E-Bike,32,1066
U1017,31,E-Bike,3455,0,3.0,78000.0,26000.0,17.333333333333332,0.6666666666666666,0.3333333333333333,0.6666666666666666,2.0,3.0,2025-09-28 08:27:01,2025-09-07 14:11:59,31.333333333333332,3.0,0.0,0.0,32.0,20.0,E-Bike,31,3455
U1018,49,E-Bike,4828,0,8.0,270000.0,33750.0,40.25,0.25,0.125,0.5,5.0,4.0,2025-10-30 10:09:23,2025-08-30 08:07:24,32.125,4.0,2.0,2.0,0.0,61.0,E-Bike,49,4828
U1019,51,E-Bike,2785,1,5.0,110500.0,22100.0,20.0,0.2,0.2,0.0,4.0,4.0,2025-10-28 15:50:08,2025-09-10 13:37:35,32.8,3.0,1.0,1.0,2.0,48.0,E-Bike,51,2785
U1020,35,Shuttle,4682,0,3.0,66500.0,22166.666666666668,17.0,0.3333333333333333,0.0,0.0,3.0,2.0,2025-10-27 19:42:39,2025-08-02 09:48:08,31.0,2.0,0.0,1.0,3.0,86.0,Shuttle,35,4682
U1021,49,Metro/Bus,4314,0,5.0,120000.0,24000.0,22.6,0.2,0.2,0.6,4.0,5.0,2025-10-21 08:10:22,2025-08-01 08:37:07,29.8,3.0,0.0,2.0,9.0,80.0,Metro/Bus,49,4314
U1022,23,E-Bike,2622,0,3.0,87000.0,29000.0,33.666666666666664,0.3333333333333333,0.3333333333333333,0.0,2.0,3.0,2025-09-02 09:37:39,2025-08-05 11:11:36,28.666666666666668,2.0,0.0,1.0,58.0,27.0,E-Bike,23,2622
U1023,39,E-Bike,1189,1,6.0,143000.0,23833.333333333332,17.166666666666668,0.16666666666666666,0.3333333333333333,0.6666666666666666,5.0,4.0,2025-10-15 09:19:58,2025-08-04 08:43:02,30.833333333333332,5.0,0.0,1.0,15.0,72.0,E-Bike,39,1189
U1024,37,Metro/Bus,4227,0,6.0,159500.0,26583.333333333332,30.0,0.3333333333333333,0.16666666666666666,0.3333333333333333,3.0,3.0,2025-10-25 14:35:30,2025-09-01 17:26:06,31.0,3.0,2.0,1.0,5.0,53.0,Metro/Bus,37,4227
U1025,44,Metro/Bus,2560,0,5.0,207000.0,41400.0,31.8,0.4,0.2,0.4,4.0,3.0,2025-10-30 09:18:14,2025-08-08 19:26:58,29.8,4.0,0.0,1.0,0.0,82.0,Metro/Bus,44,2560
U1026,43,E-Bike,3352,0,4.0,91000.0,22750.0,18.75,0.0,0.0,0.75,3.0,2.0,2025-10-15 17:02:10,2025-08-21 17:54:06,30.0,3.0,0.0,1.0,15.0,54.0,E-Bike,43,3352
U1027,21,E-Bike,4195,0,6.0,127000.0,21166.666666666668,32.166666666666664,0.3333333333333333,0.0,0.5,5.0,3.0,2025-10-13 19:44:17,2025-08-01 09:45:42,31.0,2.0,1.0,3.0,17.0,73.0,E-Bike,21,4195
U1028,36,E-Bike,3193,0,5.0,179000.0,35800.0,37.6,0.4,0.2,0.8,4.0,4.0,2025-10-10 08:55:10,2025-08-02 07:36:27,29.8,2.0,2.0,1.0,20.0,69.0,E-Bike,36,3193
U1029,43,E-Bike,2545,0,4.0,149000.0,37250.0,46.25,0.75,0.0,0.75,4.0,4.0,2025-10-25 07:17:09,2025-08-04 18:31:37,30.75,1.0,2.0,1.0,5.0,81.0,E-Bike,43,2545
U1030,22,E-Bike,2115,1,4.0,135000.0,33750.0,27.25,0.5,0.0,0.25,4.0,3.0,2025-09-04 18:51:22,2025-08-03 09:59:50,32.0,2.0,1.0,1.0,56.0,32.0,E-Bike,22,2115
U1031,20,Metro/Bus,3914,0,3.0,121500.0,40500.0,27.0,0.3333333333333333,0.0,0.6666666666666666,3.0,2.0,2025-10-28 12:24:58,2025-08-29 17:55:25,29.666666666666668,3.0,0.0,0.0,2.0,59.0,Metro/Bus,20,3914
U1032,31,E-Bike,113,0,4.0,69000.0,17250.0,24.0,0.5,0.0,0.25,3.0,4.0,2025-10-27 18:20:40,2025-08-13 15:08:52,31.5,1.0,0.0,3.0,3.0,75.0,E-Bike,31,113
U1033,43,Metro/Bus,4989,0,6.0,274000.0,45666.666666666664,35.666666666666664,0.16666666666666666,0.16666666666666666,0.5,4.0,5.0,2025-10-10 08:17:52,2025-08-04 19:43:33,29.666666666666668,5.0,1.0,0.0,20.0,66.0,Metro/Bus,43,4989
U1034,47,Shuttle,4968,0,8.0,288500.0,36062.5,39.25,0.375,0.375,0.625,4.0,4.0,2025-10-28 18:19:33,2025-08-02 06:28:49,30.125,4.0,2.0,2.0,2.0,87.0,Shuttle,47,4968
U1035,27,Metro/Bus,877,0,4.0,130500.0,32625.0,33.0,0.0,0.0,0.25,3.0,3.0,2025-09-22 19:03:22,2025-08-28 11:56:09,32.0,2.0,1.0,1.0,38.0,25.0,Metro/Bus,27,877
U1036,23,Metro/Bus,1599,1,4.0,119500.0,29875.0,32.25,0.0,0.0,0.5,4.0,3.0,2025-10-02 18:28:43,2025-09-02 14:56:18,30.5,2.0,1.0,1.0,28.0,30.0,Metro/Bus,23,1599
U1037,48,E-Bike,3914,0,2.0,50500.0,25250.0,31.0,1.0,0.0,1.0,2.0,2.0,2025-10-05 18:04:55,2025-09-20 08:33:03,30.5,1.0,1.0,0.0,25.0,15.0,E-Bike,48,3914
U1038,46,Metro/Bus,798,0,3.0,94500.0,31500.0,35.333333333333336,0.0,0.3333333333333333,0.6666666666666666,3.0,3.0,2025-10-28 13:04:36,2025-08-26 18:46:25,32.666666666666664,2.0,0.0,1.0,2.0,62.0,Metro/Bus,46,798
U1039,33,Shuttle,475,0,3.0,76000.0,25333.333333333332,18.333333333333332,0.3333333333333333,0.0,0.6666666666666666,2.0,3.0,2025-10-04 14:22:12,2025-08-14 17:53:01,30.666666666666668,2.0,1.0,0.0,26.0,50.0,Shuttle,33,475
U1040,34,Shuttle,4574,0,7.0,204000.0,29142.85714285714,19.428571428571427,0.42857142857142855,0.2857142857142857,0.2857142857142857,5.0,5.0,2025-10-27 12:56:42,2025-08-24 20:05:29,31.428571428571427,7.0,0.0,0.0,3.0,63.0,Shuttle,34,4574
U1041,37,E-Bike,1906,0,6.0,252500.0,42083.333333333336,36.0,0.3333333333333333,0.16666666666666666,0.3333333333333333,5.0,3.0,2025-10-27 18:53:52,2025-08-21 09:37:07,30.666666666666668,4.0,2.0,0.0,3.0,67.0,E-Bike,37,1906
U1042,39,E-Bike,3549,0,6.0,199500.0,33250.0,22.166666666666668,0.16666666666666666,0.0,0.3333333333333333,5.0,4.0,2025-10-29 07:59:18,2025-08-14 08:12:35,29.0,6.0,0.0,0.0,1.0,75.0,E-Bike,39,3549
U1043,43,E-Bike,4202,0,4.0,103500.0,25875.0,24.0,0.0,0.25,0.25,3.0,4.0,2025-09-10 06:07:41,2025-08-13 09:46:49,29.25,3.0,0.0,1.0,50.0,27.0,E-Bike,43,4202
U1044,41,E-Bike,1964,0,5.0,147500.0,29500.0,32.2,0.6,0.4,0.6,3.0,5.0,2025-10-25 07:01:36,2025-08-09 09:39:35,33.0,3.0,0.0,2.0,5.0,76.0,E-Bike,41,1964
U1045,33,Shuttle,609,0,6.0,213000.0,35500.0,35.5,0.6666666666666666,0.3333333333333333,0.3333333333333333,6.0,4.0,2025-10-25 09:57:09,2025-08-23 08:41:22,32.0,3.0,1.0,2.0,5.0,63.0,Shuttle,33,609
U1046,31,Shuttle,4166,0,2.0,49000.0,24500.0,27.0,0.0,0.0,0.5,2.0,1.0,2025-08-26 21:26:42,2025-08-22 18:55:03,27.0,1.0,0.0,1.0,65.0,4.0,Shuttle,31,4166
U1047,30,Metro/Bus,1501,0,8.0,312500.0,39062.5,32.875,0.25,0.25,0.0,6.0,4.0,2025-10-19 09:37:17,2025-08-12 14:08:04,28.0,6.0,1.0,1.0,11.0,67.0,Metro/Bus,30,1501
U1048,33,E-Bike,2217,0,2.0,47000.0,23500.0,36.5,0.5,0.5,0.5,2.0,1.0,2025-08-18 08:19:40,2025-08-03 22:22:00,34.5,0.0,1.0,1.0,73.0,14.0,E-Bike,33,2217
U1049,20,Metro/Bus,3423,0,7.0,305500.0,43642.857142857145,32.42857142857143,0.2857142857142857,0.14285714285714285,0.5714285714285714,5.0,6.0,2025-10-29 18:47:20,2025-08-13 12:18:56,30.428571428571427,6.0,0.0,1.0,1.0,77.0,Metro/Bus,20,3423
U1050,55,E-Bike,1589,0,9.0,251500.0,27944.444444444445,27.88888888888889,0.2222222222222222,0.0,0.4444444444444444,8.0,6.0,2025-10-23 14:35:51,2025-08-03 18:06:35,29.666666666666668,6.0,1.0,2.0,7.0,80.0,E-Bike,55,1589
U1051,36,E-Bike,2725,0,4.0,119500.0,29875.0,25.0,0.0,0.25,0.25,2.0,2.0,2025-10-28 18:54:47,2025-08-05 21:26:31,32.5,3.0,0.0,1.0,2.0,83.0,E-Bike,36,2725
U1052,29,Shuttle,926,0,4.0,156500.0,39125.0,35.25,0.0,0.25,0.25,3.0,4.0,2025-10-20 06:56:05,2025-08-29 20:37:28,28.5,2.0,2.0,0.0,10.0,51.0,Shuttle,29,926
U1053,46,Metro/Bus,4260,0,7.0,170500.0,24357.14285714286,31.571428571428573,0.14285714285714285,0.0,0.14285714285714285,4.0,4.0,2025-10-27 06:33:45,2025-08-18 18:47:36,32.857142857142854,3.0,1.0,3.0,3.0,69.0,Metro/Bus,46,4260
U1054,46,Metro/Bus,1174,0,7.0,185500.0,26500.0,39.285714285714285,0.42857142857142855,0.0,0.8571428571428571,3.0,5.0,2025-10-26 07:57:53,2025-08-12 09:27:57,30.714285714285715,3.0,1.0,3.0,4.0,74.0,Metro/Bus,46,1174
U1055,35,E-Bike,776,1,3.0,92500.0,30833.333333333332,39.333333333333336,0.3333333333333333,0.0,0.3333333333333333,3.0,3.0,2025-10-28 20:37:06,2025-10-26 11:16:25,28.666666666666668,2.0,1.0,0.0,2.0,2.0,E-Bike,35,776
U1056,23,E-Bike,2103,0,3.0,73500.0,24500.0,16.333333333333332,0.3333333333333333,0.3333333333333333,0.6666666666666666,3.0,2.0,2025-09-30 08:52:17,2025-09-17 08:14:13,30.0,3.0,0.0,0.0,30.0,13.0,E-Bike,23,2103
U1057,36,E-Bike,3621,0,5.0,83500.0,16700.0,15.8,0.2,0.4,0.4,4.0,5.0,2025-10-29 11:58:28,2025-08-11 17:50:57,29.8,4.0,0.0,1.0,1.0,78.0,E-Bike,36,3621
U1058,36,Metro/Bus,2145,0,3.0,58500.0,19500.0,16.666666666666668,0.3333333333333333,0.0,0.3333333333333333,3.0,3.0,2025-10-14 08:16:49,2025-08-03 16:56:31,28.333333333333332,2.0,0.0,1.0,16.0,71.0,Metro/Bus,36,2145
U1059,24,E-Bike,4509,0,5.0,162000.0,32400.0,30.2,0.2,0.0,0.2,4.0,4.0,2025-09-25 09:03:42,2025-08-01 09:41:00,29.6,3.0,1.0,1.0,35.0,54.0,E-Bike,24,4509
U1060,39,E-Bike,1577,0,7.0,210500.0,30071.428571428572,24.142857142857142,0.42857142857142855,0.2857142857142857,0.5714285714285714,4.0,5.0,2025-10-19 17:19:25,2025-08-09 09:12:11,30.857142857142858,5.0,2.0,0.0,11.0,71.0,E-Bike,39,1577
U1061,52,Metro/Bus,2000,0,7.0,309000.0,44142.857142857145,48.42857142857143,0.42857142857142855,0.14285714285714285,0.5714285714285714,4.0,5.0,2025-10-23 09:52:13,2025-08-14 09:15:27,30.571428571428573,4.0,3.0,0.0,7.0,70.0,Metro/Bus,52,2000
U1062,30,Shuttle,276,0,4.0,231000.0,57750.0,38.5,0.0,0.25,0.5,3.0,3.0,2025-10-21 09:21:47,2025-08-14 17:53:55,29.5,4.0,0.0,0.0,9.0,67.0,Shuttle,30,276
U1063,23,E-Bike,347,0,4.0,157500.0,39375.0,44.5,0.25,0.75,0.25,3.0,2.0,2025-10-17 09:19:30,2025-08-05 17:39:26,28.0,1.0,3.0,0.0,13.0,72.0,E-Bike,23,347
U1064,51,Shuttle,1971,0,5.0,243000.0,48600.0,39.0,0.0,0.4,0.4,4.0,5.0,2025-10-27 11:41:13,2025-08-05 21:37:06,29.0,3.0,1.0,1.0,3.0,82.0,Shuttle,51,1971
U1065,26,Metro/Bus,1185,0,6.0,224500.0,37416.666666666664,42.833333333333336,0.5,0.16666666666666666,0.6666666666666666,5.0,5.0,2025-10-18 07:43:25,2025-08-05 08:21:12,30.5,3.0,2.0,1.0,12.0,73.0,Metro/Bus,26,1185
U1066,37,E-Bike,1281,0,7.0,202500.0,28928.571428571428,34.142857142857146,0.42857142857142855,0.2857142857142857,0.7142857142857143,4.0,5.0,2025-10-24 08:53:22,2025-08-11 19:07:17,30.142857142857142,3.0,1.0,3.0,6.0,73.0,E-Bike,37,1281
U1067,32,E-Bike,3223,0,6.0,183500.0,30583.333333333332,26.166666666666668,0.3333333333333333,0.5,0.5,5.0,5.0,2025-10-26 08:00:50,2025-08-28 17:25:11,30.0,4.0,0.0,2.0,4.0,58.0,E-Bike,32,3223
U1068,29,Metro/Bus,118,0,3.0,45500.0,15166.666666666666,26.666666666666668,0.3333333333333333,0.3333333333333333,0.6666666666666666,3.0,3.0,2025-10-17 07:35:04,2025-08-28 17:47:52,27.666666666666668,1.0,0.0,2.0,13.0,49.0,Metro/Bus,29,118
U1069,52,E-Bike,2712,0,2.0,28500.0,14250.0,17.0,0.0,0.0,0.5,2.0,2.0,2025-10-22 08:28:08,2025-08-13 19:24:14,27.0,1.0,0.0,1.0,8.0,69.0,E-Bike,52,2712
U1070,35,Metro/Bus,3692,1,2.0,58500.0,29250.0,19.5,0.0,0.0,1.0,2.0,2.0,2025-10-09 07:22:13,2025-09-09 17:28:44,31.5,2.0,0.0,0.0,21.0,29.0,Metro/Bus,35,3692
U1071,50,Metro/Bus,3539,0,2.0,82500.0,41250.0,27.5,0.0,0.0,0.0,2.0,2.0,2025-10-21 12:02:24,2025-10-10 10:38:19,32.0,2.0,0.0,0.0,9.0,11.0,Metro/Bus,50,3539
U1072,55,E-Bike,1780,0,6.0,243500.0,40583.333333333336,38.166666666666664,0.3333333333333333,0.16666666666666666,0.6666666666666666,4.0,5.0,2025-10-26 07:24:36,2025-08-01 13:23:12,30.666666666666668,3.0,2.0,1.0,4.0,85.0,E-Bike,55,1780
U1073,51,Metro/Bus,2844,0,6.0,280000.0,46666.666666666664,35.333333333333336,0.16666666666666666,0.16666666666666666,0.8333333333333334,4.0,6.0,2025-10-12 20:40:50,2025-08-20 17:05:10,29.166666666666668,4.0,1.0,1.0,18.0,53.0,Metro/Bus,51,2844
U1074,26,Shuttle,70,0,8.0,212500.0,26562.5,24.125,0.375,0.375,0.625,6.0,5.0,2025-10-22 07:23:37,2025-08-13 08:59:26,31.25,5.0,0.0,3.0,8.0,69.0,Shuttle,26,70
U1075,41,E-Bike,3436,0,2.0,67000.0,33500.0,36.0,0.0,0.5,1.0,1.0,1.0,2025-09-24 18:02:43,2025-09-23 08:16:49,28.5,1.0,0.0,1.0,36.0,1.0,E-Bike,41,3436
U1076,42,E-Bike,4501,1,4.0,126000.0,31500.0,22.25,0.75,0.75,0.5,3.0,4.0,2025-10-11 18:42:29,2025-08-10 09:54:14,32.25,3.0,0.0,1.0,19.0,62.0,E-Bike,42,4501
U1077,46,E-Bike,1567,0,5.0,133500.0,26700.0,22.8,0.0,0.2,0.6,3.0,4.0,2025-10-14 18:10:12,2025-08-05 10:34:47,29.8,4.0,0.0,1.0,16.0,70.0,E-Bike,46,1567
U1078,33,E-Bike,1519,0,6.0,186000.0,31000.0,48.5,0.5,0.0,0.6666666666666666,4.0,5.0,2025-10-30 08:36:01,2025-08-09 17:06:20,28.0,3.0,2.0,1.0,0.0,81.0,E-Bike,33,1519
U1079,54,E-Bike,3962,0,4.0,121500.0,30375.0,54.5,0.5,0.25,0.25,4.0,3.0,2025-09-11 18:22:37,2025-08-08 21:02:21,30.5,1.0,2.0,1.0,49.0,33.0,E-Bike,54,3962
U1080,29,Shuttle,2503,0,2.0,51000.0,25500.0,31.5,0.5,0.5,0.5,2.0,2.0,2025-09-21 11:34:47,2025-09-19 18:02:37,28.5,1.0,0.0,1.0,39.0,1.0,Shuttle,29,2503
U1081,43,Shuttle,4271,0,7.0,246000.0,35142.857142857145,28.857142857142858,0.0,0.2857142857142857,0.5714285714285714,5.0,5.0,2025-10-29 07:29:03,2025-08-01 18:56:03,32.57142857142857,5.0,1.0,1.0,1.0,88.0,Shuttle,43,4271
U1082,52,Metro/Bus,889,0,4.0,150000.0,37500.0,35.75,0.25,0.0,0.5,3.0,3.0,2025-09-14 18:37:34,2025-08-08 11:24:03,30.75,3.0,0.0,1.0,46.0,37.0,Metro/Bus,52,889
U1083,29,Metro/Bus,2475,0,4.0,142500.0,35625.0,23.75,0.25,0.25,0.0,4.0,4.0,2025-10-15 12:17:55,2025-08-23 09:41:11,30.25,4.0,0.0,0.0,15.0,53.0,Metro/Bus,29,2475
U1084,48,Shuttle,3761,0,5.0,168000.0,33600.0,22.4,0.2,0.4,0.6,4.0,3.0,2025-10-23 09:23:26,2025-08-01 09:27:22,28.8,5.0,0.0,0.0,7.0,82.0,Shuttle,48,3761
U1085,54,Metro/Bus,1842,1,8.0,347500.0,43437.5,35.75,0.25,0.375,0.25,6.0,4.0,2025-10-22 19:31:23,2025-08-23 08:06:02,32.5,7.0,1.0,0.0,8.0,60.0,Metro/Bus,54,1842
U1086,26,E-Bike,1228,0,5.0,133000.0,26600.0,19.8,0.2,0.0,0.0,4.0,4.0,2025-10-20 15:34:52,2025-08-23 11:03:42,28.4,4.0,0.0,1.0,10.0,58.0,E-Bike,26,1228
U1087,50,Metro/Bus,2304,1,6.0,224000.0,37333.333333333336,38.833333333333336,0.5,0.16666666666666666,0.8333333333333334,5.0,4.0,2025-09-28 15:48:07,2025-08-03 18:03:02,29.166666666666668,4.0,2.0,0.0,32.0,55.0,Metro/Bus,50,2304
U1088,30,Shuttle,576,0,5.0,122500.0,24500.0,21.4,0.2,0.4,0.4,4.0,5.0,2025-10-26 15:33:41,2025-08-04 13:57:09,30.8,3.0,0.0,2.0,4.0,83.0,Shuttle,30,576
U1089,51,E-Bike,497,0,5.0,164000.0,32800.0,38.0,0.6,0.4,0.4,4.0,4.0,2025-09-30 08:12:32,2025-08-30 10:31:43,31.6,3.0,0.0,2.0,30.0,30.0,E-Bike,51,497
U1090,40,Shuttle,2925,0,5.0,181000.0,36200.0,34.2,0.0,0.4,0.6,3.0,3.0,2025-10-23 07:59:41,2025-08-01 17:47:53,30.6,4.0,0.0,1.0,7.0,82.0,Shuttle,40,2925
U1091,39,Shuttle,4701,1,1.0,40000.0,40000.0,90.0,0.0,0.0,1.0,1.0,1.0,2025-10-20 18:04:40,2025-10-20 18:04:40,34.0,0.0,1.0,0.0,10.0,0.0,Shuttle,39,4701
U1092,29,E-Bike,1668,1,5.0,138500.0,27700.0,21.4,0.2,0.0,1.0,5.0,3.0,2025-10-28 18:52:03,2025-09-19 07:19:07,31.8,4.0,0.0,1.0,2.0,39.0,E-Bike,29,1668
U1093,42,E-Bike,4602,0,4.0,76500.0,19125.0,36.5,0.25,0.5,0.5,3.0,4.0,2025-09-29 09:02:39,2025-08-09 15:36:32,32.75,2.0,0.0,2.0,31.0,50.0,E-Bike,42,4602
U1094,51,E-Bike,154,0,4.0,153500.0,38375.0,41.25,0.25,0.5,0.5,4.0,4.0,2025-10-18 17:00:50,2025-08-11 09:30:10,31.0,2.0,2.0,0.0,12.0,68.0,E-Bike,51,154
U1095,43,E-Bike,342,1,2.0,80000.0,40000.0,61.0,0.5,0.0,0.0,2.0,2.0,2025-09-21 09:06:00,2025-09-16 09:43:11,28.5,0.0,2.0,0.0,39.0,4.0,E-Bike,43,342
U1096,53,Metro/Bus,3321,0,5.0,105000.0,21000.0,42.8,0.0,0.2,0.2,3.0,3.0,2025-10-29 18:00:41,2025-08-12 19:07:04,30.4,1.0,0.0,4.0,1.0,77.0,Metro/Bus,53,3321
U1097,19,E-Bike,3035,0,8.0,271000.0,33875.0,23.875,0.25,0.125,0.625,3.0,5.0,2025-10-14 14:07:20,2025-08-27 07:01:39,29.625,7.0,1.0,0.0,16.0,48.0,E-Bike,19,3035
U1098,45,E-Bike,4487,0,4.0,129500.0,32375.0,25.25,0.75,0.0,0.0,1.0,3.0,2025-10-26 22:00:18,2025-09-14 09:29:42,31.25,2.0,0.0,2.0,4.0,42.0,E-Bike,45,4487
U1099,43,E-Bike,4868,0,4.0,183000.0,45750.0,30.5,0.5,0.25,0.75,4.0,4.0,2025-10-19 07:52:03,2025-08-02 17:36:15,29.5,4.0,0.0,0.0,11.0,77.0,E-Bike,43,4868
U1100,53,Metro/Bus,2946,0,3.0,113500.0,37833.333333333336,46.333333333333336,0.0,0.0,0.0,2.0,2.0,2025-09-30 19:23:47,2025-09-08 19:18:10,30.333333333333332,1.0,1.0,1.0,30.0,22.0,Metro/Bus,53,2946
U1101,53,Shuttle,4673,0,6.0,251500.0,41916.666666666664,36.833333333333336,0.3333333333333333,0.3333333333333333,0.3333333333333333,5.0,5.0,2025-09-05 08:21:30,2025-08-05 17:37:52,32.333333333333336,3.0,2.0,1.0,55.0,30.0,Shuttle,53,4673
U1102,29,Metro/Bus,2197,0,6.0,191500.0,31916.666666666668,39.0,0.16666666666666666,0.5,0.3333333333333333,4.0,5.0,2025-10-28 10:10:24,2025-08-18 08:07:01,29.166666666666668,3.0,0.0,3.0,2.0,71.0,Metro/Bus,29,2197
U1103,18,E-Bike,2389,0,6.0,159500.0,26583.333333333332,22.166666666666668,0.16666666666666666,0.16666666666666666,0.16666666666666666,4.0,5.0,2025-10-01 09:20:55,2025-08-14 19:19:59,27.833333333333332,4.0,0.0,2.0,29.0,47.0,E-Bike,18,2389
U1104,23,E-Bike,2261,0,2.0,50000.0,25000.0,29.0,0.0,0.5,0.5,2.0,2.0,2025-09-12 11:36:16,2025-09-11 08:05:45,30.5,1.0,0.0,1.0,48.0,1.0,E-Bike,23,2261
U1105,34,Shuttle,3623,0,3.0,86500.0,28833.333333333332,23.333333333333332,0.6666666666666666,0.3333333333333333,0.6666666666666666,3.0,2.0,2025-09-06 08:52:55,2025-08-06 18:55:14,28.333333333333332,2.0,1.0,0.0,54.0,30.0,Shuttle,34,3623
U1106,32,Metro/Bus,150,1,5.0,178500.0,35700.0,25.8,0.2,0.2,0.2,5.0,3.0,2025-10-14 10:02:14,2025-08-01 16:01:20,28.4,4.0,0.0,1.0,16.0,73.0,Metro/Bus,32,150
U1107,40,E-Bike,3252,0,6.0,188000.0,31333.333333333332,34.5,0.5,0.3333333333333333,0.3333333333333333,4.0,5.0,2025-10-26 13:39:39,2025-08-29 15:38:46,30.333333333333332,4.0,1.0,1.0,4.0,57.0,E-Bike,40,3252
U1108,40,E-Bike,1904,0,8.0,343500.0,42937.5,36.5,0.25,0.25,0.5,6.0,5.0,2025-10-21 11:10:44,2025-08-09 11:05:00,30.0,6.0,0.0,2.0,9.0,73.0,E-Bike,40,1904
U1109,21,E-Bike,4204,0,3.0,119500.0,39833.333333333336,38.666666666666664,0.3333333333333333,0.0,0.3333333333333333,3.0,2.0,2025-09-12 07:28:19,2025-08-04 06:46:24,30.666666666666668,2.0,1.0,0.0,48.0,39.0,E-Bike,21,4204
U1110,42,Shuttle,1068,1,8.0,201500.0,25187.5,31.125,0.0,0.125,0.625,5.0,4.0,2025-10-29 13:32:44,2025-08-05 18:01:30,30.125,4.0,0.0,4.0,1.0,84.0,Shuttle,42,1068
U1111,37,E-Bike,4278,1,3.0,87500.0,29166.666666666668,26.333333333333332,0.3333333333333333,0.0,1.0,3.0,2.0,2025-10-30 17:24:19,2025-08-03 08:41:48,29.0,2.0,0.0,1.0,0.0,88.0,E-Bike,37,4278
U1112,25,E-Bike,3790,0,4.0,118000.0,29500.0,41.25,0.0,0.0,0.5,3.0,4.0,2025-10-29 08:44:22,2025-10-02 18:05:17,29.5,2.0,1.0,1.0,1.0,26.0,E-Bike,25,3790
U1113,21,E-Bike,1132,0,4.0,134000.0,33500.0,44.25,0.5,0.5,0.0,3.0,4.0,2025-10-18 19:26:22,2025-08-11 09:56:32,33.25,2.0,1.0,1.0,12.0,68.0,E-Bike,21,1132
U1114,34,Shuttle,1690,0,4.0,58500.0,14625.0,25.75,0.0,0.0,0.5,3.0,3.0,2025-10-27 20:41:08,2025-09-08 16:57:37,33.25,2.0,0.0,2.0,3.0,49.0,Shuttle,34,1690
U1115,51,Metro/Bus,1818,0,6.0,245000.0,40833.333333333336,46.833333333333336,0.16666666666666666,0.16666666666666666,0.5,4.0,4.0,2025-10-29 09:08:48,2025-08-18 07:51:20,30.666666666666668,3.0,2.0,1.0,1.0,72.0,Metro/Bus,51,1818
U1116,29,Metro/Bus,2622,0,3.0,107500.0,35833.333333333336,29.333333333333332,0.0,0.3333333333333333,0.6666666666666666,3.0,3.0,2025-10-22 07:58:18,2025-08-12 07:27:13,31.0,1.0,1.0,1.0,8.0,71.0,Metro/Bus,29,2622
U1117,48,E-Bike,3723,1,6.0,222500.0,37083.333333333336,27.0,0.3333333333333333,0.0,0.6666666666666666,4.0,5.0,2025-10-19 17:18:19,2025-08-10 17:10:30,30.333333333333332,5.0,0.0,1.0,11.0,70.0,E-Bike,48,3723
U1118,20,Shuttle,3369,0,3.0,86000.0,28666.666666666668,40.0,0.0,0.3333333333333333,0.6666666666666666,3.0,2.0,2025-10-13 19:30:38,2025-09-08 18:08:19,33.0,1.0,1.0,1.0,17.0,35.0,Shuttle,20,3369
U1119,36,Metro/Bus,3292,1,2.0,94000.0,47000.0,57.0,0.5,0.0,0.5,2.0,2.0,2025-10-25 17:29:31,2025-08-06 19:01:57,28.5,1.0,1.0,0.0,5.0,79.0,Metro/Bus,36,3292
U1120,40,Metro/Bus,1710,0,2.0,105000.0,52500.0,35.0,1.0,0.0,0.5,2.0,2.0,2025-09-06 09:00:44,2025-08-17 07:21:51,29.0,2.0,0.0,0.0,54.0,20.0,Metro/Bus,40,1710
U1121,18,Metro/Bus,4290,0,7.0,278500.0,39785.71428571428,30.142857142857142,0.2857142857142857,0.14285714285714285,0.2857142857142857,4.0,5.0,2025-10-26 18:15:17,2025-08-04 11:21:10,30.571428571428573,5.0,0.0,2.0,4.0,83.0,Metro/Bus,18,4290
U1122,50,E-Bike,63,1,11.0,439500.0,39954.545454545456,33.54545454545455,0.5454545454545454,0.18181818181818182,0.6363636363636364,6.0,8.0,2025-10-27 14:50:19,2025-08-16 07:49:11,30.90909090909091,6.0,4.0,1.0,3.0,72.0,E-Bike,50,63
U1123,54,Metro/Bus,734,0,3.0,100000.0,33333.333333333336,32.0,0.3333333333333333,0.3333333333333333,0.0,3.0,2.0,2025-10-05 12:57:21,2025-08-18 22:50:02,28.333333333333332,2.0,0.0,1.0,25.0,47.0,Metro/Bus,54,734
U1124,45,E-Bike,2444,0,2.0,55000.0,27500.0,22.5,0.5,0.0,0.5,1.0,2.0,2025-09-14 08:10:20,2025-09-09 19:53:44,31.5,1.0,1.0,0.0,46.0,4.0,E-Bike,45,2444
U1125,54,Shuttle,1131,0,3.0,84000.0,28000.0,18.666666666666668,0.6666666666666666,0.0,0.3333333333333333,2.0,2.0,2025-10-21 18:03:29,2025-08-16 19:49:04,30.333333333333332,3.0,0.0,0.0,9.0,65.0,Shuttle,54,1131
U1126,32,Metro/Bus,923,0,5.0,182500.0,36500.0,31.6,0.2,0.2,0.8,5.0,3.0,2025-10-08 07:12:57,2025-08-08 08:17:09,31.2,4.0,1.0,0.0,22.0,60.0,Metro/Bus,32,923
U1127,19,Metro/Bus,3263,1,4.0,150500.0,37625.0,27.5,0.5,0.5,0.0,3.0,3.0,2025-10-21 09:15:17,2025-08-10 09:04:16,29.0,3.0,0.0,1.0,9.0,72.0,Metro/Bus,19,3263
U1128,20,E-Bike,1283,0,2.0,50500.0,25250.0,27.0,1.0,0.0,0.0,2.0,2.0,2025-10-11 16:34:03,2025-09-28 19:21:38,27.5,1.0,1.0,0.0,19.0,12.0,E-Bike,20,1283
U1129,40,E-Bike,427,0,8.0,151000.0,18875.0,21.625,0.5,0.0,0.625,4.0,7.0,2025-10-11 07:52:07,2025-08-25 09:18:00,30.375,5.0,0.0,3.0,19.0,46.0,E-Bike,40,427
U1130,27,Metro/Bus,2816,0,4.0,110000.0,27500.0,36.0,0.5,0.0,0.25,2.0,3.0,2025-10-22 18:56:18,2025-08-03 21:56:52,27.75,2.0,2.0,0.0,8.0,79.0,Metro/Bus,27,2816
U1131,18,Shuttle,2490,1,4.0,98000.0,24500.0,27.75,0.25,0.0,0.25,4.0,4.0,2025-10-28 21:46:43,2025-09-28 21:45:15,33.75,1.0,0.0,3.0,2.0,30.0,Shuttle,18,2490
U1132,19,E-Bike,1184,1,4.0,159000.0,39750.0,26.5,0.25,0.0,0.5,4.0,3.0,2025-09-17 17:06:44,2025-08-02 13:55:03,30.25,4.0,0.0,0.0,43.0,46.0,E-Bike,19,1184
U1133,21,Metro/Bus,2062,1,6.0,147500.0,24583.333333333332,27.166666666666668,0.5,0.0,0.3333333333333333,3.0,2.0,2025-10-12 15:33:21,2025-08-02 17:57:39,29.5,3.0,0.0,3.0,18.0,70.0,Metro/Bus,21,2062
U1134,39,Metro/Bus,4198,1,9.0,305000.0,33888.88888888889,39.666666666666664,0.2222222222222222,0.3333333333333333,0.3333333333333333,8.0,5.0,2025-10-12 08:46:05,2025-08-04 18:43:29,30.88888888888889,5.0,3.0,1.0,18.0,68.0,Metro/Bus,39,4198
U1135,34,Shuttle,308,0,1.0,64500.0,64500.0,43.0,0.0,1.0,1.0,1.0,1.0,2025-10-30 17:38:45,2025-10-30 17:38:45,31.0,1.0,0.0,0.0,0.0,0.0,Shuttle,34,308
U1136,43,E-Bike,746,0,3.0,125500.0,41833.333333333336,38.333333333333336,0.3333333333333333,0.3333333333333333,0.3333333333333333,2.0,3.0,2025-10-27 08:37:33,2025-10-12 09:22:54,30.333333333333332,2.0,1.0,0.0,3.0,14.0,E-Bike,43,746
U1137,55,E-Bike,1266,0,5.0,111500.0,22300.0,29.4,0.0,0.0,0.4,3.0,4.0,2025-10-21 09:08:24,2025-08-01 09:38:18,32.2,3.0,0.0,2.0,9.0,80.0,E-Bike,55,1266
U1138,49,Shuttle,3090,0,4.0,112000.0,28000.0,24.5,0.75,0.25,0.5,3.0,3.0,2025-10-19 19:00:00,2025-08-12 19:41:09,28.25,3.0,0.0,1.0,11.0,67.0,Shuttle,49,3090
U1139,49,E-Bike,644,0,4.0,181500.0,45375.0,30.25,0.25,0.25,0.25,4.0,3.0,2025-09-25 14:00:52,2025-08-05 19:33:26,28.5,4.0,0.0,0.0,35.0,50.0,E-Bike,49,644
U1140,50,E-Bike,1624,0,4.0,59500.0,14875.0,15.75,0.75,0.0,0.5,2.0,4.0,2025-10-25 13:05:11,2025-08-02 08:51:49,29.5,2.0,0.0,2.0,5.0,84.0,E-Bike,50,1624
U1141,39,E-Bike,2999,0,6.0,189000.0,31500.0,29.333333333333332,0.5,0.0,0.6666666666666666,5.0,6.0,2025-10-16 18:43:31,2025-08-23 08:47:29,30.333333333333332,4.0,0.0,2.0,14.0,54.0,E-Bike,39,2999
U1142,44,Shuttle,1200,0,8.0,240500.0,30062.5,26.75,0.25,0.25,0.0,7.0,4.0,2025-10-05 13:20:40,2025-08-04 16:30:39,30.125,6.0,1.0,1.0,25.0,61.0,Shuttle,44,1200
U1143,18,Shuttle,4262,0,5.0,184000.0,36800.0,47.0,0.6,0.4,0.4,4.0,4.0,2025-10-13 12:39:37,2025-08-15 22:55:48,32.0,2.0,2.0,1.0,17.0,58.0,Shuttle,18,4262
U1144,46,Shuttle,2113,0,4.0,145500.0,36375.0,35.5,0.5,0.25,0.5,2.0,4.0,2025-08-26 08:47:12,2025-08-12 17:48:10,29.75,2.0,1.0,1.0,65.0,13.0,Shuttle,46,2113
U1145,40,E-Bike,1497,0,7.0,262500.0,37500.0,40.42857142857143,0.42857142857142855,0.14285714285714285,0.5714285714285714,5.0,5.0,2025-10-12 09:16:01,2025-08-10 18:10:34,30.571428571428573,4.0,3.0,0.0,18.0,62.0,E-Bike,40,1497
U1146,50,Shuttle,540,0,4.0,102000.0,25500.0,43.75,0.25,0.0,0.75,3.0,3.0,2025-09-21 07:18:23,2025-08-14 08:46:56,31.5,1.0,1.0,2.0,39.0,37.0,Shuttle,50,540
U1147,45,Metro/Bus,2272,0,4.0,204000.0,51000.0,34.0,0.25,0.25,0.25,4.0,3.0,2025-10-28 09:51:51,2025-08-21 16:32:37,32.75,4.0,0.0,0.0,2.0,67.0,Metro/Bus,45,2272
U1148,20,E-Bike,1032,0,6.0,229500.0,38250.0,25.5,0.0,0.0,0.6666666666666666,3.0,4.0,2025-10-24 19:17:13,2025-08-07 10:16:32,30.333333333333332,6.0,0.0,0.0,6.0,78.0,E-Bike,20,1032
U1149,48,E-Bike,2160,0,2.0,90000.0,45000.0,30.0,0.5,0.0,0.5,2.0,2.0,2025-10-28 19:20:09,2025-09-14 17:00:57,30.5,2.0,0.0,0.0,2.0,44.0,E-Bike,48,2160
U1150,45,Metro/Bus,2811,0,2.0,43500.0,21750.0,14.5,1.0,0.5,0.0,2.0,2.0,2025-10-25 19:49:53,2025-10-11 19:37:59,31.5,2.0,0.0,0.0,5.0,14.0,Metro/Bus,45,2811
U1151,30,Metro/Bus,2788,1,6.0,208000.0,34666.666666666664,28.0,0.16666666666666666,0.16666666666666666,0.5,5.0,5.0,2025-09-30 08:14:49,2025-08-01 13:23:30,30.166666666666668,5.0,1.0,0.0,30.0,59.0,Metro/Bus,30,2788
U1152,19,E-Bike,537,0,0.0,0.0,0.0,0.0,0.0,0.0,0.0,0.0,0.0,,,0.0,0.0,0.0,0.0,0.0,0.0,E-Bike,19,537
U1153,22,Metro/Bus,300,0,2.0,69000.0,34500.0,33.0,0.0,0.0,0.0,2.0,2.0,2025-10-24 19:24:50,2025-08-05 19:26:34,32.5,1.0,0.0,1.0,6.0,79.0,Metro/Bus,22,300
U1154,29,E-Bike,1376,1,4.0,129000.0,32250.0,63.0,0.25,0.5,0.75,3.0,2.0,2025-10-23 18:29:02,2025-08-14 19:00:36,28.5,1.0,3.0,0.0,7.0,69.0,E-Bike,29,1376
U1155,26,E-Bike,4624,0,2.0,78000.0,39000.0,26.0,0.5,0.5,1.0,2.0,2.0,2025-10-22 08:43:16,2025-08-30 18:35:48,29.5,2.0,0.0,0.0,8.0,52.0,E-Bike,26,4624
U1156,51,Shuttle,2251,0,3.0,64500.0,21500.0,29.0,0.3333333333333333,0.0,0.6666666666666666,3.0,3.0,2025-09-29 17:32:24,2025-08-18 18:48:25,31.0,1.0,0.0,2.0,31.0,41.0,Shuttle,51,2251
U1157,25,Shuttle,4113,0,5.0,111500.0,22300.0,32.2,0.6,0.0,0.6,5.0,4.0,2025-10-26 19:45:41,2025-08-16 08:35:09,29.2,3.0,1.0,1.0,4.0,71.0,Shuttle,25,4113
U1158,20,E-Bike,3490,0,2.0,72000.0,36000.0,24.0,0.0,0.0,0.5,2.0,2.0,2025-10-21 08:11:58,2025-10-20 09:50:47,34.5,2.0,0.0,0.0,9.0,0.0,E-Bike,20,3490
U1159,32,E-Bike,3643,0,4.0,189500.0,47375.0,47.5,0.5,0.0,0.75,2.0,3.0,2025-10-21 17:39:52,2025-08-15 17:35:08,30.5,2.0,2.0,0.0,9.0,67.0,E-Bike,32,3643
U1160,26,E-Bike,2889,0,8.0,302500.0,37812.5,38.625,0.125,0.125,0.25,5.0,5.0,2025-10-09 08:20:59,2025-08-06 19:03:30,28.5,4.0,0.0,4.0,21.0,63.0,E-Bike,26,2889
U1161,37,Shuttle,4303,0,0.0,0.0,0.0,0.0,0.0,0.0,0.0,0.0,0.0,,,0.0,0.0,0.0,0.0,0.0,0.0,Shuttle,37,4303
U1162,38,Metro/Bus,3890,1,3.0,110500.0,36833.333333333336,42.333333333333336,1.0,0.0,0.0,3.0,3.0,2025-10-26 19:47:12,2025-09-13 15:58:32,31.0,2.0,1.0,0.0,4.0,43.0,Metro/Bus,38,3890
U1163,41,E-Bike,1004,0,3.0,94500.0,31500.0,21.0,0.3333333333333333,0.3333333333333333,0.3333333333333333,2.0,3.0,2025-10-30 21:03:37,2025-08-02 17:57:51,32.666666666666664,3.0,0.0,0.0,0.0,89.0,E-Bike,41,1004
U1164,21,Metro/Bus,2895,0,4.0,179000.0,44750.0,30.75,0.0,0.25,0.5,4.0,4.0,2025-10-02 08:25:35,2025-08-07 09:36:57,28.0,3.0,0.0,1.0,28.0,55.0,Metro/Bus,21,2895
U1165,55,E-Bike,595,0,6.0,184000.0,30666.666666666668,41.333333333333336,0.3333333333333333,0.5,0.3333333333333333,5.0,3.0,2025-10-25 17:14:48,2025-08-30 13:51:45,29.833333333333332,2.0,2.0,2.0,5.0,56.0,E-Bike,55,595
U1166,40,E-Bike,4150,0,4.0,165500.0,41375.0,51.25,0.5,0.0,0.75,3.0,3.0,2025-10-05 08:09:48,2025-08-28 18:41:07,32.0,2.0,2.0,0.0,25.0,37.0,E-Bike,40,4150
U1167,42,E-Bike,2999,1,6.0,210000.0,35000.0,26.666666666666668,0.0,0.0,0.3333333333333333,6.0,3.0,2025-10-07 22:56:27,2025-08-07 08:01:22,29.666666666666668,5.0,0.0,1.0,23.0,61.0,E-Bike,42,2999
U1168,26,E-Bike,775,0,6.0,152500.0,25416.666666666668,30.166666666666668,0.3333333333333333,0.16666666666666666,0.3333333333333333,5.0,5.0,2025-10-29 21:22:49,2025-08-03 08:26:06,30.333333333333332,3.0,2.0,1.0,1.0,87.0,E-Bike,26,775
U1169,33,Metro/Bus,4250,0,7.0,200500.0,28642.85714285714,32.285714285714285,0.2857142857142857,0.14285714285714285,0.7142857142857143,5.0,5.0,2025-10-15 14:46:56,2025-08-14 07:49:28,31.0,3.0,1.0,3.0,15.0,62.0,Metro/Bus,33,4250
U1170,31,Shuttle,2776,1,8.0,298000.0,37250.0,37.625,0.125,0.25,0.625,6.0,6.0,2025-10-06 07:56:24,2025-08-15 07:07:01,30.25,4.0,2.0,2.0,24.0,52.0,Shuttle,31,2776
U1171,46,Shuttle,1961,0,6.0,200500.0,33416.666666666664,38.333333333333336,0.3333333333333333,0.3333333333333333,0.6666666666666666,5.0,3.0,2025-10-09 13:11:42,2025-08-15 10:40:59,31.166666666666668,4.0,1.0,1.0,21.0,55.0,Shuttle,46,1961
U1172,23,Metro/Bus,897,0,7.0,169500.0,24214.285714285714,31.714285714285715,0.14285714285714285,0.0,0.5714285714285714,5.0,4.0,2025-10-15 18:05:15,2025-08-02 11:00:02,32.0,4.0,0.0,3.0,15.0,74.0,Metro/Bus,23,897
U1173,51,E-Bike,1432,0,5.0,149000.0,29800.0,36.2,0.4,0.0,0.2,3.0,3.0,2025-10-17 14:17:13,2025-08-23 18:50:04,29.8,2.0,1.0,2.0,13.0,54.0,E-Bike,51,1432
U1174,30,E-Bike,1015,0,5.0,145000.0,29000.0,22.2,0.0,0.4,0.2,4.0,3.0,2025-10-02 12:13:54,2025-08-04 06:22:37,30.8,4.0,0.0,1.0,28.0,59.0,E-Bike,30,1015
U1175,23,E-Bike,1144,0,3.0,62500.0,20833.333333333332,21.666666666666668,0.6666666666666666,0.3333333333333333,0.6666666666666666,2.0,3.0,2025-09-27 17:30:01,2025-09-20 06:34:10,32.666666666666664,2.0,0.0,1.0,33.0,7.0,E-Bike,23,1144
U1176,40,Metro/Bus,2107,0,4.0,144500.0,36125.0,38.0,0.25,0.25,0.5,3.0,4.0,2025-09-21 10:59:17,2025-08-18 15:18:08,29.25,1.0,1.0,2.0,39.0,33.0,Metro/Bus,40,2107
U1177,24,E-Bike,3888,0,1.0,40000.0,40000.0,72.0,1.0,0.0,0.0,1.0,1.0,2025-08-30 11:03:39,2025-08-30 11:03:39,30.0,0.0,1.0,0.0,61.0,0.0,E-Bike,24,3888
U1178,31,Metro/Bus,4822,0,6.0,171500.0,28583.333333333332,38.166666666666664,0.3333333333333333,0.5,0.16666666666666666,4.0,4.0,2025-10-22 19:19:16,2025-08-28 18:42:13,30.666666666666668,3.0,1.0,2.0,8.0,55.0,Metro/Bus,31,4822
U1179,52,Shuttle,2223,0,5.0,161500.0,32300.0,41.0,0.2,0.0,0.0,5.0,4.0,2025-10-16 15:49:15,2025-08-06 09:07:03,31.6,1.0,3.0,1.0,14.0,71.0,Shuttle,52,2223
U1180,33,Metro/Bus,367,1,3.0,111000.0,37000.0,24.666666666666668,0.3333333333333333,0.3333333333333333,1.0,3.0,3.0,2025-10-08 18:22:39,2025-08-03 17:19:47,28.333333333333332,3.0,0.0,0.0,22.0,66.0,Metro/Bus,33,367
U1181,47,E-Bike,1367,0,5.0,199000.0,39800.0,35.2,0.2,0.6,0.4,2.0,4.0,2025-10-11 12:28:58,2025-08-18 08:20:41,27.4,4.0,1.0,0.0,19.0,54.0,E-Bike,47,1367
U1182,21,Metro/Bus,1334,0,4.0,57500.0,14375.0,30.75,0.5,0.5,0.5,4.0,4.0,2025-09-15 07:38:36,2025-08-10 12:04:26,34.0,1.0,0.0,3.0,45.0,35.0,Metro/Bus,21,1334
U1183,52,E-Bike,2702,1,5.0,165000.0,33000.0,34.4,0.4,0.4,0.4,4.0,4.0,2025-10-13 10:15:44,2025-08-09 21:29:06,31.4,3.0,1.0,1.0,17.0,64.0,E-Bike,52,2702
U1184,28,Metro/Bus,3202,0,6.0,183500.0,30583.333333333332,39.0,0.5,0.8333333333333334,0.5,3.0,3.0,2025-10-23 10:04:09,2025-08-24 16:46:00,31.5,2.0,2.0,2.0,7.0,59.0,Metro/Bus,28,3202
U1185,43,E-Bike,2779,0,7.0,228000.0,32571.428571428572,41.285714285714285,0.14285714285714285,0.42857142857142855,0.42857142857142855,5.0,5.0,2025-09-21 17:36:28,2025-08-07 16:30:27,30.285714285714285,2.0,1.0,4.0,39.0,45.0,E-Bike,43,2779
U1186,53,Shuttle,2844,0,5.0,69000.0,13800.0,27.0,0.2,0.4,0.2,4.0,3.0,2025-10-06 19:26:37,2025-08-14 15:13:53,30.4,1.0,0.0,4.0,24.0,53.0,Shuttle,53,2844
U1187,39,Metro/Bus,4211,0,3.0,87500.0,29166.666666666668,39.0,0.3333333333333333,0.3333333333333333,0.3333333333333333,3.0,2.0,2025-10-12 12:09:40,2025-08-15 15:23:08,28.666666666666668,1.0,1.0,1.0,18.0,57.0,Metro/Bus,39,4211
U1188,41,E-Bike,4180,0,6.0,180500.0,30083.333333333332,40.666666666666664,0.3333333333333333,0.16666666666666666,0.5,5.0,4.0,2025-10-27 09:45:12,2025-08-26 08:07:51,29.166666666666668,3.0,1.0,2.0,3.0,62.0,E-Bike,41,4180
U1189,53,Metro/Bus,1064,1,3.0,121000.0,40333.333333333336,29.666666666666668,0.3333333333333333,0.6666666666666666,0.3333333333333333,2.0,3.0,2025-09-14 06:13:34,2025-08-26 07:45:06,30.0,2.0,1.0,0.0,46.0,18.0,Metro/Bus,53,1064
U1190,37,E-Bike,3798,0,6.0,163500.0,27250.0,23.0,0.3333333333333333,0.0,0.3333333333333333,3.0,5.0,2025-09-26 15:47:49,2025-08-03 18:01:52,31.333333333333332,4.0,1.0,1.0,34.0,53.0,E-Bike,37,3798
U1191,48,Shuttle,1240,0,2.0,47500.0,23750.0,32.0,0.0,0.0,0.5,1.0,2.0,2025-09-09 08:51:28,2025-08-29 15:04:01,30.5,1.0,0.0,1.0,51.0,10.0,Shuttle,48,1240
U1192,54,E-Bike,1275,0,1.0,40000.0,40000.0,81.0,0.0,0.0,1.0,1.0,1.0,2025-09-16 18:52:04,2025-09-16 18:52:04,34.0,0.0,1.0,0.0,44.0,0.0,E-Bike,54,1275
U1193,45,E-Bike,181,0,3.0,168000.0,56000.0,37.333333333333336,0.3333333333333333,0.3333333333333333,0.6666666666666666,3.0,2.0,2025-10-24 18:11:15,2025-08-16 10:51:16,30.666666666666668,3.0,0.0,0.0,6.0,69.0,E-Bike,45,181
U1194,43,Metro/Bus,2251,0,5.0,105000.0,21000.0,38.2,0.4,0.4,0.0,5.0,3.0,2025-10-02 09:37:34,2025-08-09 15:10:24,32.8,1.0,0.0,4.0,28.0,53.0,Metro/Bus,43,2251
U1195,45,Shuttle,861,1,4.0,170000.0,42500.0,44.75,0.5,0.0,0.75,4.0,4.0,2025-08-30 08:46:02,2025-08-18 19:37:43,29.0,2.0,2.0,0.0,61.0,11.0,Shuttle,45,861
U1196,53,E-Bike,113,0,12.0,353000.0,29416.666666666668,31.75,0.25,0.0,0.5833333333333334,5.0,7.0,2025-10-30 18:05:55,2025-08-05 08:06:28,30.583333333333332,9.0,1.0,2.0,0.0,86.0,E-Bike,53,113
U1197,21,E-Bike,3930,0,4.0,65000.0,16250.0,27.75,0.5,0.0,0.75,2.0,3.0,2025-09-20 07:08:30,2025-08-26 08:25:23,31.25,1.0,0.0,3.0,40.0,24.0,E-Bike,21,3930
U1198,31,E-Bike,2059,0,5.0,142500.0,28500.0,46.8,0.4,0.4,0.6,4.0,4.0,2025-10-04 07:30:13,2025-08-04 16:37:10,31.4,2.0,2.0,1.0,26.0,60.0,E-Bike,31,2059
U1199,54,Shuttle,2902,0,1.0,37500.0,37500.0,25.0,0.0,0.0,0.0,1.0,1.0,2025-09-01 09:17:15,2025-09-01 09:17:15,29.0,1.0,0.0,0.0,59.0,0.0,Shuttle,54,2902
U1200,53,Shuttle,3083,0,1.0,15000.0,15000.0,16.0,0.0,0.0,0.0,1.0,1.0,2025-10-27 09:00:14,2025-10-27 09:00:14,32.0,0.0,0.0,1.0,3.0,0.0,Shuttle,53,3083
U1201,30,Metro/Bus,3855,0,3.0,68000.0,22666.666666666668,26.333333333333332,0.6666666666666666,0.0,0.3333333333333333,2.0,3.0,2025-10-19 21:52:24,2025-08-06 15:52:28,31.666666666666668,1.0,1.0,1.0,11.0,74.0,Metro/Bus,30,3855
U1202,52,Metro/Bus,1807,0,4.0,135000.0,33750.0,64.25,0.25,0.25,0.5,3.0,3.0,2025-10-23 06:52:29,2025-08-01 22:10:33,30.75,0.0,3.0,1.0,7.0,82.0,Metro/Bus,52,1807
U1203,55,E-Bike,4651,1,4.0,93500.0,23375.0,29.0,0.25,0.25,0.25,4.0,3.0,2025-10-17 22:46:28,2025-09-15 19:43:39,30.75,2.0,1.0,1.0,13.0,32.0,E-Bike,55,4651
U1204,27,Shuttle,319,0,3.0,69000.0,23000.0,18.666666666666668,0.3333333333333333,0.0,0.6666666666666666,3.0,2.0,2025-10-14 08:19:35,2025-08-14 18:28:24,31.333333333333332,2.0,0.0,1.0,16.0,60.0,Shuttle,27,319
U1205,20,Metro/Bus,3314,0,6.0,193000.0,32166.666666666668,38.0,0.5,0.5,0.6666666666666666,4.0,5.0,2025-10-30 11:04:20,2025-08-17 18:14:31,30.5,3.0,2.0,1.0,0.0,73.0,Metro/Bus,20,3314
U1206,27,Metro/Bus,664,0,5.0,176500.0,35300.0,45.4,0.4,0.0,0.2,4.0,5.0,2025-10-27 20:32:35,2025-08-01 19:28:03,31.0,2.0,1.0,2.0,3.0,87.0,Metro/Bus,27,664
U1207,51,Shuttle,4921,0,7.0,226000.0,32285.714285714286,32.57142857142857,0.0,0.14285714285714285,0.2857142857142857,5.0,5.0,2025-10-29 07:59:59,2025-08-01 06:55:53,30.0,4.0,0.0,3.0,1.0,89.0,Shuttle,51,4921
U1208,50,Shuttle,2994,0,9.0,282000.0,31333.333333333332,32.111111111111114,0.1111111111111111,0.3333333333333333,0.5555555555555556,4.0,5.0,2025-10-30 08:18:35,2025-08-01 17:35:01,30.88888888888889,6.0,1.0,2.0,0.0,89.0,Shuttle,50,2994
U1209,41,E-Bike,2395,0,5.0,224000.0,44800.0,30.2,0.2,0.0,0.4,4.0,4.0,2025-10-25 18:17:05,2025-08-19 12:46:40,31.2,4.0,0.0,1.0,5.0,67.0,E-Bike,41,2395
U1210,43,E-Bike,2413,0,3.0,82000.0,27333.333333333332,30.0,0.6666666666666666,0.0,1.0,2.0,3.0,2025-10-11 08:36:37,2025-08-01 08:34:19,30.333333333333332,2.0,0.0,1.0,19.0,71.0,E-Bike,43,2413
U1211,45,Metro/Bus,285,0,2.0,108000.0,54000.0,36.0,0.5,0.5,1.0,2.0,2.0,2025-09-19 07:03:01,2025-08-17 07:39:38,28.0,2.0,0.0,0.0,41.0,32.0,Metro/Bus,45,285
U1212,42,E-Bike,4376,0,3.0,91000.0,30333.333333333332,37.333333333333336,0.0,0.3333333333333333,0.0,3.0,3.0,2025-08-28 10:56:49,2025-08-01 10:55:26,29.333333333333332,2.0,0.0,1.0,63.0,27.0,E-Bike,42,4376
U1213,54,Metro/Bus,4846,0,4.0,159500.0,39875.0,36.0,0.0,0.5,0.25,3.0,3.0,2025-10-24 17:24:11,2025-08-21 10:49:24,31.25,3.0,0.0,1.0,6.0,64.0,Metro/Bus,54,4846
U1214,45,E-Bike,4184,0,5.0,248500.0,49700.0,42.4,0.2,0.0,0.0,4.0,3.0,2025-09-08 09:49:12,2025-08-18 10:01:35,30.2,4.0,1.0,0.0,52.0,20.0,E-Bike,45,4184
U1215,34,E-Bike,4572,0,3.0,99000.0,33000.0,22.0,0.0,0.0,0.0,2.0,2.0,2025-09-19 20:51:53,2025-08-01 14:22:34,29.0,3.0,0.0,0.0,41.0,49.0,E-Bike,34,4572
U1216,44,Metro/Bus,4372,1,4.0,119000.0,29750.0,28.25,0.75,0.25,0.5,3.0,2.0,2025-10-25 18:12:21,2025-08-22 08:51:49,30.0,3.0,0.0,1.0,5.0,64.0,Metro/Bus,44,4372
U1217,32,Shuttle,3490,0,6.0,154500.0,25750.0,29.666666666666668,0.0,0.16666666666666666,0.3333333333333333,3.0,6.0,2025-10-08 11:28:28,2025-08-08 18:24:36,30.666666666666668,2.0,1.0,3.0,22.0,60.0,Shuttle,32,3490
U1218,19,E-Bike,4639,1,3.0,74500.0,24833.333333333332,41.0,0.0,0.3333333333333333,0.6666666666666666,3.0,2.0,2025-10-21 10:11:43,2025-09-24 17:24:52,30.666666666666668,1.0,1.0,1.0,9.0,26.0,E-Bike,19,4639
U1219,31,Metro/Bus,3319,0,7.0,297500.0,42500.0,40.57142857142857,0.14285714285714285,0.14285714285714285,0.2857142857142857,4.0,4.0,2025-10-17 08:18:19,2025-08-02 14:42:54,30.428571428571427,5.0,2.0,0.0,13.0,75.0,Metro/Bus,31,3319
U1220,33,Metro/Bus,4517,0,4.0,86000.0,21500.0,36.5,0.0,0.5,0.25,4.0,3.0,2025-10-30 15:59:32,2025-08-22 17:36:45,30.0,2.0,1.0,1.0,0.0,68.0,Metro/Bus,33,4517
U1221,43,Shuttle,389,0,5.0,101000.0,20200.0,15.0,0.0,0.2,0.2,5.0,4.0,2025-10-17 07:39:27,2025-08-27 19:11:18,29.8,4.0,0.0,1.0,13.0,50.0,Shuttle,43,389
U1222,41,E-Bike,1682,0,3.0,102000.0,34000.0,28.0,0.3333333333333333,0.3333333333333333,0.0,3.0,3.0,2025-10-14 09:07:40,2025-09-09 21:25:34,31.0,2.0,0.0,1.0,16.0,34.0,E-Bike,41,1682
U1223,48,E-Bike,885,1,6.0,189500.0,31583.333333333332,39.0,0.16666666666666666,0.16666666666666666,0.3333333333333333,4.0,5.0,2025-10-09 07:37:24,2025-08-07 09:57:29,31.166666666666668,3.0,1.0,2.0,21.0,62.0,E-Bike,48,885
U1224,26,Shuttle,3967,0,3.0,112500.0,37500.0,30.0,0.3333333333333333,0.6666666666666666,0.3333333333333333,2.0,1.0,2025-09-07 21:04:48,2025-08-26 08:31:55,32.333333333333336,1.0,1.0,1.0,53.0,12.0,Shuttle,26,3967
U1225,32,Metro/Bus,2001,0,6.0,283500.0,47250.0,45.0,0.16666666666666666,0.3333333333333333,0.3333333333333333,5.0,5.0,2025-10-27 19:49:39,2025-08-31 09:59:52,30.5,4.0,1.0,1.0,3.0,57.0,Metro/Bus,32,2001
U1226,36,Shuttle,1204,1,8.0,224500.0,28062.5,33.875,0.375,0.375,0.375,6.0,6.0,2025-10-28 15:05:50,2025-08-06 19:16:33,31.5,5.0,0.0,3.0,2.0,82.0,Shuttle,36,1204
U1227,54,E-Bike,1096,0,5.0,135000.0,27000.0,18.0,0.6,0.6,0.4,5.0,3.0,2025-10-18 18:08:47,2025-08-12 18:04:13,28.4,5.0,0.0,0.0,12.0,67.0,E-Bike,54,1096
U1228,19,Metro/Bus,2264,0,2.0,66000.0,33000.0,34.0,1.0,0.0,0.5,2.0,2.0,2025-09-06 21:00:25,2025-08-02 08:21:11,29.5,1.0,0.0,1.0,54.0,35.0,Metro/Bus,19,2264
U1229,27,Shuttle,2534,1,2.0,94500.0,47250.0,31.5,0.5,0.0,0.5,2.0,2.0,2025-10-22 17:57:44,2025-10-04 20:17:41,31.0,2.0,0.0,0.0,8.0,17.0,Shuttle,27,2534
U1230,32,E-Bike,186,0,2.0,96000.0,48000.0,32.0,1.0,0.0,0.5,1.0,2.0,2025-09-07 18:24:54,2025-09-07 15:43:15,31.5,2.0,0.0,0.0,53.0,0.0,E-Bike,32,186
U1231,46,Metro/Bus,43,0,3.0,103500.0,34500.0,39.666666666666664,0.0,0.0,1.0,2.0,2.0,2025-10-23 18:20:13,2025-08-21 18:24:51,30.666666666666668,1.0,1.0,1.0,7.0,62.0,Metro/Bus,46,43
U1232,37,E-Bike,4697,1,6.0,146500.0,24416.666666666668,36.0,0.5,0.0,0.6666666666666666,4.0,4.0,2025-10-11 09:32:23,2025-08-01 07:12:39,32.666666666666664,3.0,1.0,2.0,19.0,71.0,E-Bike,37,4697
U1233,45,Metro/Bus,3524,0,3.0,91500.0,30500.0,20.333333333333332,0.3333333333333333,0.0,0.3333333333333333,3.0,2.0,2025-10-29 17:39:28,2025-08-10 19:02:09,31.333333333333332,3.0,0.0,0.0,1.0,79.0,Metro/Bus,45,3524
U1234,40,E-Bike,3999,1,8.0,324000.0,40500.0,35.375,0.125,0.25,0.5,3.0,4.0,2025-10-10 17:18:14,2025-08-05 22:40:17,27.75,6.0,1.0,1.0,20.0,65.0,E-Bike,40,3999
U1235,41,Shuttle,1464,1,3.0,61000.0,20333.333333333332,27.333333333333332,0.0,0.0,0.3333333333333333,3.0,3.0,2025-09-30 17:14:02,2025-08-05 13:26:48,30.666666666666668,2.0,0.0,1.0,30.0,56.0,Shuttle,41,1464
U1236,21,Metro/Bus,2544,0,5.0,187500.0,37500.0,26.0,0.0,0.4,0.6,3.0,3.0,2025-10-20 07:51:40,2025-08-12 17:00:32,31.0,4.0,0.0,1.0,10.0,68.0,Metro/Bus,21,2544
U1237,19,E-Bike,1214,0,9.0,374500.0,41611.11111111111,33.44444444444444,0.0,0.1111111111111111,0.3333333333333333,5.0,7.0,2025-10-03 19:15:24,2025-08-15 12:16:48,32.44444444444444,8.0,1.0,0.0,27.0,49.0,E-Bike,19,1214
U1238,36,E-Bike,3226,0,1.0,15000.0,15000.0,28.0,0.0,0.0,0.0,1.0,1.0,2025-08-19 09:48:38,2025-08-19 09:48:38,31.0,0.0,0.0,1.0,72.0,0.0,E-Bike,36,3226
U1239,33,E-Bike,209,0,4.0,141000.0,35250.0,23.5,0.75,0.5,0.25,4.0,4.0,2025-10-19 18:57:49,2025-08-29 11:27:23,30.5,4.0,0.0,0.0,11.0,51.0,E-Bike,33,209
U1240,46,E-Bike,4015,0,4.0,101500.0,25375.0,35.25,0.0,0.25,0.0,3.0,3.0,2025-10-30 13:46:55,2025-09-30 09:17:26,31.0,2.0,1.0,1.0,0.0,30.0,E-Bike,46,4015
U1241,32,Metro/Bus,3597,0,4.0,162000.0,40500.0,31.25,0.0,0.25,0.25,2.0,4.0,2025-09-29 20:23:51,2025-08-18 19:49:35,31.25,2.0,1.0,1.0,31.0,42.0,Metro/Bus,32,3597
U1242,21,Shuttle,2496,0,2.0,99000.0,49500.0,33.0,0.5,0.0,0.0,2.0,2.0,2025-10-05 09:46:02,2025-08-26 16:46:06,30.0,2.0,0.0,0.0,25.0,39.0,Shuttle,21,2496
U1243,39,E-Bike,998,0,5.0,158500.0,31700.0,27.8,0.2,0.0,0.4,3.0,3.0,2025-10-21 19:29:28,2025-08-08 09:48:04,30.4,4.0,1.0,0.0,9.0,74.0,E-Bike,39,998
U1244,52,Metro/Bus,565,0,3.0,75000.0,25000.0,26.0,0.0,0.6666666666666666,0.3333333333333333,3.0,3.0,2025-09-01 18:47:12,2025-08-06 15:22:10,29.666666666666668,2.0,0.0,1.0,59.0,26.0,Metro/Bus,52,565
U1245,20,E-Bike,614,1,6.0,134500.0,22416.666666666668,45.0,0.3333333333333333,0.3333333333333333,0.6666666666666666,4.0,5.0,2025-10-30 06:19:55,2025-08-06 07:42:22,30.0,2.0,1.0,3.0,0.0,84.0,E-Bike,20,614
U1246,48,E-Bike,2731,0,3.0,86500.0,28833.333333333332,22.666666666666668,0.0,0.0,0.3333333333333333,3.0,3.0,2025-09-17 07:22:50,2025-08-21 19:40:10,28.666666666666668,2.0,0.0,1.0,43.0,26.0,E-Bike,48,2731
U1247,43,Metro/Bus,4487,0,3.0,140000.0,46666.666666666664,36.0,0.6666666666666666,0.3333333333333333,0.6666666666666666,3.0,2.0,2025-10-10 18:19:11,2025-09-07 20:38:45,30.333333333333332,1.0,2.0,0.0,20.0,32.0,Metro/Bus,43,4487
U1248,21,Shuttle,2484,0,6.0,171500.0,28583.333333333332,25.166666666666668,0.5,0.3333333333333333,0.3333333333333333,4.0,5.0,2025-10-15 09:51:04,2025-08-04 07:19:00,30.0,5.0,0.0,1.0,15.0,72.0,Shuttle,21,2484
U1249,33,Shuttle,558,0,4.0,100500.0,25125.0,55.0,0.5,0.25,0.0,3.0,4.0,2025-10-28 13:07:51,2025-08-17 20:53:39,32.25,1.0,2.0,1.0,2.0,71.0,Shuttle,33,558
U1250,45,E-Bike,1996,0,2.0,47000.0,23500.0,69.0,0.0,0.0,0.5,2.0,1.0,2025-08-21 09:22:17,2025-08-08 18:46:13,32.0,0.0,1.0,1.0,70.0,12.0,E-Bike,45,1996
U1251,42,Shuttle,1602,0,1.0,7000.0,7000.0,58.0,0.0,1.0,0.0,1.0,1.0,2025-08-26 16:53:12,2025-08-26 16:53:12,29.0,0.0,0.0,1.0,65.0,0.0,Shuttle,42,1602
U1252,49,E-Bike,2327,0,3.0,125000.0,41666.666666666664,42.333333333333336,0.6666666666666666,0.0,0.3333333333333333,3.0,3.0,2025-10-19 07:34:37,2025-08-31 19:20:20,31.333333333333332,2.0,0.0,1.0,11.0,48.0,E-Bike,49,2327
U1253,54,Metro/Bus,4720,0,6.0,217500.0,36250.0,44.166666666666664,0.3333333333333333,0.0,0.5,5.0,4.0,2025-10-23 06:01:45,2025-08-07 19:33:17,28.666666666666668,3.0,2.0,1.0,7.0,76.0,Metro/Bus,54,4720
U1254,51,Shuttle,2095,0,3.0,72000.0,24000.0,24.333333333333332,0.0,0.0,1.0,3.0,3.0,2025-10-28 07:15:11,2025-09-15 08:01:58,31.333333333333332,2.0,0.0,1.0,2.0,42.0,Shuttle,51,2095
U1255,41,E-Bike,2045,1,3.0,65000.0,21666.666666666668,27.666666666666668,0.3333333333333333,0.0,0.3333333333333333,2.0,3.0,2025-09-13 19:57:15,2025-08-04 12:20:49,28.0,1.0,0.0,2.0,47.0,40.0,E-Bike,41,2045
U1256,19,E-Bike,2553,1,3.0,37000.0,12333.333333333334,23.0,0.0,0.3333333333333333,0.3333333333333333,3.0,2.0,2025-09-24 13:19:11,2025-08-04 11:13:21,29.333333333333332,0.0,0.0,3.0,36.0,51.0,E-Bike,19,2553
U1257,49,E-Bike,3708,0,5.0,161500.0,32300.0,37.8,0.0,0.2,0.6,4.0,2.0,2025-10-17 18:54:56,2025-08-01 08:58:34,29.6,3.0,1.0,1.0,13.0,77.0,E-Bike,49,3708
U1258,54,Shuttle,2004,1,6.0,256000.0,42666.666666666664,32.0,0.3333333333333333,0.0,0.3333333333333333,4.0,4.0,2025-10-30 08:19:01,2025-08-10 10:33:23,32.666666666666664,5.0,0.0,1.0,0.0,80.0,Shuttle,54,2004
U1259,32,Shuttle,2325,1,5.0,81000.0,16200.0,33.2,0.2,0.2,0.6,3.0,4.0,2025-09-29 19:37:52,2025-08-04 07:38:52,30.8,2.0,1.0,2.0,31.0,56.0,Shuttle,32,2325
U1260,39,E-Bike,500,0,4.0,104000.0,26000.0,26.5,0.25,0.0,0.25,3.0,4.0,2025-10-10 19:03:33,2025-08-04 22:59:45,30.75,3.0,0.0,1.0,20.0,66.0,E-Bike,39,500
U1261,40,E-Bike,3680,0,2.0,97500.0,48750.0,32.5,0.5,0.0,0.0,2.0,2.0,2025-10-21 22:53:19,2025-09-21 10:48:51,29.5,2.0,0.0,0.0,9.0,30.0,E-Bike,40,3680
U1262,20,E-Bike,2467,0,2.0,72000.0,36000.0,30.5,0.5,0.0,0.0,2.0,2.0,2025-10-19 09:29:02,2025-09-09 12:19:26,29.5,1.0,0.0,1.0,11.0,39.0,E-Bike,20,2467
U1263,50,E-Bike,1261,0,3.0,119500.0,39833.333333333336,53.0,0.0,0.0,1.0,3.0,2.0,2025-10-10 17:54:43,2025-09-03 08:14:57,30.333333333333332,1.0,1.0,1.0,20.0,37.0,E-Bike,50,1261
U1264,45,Shuttle,1741,0,10.0,295500.0,29550.0,33.7,0.6,0.2,0.5,6.0,6.0,2025-10-30 08:00:07,2025-08-02 19:25:43,30.5,7.0,3.0,0.0,0.0,88.0,Shuttle,45,1741
U1265,47,Metro/Bus,3944,0,6.0,183500.0,30583.333333333332,36.0,0.3333333333333333,0.16666666666666666,0.6666666666666666,3.0,3.0,2025-10-12 16:24:57,2025-08-05 19:20:20,30.833333333333332,4.0,2.0,0.0,18.0,67.0,Metro/Bus,47,3944
U1266,23,Metro/Bus,176,0,4.0,122000.0,30500.0,20.75,0.0,0.0,0.25,4.0,4.0,2025-10-07 22:11:03,2025-08-08 19:47:28,29.5,3.0,0.0,1.0,23.0,60.0,Metro/Bus,23,176
U1267,53,Shuttle,4086,1,6.0,168500.0,28083.333333333332,30.666666666666668,0.0,0.0,0.6666666666666666,5.0,4.0,2025-10-16 08:55:59,2025-09-01 18:10:31,29.333333333333332,4.0,0.0,2.0,14.0,44.0,Shuttle,53,4086
U1268,22,E-Bike,4190,0,5.0,182500.0,36500.0,28.2,0.2,0.4,0.8,5.0,4.0,2025-10-22 13:43:21,2025-08-04 08:55:56,31.6,4.0,1.0,0.0,8.0,79.0,E-Bike,22,4190
U1269,53,E-Bike,4765,0,4.0,115500.0,28875.0,28.75,0.5,0.0,0.0,4.0,4.0,2025-10-28 15:12:29,2025-08-14 19:18:22,30.75,3.0,0.0,1.0,2.0,74.0,E-Bike,53,4765
U1270,45,E-Bike,4550,0,4.0,221000.0,55250.0,47.0,0.5,0.0,0.25,4.0,4.0,2025-10-18 19:39:04,2025-09-06 06:33:45,30.25,3.0,0.0,1.0,12.0,42.0,E-Bike,45,4550
U1271,52,E-Bike,561,0,5.0,173500.0,34700.0,35.0,0.2,0.0,0.6,4.0,3.0,2025-09-25 21:52:42,2025-09-03 17:30:38,29.6,3.0,0.0,2.0,35.0,22.0,E-Bike,52,561
U1272,51,Metro/Bus,700,0,7.0,310500.0,44357.142857142855,35.57142857142857,0.2857142857142857,0.14285714285714285,0.7142857142857143,6.0,4.0,2025-10-29 18:09:23,2025-08-06 08:21:57,30.285714285714285,5.0,1.0,1.0,1.0,84.0,Metro/Bus,51,700
U1273,39,E-Bike,2082,0,5.0,125500.0,25100.0,38.2,0.4,0.2,0.4,5.0,5.0,2025-10-06 09:19:27,2025-08-07 13:59:33,30.4,2.0,1.0,2.0,24.0,59.0,E-Bike,39,2082
U1274,51,Metro/Bus,4353,0,5.0,248000.0,49600.0,48.2,0.2,0.2,0.4,5.0,4.0,2025-10-27 19:24:26,2025-09-06 12:27:07,31.0,3.0,2.0,0.0,3.0,51.0,Metro/Bus,51,4353
U1275,24,E-Bike,4776,1,3.0,148500.0,49500.0,33.0,0.0,0.3333333333333333,1.0,3.0,3.0,2025-10-10 08:17:15,2025-08-26 18:50:40,32.333333333333336,3.0,0.0,0.0,20.0,44.0,E-Bike,24,4776
U1276,32,E-Bike,3040,0,1.0,15000.0,15000.0,45.0,0.0,0.0,1.0,1.0,1.0,2025-10-30 18:56:20,2025-10-30 18:56:20,29.0,0.0,0.0,1.0,0.0,0.0,E-Bike,32,3040
U1277,46,E-Bike,2997,1,6.0,290500.0,48416.666666666664,45.333333333333336,0.0,0.3333333333333333,0.3333333333333333,4.0,4.0,2025-09-23 19:36:04,2025-08-08 19:50:54,29.166666666666668,4.0,1.0,1.0,37.0,45.0,E-Bike,46,2997
U1278,33,E-Bike,987,0,6.0,185000.0,30833.333333333332,34.333333333333336,0.16666666666666666,0.16666666666666666,0.5,5.0,5.0,2025-10-27 18:29:53,2025-08-01 07:26:33,31.333333333333332,4.0,0.0,2.0,3.0,87.0,E-Bike,33,987
U1279,28,Metro/Bus,1778,0,5.0,161000.0,32200.0,27.2,0.6,0.4,0.4,4.0,5.0,2025-10-19 22:54:28,2025-08-13 12:47:47,31.6,3.0,1.0,1.0,11.0,67.0,Metro/Bus,28,1778
U1280,28,E-Bike,4917,0,4.0,122000.0,30500.0,36.75,0.25,0.5,0.75,3.0,3.0,2025-10-30 17:50:20,2025-08-24 14:05:43,30.0,2.0,1.0,1.0,0.0,67.0,E-Bike,28,4917
U1281,52,E-Bike,3772,1,4.0,142000.0,35500.0,31.25,0.25,0.25,0.5,4.0,3.0,2025-10-17 10:21:24,2025-08-18 07:59:58,28.0,3.0,0.0,1.0,13.0,60.0,E-Bike,52,3772
U1282,35,Metro/Bus,712,0,5.0,126000.0,25200.0,44.2,0.0,0.4,0.2,5.0,3.0,2025-10-06 09:14:21,2025-08-27 19:06:48,30.6,1.0,2.0,2.0,24.0,39.0,Metro/Bus,35,712
U1283,24,Shuttle,3055,0,8.0,317500.0,39687.5,29.875,0.125,0.25,0.625,5.0,5.0,2025-10-29 12:58:35,2025-08-09 08:53:52,32.0,7.0,1.0,0.0,1.0,81.0,Shuttle,24,3055
U1284,32,E-Bike,265,0,4.0,147500.0,36875.0,52.5,0.0,0.25,0.5,4.0,4.0,2025-10-08 17:18:21,2025-08-04 19:38:27,29.0,2.0,1.0,1.0,22.0,64.0,E-Bike,32,265
U1285,28,Shuttle,4916,1,3.0,62500.0,20833.333333333332,24.333333333333332,0.3333333333333333,0.3333333333333333,0.3333333333333333,3.0,3.0,2025-10-03 21:28:16,2025-08-23 17:28:01,30.666666666666668,2.0,0.0,1.0,27.0,41.0,Shuttle,28,4916
U1286,19,Shuttle,3980,0,2.0,89500.0,44750.0,52.5,0.0,0.5,0.5,2.0,2.0,2025-09-22 18:48:16,2025-09-19 19:39:15,29.5,1.0,1.0,0.0,38.0,2.0,Shuttle,19,3980
U1287,26,Metro/Bus,4920,0,5.0,210500.0,42100.0,40.2,0.4,0.0,0.4,4.0,3.0,2025-10-05 07:13:28,2025-08-29 07:05:04,30.6,3.0,1.0,1.0,25.0,37.0,Metro/Bus,26,4920
U1288,51,E-Bike,3558,0,6.0,184500.0,30750.0,40.333333333333336,0.0,0.0,0.8333333333333334,6.0,4.0,2025-10-29 18:25:05,2025-08-14 07:45:53,31.833333333333332,2.0,2.0,2.0,1.0,76.0,E-Bike,51,3558
U1289,55,Metro/Bus,4411,0,4.0,137500.0,34375.0,32.75,0.5,0.5,0.75,3.0,3.0,2025-10-25 16:17:25,2025-08-26 17:55:37,30.5,2.0,1.0,1.0,5.0,59.0,Metro/Bus,55,4411
U1290,28,Shuttle,4681,0,5.0,122000.0,24400.0,29.6,0.6,0.2,0.4,5.0,4.0,2025-10-25 14:16:47,2025-08-16 19:15:49,29.4,3.0,1.0,1.0,5.0,69.0,Shuttle,28,4681
U1291,41,E-Bike,4014,1,7.0,235500.0,33642.857142857145,26.857142857142858,0.14285714285714285,0.2857142857142857,0.42857142857142855,5.0,7.0,2025-10-22 16:14:38,2025-08-04 06:59:22,29.571428571428573,4.0,1.0,2.0,8.0,79.0,E-Bike,41,4014
U1292,31,Metro/Bus,3689,1,4.0,92500.0,23125.0,37.25,0.0,0.0,0.5,3.0,3.0,2025-10-16 18:44:09,2025-08-14 18:27:32,30.75,1.0,1.0,2.0,14.0,63.0,Metro/Bus,31,3689
U1293,42,Metro/Bus,1166,0,5.0,137000.0,27400.0,32.2,0.2,0.4,0.4,5.0,5.0,2025-10-27 17:05:04,2025-08-06 08:37:44,30.6,2.0,0.0,3.0,3.0,82.0,Metro/Bus,42,1166
U1294,19,Shuttle,4022,0,10.0,288500.0,28850.0,29.6,0.0,0.2,0.3,5.0,5.0,2025-10-30 20:57:43,2025-08-06 08:13:47,30.3,6.0,1.0,3.0,0.0,85.0,Shuttle,19,4022
U1295,30,E-Bike,1568,0,3.0,61500.0,20500.0,13.666666666666666,0.3333333333333333,0.0,0.6666666666666666,3.0,2.0,2025-10-19 08:09:41,2025-08-06 08:28:34,32.333333333333336,3.0,0.0,0.0,11.0,73.0,E-Bike,30,1568
U1296,29,E-Bike,4515,0,7.0,228000.0,32571.428571428572,38.857142857142854,0.14285714285714285,0.14285714285714285,0.2857142857142857,5.0,4.0,2025-10-30 09:57:25,2025-08-12 16:33:19,30.428571428571427,4.0,3.0,0.0,0.0,78.0,E-Bike,29,4515
U1297,34,E-Bike,2243,0,4.0,146500.0,36625.0,38.75,0.25,0.25,0.0,2.0,3.0,2025-10-11 22:05:38,2025-08-11 06:56:05,29.5,3.0,1.0,0.0,19.0,61.0,E-Bike,34,2243
U1298,29,Shuttle,2550,0,5.0,104000.0,20800.0,22.0,0.4,0.0,0.6,4.0,4.0,2025-10-29 22:47:24,2025-08-21 07:33:29,31.6,3.0,0.0,2.0,1.0,69.0,Shuttle,29,2550
U1299,54,E-Bike,1743,0,2.0,60000.0,30000.0,57.5,0.5,0.0,0.5,2.0,1.0,2025-08-23 06:36:40,2025-08-11 08:47:31,32.5,0.0,1.0,1.0,68.0,11.0,E-Bike,54,1743
U1300,45,E-Bike,569,0,6.0,98000.0,16333.333333333334,23.333333333333332,0.16666666666666666,0.3333333333333333,0.3333333333333333,6.0,5.0,2025-10-03 08:09:10,2025-08-04 14:24:21,30.666666666666668,4.0,0.0,2.0,27.0,59.0,E-Bike,45,569
U1301,44,E-Bike,4215,0,1.0,31500.0,31500.0,21.0,0.0,0.0,0.0,1.0,1.0,2025-08-13 06:05:56,2025-08-13 06:05:56,31.0,1.0,0.0,0.0,78.0,0.0,E-Bike,44,4215
U1302,47,Metro/Bus,854,0,3.0,145500.0,48500.0,32.333333333333336,0.6666666666666666,0.0,0.6666666666666666,2.0,2.0,2025-10-26 14:02:59,2025-08-09 18:45:38,28.0,3.0,0.0,0.0,4.0,77.0,Metro/Bus,47,854
U1303,32,Metro/Bus,4379,1,4.0,133000.0,33250.0,33.25,0.0,0.25,0.25,2.0,4.0,2025-10-24 19:57:37,2025-09-11 18:07:02,31.5,3.0,1.0,0.0,6.0,43.0,Metro/Bus,32,4379
U1304,31,E-Bike,4732,0,4.0,117500.0,29375.0,30.25,0.0,0.0,0.75,4.0,4.0,2025-10-16 10:34:28,2025-08-12 17:35:12,32.25,3.0,0.0,1.0,14.0,64.0,E-Bike,31,4732
U1305,36,Shuttle,1798,0,6.0,203500.0,33916.666666666664,53.0,0.16666666666666666,0.0,0.3333333333333333,4.0,5.0,2025-10-28 15:36:04,2025-08-22 17:36:52,30.0,2.0,3.0,1.0,2.0,66.0,Shuttle,36,1798
U1306,29,E-Bike,200,0,8.0,175500.0,21937.5,38.0,0.25,0.0,0.75,6.0,5.0,2025-10-30 22:36:06,2025-08-21 08:53:03,31.125,2.0,2.0,4.0,0.0,70.0,E-Bike,29,200
U1307,45,E-Bike,4959,0,6.0,241500.0,40250.0,35.5,0.16666666666666666,0.0,0.16666666666666666,5.0,6.0,2025-10-30 06:40:50,2025-08-05 06:31:16,30.0,4.0,1.0,1.0,0.0,86.0,E-Bike,45,4959
U1308,52,E-Bike,4477,0,3.0,165000.0,55000.0,36.666666666666664,0.3333333333333333,0.3333333333333333,0.3333333333333333,3.0,2.0,2025-10-02 09:35:46,2025-08-31 09:12:45,32.666666666666664,3.0,0.0,0.0,28.0,32.0,E-Bike,52,4477
U1309,20,E-Bike,452,1,2.0,30500.0,15250.0,31.5,1.0,0.0,0.5,2.0,2.0,2025-09-14 19:10:20,2025-09-06 17:06:48,29.0,1.0,0.0,1.0,46.0,8.0,E-Bike,20,452
U1310,52,Metro/Bus,1402,0,8.0,230000.0,28750.0,33.5,0.125,0.125,0.125,6.0,5.0,2025-10-30 14:07:47,2025-08-04 06:38:06,31.125,5.0,0.0,3.0,0.0,87.0,Metro/Bus,52,1402
U1311,55,Shuttle,583,0,4.0,106000.0,26500.0,28.75,0.5,0.25,0.5,3.0,3.0,2025-10-13 17:10:19,2025-08-09 06:37:45,29.0,2.0,1.0,1.0,17.0,65.0,Shuttle,55,583
U1312,31,Metro/Bus,3362,0,4.0,120500.0,30125.0,31.25,0.5,0.0,0.5,3.0,3.0,2025-10-05 09:55:00,2025-08-15 17:37:37,27.75,3.0,0.0,1.0,25.0,50.0,Metro/Bus,31,3362
U1313,54,Metro/Bus,1185,0,2.0,23500.0,11750.0,35.0,0.0,0.0,0.0,2.0,2.0,2025-09-18 09:49:24,2025-08-12 11:38:43,26.5,1.0,0.0,1.0,42.0,36.0,Metro/Bus,54,1185
U1314,23,Shuttle,4483,0,4.0,76000.0,19000.0,20.25,0.0,0.5,0.0,2.0,3.0,2025-09-04 19:25:20,2025-08-07 12:53:39,32.25,3.0,0.0,1.0,56.0,28.0,Shuttle,23,4483
U1315,44,E-Bike,4624,0,3.0,125000.0,41666.666666666664,30.0,0.3333333333333333,0.3333333333333333,0.6666666666666666,3.0,3.0,2025-09-07 11:09:55,2025-08-13 07:23:51,32.666666666666664,2.0,0.0,1.0,53.0,25.0,E-Bike,44,4624
U1316,48,Metro/Bus,4386,0,3.0,51000.0,17000.0,24.666666666666668,0.0,0.0,0.6666666666666666,3.0,3.0,2025-10-07 18:13:22,2025-08-18 17:06:58,29.666666666666668,2.0,0.0,1.0,23.0,50.0,Metro/Bus,48,4386
U1317,28,Metro/Bus,2886,0,3.0,120000.0,40000.0,26.666666666666668,0.3333333333333333,0.0,0.6666666666666666,3.0,2.0,2025-10-26 07:10:37,2025-08-28 21:44:11,30.0,3.0,0.0,0.0,4.0,58.0,Metro/Bus,28,2886
U1318,22,E-Bike,2974,0,5.0,148500.0,29700.0,19.8,0.0,0.2,0.4,3.0,4.0,2025-10-28 09:48:34,2025-08-11 17:29:07,31.4,5.0,0.0,0.0,2.0,77.0,E-Bike,22,2974
U1319,39,Metro/Bus,4800,0,4.0,158000.0,39500.0,37.25,0.25,0.75,0.5,3.0,4.0,2025-10-22 09:37:24,2025-08-25 17:37:34,32.5,2.0,1.0,1.0,8.0,57.0,Metro/Bus,39,4800
U1320,46,Shuttle,110,0,6.0,217000.0,36166.666666666664,31.5,0.0,0.0,0.3333333333333333,5.0,4.0,2025-10-28 17:50:59,2025-08-14 12:56:05,30.0,5.0,1.0,0.0,2.0,75.0,Shuttle,46,110
U1321,42,E-Bike,2012,0,4.0,100000.0,25000.0,24.0,0.25,0.25,0.5,4.0,2.0,2025-10-29 19:55:14,2025-09-04 07:01:32,29.5,3.0,0.0,1.0,1.0,55.0,E-Bike,42,2012
U1322,36,E-Bike,2147,1,3.0,109500.0,36500.0,38.0,0.0,0.0,0.0,3.0,3.0,2025-10-21 13:54:58,2025-10-10 10:21:06,30.0,1.0,1.0,1.0,9.0,11.0,E-Bike,36,2147
U1323,54,E-Bike,3361,0,7.0,141000.0,20142.85714285714,29.857142857142858,0.2857142857142857,0.0,0.5714285714285714,5.0,6.0,2025-09-23 18:22:21,2025-08-27 19:17:22,31.0,4.0,0.0,3.0,37.0,26.0,E-Bike,54,3361
U1324,30,E-Bike,1240,0,1.0,19500.0,19500.0,13.0,0.0,0.0,0.0,1.0,1.0,2025-09-09 09:25:06,2025-09-09 09:25:06,33.0,1.0,0.0,0.0,51.0,0.0,E-Bike,30,1240
U1325,28,Shuttle,776,0,2.0,42000.0,21000.0,14.0,0.5,0.5,0.0,2.0,2.0,2025-10-05 15:07:48,2025-09-18 09:20:41,30.5,2.0,0.0,0.0,25.0,17.0,Shuttle,28,776
U1326,48,E-Bike,4733,0,4.0,148000.0,37000.0,32.0,0.5,0.0,0.5,4.0,3.0,2025-10-07 08:55:05,2025-08-03 17:10:53,29.0,3.0,0.0,1.0,23.0,64.0,E-Bike,48,4733
U1327,37,Metro/Bus,4010,1,4.0,74500.0,18625.0,40.5,0.25,0.0,0.5,4.0,4.0,2025-10-28 09:20:58,2025-09-22 08:11:52,34.5,1.0,1.0,2.0,2.0,36.0,Metro/Bus,37,4010
U1328,49,Metro/Bus,4638,0,6.0,194000.0,32333.333333333332,29.333333333333332,0.5,0.16666666666666666,0.3333333333333333,5.0,5.0,2025-10-25 17:25:24,2025-09-12 19:37:20,33.166666666666664,4.0,0.0,2.0,5.0,42.0,Metro/Bus,49,4638
U1329,53,E-Bike,3202,1,5.0,138500.0,27700.0,41.6,0.2,0.4,0.4,5.0,4.0,2025-10-24 17:09:39,2025-08-15 07:46:38,28.8,2.0,2.0,1.0,6.0,70.0,E-Bike,53,3202
U1330,47,Shuttle,3085,0,6.0,147500.0,24583.333333333332,24.833333333333332,0.5,0.16666666666666666,0.5,5.0,4.0,2025-10-20 19:05:53,2025-08-03 08:11:08,31.333333333333332,3.0,0.0,3.0,10.0,78.0,Shuttle,47,3085
U1331,32,E-Bike,3371,0,6.0,232000.0,38666.666666666664,41.333333333333336,0.5,0.0,0.5,4.0,4.0,2025-10-30 12:46:44,2025-08-29 09:44:50,29.333333333333332,3.0,2.0,1.0,0.0,62.0,E-Bike,32,3371
U1332,35,E-Bike,3436,0,8.0,326500.0,40812.5,56.375,0.25,0.0,0.375,4.0,4.0,2025-10-21 17:34:03,2025-08-01 09:48:11,29.125,3.0,4.0,1.0,9.0,81.0,E-Bike,35,3436
U1333,35,E-Bike,1341,0,12.0,352000.0,29333.333333333332,29.166666666666668,0.25,0.16666666666666666,0.3333333333333333,6.0,5.0,2025-10-26 08:29:42,2025-08-08 10:12:51,31.166666666666668,8.0,1.0,3.0,4.0,78.0,E-Bike,35,1341
U1334,21,E-Bike,491,0,5.0,199500.0,39900.0,26.6,0.0,0.4,0.2,3.0,4.0,2025-10-24 19:03:52,2025-08-26 17:43:26,31.0,5.0,0.0,0.0,6.0,59.0,E-Bike,21,491
U1335,20,Metro/Bus,1347,0,4.0,58500.0,14625.0,29.25,0.5,0.25,1.0,4.0,4.0,2025-10-21 08:01:35,2025-08-16 08:11:51,32.0,1.0,0.0,3.0,9.0,65.0,Metro/Bus,20,1347
U1336,52,Shuttle,4987,0,4.0,181500.0,45375.0,30.25,0.0,0.0,0.25,3.0,2.0,2025-09-26 19:41:07,2025-08-20 12:32:35,32.0,4.0,0.0,0.0,34.0,37.0,Shuttle,52,4987
U1337,23,Metro/Bus,3414,0,4.0,82500.0,20625.0,22.75,0.25,0.0,0.0,4.0,3.0,2025-10-23 19:49:10,2025-08-21 16:54:23,32.0,3.0,0.0,1.0,7.0,63.0,Metro/Bus,23,3414
U1338,19,Shuttle,4964,0,4.0,137000.0,34250.0,39.25,0.5,0.0,0.75,4.0,4.0,2025-09-07 18:56:19,2025-08-08 08:40:46,29.0,2.0,2.0,0.0,53.0,30.0,Shuttle,19,4964
U1339,38,E-Bike,1531,0,6.0,203500.0,33916.666666666664,37.833333333333336,0.16666666666666666,0.3333333333333333,0.3333333333333333,5.0,4.0,2025-10-19 15:08:24,2025-08-08 19:23:41,29.166666666666668,4.0,0.0,2.0,11.0,71.0,E-Bike,38,1531
U1340,33,Metro/Bus,4282,0,2.0,25500.0,12750.0,19.0,0.0,0.0,0.0,2.0,2.0,2025-09-10 09:00:05,2025-08-11 09:49:22,30.5,1.0,0.0,1.0,50.0,29.0,Metro/Bus,33,4282
U1341,32,Metro/Bus,212,0,6.0,159500.0,26583.333333333332,38.833333333333336,0.5,0.16666666666666666,0.3333333333333333,5.0,3.0,2025-10-18 19:10:36,2025-08-14 18:43:30,29.666666666666668,2.0,1.0,3.0,12.0,65.0,Metro/Bus,32,212
U1342,37,Shuttle,1179,0,6.0,192000.0,32000.0,45.333333333333336,0.16666666666666666,0.3333333333333333,0.5,4.0,6.0,2025-10-30 22:45:43,2025-08-02 09:05:43,31.666666666666668,2.0,2.0,2.0,0.0,89.0,Shuttle,37,1179
U1343,31,E-Bike,315,1,5.0,111000.0,22200.0,22.0,0.2,0.2,0.6,5.0,5.0,2025-10-25 08:14:54,2025-08-06 13:06:41,30.8,4.0,0.0,1.0,5.0,79.0,E-Bike,31,315
U1344,21,E-Bike,4538,0,4.0,145000.0,36250.0,25.25,0.0,0.0,0.25,3.0,3.0,2025-10-21 08:06:13,2025-08-04 20:15:11,27.25,3.0,1.0,0.0,9.0,77.0,E-Bike,21,4538
U1345,37,Metro/Bus,1823,1,1.0,9000.0,9000.0,6.0,0.0,0.0,1.0,1.0,1.0,2025-10-03 08:34:15,2025-10-03 08:34:15,28.0,1.0,0.0,0.0,27.0,0.0,Metro/Bus,37,1823
U1346,49,Metro/Bus,985,0,10.0,376000.0,37600.0,27.8,0.1,0.1,0.3,6.0,8.0,2025-10-21 14:57:48,2025-08-04 18:54:33,31.4,9.0,1.0,0.0,9.0,77.0,Metro/Bus,49,985
U1347,35,E-Bike,2348,0,5.0,127000.0,25400.0,49.2,0.4,0.2,0.4,4.0,3.0,2025-10-26 08:17:07,2025-08-01 21:16:32,30.4,0.0,2.0,3.0,4.0,85.0,E-Bike,35,2348
U1348,43,E-Bike,4905,0,2.0,51000.0,25500.0,37.0,0.0,0.5,1.0,2.0,1.0,2025-09-22 17:50:13,2025-09-01 17:30:42,30.0,1.0,0.0,1.0,38.0,21.0,E-Bike,43,4905
U1349,21,E-Bike,1176,0,6.0,176500.0,29416.666666666668,31.0,0.3333333333333333,0.0,0.5,5.0,3.0,2025-10-28 08:41:32,2025-08-22 08:03:27,29.333333333333332,3.0,1.0,2.0,2.0,67.0,E-Bike,21,1176
U1350,29,E-Bike,1184,1,5.0,171500.0,34300.0,32.6,0.0,0.4,0.4,4.0,4.0,2025-10-24 10:53:34,2025-08-06 19:12:29,32.0,3.0,1.0,1.0,6.0,78.0,E-Bike,29,1184
U1351,42,E-Bike,3587,0,5.0,141000.0,28200.0,35.4,0.2,0.2,0.6,3.0,4.0,2025-10-20 17:57:34,2025-09-06 11:59:02,31.8,3.0,0.0,2.0,10.0,44.0,E-Bike,42,3587
U1352,38,Metro/Bus,1512,0,3.0,90500.0,30166.666666666668,29.0,0.3333333333333333,0.0,0.0,3.0,3.0,2025-10-15 09:03:35,2025-09-04 13:11:10,31.0,2.0,0.0,1.0,15.0,40.0,Metro/Bus,38,1512
U1353,41,Shuttle,2000,0,2.0,63000.0,31500.0,21.0,0.5,0.0,0.0,2.0,2.0,2025-09-16 09:42:21,2025-08-16 19:51:58,29.0,2.0,0.0,0.0,44.0,30.0,Shuttle,41,2000
U1354,45,E-Bike,3590,0,2.0,42000.0,21000.0,25.0,0.0,0.5,0.5,2.0,2.0,2025-09-11 18:34:05,2025-08-01 20:23:12,32.5,1.0,0.0,1.0,49.0,40.0,E-Bike,45,3590
U1355,33,Metro/Bus,3839,0,1.0,13500.0,13500.0,9.0,0.0,0.0,0.0,1.0,1.0,2025-10-24 16:21:52,2025-10-24 16:21:52,30.0,1.0,0.0,0.0,6.0,0.0,Metro/Bus,33,3839
U1356,38,Shuttle,1005,0,10.0,229500.0,22950.0,36.0,0.6,0.2,0.3,6.0,6.0,2025-10-29 07:23:48,2025-08-03 12:26:12,30.7,4.0,1.0,5.0,1.0,86.0,Shuttle,38,1005
U1357,47,Metro/Bus,1237,1,2.0,97000.0,48500.0,53.5,0.5,0.5,1.0,2.0,2.0,2025-10-24 07:07:32,2025-08-23 18:55:03,27.5,1.0,1.0,0.0,6.0,61.0,Metro/Bus,47,1237
U1358,54,E-Bike,3298,1,0.0,0.0,0.0,0.0,0.0,0.0,0.0,0.0,0.0,,,0.0,0.0,0.0,0.0,0.0,0.0,E-Bike,54,3298
U1359,22,Shuttle,894,0,2.0,74500.0,37250.0,34.0,0.5,0.5,0.0,2.0,2.0,2025-10-13 11:32:20,2025-09-20 12:12:18,27.5,1.0,0.0,1.0,17.0,22.0,Shuttle,22,894
U1360,31,Shuttle,1142,0,3.0,67000.0,22333.333333333332,43.333333333333336,1.0,0.3333333333333333,0.0,3.0,3.0,2025-10-18 16:15:46,2025-09-27 09:44:47,28.333333333333332,0.0,1.0,2.0,12.0,21.0,Shuttle,31,1142
U1361,20,E-Bike,1879,0,5.0,149500.0,29900.0,22.0,0.4,0.0,0.2,4.0,3.0,2025-10-29 06:26:17,2025-08-05 20:04:09,30.6,4.0,0.0,1.0,1.0,84.0,E-Bike,20,1879
U1362,24,E-Bike,1578,0,3.0,83000.0,27666.666666666668,30.666666666666668,0.0,0.6666666666666666,0.6666666666666666,3.0,3.0,2025-10-15 06:09:49,2025-08-08 17:49:45,34.0,2.0,0.0,1.0,15.0,67.0,E-Bike,24,1578
U1363,37,Shuttle,869,1,6.0,183000.0,30500.0,29.666666666666668,0.16666666666666666,0.16666666666666666,0.5,5.0,3.0,2025-10-16 07:02:18,2025-08-02 07:16:36,29.833333333333332,4.0,0.0,2.0,14.0,74.0,Shuttle,37,869
U1364,34,E-Bike,2782,0,7.0,261000.0,37285.71428571428,24.857142857142858,0.2857142857142857,0.2857142857142857,0.7142857142857143,5.0,5.0,2025-10-08 07:14:35,2025-08-18 18:01:02,32.57142857142857,7.0,0.0,0.0,22.0,50.0,E-Bike,34,2782
U1365,28,Metro/Bus,3284,0,5.0,153500.0,30700.0,48.8,0.6,0.0,0.4,5.0,4.0,2025-10-21 07:17:00,2025-10-05 17:21:01,32.2,2.0,2.0,1.0,9.0,15.0,Metro/Bus,28,3284
U1366,33,E-Bike,2534,0,7.0,135500.0,19357.14285714286,40.0,0.0,0.14285714285714285,0.42857142857142855,5.0,5.0,2025-10-24 19:34:09,2025-08-06 09:27:50,30.285714285714285,2.0,2.0,3.0,6.0,79.0,E-Bike,33,2534
U1367,24,Shuttle,976,0,3.0,119500.0,39833.333333333336,29.333333333333332,0.3333333333333333,0.3333333333333333,0.3333333333333333,3.0,2.0,2025-10-26 18:36:19,2025-08-15 20:04:55,31.333333333333332,2.0,1.0,0.0,4.0,71.0,Shuttle,24,976
U1368,23,Shuttle,4847,0,5.0,170000.0,34000.0,31.6,0.0,0.2,0.2,4.0,4.0,2025-10-28 06:04:17,2025-08-05 06:53:26,29.8,3.0,0.0,2.0,2.0,83.0,Shuttle,23,4847
U1369,31,Metro/Bus,3159,1,5.0,192500.0,38500.0,47.6,0.0,0.4,0.4,4.0,5.0,2025-10-20 19:21:49,2025-09-18 09:35:23,30.8,2.0,1.0,2.0,10.0,32.0,Metro/Bus,31,3159
U1370,50,E-Bike,3065,0,6.0,143000.0,23833.333333333332,24.5,0.3333333333333333,0.5,0.6666666666666666,5.0,5.0,2025-10-15 09:06:31,2025-08-21 18:08:25,29.166666666666668,4.0,0.0,2.0,15.0,54.0,E-Bike,50,3065
U1371,50,Metro/Bus,1339,0,3.0,146500.0,48833.333333333336,49.333333333333336,0.0,0.3333333333333333,1.0,2.0,3.0,2025-09-18 07:33:40,2025-09-03 17:51:38,31.0,2.0,1.0,0.0,42.0,14.0,Metro/Bus,50,1339
U1372,34,Metro/Bus,2734,0,8.0,177500.0,22187.5,25.5,0.5,0.25,0.5,5.0,8.0,2025-10-19 07:25:02,2025-08-30 21:16:13,28.875,4.0,1.0,3.0,11.0,49.0,Metro/Bus,34,2734
U1373,39,Shuttle,2830,0,7.0,166500.0,23785.714285714286,15.857142857142858,0.0,0.5714285714285714,0.42857142857142855,4.0,5.0,2025-10-20 07:22:11,2025-08-12 14:57:53,31.285714285714285,7.0,0.0,0.0,10.0,68.0,Shuttle,39,2830
U1374,48,E-Bike,4007,0,2.0,58000.0,29000.0,37.0,0.0,0.0,0.0,2.0,2.0,2025-10-20 21:18:27,2025-10-08 12:44:34,33.5,1.0,0.0,1.0,10.0,12.0,E-Bike,48,4007
U1375,36,Metro/Bus,4639,1,1.0,7000.0,7000.0,27.0,0.0,0.0,0.0,1.0,1.0,2025-08-12 09:33:46,2025-08-12 09:33:46,29.0,0.0,0.0,1.0,79.0,0.0,Metro/Bus,36,4639
U1376,44,Metro/Bus,4353,0,2.0,60000.0,30000.0,67.0,0.0,0.5,0.5,2.0,2.0,2025-10-22 11:41:32,2025-08-27 07:57:14,33.5,0.0,1.0,1.0,8.0,56.0,Metro/Bus,44,4353
U1377,38,E-Bike,4286,0,0.0,0.0,0.0,0.0,0.0,0.0,0.0,0.0,0.0,,,0.0,0.0,0.0,0.0,0.0,0.0,E-Bike,38,4286
U1378,38,E-Bike,2416,0,2.0,79500.0,39750.0,26.5,0.0,0.0,0.5,2.0,2.0,2025-10-20 09:33:29,2025-10-06 08:38:27,31.5,2.0,0.0,0.0,10.0,14.0,E-Bike,38,2416
U1379,33,E-Bike,145,0,3.0,106500.0,35500.0,23.666666666666668,0.0,0.3333333333333333,0.3333333333333333,3.0,3.0,2025-10-29 15:59:05,2025-08-22 09:22:43,30.666666666666668,3.0,0.0,0.0,1.0,68.0,E-Bike,33,145
U1380,54,E-Bike,1300,0,5.0,176500.0,35300.0,40.6,0.0,0.2,0.0,4.0,3.0,2025-09-26 16:01:29,2025-08-26 16:27:24,29.8,2.0,2.0,1.0,34.0,30.0,E-Bike,54,1300
U1381,36,E-Bike,3858,0,1.0,37500.0,37500.0,25.0,0.0,0.0,0.0,1.0,1.0,2025-08-06 20:54:05,2025-08-06 20:54:05,32.0,1.0,0.0,0.0,85.0,0.0,E-Bike,36,3858
U1382,30,E-Bike,4086,0,3.0,118500.0,39500.0,26.333333333333332,0.6666666666666666,0.0,0.3333333333333333,2.0,1.0,2025-09-06 21:17:45,2025-08-23 17:17:29,30.0,3.0,0.0,0.0,54.0,14.0,E-Bike,30,4086
U1383,27,Metro/Bus,1240,0,5.0,227500.0,45500.0,42.0,0.8,0.2,0.4,3.0,5.0,2025-10-25 17:34:31,2025-08-02 07:06:29,27.2,3.0,1.0,1.0,5.0,84.0,Metro/Bus,27,1240
U1384,19,E-Bike,2088,0,3.0,118500.0,39500.0,26.333333333333332,0.0,0.0,0.6666666666666666,2.0,3.0,2025-10-14 06:23:01,2025-08-11 17:05:58,30.666666666666668,3.0,0.0,0.0,16.0,63.0,E-Bike,19,2088
U1385,28,Metro/Bus,3653,0,0.0,0.0,0.0,0.0,0.0,0.0,0.0,0.0,0.0,,,0.0,0.0,0.0,0.0,0.0,0.0,Metro/Bus,28,3653
U1386,29,E-Bike,1764,0,8.0,210000.0,26250.0,38.0,0.5,0.25,0.625,5.0,5.0,2025-10-22 07:06:35,2025-08-24 18:10:15,29.375,3.0,1.0,4.0,8.0,58.0,E-Bike,29,1764
U1387,43,Metro/Bus,1626,0,8.0,232500.0,29062.5,22.0,0.25,0.125,0.5,6.0,6.0,2025-10-29 17:48:20,2025-08-07 08:13:55,31.5,6.0,1.0,1.0,1.0,83.0,Metro/Bus,43,1626
U1388,46,E-Bike,977,0,4.0,89500.0,22375.0,17.75,0.0,0.25,0.25,4.0,3.0,2025-10-21 09:11:01,2025-09-17 08:46:51,31.5,3.0,0.0,1.0,9.0,34.0,E-Bike,46,977
U1389,51,Shuttle,2270,1,4.0,191500.0,47875.0,44.5,0.25,0.0,0.75,3.0,3.0,2025-10-18 07:00:53,2025-08-20 07:53:01,30.25,3.0,1.0,0.0,12.0,58.0,Shuttle,51,2270
U1390,28,Shuttle,4146,0,1.0,20000.0,20000.0,22.0,1.0,0.0,0.0,1.0,1.0,2025-08-24 20:04:03,2025-08-24 20:04:03,35.0,0.0,0.0,1.0,67.0,0.0,Shuttle,28,4146
U1391,55,E-Bike,219,0,3.0,115000.0,38333.333333333336,32.666666666666664,0.3333333333333333,0.3333333333333333,0.0,2.0,3.0,2025-10-29 20:29:21,2025-08-24 09:42:42,30.333333333333332,2.0,0.0,1.0,1.0,66.0,E-Bike,55,219
U1392,39,E-Bike,3429,0,3.0,91500.0,30500.0,20.333333333333332,0.3333333333333333,0.3333333333333333,0.3333333333333333,3.0,2.0,2025-10-15 14:42:50,2025-08-03 19:30:26,29.666666666666668,3.0,0.0,0.0,15.0,72.0,E-Bike,39,3429
U1393,32,Metro/Bus,4626,0,4.0,157000.0,39250.0,33.25,0.5,0.0,0.5,2.0,4.0,2025-10-19 12:05:25,2025-08-25 09:56:02,30.5,3.0,1.0,0.0,11.0,55.0,Metro/Bus,32,4626
U1394,49,E-Bike,1875,0,0.0,0.0,0.0,0.0,0.0,0.0,0.0,0.0,0.0,,,0.0,0.0,0.0,0.0,0.0,0.0,E-Bike,49,1875
U1395,40,E-Bike,4015,0,5.0,175000.0,35000.0,27.8,0.2,0.0,1.0,3.0,3.0,2025-10-14 17:03:44,2025-09-11 08:50:36,29.0,4.0,1.0,0.0,16.0,33.0,E-Bike,40,4015
U1396,34,E-Bike,1486,0,8.0,247000.0,30875.0,28.375,0.5,0.375,0.125,5.0,5.0,2025-10-12 15:40:57,2025-08-13 19:46:56,30.75,4.0,1.0,3.0,18.0,59.0,E-Bike,34,1486
U1397,31,E-Bike,190,0,2.0,73500.0,36750.0,24.5,0.0,0.5,0.5,2.0,2.0,2025-10-29 12:54:04,2025-09-18 18:42:18,31.0,2.0,0.0,0.0,1.0,40.0,E-Bike,31,190
U1398,37,Metro/Bus,3644,0,4.0,104500.0,26125.0,25.0,0.25,0.25,0.5,4.0,3.0,2025-10-07 08:14:41,2025-08-11 13:12:55,29.5,3.0,0.0,1.0,23.0,56.0,Metro/Bus,37,3644
U1399,35,E-Bike,546,1,2.0,39000.0,19500.0,13.0,0.0,0.0,0.0,2.0,2.0,2025-10-10 21:42:23,2025-09-15 06:21:24,30.0,2.0,0.0,0.0,20.0,25.0,E-Bike,35,546
U1400,38,Metro/Bus,4532,0,2.0,103500.0,51750.0,34.5,0.0,0.0,0.5,1.0,2.0,2025-10-02 07:09:59,2025-09-12 16:55:04,32.0,2.0,0.0,0.0,28.0,19.0,Metro/Bus,38,4532
U1401,43,E-Bike,4717,0,6.0,128500.0,21416.666666666668,27.0,0.5,0.16666666666666666,0.3333333333333333,4.0,3.0,2025-10-28 22:56:03,2025-08-07 16:27:47,29.333333333333332,3.0,1.0,2.0,2.0,82.0,E-Bike,43,4717
U1402,21,Metro/Bus,2979,0,1.0,7000.0,7000.0,28.0,1.0,0.0,0.0,1.0,1.0,2025-09-20 19:33:42,2025-09-20 19:33:42,34.0,0.0,0.0,1.0,40.0,0.0,Metro/Bus,21,2979
U1403,21,Shuttle,4009,1,4.0,138000.0,34500.0,29.0,0.0,0.5,0.5,3.0,4.0,2025-10-02 18:26:56,2025-08-19 09:05:07,28.5,2.0,1.0,1.0,28.0,44.0,Shuttle,21,4009
U1404,28,Metro/Bus,644,0,3.0,59000.0,19666.666666666668,32.666666666666664,0.0,0.0,0.3333333333333333,3.0,3.0,2025-10-20 07:59:38,2025-09-16 09:13:40,31.0,1.0,1.0,1.0,10.0,33.0,Metro/Bus,28,644
U1405,29,Shuttle,22,0,3.0,75000.0,25000.0,34.0,0.6666666666666666,0.3333333333333333,0.6666666666666666,3.0,2.0,2025-10-06 17:54:42,2025-08-24 07:31:13,31.333333333333332,0.0,1.0,2.0,24.0,43.0,Shuttle,29,22
U1406,43,Metro/Bus,1121,0,4.0,112000.0,28000.0,25.75,0.0,0.0,0.25,3.0,4.0,2025-10-28 09:52:04,2025-08-21 22:38:32,30.0,3.0,1.0,0.0,2.0,67.0,Metro/Bus,43,1121
U1407,48,Shuttle,243,0,6.0,192000.0,32000.0,24.5,0.0,0.16666666666666666,0.16666666666666666,5.0,5.0,2025-10-28 13:27:05,2025-08-04 09:31:19,31.333333333333332,4.0,0.0,2.0,2.0,85.0,Shuttle,48,243
U1408,55,Metro/Bus,1235,0,5.0,153000.0,30600.0,40.2,0.0,0.2,0.6,4.0,4.0,2025-10-29 18:42:56,2025-08-08 18:09:04,32.0,3.0,0.0,2.0,1.0,82.0,Metro/Bus,55,1235
U1409,37,Shuttle,2039,0,6.0,160000.0,26666.666666666668,35.166666666666664,0.3333333333333333,0.5,0.16666666666666666,4.0,6.0,2025-10-23 19:06:46,2025-08-16 16:58:25,29.5,3.0,0.0,3.0,7.0,68.0,Shuttle,37,2039
U1410,46,Metro/Bus,92,0,6.0,189000.0,31500.0,27.0,0.3333333333333333,0.3333333333333333,0.5,4.0,4.0,2025-10-16 15:27:20,2025-08-16 08:32:43,30.0,4.0,0.0,2.0,14.0,61.0,Metro/Bus,46,92
U1411,48,E-Bike,2075,0,6.0,171000.0,28500.0,26.333333333333332,0.16666666666666666,0.16666666666666666,0.5,4.0,4.0,2025-10-22 07:56:45,2025-08-19 07:11:04,31.5,5.0,0.0,1.0,8.0,64.0,E-Bike,48,2075
U1412,27,E-Bike,4176,0,3.0,109500.0,36500.0,44.0,0.6666666666666666,0.0,0.3333333333333333,2.0,3.0,2025-10-15 08:46:36,2025-09-07 15:54:47,28.666666666666668,1.0,1.0,1.0,15.0,37.0,E-Bike,27,4176
U1413,42,Shuttle,1712,0,5.0,180500.0,36100.0,49.2,0.0,0.4,0.6,4.0,5.0,2025-10-20 15:14:39,2025-08-12 08:13:38,30.0,1.0,3.0,1.0,10.0,69.0,Shuttle,42,1712
U1414,32,E-Bike,4739,1,3.0,71000.0,23666.666666666668,45.333333333333336,0.6666666666666666,0.3333333333333333,0.3333333333333333,2.0,2.0,2025-09-20 22:12:03,2025-08-03 14:39:29,31.333333333333332,1.0,1.0,1.0,40.0,48.0,E-Bike,32,4739
U1415,26,Shuttle,3637,0,6.0,206000.0,34333.333333333336,42.0,0.5,0.3333333333333333,0.16666666666666666,4.0,5.0,2025-09-25 20:45:01,2025-08-03 21:09:01,30.833333333333332,3.0,1.0,2.0,35.0,52.0,Shuttle,26,3637
U1416,40,Metro/Bus,3790,0,6.0,226000.0,37666.666666666664,36.333333333333336,0.0,0.5,0.5,4.0,5.0,2025-10-24 18:33:00,2025-08-06 09:50:58,30.0,4.0,0.0,2.0,6.0,79.0,Metro/Bus,40,3790
U1417,48,Metro/Bus,4797,0,4.0,82000.0,20500.0,39.5,0.25,0.0,0.5,4.0,3.0,2025-10-06 20:47:10,2025-09-19 11:35:23,31.75,0.0,1.0,3.0,24.0,17.0,Metro/Bus,48,4797
U1418,27,E-Bike,3799,0,8.0,315500.0,39437.5,35.0,0.375,0.0,0.125,6.0,6.0,2025-10-05 21:20:22,2025-08-15 19:48:58,28.75,6.0,0.0,2.0,25.0,51.0,E-Bike,27,3799
U1419,42,Metro/Bus,3906,0,4.0,99500.0,24875.0,42.0,0.5,0.0,0.25,3.0,4.0,2025-09-21 08:58:50,2025-08-06 22:29:32,32.75,1.0,0.0,3.0,39.0,45.0,Metro/Bus,42,3906
U1420,42,E-Bike,2041,0,7.0,278000.0,39714.28571428572,40.142857142857146,0.14285714285714285,0.5714285714285714,0.2857142857142857,6.0,5.0,2025-10-24 07:29:09,2025-09-01 19:12:50,32.857142857142854,4.0,2.0,1.0,6.0,52.0,E-Bike,42,2041
U1421,31,Shuttle,2816,0,8.0,195000.0,24375.0,33.125,0.375,0.0,0.375,4.0,5.0,2025-10-22 09:36:12,2025-08-01 18:38:04,31.125,4.0,1.0,3.0,8.0,81.0,Shuttle,31,2816
U1422,32,Shuttle,4068,0,8.0,175500.0,21937.5,26.5,0.125,0.25,0.5,4.0,7.0,2025-10-15 13:24:22,2025-08-05 15:04:31,28.75,5.0,0.0,3.0,15.0,70.0,Shuttle,32,4068
U1423,22,E-Bike,3185,0,5.0,190000.0,38000.0,62.4,0.2,0.4,0.4,3.0,5.0,2025-10-27 12:07:32,2025-09-12 07:43:47,32.0,1.0,3.0,1.0,3.0,45.0,E-Bike,22,3185
U1424,36,Metro/Bus,312,0,4.0,152500.0,38125.0,45.25,0.5,0.0,0.25,3.0,3.0,2025-10-26 22:34:32,2025-08-25 06:29:04,29.75,2.0,1.0,1.0,4.0,62.0,Metro/Bus,36,312
U1425,30,Metro/Bus,2962,0,4.0,111000.0,27750.0,23.25,0.0,0.5,0.25,2.0,3.0,2025-10-22 21:02:22,2025-08-14 09:37:34,30.75,3.0,0.0,1.0,8.0,69.0,Metro/Bus,30,2962
U1426,34,E-Bike,914,0,4.0,142000.0,35500.0,40.75,0.0,0.25,0.5,3.0,3.0,2025-10-14 19:02:11,2025-08-19 17:48:56,30.0,2.0,0.0,2.0,16.0,56.0,E-Bike,34,914
U1427,27,E-Bike,4065,0,9.0,333000.0,37000.0,45.111111111111114,0.6666666666666666,0.0,0.2222222222222222,4.0,5.0,2025-10-18 22:05:22,2025-08-10 19:24:09,30.11111111111111,5.0,2.0,2.0,12.0,69.0,E-Bike,27,4065
U1428,28,E-Bike,4226,0,2.0,28000.0,14000.0,21.0,0.5,0.0,0.0,2.0,2.0,2025-10-05 06:12:05,2025-08-05 22:57:21,29.5,1.0,0.0,1.0,25.0,60.0,E-Bike,28,4226
U1429,53,Shuttle,2808,0,1.0,67500.0,67500.0,45.0,0.0,0.0,0.0,1.0,1.0,2025-09-11 20:12:05,2025-09-11 20:12:05,28.0,1.0,0.0,0.0,49.0,0.0,Shuttle,53,2808
U1430,42,E-Bike,1920,0,3.0,143000.0,47666.666666666664,36.666666666666664,0.6666666666666666,0.0,0.3333333333333333,3.0,3.0,2025-10-19 09:22:51,2025-08-01 10:28:30,31.666666666666668,2.0,0.0,1.0,11.0,78.0,E-Bike,42,1920
U1431,51,Metro/Bus,265,1,10.0,209500.0,20950.0,29.7,0.3,0.0,0.4,5.0,5.0,2025-09-19 07:25:00,2025-08-02 18:18:49,30.6,5.0,0.0,5.0,41.0,47.0,Metro/Bus,51,265
U1432,22,E-Bike,894,0,2.0,47500.0,23750.0,20.0,0.0,0.0,0.0,2.0,2.0,2025-10-01 09:55:59,2025-09-01 09:20:27,26.5,1.0,1.0,0.0,29.0,30.0,E-Bike,22,894
U1433,34,E-Bike,700,1,5.0,172000.0,34400.0,29.8,0.4,0.6,0.2,4.0,4.0,2025-10-06 21:31:51,2025-08-09 09:20:26,32.8,4.0,1.0,0.0,24.0,58.0,E-Bike,34,700
U1434,20,Shuttle,4532,0,2.0,73500.0,36750.0,24.5,0.0,1.0,0.0,2.0,2.0,2025-10-07 19:09:57,2025-08-27 06:48:02,32.5,2.0,0.0,0.0,23.0,41.0,Shuttle,20,4532
U1435,54,Shuttle,3684,0,4.0,112000.0,28000.0,25.25,0.25,0.25,0.75,3.0,3.0,2025-10-21 07:17:27,2025-08-10 08:32:56,30.5,3.0,1.0,0.0,9.0,71.0,Shuttle,54,3684
U1436,28,Metro/Bus,2274,0,3.0,42000.0,14000.0,46.333333333333336,0.3333333333333333,0.0,0.3333333333333333,2.0,1.0,2025-10-18 20:30:44,2025-08-27 07:27:18,28.0,0.0,0.0,3.0,12.0,52.0,Metro/Bus,28,2274
U1437,33,E-Bike,2033,0,7.0,233000.0,33285.71428571428,35.857142857142854,0.2857142857142857,0.42857142857142855,0.5714285714285714,5.0,5.0,2025-10-30 17:50:07,2025-08-17 21:31:43,29.285714285714285,4.0,1.0,2.0,0.0,73.0,E-Bike,33,2033
U1438,21,Metro/Bus,3171,0,5.0,205000.0,41000.0,36.8,0.4,0.2,0.4,5.0,4.0,2025-10-27 12:54:49,2025-08-30 10:26:44,28.6,3.0,0.0,2.0,3.0,58.0,Metro/Bus,21,3171
U1439,46,Metro/Bus,4704,0,7.0,243000.0,34714.28571428572,31.142857142857142,0.14285714285714285,0.42857142857142855,0.14285714285714285,6.0,4.0,2025-10-24 09:39:16,2025-08-05 20:56:55,30.285714285714285,5.0,1.0,1.0,6.0,79.0,Metro/Bus,46,4704
U1440,46,E-Bike,1512,0,5.0,129000.0,25800.0,22.8,0.2,0.0,0.2,5.0,4.0,2025-10-26 13:12:02,2025-08-19 09:32:39,31.2,2.0,1.0,2.0,4.0,68.0,E-Bike,46,1512
U1441,30,E-Bike,2346,0,8.0,144000.0,18000.0,26.75,0.125,0.25,0.375,7.0,6.0,2025-10-16 18:58:00,2025-09-10 11:07:34,30.875,3.0,0.0,5.0,14.0,36.0,E-Bike,30,2346
U1442,49,Shuttle,4522,0,4.0,113000.0,28250.0,48.0,0.0,0.0,0.5,3.0,3.0,2025-10-10 17:26:13,2025-09-05 15:52:27,31.25,1.0,2.0,1.0,20.0,35.0,Shuttle,49,4522
U1443,37,E-Bike,2417,0,3.0,104500.0,34833.333333333336,53.333333333333336,0.3333333333333333,0.0,0.0,3.0,3.0,2025-09-23 10:57:31,2025-09-03 22:57:31,29.666666666666668,1.0,1.0,1.0,37.0,19.0,E-Bike,37,2417
U1444,40,Metro/Bus,804,0,5.0,163000.0,32600.0,30.6,0.2,0.2,0.0,4.0,3.0,2025-10-08 09:22:14,2025-08-06 19:42:45,29.6,4.0,1.0,0.0,22.0,62.0,Metro/Bus,40,804
U1445,38,E-Bike,952,0,1.0,57000.0,57000.0,38.0,1.0,0.0,0.0,1.0,1.0,2025-08-03 21:41:36,2025-08-03 21:41:36,30.0,1.0,0.0,0.0,88.0,0.0,E-Bike,38,952
U1446,22,E-Bike,4984,0,6.0,205000.0,34166.666666666664,49.333333333333336,0.3333333333333333,0.0,0.5,4.0,4.0,2025-10-12 08:03:03,2025-08-03 20:30:43,30.666666666666668,2.0,2.0,2.0,18.0,69.0,E-Bike,22,4984
U1447,35,E-Bike,1862,0,5.0,118500.0,23700.0,22.2,0.2,0.6,0.6,4.0,4.0,2025-09-24 08:50:01,2025-08-30 20:36:58,27.4,4.0,0.0,1.0,36.0,24.0,E-Bike,35,1862
U1448,36,E-Bike,4713,0,7.0,178000.0,25428.571428571428,27.142857142857142,0.14285714285714285,0.42857142857142855,0.42857142857142855,4.0,5.0,2025-10-19 20:01:37,2025-08-27 19:03:20,30.714285714285715,5.0,0.0,2.0,11.0,53.0,E-Bike,36,4713
U1449,32,Metro/Bus,4077,0,4.0,70500.0,17625.0,26.25,0.25,0.25,1.0,4.0,3.0,2025-10-15 08:18:07,2025-08-06 08:32:43,30.5,1.0,0.0,3.0,15.0,69.0,Metro/Bus,32,4077
U1450,24,E-Bike,1113,0,4.0,115000.0,28750.0,40.25,0.0,0.5,0.5,3.0,4.0,2025-09-16 07:50:07,2025-08-13 15:49:42,30.25,1.0,1.0,2.0,44.0,33.0,E-Bike,24,1113
U1451,33,Shuttle,4910,0,4.0,109500.0,27375.0,35.0,0.0,0.0,0.25,3.0,4.0,2025-10-24 06:46:14,2025-08-25 10:10:13,29.5,2.0,0.0,2.0,6.0,59.0,Shuttle,33,4910
U1452,20,E-Bike,4754,0,9.0,354500.0,39388.88888888889,41.55555555555556,0.2222222222222222,0.1111111111111111,0.6666666666666666,6.0,5.0,2025-10-28 19:24:30,2025-08-04 15:30:04,29.77777777777778,5.0,3.0,1.0,2.0,85.0,E-Bike,20,4754
U1453,41,E-Bike,924,0,5.0,88500.0,17700.0,11.8,0.0,0.4,0.4,4.0,3.0,2025-10-24 19:02:34,2025-08-12 12:46:18,31.0,5.0,0.0,0.0,6.0,73.0,E-Bike,41,924
U1454,48,E-Bike,3994,0,5.0,210000.0,42000.0,33.4,0.2,0.2,0.6,4.0,4.0,2025-08-27 08:12:36,2025-08-12 09:19:12,31.2,4.0,0.0,1.0,64.0,14.0,E-Bike,48,3994
U1455,30,E-Bike,4516,0,2.0,69500.0,34750.0,35.5,0.0,0.0,1.0,2.0,2.0,2025-10-02 07:15:53,2025-09-29 17:06:30,27.5,1.0,0.0,1.0,28.0,2.0,E-Bike,30,4516
U1456,40,E-Bike,1768,0,7.0,170500.0,24357.14285714286,34.57142857142857,0.2857142857142857,0.2857142857142857,0.42857142857142855,5.0,5.0,2025-10-12 19:56:55,2025-08-15 11:36:37,31.285714285714285,4.0,1.0,2.0,18.0,58.0,E-Bike,40,1768
U1457,53,E-Bike,4356,0,8.0,258500.0,32312.5,23.375,0.25,0.625,0.5,5.0,3.0,2025-10-24 17:43:32,2025-08-04 21:01:29,29.875,7.0,0.0,1.0,6.0,80.0,E-Bike,53,4356
U1458,48,E-Bike,2087,0,1.0,15000.0,15000.0,59.0,0.0,1.0,0.0,1.0,1.0,2025-09-08 13:56:05,2025-09-08 13:56:05,31.0,0.0,0.0,1.0,52.0,0.0,E-Bike,48,2087
U1459,54,E-Bike,1986,0,4.0,149500.0,37375.0,34.75,0.25,0.25,0.5,3.0,3.0,2025-10-12 19:22:39,2025-08-21 09:22:25,30.0,3.0,0.0,1.0,18.0,52.0,E-Bike,54,1986
U1460,40,Metro/Bus,674,1,9.0,350000.0,38888.88888888889,35.111111111111114,0.2222222222222222,0.3333333333333333,0.3333333333333333,5.0,5.0,2025-10-23 12:26:37,2025-08-06 07:31:07,29.333333333333332,7.0,1.0,1.0,7.0,78.0,Metro/Bus,40,674
U1461,40,E-Bike,4601,0,2.0,82500.0,41250.0,27.5,0.0,0.0,1.0,2.0,2.0,2025-10-23 07:56:46,2025-09-12 17:00:34,30.5,2.0,0.0,0.0,7.0,40.0,E-Bike,40,4601
U1462,36,Shuttle,3684,0,7.0,181000.0,25857.14285714286,36.57142857142857,0.14285714285714285,0.14285714285714285,0.7142857142857143,4.0,4.0,2025-10-29 07:14:38,2025-08-04 09:34:03,30.571428571428573,3.0,2.0,2.0,1.0,85.0,Shuttle,36,3684
U1463,35,E-Bike,2196,1,1.0,20000.0,20000.0,34.0,0.0,1.0,1.0,1.0,1.0,2025-09-23 07:06:06,2025-09-23 07:06:06,31.0,0.0,0.0,1.0,37.0,0.0,E-Bike,35,2196
U1464,42,Metro/Bus,215,0,5.0,182000.0,36400.0,44.2,0.6,0.0,0.4,3.0,3.0,2025-10-07 19:28:03,2025-08-10 17:54:23,27.4,2.0,2.0,1.0,23.0,58.0,Metro/Bus,42,215
U1465,29,E-Bike,3096,0,5.0,201500.0,40300.0,31.2,0.2,0.2,0.6,4.0,3.0,2025-10-28 09:45:23,2025-08-25 17:46:05,31.2,3.0,1.0,1.0,2.0,63.0,E-Bike,29,3096
U1466,24,Shuttle,686,0,5.0,172000.0,34400.0,34.2,0.2,0.2,0.8,5.0,5.0,2025-10-28 18:57:19,2025-08-04 17:07:05,31.8,4.0,1.0,0.0,2.0,85.0,Shuttle,24,686
U1467,31,E-Bike,630,0,5.0,92000.0,18400.0,35.2,0.4,0.2,0.4,5.0,3.0,2025-09-15 19:02:56,2025-08-02 13:37:13,29.2,2.0,1.0,2.0,45.0,44.0,E-Bike,31,630
U1468,35,Shuttle,1076,0,4.0,186000.0,46500.0,31.0,0.25,0.25,0.25,3.0,2.0,2025-10-17 06:30:02,2025-08-11 19:27:50,34.75,4.0,0.0,0.0,13.0,66.0,Shuttle,35,1076
U1469,54,Shuttle,2700,1,3.0,116500.0,38833.333333333336,39.666666666666664,0.3333333333333333,0.3333333333333333,0.6666666666666666,2.0,3.0,2025-10-05 19:06:31,2025-08-11 17:58:26,31.333333333333332,2.0,1.0,0.0,25.0,55.0,Shuttle,54,2700
U1470,38,Shuttle,813,0,3.0,88500.0,29500.0,19.666666666666668,0.3333333333333333,0.3333333333333333,0.3333333333333333,3.0,2.0,2025-10-25 21:41:14,2025-09-02 08:55:38,32.0,3.0,0.0,0.0,5.0,53.0,Shuttle,38,813
U1471,32,Metro/Bus,1222,0,4.0,118500.0,29625.0,29.5,0.75,0.25,0.75,4.0,4.0,2025-10-04 17:24:09,2025-08-16 10:54:34,28.25,2.0,0.0,2.0,26.0,49.0,Metro/Bus,32,1222
U1472,55,Shuttle,2208,0,2.0,79500.0,39750.0,26.5,0.0,0.0,0.0,2.0,2.0,2025-08-12 14:46:05,2025-08-01 14:38:42,27.5,2.0,0.0,0.0,79.0,11.0,Shuttle,55,2208
U1473,55,E-Bike,1226,0,2.0,46500.0,23250.0,35.5,0.0,0.0,1.0,2.0,1.0,2025-10-22 17:55:45,2025-10-16 17:08:32,33.0,1.0,0.0,1.0,8.0,6.0,E-Bike,55,1226
U1474,38,Metro/Bus,3686,0,7.0,243000.0,34714.28571428572,24.428571428571427,0.14285714285714285,0.14285714285714285,0.42857142857142855,4.0,4.0,2025-09-16 18:55:27,2025-08-06 17:48:22,32.0,6.0,0.0,1.0,44.0,41.0,Metro/Bus,38,3686
U1475,34,Metro/Bus,731,0,3.0,163500.0,54500.0,36.333333333333336,0.6666666666666666,0.3333333333333333,0.6666666666666666,2.0,3.0,2025-10-14 13:36:50,2025-09-28 08:18:20,32.0,3.0,0.0,0.0,16.0,16.0,Metro/Bus,34,731
U1476,50,E-Bike,1217,0,8.0,258000.0,32250.0,26.375,0.375,0.125,0.5,4.0,6.0,2025-10-25 09:39:17,2025-08-02 19:19:20,30.5,5.0,0.0,3.0,5.0,83.0,E-Bike,50,1217
U1477,26,E-Bike,3624,0,3.0,34000.0,11333.333333333334,30.0,0.0,0.3333333333333333,0.3333333333333333,3.0,3.0,2025-08-13 14:48:35,2025-08-11 07:12:30,31.666666666666668,1.0,0.0,2.0,78.0,2.0,E-Bike,26,3624
U1478,37,E-Bike,3834,0,4.0,99500.0,24875.0,24.5,0.75,0.0,0.5,3.0,4.0,2025-10-29 11:35:19,2025-08-02 07:42:18,29.25,2.0,0.0,2.0,1.0,88.0,E-Bike,37,3834
U1479,41,Metro/Bus,1378,0,8.0,322000.0,40250.0,43.125,0.375,0.125,0.75,7.0,6.0,2025-10-29 18:11:57,2025-08-14 09:54:10,32.25,4.0,2.0,2.0,1.0,76.0,Metro/Bus,41,1378
U1480,46,E-Bike,1199,0,3.0,92000.0,30666.666666666668,34.666666666666664,0.0,0.0,0.3333333333333333,2.0,3.0,2025-10-03 07:58:14,2025-08-15 09:03:10,30.666666666666668,1.0,1.0,1.0,27.0,48.0,E-Bike,46,1199
U1481,47,E-Bike,1811,1,3.0,91500.0,30500.0,29.0,0.0,0.3333333333333333,0.3333333333333333,2.0,1.0,2025-09-29 17:18:08,2025-08-04 19:32:04,30.666666666666668,2.0,0.0,1.0,31.0,55.0,E-Bike,47,1811
U1482,49,E-Bike,906,0,7.0,196500.0,28071.428571428572,33.42857142857143,0.0,0.14285714285714285,0.5714285714285714,6.0,5.0,2025-10-24 19:28:46,2025-08-05 09:38:33,31.142857142857142,3.0,2.0,2.0,6.0,80.0,E-Bike,49,906
U1483,27,E-Bike,2130,0,1.0,20000.0,20000.0,15.0,0.0,0.0,0.0,1.0,1.0,2025-10-28 13:42:57,2025-10-28 13:42:57,35.0,0.0,0.0,1.0,2.0,0.0,E-Bike,27,2130
U1484,24,Metro/Bus,1544,1,5.0,192000.0,38400.0,49.2,0.2,0.2,0.6,3.0,4.0,2025-08-17 17:51:26,2025-08-05 19:04:11,30.8,2.0,3.0,0.0,74.0,11.0,Metro/Bus,24,1544
U1485,29,E-Bike,1174,0,7.0,192000.0,27428.571428571428,18.285714285714285,0.42857142857142855,0.14285714285714285,0.7142857142857143,5.0,4.0,2025-10-01 13:13:49,2025-08-10 07:42:32,28.714285714285715,7.0,0.0,0.0,29.0,52.0,E-Bike,29,1174
U1486,34,Shuttle,1172,0,2.0,100000.0,50000.0,62.0,0.5,0.5,1.0,1.0,2.0,2025-10-29 07:20:14,2025-09-28 18:20:28,29.5,1.0,1.0,0.0,1.0,30.0,Shuttle,34,1172
U1487,35,E-Bike,3641,0,3.0,77000.0,25666.666666666668,33.666666666666664,0.3333333333333333,0.3333333333333333,0.3333333333333333,2.0,3.0,2025-10-23 22:50:57,2025-08-01 07:04:30,30.666666666666668,1.0,1.0,1.0,7.0,83.0,E-Bike,35,3641
U1488,50,E-Bike,3668,0,7.0,199500.0,28500.0,33.714285714285715,0.42857142857142855,0.14285714285714285,0.5714285714285714,5.0,4.0,2025-10-17 08:22:45,2025-08-18 18:10:09,30.571428571428573,2.0,3.0,2.0,13.0,59.0,E-Bike,50,3668
U1489,22,Shuttle,429,0,3.0,70000.0,23333.333333333332,42.333333333333336,0.3333333333333333,0.3333333333333333,0.6666666666666666,3.0,2.0,2025-10-28 17:24:32,2025-08-02 07:23:58,27.666666666666668,0.0,1.0,2.0,2.0,87.0,Shuttle,22,429
U1490,35,Shuttle,665,1,4.0,143500.0,35875.0,38.0,0.75,0.25,0.75,3.0,3.0,2025-10-24 18:47:21,2025-08-16 16:44:45,31.0,3.0,1.0,0.0,6.0,69.0,Shuttle,35,665
U1491,52,E-Bike,248,0,3.0,112500.0,37500.0,25.0,0.0,0.3333333333333333,0.3333333333333333,3.0,2.0,2025-10-28 07:31:05,2025-09-24 19:53:57,26.666666666666668,3.0,0.0,0.0,2.0,33.0,E-Bike,52,248
U1492,25,E-Bike,250,0,4.0,86500.0,21625.0,32.25,0.5,0.0,0.75,4.0,4.0,2025-09-27 19:49:24,2025-08-14 18:52:28,34.25,2.0,1.0,1.0,33.0,44.0,E-Bike,25,250
U1493,29,Metro/Bus,4396,1,4.0,91500.0,22875.0,34.0,0.25,0.0,0.25,3.0,2.0,2025-09-30 19:16:53,2025-08-10 18:28:34,31.5,1.0,1.0,2.0,30.0,51.0,Metro/Bus,29,4396
U1494,23,E-Bike,3073,0,4.0,115500.0,28875.0,30.5,0.0,0.0,0.5,4.0,4.0,2025-10-27 19:42:22,2025-10-09 07:43:53,32.0,3.0,0.0,1.0,3.0,18.0,E-Bike,23,3073
U1495,37,E-Bike,2893,0,1.0,64500.0,64500.0,43.0,1.0,0.0,0.0,1.0,1.0,2025-10-26 13:09:22,2025-10-26 13:09:22,35.0,1.0,0.0,0.0,4.0,0.0,E-Bike,37,2893
U1496,52,Shuttle,3019,0,10.0,389500.0,38950.0,39.6,0.2,0.2,0.6,6.0,5.0,2025-10-30 18:57:17,2025-08-04 08:36:52,30.7,6.0,3.0,1.0,0.0,87.0,Shuttle,52,3019
U1497,34,E-Bike,3675,0,5.0,150000.0,30000.0,35.6,0.2,0.0,0.2,3.0,4.0,2025-10-20 20:06:10,2025-08-02 19:52:48,31.0,3.0,1.0,1.0,10.0,79.0,E-Bike,34,3675
U1498,34,E-Bike,1940,0,4.0,138500.0,34625.0,48.0,0.25,0.0,0.75,4.0,3.0,2025-10-20 19:14:14,2025-08-07 08:01:55,32.25,2.0,2.0,0.0,10.0,74.0,E-Bike,34,1940
U1499,25,Metro/Bus,812,0,2.0,30000.0,15000.0,36.5,1.0,0.0,0.0,2.0,2.0,2025-09-28 09:25:28,2025-09-07 13:36:07,31.5,0.0,0.0,2.0,32.0,20.0,Metro/Bus,25,812
U1500,52,E-Bike,3496,0,5.0,170000.0,34000.0,27.8,0.4,0.2,0.2,4.0,4.0,2025-10-26 10:24:03,2025-09-09 08:56:44,29.8,3.0,1.0,1.0,4.0,47.0,E-Bike,52,3496
U1501,41,E-Bike,2067,1,5.0,180500.0,36100.0,46.2,0.4,0.2,0.4,3.0,3.0,2025-10-15 17:16:21,2025-08-02 09:20:07,32.0,2.0,2.0,1.0,15.0,74.0,E-Bike,41,2067
U1502,37,Metro/Bus,526,0,8.0,188000.0,23500.0,32.375,0.0,0.0,0.25,6.0,5.0,2025-10-28 19:12:27,2025-08-06 09:46:45,29.625,4.0,0.0,4.0,2.0,83.0,Metro/Bus,37,526
U1503,45,Shuttle,2385,0,5.0,175000.0,35000.0,39.8,0.2,0.0,0.4,3.0,5.0,2025-10-23 21:16:41,2025-09-24 19:21:34,30.2,2.0,0.0,3.0,7.0,29.0,Shuttle,45,2385
U1504,33,E-Bike,3740,0,4.0,187000.0,46750.0,34.0,0.5,0.0,0.25,3.0,3.0,2025-10-04 21:52:25,2025-08-02 10:29:53,30.5,3.0,1.0,0.0,26.0,63.0,E-Bike,33,3740
U1505,52,E-Bike,1197,0,4.0,130000.0,32500.0,27.5,0.5,0.25,0.5,3.0,4.0,2025-10-16 09:37:12,2025-08-03 11:45:49,32.25,3.0,1.0,0.0,14.0,73.0,E-Bike,52,1197
U1506,26,Shuttle,3452,0,6.0,208000.0,34666.666666666664,31.0,0.16666666666666666,0.3333333333333333,0.3333333333333333,5.0,4.0,2025-10-20 19:31:53,2025-08-08 06:52:46,31.166666666666668,5.0,1.0,0.0,10.0,73.0,Shuttle,26,3452
U1507,49,E-Bike,4774,0,2.0,73500.0,36750.0,24.5,0.0,0.0,0.0,2.0,2.0,2025-08-28 19:21:18,2025-08-13 10:31:04,31.0,2.0,0.0,0.0,63.0,15.0,E-Bike,49,4774
U1508,40,Metro/Bus,3307,0,8.0,312500.0,39062.5,53.125,0.375,0.25,0.5,5.0,5.0,2025-10-01 08:31:02,2025-08-12 07:39:05,30.5,3.0,3.0,2.0,29.0,50.0,Metro/Bus,40,3307
U1509,51,Metro/Bus,4927,0,4.0,140500.0,35125.0,29.5,0.25,0.0,0.5,3.0,3.0,2025-10-19 19:01:34,2025-08-20 17:08:11,31.0,2.0,1.0,1.0,11.0,60.0,Metro/Bus,51,4927
U1510,25,Metro/Bus,3589,0,5.0,162000.0,32400.0,27.0,0.2,0.0,0.8,4.0,4.0,2025-10-20 07:30:11,2025-08-03 07:34:44,31.0,4.0,0.0,1.0,10.0,77.0,Metro/Bus,25,3589
U1511,46,E-Bike,3282,0,7.0,230500.0,32928.57142857143,24.714285714285715,0.0,0.0,0.8571428571428571,5.0,5.0,2025-10-06 08:46:10,2025-08-01 07:12:26,30.285714285714285,6.0,1.0,0.0,24.0,66.0,E-Bike,46,3282
U1512,26,E-Bike,2417,0,7.0,276000.0,39428.57142857143,46.142857142857146,0.14285714285714285,0.0,0.42857142857142855,5.0,5.0,2025-10-14 15:17:32,2025-08-13 17:08:06,29.714285714285715,3.0,3.0,1.0,16.0,61.0,E-Bike,26,2417
U1513,36,Metro/Bus,4511,0,3.0,29000.0,9666.666666666666,41.0,0.3333333333333333,0.3333333333333333,0.3333333333333333,2.0,2.0,2025-10-26 07:05:07,2025-08-25 15:40:02,33.333333333333336,0.0,0.0,3.0,4.0,61.0,Metro/Bus,36,4511
U1514,23,E-Bike,4506,0,6.0,193500.0,32250.0,38.833333333333336,0.3333333333333333,0.0,0.3333333333333333,4.0,5.0,2025-10-14 19:47:05,2025-08-07 12:28:27,28.333333333333332,2.0,1.0,3.0,16.0,68.0,E-Bike,23,4506
U1515,46,Metro/Bus,3188,0,2.0,61000.0,30500.0,27.0,0.0,0.0,0.5,2.0,2.0,2025-10-01 09:54:30,2025-08-20 08:14:54,27.0,1.0,0.0,1.0,29.0,42.0,Metro/Bus,46,3188
U1516,40,E-Bike,2428,0,7.0,289000.0,41285.71428571428,35.714285714285715,0.0,0.42857142857142855,0.7142857142857143,5.0,4.0,2025-10-28 17:49:14,2025-09-03 08:03:28,32.42857142857143,5.0,1.0,1.0,2.0,55.0,E-Bike,40,2428
U1517,24,Metro/Bus,1561,0,3.0,110500.0,36833.333333333336,30.333333333333332,0.3333333333333333,0.3333333333333333,0.3333333333333333,3.0,3.0,2025-10-25 07:10:11,2025-08-18 14:37:24,29.333333333333332,2.0,0.0,1.0,5.0,67.0,Metro/Bus,24,1561
U1518,21,E-Bike,2690,0,7.0,237500.0,33928.57142857143,30.714285714285715,0.14285714285714285,0.14285714285714285,0.2857142857142857,5.0,4.0,2025-10-15 13:54:07,2025-08-11 15:20:10,32.0,5.0,1.0,1.0,15.0,64.0,E-Bike,21,2690
U1519,54,E-Bike,913,0,7.0,284500.0,40642.857142857145,27.714285714285715,0.5714285714285714,0.0,0.14285714285714285,5.0,4.0,2025-10-05 17:17:28,2025-08-03 13:38:57,30.142857142857142,6.0,1.0,0.0,25.0,63.0,E-Bike,54,913
U1520,39,E-Bike,2888,0,3.0,158500.0,52833.333333333336,46.0,0.6666666666666666,0.0,0.0,2.0,2.0,2025-10-12 14:43:40,2025-09-19 11:01:15,28.333333333333332,2.0,1.0,0.0,18.0,23.0,E-Bike,39,2888
U1521,48,E-Bike,805,0,6.0,159000.0,26500.0,21.333333333333332,0.6666666666666666,0.16666666666666666,0.3333333333333333,4.0,5.0,2025-10-26 08:59:38,2025-08-03 19:36:56,29.833333333333332,4.0,0.0,2.0,4.0,83.0,E-Bike,48,805
U1522,28,Metro/Bus,4216,0,4.0,160500.0,40125.0,40.75,0.25,0.25,0.5,4.0,2.0,2025-09-11 11:26:45,2025-08-03 08:03:04,28.5,2.0,1.0,1.0,49.0,39.0,Metro/Bus,28,4216
U1523,51,Shuttle,447,0,4.0,49000.0,12250.0,27.0,0.25,0.0,0.75,3.0,4.0,2025-10-23 19:45:29,2025-08-02 18:07:00,30.5,0.0,0.0,4.0,7.0,82.0,Shuttle,51,447
U1524,49,Shuttle,4561,0,2.0,37000.0,18500.0,29.0,0.5,0.5,0.5,2.0,2.0,2025-09-15 09:11:58,2025-09-14 17:30:40,30.0,1.0,0.0,1.0,45.0,0.0,Shuttle,49,4561
U1525,55,E-Bike,3743,0,2.0,67500.0,33750.0,22.5,1.0,0.5,0.5,1.0,2.0,2025-10-05 07:56:18,2025-09-14 10:24:37,35.0,2.0,0.0,0.0,25.0,20.0,E-Bike,55,3743
U1526,34,Shuttle,2764,0,4.0,120500.0,30125.0,42.5,0.25,0.25,1.0,3.0,4.0,2025-10-25 08:45:24,2025-08-11 18:48:28,31.25,2.0,0.0,2.0,5.0,74.0,Shuttle,34,2764
U1527,38,E-Bike,405,1,0.0,0.0,0.0,0.0,0.0,0.0,0.0,0.0,0.0,,,0.0,0.0,0.0,0.0,0.0,0.0,E-Bike,38,405
U1528,44,Metro/Bus,977,0,4.0,112000.0,28000.0,30.75,0.75,0.25,0.75,3.0,3.0,2025-10-21 18:48:06,2025-09-13 07:09:30,33.5,2.0,0.0,2.0,9.0,38.0,Metro/Bus,44,977
U1529,18,Metro/Bus,1946,0,5.0,114000.0,22800.0,38.8,0.4,0.2,0.4,4.0,3.0,2025-10-22 10:42:50,2025-08-05 08:29:19,30.6,2.0,2.0,1.0,8.0,78.0,Metro/Bus,18,1946
U1530,41,Metro/Bus,2784,0,10.0,291500.0,29150.0,27.3,0.3,0.4,0.7,5.0,7.0,2025-10-08 17:16:17,2025-08-19 17:59:39,31.5,8.0,1.0,1.0,22.0,49.0,Metro/Bus,41,2784
U1531,27,Metro/Bus,3443,0,3.0,91500.0,30500.0,24.666666666666668,0.0,0.3333333333333333,0.3333333333333333,1.0,2.0,2025-10-03 17:48:08,2025-09-02 14:36:49,33.0,2.0,0.0,1.0,27.0,31.0,Metro/Bus,27,3443
U1532,37,E-Bike,2751,0,4.0,115000.0,28750.0,31.25,0.5,0.0,0.25,4.0,2.0,2025-10-20 06:10:55,2025-08-25 19:10:19,29.5,3.0,1.0,0.0,10.0,55.0,E-Bike,37,2751
U1533,49,Shuttle,1078,0,8.0,244000.0,30500.0,41.25,0.5,0.5,0.375,5.0,4.0,2025-10-24 08:10:28,2025-08-01 19:06:09,31.5,3.0,2.0,3.0,6.0,83.0,Shuttle,49,1078
U1534,27,E-Bike,1716,0,4.0,140500.0,35125.0,27.5,0.25,0.0,0.5,3.0,4.0,2025-09-28 12:53:35,2025-09-05 07:19:17,29.5,3.0,1.0,0.0,32.0,23.0,E-Bike,27,1716
U1535,47,E-Bike,4125,1,3.0,139500.0,46500.0,31.0,0.6666666666666666,0.0,0.6666666666666666,2.0,3.0,2025-10-25 18:21:36,2025-09-03 17:12:56,32.666666666666664,3.0,0.0,0.0,5.0,52.0,E-Bike,47,4125
U1536,28,E-Bike,3802,0,8.0,210000.0,26250.0,21.0,0.125,0.25,0.5,5.0,7.0,2025-10-18 08:45:20,2025-08-21 19:40:21,30.125,6.0,1.0,1.0,12.0,57.0,E-Bike,28,3802
U1537,36,E-Bike,2032,0,4.0,61500.0,15375.0,36.75,0.5,0.25,0.25,3.0,4.0,2025-10-03 21:13:57,2025-08-09 16:20:09,33.5,1.0,0.0,3.0,27.0,55.0,E-Bike,36,2032
U1538,38,E-Bike,4758,0,4.0,158500.0,39625.0,36.25,0.5,0.0,0.75,4.0,2.0,2025-10-10 17:14:21,2025-08-11 18:14:31,29.25,2.0,0.0,2.0,20.0,59.0,E-Bike,38,4758
U1539,33,Shuttle,4399,0,5.0,203000.0,40600.0,32.0,0.0,0.0,0.6,4.0,5.0,2025-10-29 10:39:42,2025-08-04 18:56:20,31.4,3.0,0.0,2.0,1.0,85.0,Shuttle,33,4399
U1540,49,Shuttle,3376,0,6.0,169500.0,28250.0,23.5,0.3333333333333333,0.16666666666666666,0.3333333333333333,4.0,5.0,2025-10-25 13:27:54,2025-08-06 09:26:57,32.5,4.0,0.0,2.0,5.0,80.0,Shuttle,49,3376
U1541,29,Metro/Bus,1165,0,5.0,207000.0,41400.0,27.6,0.4,0.0,0.2,5.0,4.0,2025-10-17 10:01:36,2025-09-06 16:12:34,30.4,5.0,0.0,0.0,13.0,40.0,Metro/Bus,29,1165
U1542,33,Metro/Bus,3829,0,4.0,175000.0,43750.0,43.0,0.25,0.75,0.75,3.0,4.0,2025-09-20 08:06:08,2025-08-05 08:29:48,27.0,3.0,1.0,0.0,40.0,45.0,Metro/Bus,33,3829
U1543,26,E-Bike,4019,0,3.0,87000.0,29000.0,26.666666666666668,0.3333333333333333,0.0,0.6666666666666666,3.0,3.0,2025-09-28 18:01:05,2025-08-25 09:01:51,29.333333333333332,2.0,0.0,1.0,32.0,34.0,E-Bike,26,4019
U1544,46,Metro/Bus,1014,0,9.0,285000.0,31666.666666666668,29.555555555555557,0.5555555555555556,0.1111111111111111,0.6666666666666666,8.0,6.0,2025-10-28 07:23:38,2025-08-09 09:43:19,29.333333333333332,6.0,0.0,3.0,2.0,79.0,Metro/Bus,46,1014
U1545,34,E-Bike,4776,0,8.0,258500.0,32312.5,34.25,0.5,0.0,0.625,5.0,5.0,2025-10-23 13:55:06,2025-08-16 17:59:56,29.5,4.0,2.0,2.0,7.0,67.0,E-Bike,34,4776
U1546,38,Shuttle,2062,0,6.0,220500.0,36750.0,28.0,0.16666666666666666,0.16666666666666666,0.5,4.0,4.0,2025-10-15 08:50:43,2025-08-20 08:24:18,31.333333333333332,4.0,1.0,1.0,15.0,56.0,Shuttle,38,2062
U1547,32,E-Bike,4748,0,6.0,122000.0,20333.333333333332,21.166666666666668,0.3333333333333333,0.16666666666666666,0.3333333333333333,5.0,3.0,2025-10-27 08:15:44,2025-08-16 08:48:54,32.166666666666664,4.0,0.0,2.0,3.0,71.0,E-Bike,32,4748
U1548,19,Shuttle,723,0,3.0,64500.0,21500.0,14.333333333333334,0.6666666666666666,0.0,1.0,3.0,2.0,2025-10-12 07:03:06,2025-08-24 08:17:52,29.0,3.0,0.0,0.0,18.0,48.0,Shuttle,19,723
U1549,46,Metro/Bus,1608,0,8.0,319500.0,39937.5,30.75,0.5,0.0,0.25,5.0,3.0,2025-10-25 08:08:21,2025-08-17 07:03:06,30.125,6.0,1.0,1.0,5.0,69.0,Metro/Bus,46,1608
U1550,28,Metro/Bus,2112,0,4.0,119000.0,29750.0,30.75,0.0,0.25,0.25,3.0,4.0,2025-10-24 20:47:23,2025-08-04 18:05:34,28.5,2.0,1.0,1.0,6.0,81.0,Metro/Bus,28,2112
U1551,33,Shuttle,24,1,5.0,161000.0,32200.0,28.4,0.4,0.0,0.8,3.0,4.0,2025-10-08 16:56:42,2025-08-01 18:50:51,30.6,3.0,1.0,1.0,22.0,67.0,Shuttle,33,24
U1552,22,E-Bike,433,0,3.0,38000.0,12666.666666666666,37.0,0.3333333333333333,0.0,1.0,3.0,3.0,2025-10-26 17:36:33,2025-08-28 08:31:48,27.666666666666668,1.0,0.0,2.0,4.0,59.0,E-Bike,22,433
U1553,28,Shuttle,3691,0,4.0,76000.0,19000.0,21.0,0.25,0.75,1.0,2.0,2.0,2025-09-22 17:29:13,2025-09-02 07:49:05,32.5,3.0,0.0,1.0,38.0,20.0,Shuttle,28,3691
U1554,45,E-Bike,3744,0,5.0,167000.0,33400.0,32.4,0.4,0.2,0.6,4.0,4.0,2025-10-28 16:51:11,2025-08-02 08:42:09,31.6,3.0,1.0,1.0,2.0,87.0,E-Bike,45,3744
U1555,25,E-Bike,4259,0,6.0,162500.0,27083.333333333332,40.333333333333336,0.3333333333333333,0.16666666666666666,0.5,4.0,3.0,2025-10-27 19:44:46,2025-08-03 17:26:12,29.166666666666668,2.0,1.0,3.0,3.0,85.0,E-Bike,25,4259
U1556,21,E-Bike,172,1,3.0,101500.0,33833.333333333336,39.333333333333336,0.3333333333333333,0.0,0.6666666666666666,2.0,2.0,2025-09-21 09:38:51,2025-08-11 07:53:54,30.666666666666668,1.0,1.0,1.0,39.0,41.0,E-Bike,21,172
U1557,46,E-Bike,4831,0,3.0,96000.0,32000.0,45.0,0.0,0.3333333333333333,0.6666666666666666,3.0,2.0,2025-10-15 07:44:47,2025-08-05 09:39:14,26.333333333333332,1.0,1.0,1.0,15.0,70.0,E-Bike,46,4831
U1558,47,E-Bike,3764,0,5.0,123500.0,24700.0,34.6,0.2,0.0,0.6,4.0,3.0,2025-10-30 08:41:20,2025-08-07 18:11:31,32.0,3.0,2.0,0.0,0.0,83.0,E-Bike,47,3764
U1559,29,Metro/Bus,2553,0,5.0,100000.0,20000.0,27.0,0.4,0.4,0.4,4.0,5.0,2025-10-27 08:07:40,2025-09-16 19:04:11,29.2,3.0,0.0,2.0,3.0,40.0,Metro/Bus,29,2553
U1560,27,E-Bike,3061,0,2.0,91500.0,45750.0,30.5,0.5,0.5,0.5,2.0,1.0,2025-10-18 07:19:14,2025-10-02 06:55:00,30.5,2.0,0.0,0.0,12.0,16.0,E-Bike,27,3061
U1561,35,Metro/Bus,1144,0,3.0,100500.0,33500.0,22.333333333333332,0.3333333333333333,0.0,0.3333333333333333,3.0,3.0,2025-10-22 18:02:51,2025-08-11 10:32:10,30.0,3.0,0.0,0.0,8.0,72.0,Metro/Bus,35,1144
U1562,23,E-Bike,3438,0,1.0,34500.0,34500.0,23.0,0.0,0.0,1.0,1.0,1.0,2025-10-09 18:31:58,2025-10-09 18:31:58,27.0,1.0,0.0,0.0,21.0,0.0,E-Bike,23,3438
U1563,38,E-Bike,1273,1,7.0,225000.0,32142.85714285714,29.857142857142858,0.2857142857142857,0.0,0.2857142857142857,4.0,4.0,2025-10-16 11:21:22,2025-08-17 18:47:08,31.142857142857142,5.0,0.0,2.0,14.0,59.0,E-Bike,38,1273
U1564,24,Metro/Bus,1734,0,3.0,32500.0,10833.333333333334,25.0,0.0,0.3333333333333333,0.6666666666666666,2.0,3.0,2025-09-29 17:43:52,2025-08-19 08:14:30,30.666666666666668,1.0,0.0,2.0,31.0,41.0,Metro/Bus,24,1734
U1565,53,E-Bike,3260,0,2.0,88500.0,44250.0,29.5,0.5,0.0,0.5,2.0,2.0,2025-09-12 14:03:38,2025-08-03 08:55:54,30.0,2.0,0.0,0.0,48.0,40.0,E-Bike,53,3260
U1566,28,E-Bike,381,0,0.0,0.0,0.0,0.0,0.0,0.0,0.0,0.0,0.0,,,0.0,0.0,0.0,0.0,0.0,0.0,E-Bike,28,381
U1567,45,Metro/Bus,1751,0,4.0,115500.0,28875.0,19.25,0.5,0.5,0.75,3.0,4.0,2025-10-26 18:27:18,2025-08-02 18:50:58,30.0,4.0,0.0,0.0,4.0,84.0,Metro/Bus,45,1751
U1568,54,E-Bike,3545,0,3.0,145000.0,48333.333333333336,46.333333333333336,0.0,0.3333333333333333,0.3333333333333333,1.0,2.0,2025-10-14 08:22:53,2025-09-15 15:22:32,29.666666666666668,2.0,1.0,0.0,16.0,28.0,E-Bike,54,3545
U1569,34,Metro/Bus,3027,0,4.0,173500.0,43375.0,42.0,0.0,0.0,0.5,3.0,2.0,2025-10-28 18:45:32,2025-08-06 10:31:27,30.75,3.0,1.0,0.0,2.0,83.0,Metro/Bus,34,3027
U1570,43,Metro/Bus,4525,0,3.0,103000.0,34333.333333333336,35.0,0.0,0.0,0.6666666666666666,3.0,3.0,2025-09-29 07:02:51,2025-08-05 21:14:48,31.0,2.0,0.0,1.0,31.0,54.0,Metro/Bus,43,4525
U1571,44,Shuttle,522,1,4.0,76500.0,19125.0,31.0,0.0,0.0,0.75,3.0,3.0,2025-10-13 19:28:52,2025-08-18 08:06:28,30.25,2.0,0.0,2.0,17.0,56.0,Shuttle,44,522
U1572,55,Metro/Bus,1946,0,1.0,16500.0,16500.0,11.0,0.0,0.0,1.0,1.0,1.0,2025-10-28 07:47:58,2025-10-28 07:47:58,28.0,1.0,0.0,0.0,2.0,0.0,Metro/Bus,55,1946
U1573,39,Metro/Bus,2264,1,2.0,85500.0,42750.0,28.5,0.5,0.5,0.0,2.0,2.0,2025-09-19 09:11:59,2025-09-07 16:16:37,30.0,2.0,0.0,0.0,41.0,11.0,Metro/Bus,39,2264
U1574,47,Shuttle,4092,0,6.0,153500.0,25583.333333333332,30.666666666666668,0.3333333333333333,0.3333333333333333,0.6666666666666666,5.0,4.0,2025-10-03 07:30:00,2025-08-01 19:11:07,30.5,3.0,1.0,2.0,27.0,62.0,Shuttle,47,4092
U1575,20,Metro/Bus,771,0,7.0,200000.0,28571.428571428572,44.42857142857143,0.42857142857142855,0.5714285714285714,0.8571428571428571,4.0,5.0,2025-10-30 08:05:15,2025-08-08 15:29:03,31.571428571428573,3.0,1.0,3.0,0.0,82.0,Metro/Bus,20,771
U1576,24,Metro/Bus,677,0,4.0,169000.0,42250.0,41.0,0.25,0.25,0.75,3.0,4.0,2025-09-19 07:22:01,2025-08-03 07:42:57,31.0,3.0,1.0,0.0,41.0,46.0,Metro/Bus,24,677
U1577,20,Metro/Bus,2597,0,4.0,99000.0,24750.0,21.0,0.25,0.25,0.75,3.0,2.0,2025-10-30 22:30:35,2025-08-14 17:41:28,30.25,3.0,0.0,1.0,0.0,77.0,Metro/Bus,20,2597
U1578,31,Metro/Bus,197,0,4.0,88000.0,22000.0,34.75,0.25,0.25,0.5,3.0,4.0,2025-10-09 07:10:02,2025-08-13 19:52:59,29.75,2.0,0.0,2.0,21.0,56.0,Metro/Bus,31,197
U1579,30,E-Bike,4449,0,6.0,267000.0,44500.0,41.166666666666664,0.3333333333333333,0.0,0.16666666666666666,4.0,3.0,2025-10-05 15:51:45,2025-08-22 09:21:42,30.166666666666668,4.0,1.0,1.0,25.0,44.0,E-Bike,30,4449
U1580,50,Metro/Bus,3726,0,7.0,233500.0,33357.142857142855,45.0,0.14285714285714285,0.2857142857142857,0.5714285714285714,5.0,4.0,2025-10-07 09:58:20,2025-08-21 16:18:30,29.571428571428573,3.0,2.0,2.0,23.0,46.0,Metro/Bus,50,3726
U1581,22,E-Bike,2540,0,4.0,87000.0,21750.0,38.25,0.0,0.5,0.5,3.0,3.0,2025-10-29 22:36:53,2025-08-13 08:10:50,33.0,2.0,1.0,1.0,1.0,77.0,E-Bike,22,2540
U1582,51,E-Bike,2955,0,4.0,134000.0,33500.0,25.5,0.25,0.5,1.0,4.0,4.0,2025-10-19 17:37:12,2025-09-10 07:37:16,29.0,3.0,0.0,1.0,11.0,39.0,E-Bike,51,2955
U1583,31,Metro/Bus,2942,0,4.0,154000.0,38500.0,31.5,0.25,0.0,0.5,3.0,3.0,2025-10-21 09:15:40,2025-08-24 06:27:27,27.75,3.0,0.0,1.0,9.0,58.0,Metro/Bus,31,2942
U1584,26,Metro/Bus,1017,0,2.0,91000.0,45500.0,43.5,0.0,0.0,1.0,2.0,2.0,2025-10-10 17:59:21,2025-09-16 18:00:03,30.5,1.0,1.0,0.0,20.0,23.0,Metro/Bus,26,1017
U1585,41,Metro/Bus,3995,0,6.0,285500.0,47583.333333333336,42.0,0.3333333333333333,0.16666666666666666,0.3333333333333333,6.0,5.0,2025-09-24 22:56:57,2025-08-04 07:04:37,30.0,4.0,1.0,1.0,36.0,51.0,Metro/Bus,41,3995
U1586,27,E-Bike,1402,0,5.0,171500.0,34300.0,28.2,0.4,0.2,0.4,4.0,3.0,2025-10-12 22:36:43,2025-08-04 18:00:45,31.2,3.0,0.0,2.0,18.0,69.0,E-Bike,27,1402
U1587,24,E-Bike,1971,0,4.0,119500.0,29875.0,34.25,0.0,0.5,1.0,4.0,4.0,2025-10-24 17:39:08,2025-08-22 08:02:12,29.75,3.0,1.0,0.0,6.0,63.0,E-Bike,24,1971
U1588,20,Shuttle,516,1,6.0,218000.0,36333.333333333336,35.0,0.16666666666666666,0.0,0.16666666666666666,5.0,5.0,2025-10-26 20:00:04,2025-08-22 17:07:24,29.5,4.0,1.0,1.0,4.0,65.0,Shuttle,20,516
U1589,53,E-Bike,3854,0,9.0,189000.0,21000.0,35.55555555555556,0.2222222222222222,0.1111111111111111,0.3333333333333333,4.0,6.0,2025-10-14 06:40:33,2025-08-11 06:20:10,31.22222222222222,4.0,1.0,4.0,16.0,64.0,E-Bike,53,3854
U1590,44,Shuttle,1567,0,4.0,131000.0,32750.0,31.5,0.0,0.0,0.5,4.0,3.0,2025-10-20 17:18:56,2025-08-08 17:03:39,28.0,2.0,2.0,0.0,10.0,73.0,Shuttle,44,1567
U1591,37,Shuttle,379,0,4.0,185500.0,46375.0,41.0,0.25,0.0,0.25,4.0,3.0,2025-09-22 14:19:42,2025-08-26 07:31:05,33.25,3.0,1.0,0.0,38.0,27.0,Shuttle,37,379
U1592,53,E-Bike,1713,0,4.0,164500.0,41125.0,31.75,0.25,0.25,0.25,3.0,4.0,2025-10-23 19:41:51,2025-08-09 07:49:55,28.25,3.0,1.0,0.0,7.0,75.0,E-Bike,53,1713
U1593,43,E-Bike,2983,0,6.0,187500.0,31250.0,20.833333333333332,0.16666666666666666,0.0,0.8333333333333334,4.0,5.0,2025-09-23 08:16:39,2025-08-06 18:47:04,30.833333333333332,6.0,0.0,0.0,37.0,47.0,E-Bike,43,2983
U1594,27,E-Bike,355,0,5.0,123000.0,24600.0,34.8,0.0,0.0,0.2,3.0,5.0,2025-10-21 09:21:48,2025-09-09 22:19:27,31.8,3.0,0.0,2.0,9.0,41.0,E-Bike,27,355
U1595,32,Metro/Bus,2234,0,6.0,286500.0,47750.0,31.833333333333332,0.16666666666666666,0.16666666666666666,0.5,4.0,4.0,2025-10-23 08:54:14,2025-08-01 20:38:39,30.0,6.0,0.0,0.0,7.0,82.0,Metro/Bus,32,2234
U1596,49,Metro/Bus,900,0,5.0,93500.0,18700.0,13.6,0.0,0.0,0.2,4.0,3.0,2025-09-24 15:47:39,2025-08-06 19:59:06,30.6,4.0,0.0,1.0,36.0,48.0,Metro/Bus,49,900
U1597,53,Metro/Bus,1788,0,2.0,67000.0,33500.0,45.0,0.0,0.0,0.5,2.0,2.0,2025-09-08 21:28:43,2025-08-12 08:47:40,29.0,1.0,0.0,1.0,52.0,27.0,Metro/Bus,53,1788
U1598,18,E-Bike,4507,0,4.0,115500.0,28875.0,38.5,0.5,0.0,0.5,3.0,4.0,2025-09-11 12:43:01,2025-08-02 09:32:51,30.0,1.0,1.0,2.0,49.0,40.0,E-Bike,18,4507
U1599,25,Shuttle,248,0,7.0,212000.0,30285.714285714286,31.857142857142858,0.14285714285714285,0.42857142857142855,0.5714285714285714,5.0,5.0,2025-10-25 07:42:29,2025-08-12 21:04:49,31.714285714285715,4.0,0.0,3.0,5.0,73.0,Shuttle,25,248
U1600,47,Metro/Bus,2351,0,2.0,93000.0,46500.0,31.0,0.5,0.5,0.0,2.0,2.0,2025-09-14 22:31:37,2025-08-12 14:36:34,33.5,2.0,0.0,0.0,46.0,33.0,Metro/Bus,47,2351
U1601,31,E-Bike,1583,0,4.0,134500.0,33625.0,25.25,0.5,0.0,0.75,4.0,4.0,2025-10-07 07:42:15,2025-08-03 18:39:49,30.75,3.0,0.0,1.0,23.0,64.0,E-Bike,31,1583
U1602,40,Metro/Bus,819,0,4.0,183500.0,45875.0,46.0,0.5,0.25,0.5,3.0,3.0,2025-10-13 09:07:31,2025-08-30 08:43:29,32.25,2.0,2.0,0.0,17.0,44.0,Metro/Bus,40,819
U1603,33,Metro/Bus,4796,0,5.0,88500.0,17700.0,25.8,0.4,0.0,0.4,3.0,3.0,2025-10-27 07:27:00,2025-09-21 07:39:15,31.6,2.0,1.0,2.0,3.0,35.0,Metro/Bus,33,4796
U1604,43,Metro/Bus,2651,0,4.0,159500.0,39875.0,52.5,0.25,0.0,0.25,3.0,4.0,2025-10-11 17:10:04,2025-08-14 19:24:27,32.75,2.0,2.0,0.0,19.0,57.0,Metro/Bus,43,2651
U1605,43,E-Bike,3156,0,3.0,85500.0,28500.0,26.0,0.0,0.3333333333333333,0.6666666666666666,2.0,3.0,2025-10-20 08:50:40,2025-08-26 17:36:34,29.333333333333332,1.0,0.0,2.0,10.0,54.0,E-Bike,43,3156
U1606,25,E-Bike,4418,0,7.0,221000.0,31571.428571428572,29.428571428571427,0.5714285714285714,0.2857142857142857,0.5714285714285714,5.0,5.0,2025-10-11 18:09:53,2025-08-10 07:52:04,30.0,5.0,0.0,2.0,19.0,62.0,E-Bike,25,4418
U1607,32,E-Bike,817,0,7.0,254000.0,36285.71428571428,34.57142857142857,0.14285714285714285,0.2857142857142857,0.2857142857142857,4.0,5.0,2025-10-14 19:20:40,2025-08-09 16:04:28,30.0,5.0,1.0,1.0,16.0,66.0,E-Bike,32,817
U1608,46,Shuttle,3880,0,1.0,20000.0,20000.0,26.0,0.0,0.0,0.0,1.0,1.0,2025-10-01 09:41:18,2025-10-01 09:41:18,33.0,0.0,0.0,1.0,29.0,0.0,Shuttle,46,3880
U1609,22,E-Bike,2966,0,7.0,165000.0,23571.428571428572,40.0,0.5714285714285714,0.0,0.42857142857142855,5.0,5.0,2025-10-19 12:19:21,2025-08-18 13:44:32,29.714285714285715,3.0,0.0,4.0,11.0,61.0,E-Bike,22,2966
U1610,22,Metro/Bus,2906,1,3.0,76000.0,25333.333333333332,30.666666666666668,0.0,0.0,0.0,3.0,3.0,2025-09-22 09:21:48,2025-08-05 11:44:39,31.333333333333332,2.0,1.0,0.0,38.0,47.0,Metro/Bus,22,2906
U1611,25,Shuttle,2304,0,3.0,138000.0,46000.0,30.666666666666668,0.0,0.0,0.3333333333333333,3.0,3.0,2025-09-17 18:45:04,2025-08-15 19:10:19,31.0,3.0,0.0,0.0,43.0,32.0,Shuttle,25,2304
U1612,38,Shuttle,2880,0,3.0,116500.0,38833.333333333336,35.333333333333336,0.0,0.3333333333333333,0.3333333333333333,3.0,2.0,2025-10-21 09:35:52,2025-08-21 18:51:20,30.333333333333332,2.0,1.0,0.0,9.0,60.0,Shuttle,38,2880
U1613,38,E-Bike,890,0,5.0,222500.0,44500.0,35.8,0.8,0.4,0.2,4.0,4.0,2025-10-25 22:39:33,2025-08-02 18:38:33,29.2,3.0,2.0,0.0,5.0,84.0,E-Bike,38,890
U1614,44,Metro/Bus,3029,1,2.0,48000.0,24000.0,16.0,0.0,0.5,0.0,1.0,2.0,2025-10-28 19:33:59,2025-09-11 20:31:19,30.5,2.0,0.0,0.0,2.0,46.0,Metro/Bus,44,3029
U1615,33,E-Bike,1359,0,2.0,70500.0,35250.0,23.5,0.5,0.0,0.5,2.0,2.0,2025-10-20 17:06:07,2025-10-05 21:55:04,29.5,2.0,0.0,0.0,10.0,14.0,E-Bike,33,1359
U1616,40,E-Bike,1533,0,0.0,0.0,0.0,0.0,0.0,0.0,0.0,0.0,0.0,,,0.0,0.0,0.0,0.0,0.0,0.0,E-Bike,40,1533
U1617,37,E-Bike,3378,0,3.0,76000.0,25333.333333333332,30.666666666666668,0.3333333333333333,0.0,0.6666666666666666,3.0,2.0,2025-10-30 07:32:22,2025-09-28 16:00:10,31.333333333333332,1.0,0.0,2.0,0.0,31.0,E-Bike,37,3378
U1618,47,Shuttle,1127,0,4.0,119500.0,29875.0,46.0,0.25,0.25,0.0,2.0,4.0,2025-10-07 09:56:49,2025-08-08 16:04:30,31.75,2.0,1.0,1.0,23.0,59.0,Shuttle,47,1127
U1619,30,E-Bike,4993,0,1.0,42000.0,42000.0,28.0,0.0,0.0,1.0,1.0,1.0,2025-09-15 08:35:12,2025-09-15 08:35:12,28.0,1.0,0.0,0.0,45.0,0.0,E-Bike,30,4993
U1620,25,Shuttle,3728,1,6.0,226000.0,37666.666666666664,35.166666666666664,0.0,0.5,0.5,5.0,4.0,2025-10-29 19:50:44,2025-08-04 17:48:20,30.666666666666668,4.0,0.0,2.0,1.0,86.0,Shuttle,25,3728
U1621,31,E-Bike,758,1,3.0,66000.0,22000.0,16.666666666666668,0.3333333333333333,0.0,0.3333333333333333,2.0,2.0,2025-10-14 19:25:53,2025-09-13 08:39:23,30.333333333333332,2.0,0.0,1.0,16.0,31.0,E-Bike,31,758
U1622,24,Shuttle,1719,0,6.0,113500.0,18916.666666666668,30.5,0.3333333333333333,0.16666666666666666,0.16666666666666666,3.0,4.0,2025-10-27 10:30:09,2025-08-14 07:52:05,30.666666666666668,3.0,1.0,2.0,3.0,74.0,Shuttle,24,1719
U1623,37,Shuttle,187,0,10.0,293500.0,29350.0,30.3,0.2,0.3,0.5,5.0,5.0,2025-10-26 07:36:48,2025-08-23 08:39:23,29.3,6.0,0.0,4.0,4.0,63.0,Shuttle,37,187
U1624,20,Shuttle,2110,1,4.0,213500.0,53375.0,37.5,0.0,0.25,0.5,4.0,3.0,2025-10-17 18:20:08,2025-08-22 22:41:44,30.75,3.0,0.0,1.0,13.0,55.0,Shuttle,20,2110
U1625,18,Metro/Bus,4014,0,6.0,152000.0,25333.333333333332,24.833333333333332,0.3333333333333333,0.0,0.3333333333333333,5.0,4.0,2025-10-21 17:36:02,2025-08-11 13:33:09,30.0,4.0,1.0,1.0,9.0,71.0,Metro/Bus,18,4014
U1626,32,Metro/Bus,178,0,1.0,63000.0,63000.0,42.0,1.0,0.0,0.0,1.0,1.0,2025-09-13 10:50:03,2025-09-13 10:50:03,35.0,1.0,0.0,0.0,47.0,0.0,Metro/Bus,32,178
U1627,52,E-Bike,4566,0,4.0,124500.0,31125.0,39.75,0.25,0.25,0.25,4.0,4.0,2025-09-30 09:06:51,2025-08-15 19:04:32,30.25,1.0,1.0,2.0,30.0,45.0,E-Bike,52,4566
U1628,19,Metro/Bus,2773,0,8.0,314500.0,39312.5,44.25,0.125,0.125,0.375,4.0,4.0,2025-10-18 09:11:54,2025-08-01 06:25:10,31.125,3.0,2.0,3.0,12.0,78.0,Metro/Bus,19,2773
U1629,22,Metro/Bus,2656,0,4.0,139000.0,34750.0,37.0,0.25,0.25,0.75,4.0,3.0,2025-08-24 07:03:11,2025-08-01 07:42:27,31.75,3.0,1.0,0.0,67.0,22.0,Metro/Bus,22,2656
U1630,45,E-Bike,3874,0,1.0,40500.0,40500.0,27.0,0.0,0.0,0.0,1.0,1.0,2025-10-01 19:39:58,2025-10-01 19:39:58,26.0,1.0,0.0,0.0,29.0,0.0,E-Bike,45,3874
U1631,37,Metro/Bus,1444,0,5.0,142000.0,28400.0,26.8,0.2,0.4,0.6,4.0,5.0,2025-10-10 10:15:19,2025-08-03 18:11:24,33.4,4.0,1.0,0.0,20.0,67.0,Metro/Bus,37,1444
U1632,47,E-Bike,3540,0,7.0,203500.0,29071.428571428572,40.714285714285715,0.5714285714285714,0.14285714285714285,0.14285714285714285,4.0,5.0,2025-10-24 19:08:38,2025-08-02 06:08:55,32.142857142857146,2.0,2.0,3.0,6.0,83.0,E-Bike,47,3540
U1633,28,Metro/Bus,3616,0,4.0,138500.0,34625.0,35.75,0.0,0.25,0.75,4.0,3.0,2025-10-17 17:16:44,2025-08-07 17:09:58,28.75,2.0,2.0,0.0,13.0,71.0,Metro/Bus,28,3616
U1634,37,E-Bike,1785,0,3.0,94500.0,31500.0,21.0,0.3333333333333333,0.3333333333333333,0.3333333333333333,2.0,2.0,2025-09-23 19:25:44,2025-08-17 08:06:13,32.666666666666664,3.0,0.0,0.0,37.0,37.0,E-Bike,37,1785
U1635,35,Shuttle,892,0,5.0,135000.0,27000.0,26.6,0.2,0.0,0.6,4.0,3.0,2025-09-27 18:47:29,2025-08-07 07:49:00,29.4,3.0,0.0,2.0,33.0,51.0,Shuttle,35,892
U1636,39,Metro/Bus,3651,0,1.0,18000.0,18000.0,12.0,0.0,0.0,1.0,1.0,1.0,2025-08-20 18:08:49,2025-08-20 18:08:49,31.0,1.0,0.0,0.0,71.0,0.0,Metro/Bus,39,3651
U1637,36,E-Bike,878,0,6.0,171500.0,28583.333333333332,33.333333333333336,0.3333333333333333,0.16666666666666666,0.16666666666666666,5.0,4.0,2025-10-23 18:46:23,2025-08-09 09:26:57,32.0,3.0,1.0,2.0,7.0,75.0,E-Bike,36,878
U1638,49,E-Bike,3191,0,2.0,68500.0,34250.0,40.0,0.5,0.0,0.0,2.0,2.0,2025-10-17 19:20:39,2025-09-13 19:02:21,34.5,1.0,0.0,1.0,13.0,34.0,E-Bike,49,3191
U1639,31,Metro/Bus,2152,0,3.0,82000.0,27333.333333333332,40.333333333333336,0.0,0.3333333333333333,0.3333333333333333,3.0,3.0,2025-10-20 19:03:47,2025-09-01 07:23:23,29.666666666666668,1.0,1.0,1.0,10.0,49.0,Metro/Bus,31,2152
U1640,20,E-Bike,4355,0,4.0,78000.0,19500.0,33.5,0.5,0.0,0.25,2.0,4.0,2025-10-27 16:02:26,2025-08-10 09:26:44,29.5,1.0,1.0,2.0,3.0,78.0,E-Bike,20,4355
U1641,23,E-Bike,4676,1,2.0,80000.0,40000.0,70.5,1.0,0.0,0.5,2.0,2.0,2025-10-26 19:17:00,2025-08-02 17:44:22,26.5,0.0,2.0,0.0,4.0,85.0,E-Bike,23,4676
U1642,35,E-Bike,122,0,5.0,183500.0,36700.0,28.0,0.2,0.4,0.2,4.0,4.0,2025-10-28 11:18:31,2025-09-28 08:26:47,28.2,4.0,0.0,1.0,2.0,30.0,E-Bike,35,122
U1643,40,E-Bike,1313,0,7.0,197500.0,28214.285714285714,38.285714285714285,0.42857142857142855,0.14285714285714285,0.42857142857142855,6.0,6.0,2025-10-25 07:02:28,2025-08-14 18:02:00,30.428571428571427,4.0,1.0,2.0,5.0,71.0,E-Bike,40,1313
U1644,50,Shuttle,2276,0,6.0,215500.0,35916.666666666664,40.333333333333336,0.5,0.3333333333333333,0.3333333333333333,5.0,6.0,2025-10-09 11:30:03,2025-08-01 07:49:28,28.5,3.0,2.0,1.0,21.0,69.0,Shuttle,50,2276
U1645,27,Metro/Bus,1418,0,5.0,178000.0,35600.0,36.0,0.2,0.4,0.4,3.0,3.0,2025-10-28 17:08:24,2025-08-12 09:43:02,31.4,4.0,1.0,0.0,2.0,77.0,Metro/Bus,27,1418
U1646,53,E-Bike,723,0,5.0,229000.0,45800.0,38.6,0.2,0.2,0.6,4.0,4.0,2025-10-09 18:27:00,2025-08-04 06:37:14,33.2,4.0,0.0,1.0,21.0,66.0,E-Bike,53,723
U1647,43,E-Bike,3678,0,5.0,156000.0,31200.0,20.8,0.4,0.0,0.8,4.0,4.0,2025-10-30 08:32:30,2025-08-11 07:04:28,32.0,5.0,0.0,0.0,0.0,80.0,E-Bike,43,3678
U1648,51,Metro/Bus,2724,0,4.0,148500.0,37125.0,36.75,0.25,0.0,0.5,3.0,3.0,2025-10-06 21:27:19,2025-09-04 07:37:55,28.75,2.0,0.0,2.0,24.0,32.0,Metro/Bus,51,2724
U1649,32,E-Bike,1430,0,3.0,104000.0,34666.666666666664,46.666666666666664,0.0,0.3333333333333333,0.3333333333333333,3.0,3.0,2025-10-16 14:12:42,2025-09-11 18:27:19,31.666666666666668,1.0,2.0,0.0,14.0,34.0,E-Bike,32,1430
U1650,47,E-Bike,3333,0,7.0,260500.0,37214.28571428572,40.714285714285715,0.42857142857142855,0.42857142857142855,0.42857142857142855,5.0,5.0,2025-10-25 08:58:48,2025-09-21 19:26:08,30.142857142857142,4.0,1.0,2.0,5.0,33.0,E-Bike,47,3333
U1651,41,Metro/Bus,28,0,5.0,151000.0,30200.0,46.8,0.6,0.2,0.2,5.0,5.0,2025-10-28 07:09:24,2025-08-05 19:52:36,30.6,2.0,1.0,2.0,2.0,83.0,Metro/Bus,41,28
U1652,54,Metro/Bus,2196,0,3.0,88500.0,29500.0,19.666666666666668,0.0,0.0,0.0,3.0,3.0,2025-10-13 19:49:32,2025-08-28 06:20:46,33.333333333333336,3.0,0.0,0.0,17.0,46.0,Metro/Bus,54,2196
U1653,26,E-Bike,3033,0,7.0,203000.0,29000.0,40.57142857142857,0.0,0.14285714285714285,0.5714285714285714,4.0,5.0,2025-10-17 12:31:56,2025-08-04 18:53:56,31.857142857142858,3.0,2.0,2.0,13.0,73.0,E-Bike,26,3033
U1654,25,E-Bike,3899,0,6.0,167500.0,27916.666666666668,36.0,0.5,0.16666666666666666,0.5,4.0,4.0,2025-10-09 07:44:34,2025-08-10 18:28:52,30.5,2.0,0.0,4.0,21.0,59.0,E-Bike,25,3899
U1655,37,E-Bike,3872,0,3.0,80000.0,26666.666666666668,32.333333333333336,1.0,0.0,0.3333333333333333,3.0,3.0,2025-10-26 14:45:49,2025-08-23 17:30:47,30.0,1.0,1.0,1.0,4.0,63.0,E-Bike,37,3872
U1656,28,Shuttle,1229,0,4.0,70000.0,17500.0,38.5,0.5,0.25,0.25,4.0,3.0,2025-10-19 16:03:30,2025-08-29 19:00:19,31.5,0.0,0.0,4.0,11.0,50.0,Shuttle,28,1229
U1657,49,E-Bike,498,0,4.0,89000.0,22250.0,52.25,0.25,0.25,0.75,3.0,4.0,2025-10-08 09:34:28,2025-08-02 18:20:36,30.25,1.0,1.0,2.0,22.0,66.0,E-Bike,49,498
U1658,31,E-Bike,964,0,1.0,39000.0,39000.0,26.0,0.0,0.0,1.0,1.0,1.0,2025-09-19 08:31:01,2025-09-19 08:31:01,28.0,1.0,0.0,0.0,41.0,0.0,E-Bike,31,964
U1659,19,Metro/Bus,1093,0,2.0,95500.0,47750.0,49.0,0.0,0.0,0.5,2.0,2.0,2025-09-15 10:15:43,2025-08-21 17:19:00,28.5,1.0,1.0,0.0,45.0,24.0,Metro/Bus,19,1093
U1660,43,Shuttle,870,0,2.0,58000.0,29000.0,45.5,0.0,0.5,1.0,2.0,2.0,2025-09-30 07:08:19,2025-09-17 18:57:08,30.0,1.0,1.0,0.0,30.0,12.0,Shuttle,43,870
U1661,26,Metro/Bus,4495,0,7.0,244500.0,34928.57142857143,38.0,0.42857142857142855,0.2857142857142857,0.2857142857142857,5.0,4.0,2025-10-29 09:36:23,2025-08-08 19:40:49,30.428571428571427,4.0,2.0,1.0,1.0,81.0,Metro/Bus,26,4495
U1662,21,E-Bike,2998,0,4.0,95500.0,23875.0,30.0,0.25,0.0,0.5,3.0,4.0,2025-10-30 18:17:32,2025-08-22 09:13:44,31.25,2.0,0.0,2.0,0.0,69.0,E-Bike,21,2998
U1663,29,Metro/Bus,451,0,5.0,140500.0,28100.0,54.2,0.2,0.2,0.6,3.0,4.0,2025-10-22 08:44:03,2025-08-28 18:04:35,28.0,1.0,2.0,2.0,8.0,54.0,Metro/Bus,29,451
U1664,43,E-Bike,70,0,4.0,136500.0,34125.0,29.0,0.0,0.0,0.5,3.0,2.0,2025-10-14 18:57:47,2025-08-19 14:02:41,29.75,3.0,0.0,1.0,16.0,56.0,E-Bike,43,70
U1665,19,Metro/Bus,390,1,3.0,106000.0,35333.333333333336,27.0,0.3333333333333333,0.3333333333333333,0.0,2.0,3.0,2025-10-02 14:45:51,2025-09-01 14:32:41,31.333333333333332,2.0,0.0,1.0,28.0,31.0,Metro/Bus,19,390
U1666,18,E-Bike,4532,0,5.0,125500.0,25100.0,19.0,0.2,0.2,0.8,2.0,4.0,2025-10-03 08:53:11,2025-08-05 07:13:30,30.2,4.0,0.0,1.0,27.0,59.0,E-Bike,18,4532
U1667,51,E-Bike,3682,0,2.0,115500.0,57750.0,38.5,0.5,0.5,0.5,2.0,2.0,2025-10-16 07:00:24,2025-08-24 09:14:11,30.5,2.0,0.0,0.0,14.0,52.0,E-Bike,51,3682
U1668,37,E-Bike,3718,1,3.0,84500.0,28166.666666666668,49.0,0.3333333333333333,0.0,0.3333333333333333,2.0,3.0,2025-10-08 13:48:54,2025-08-03 07:05:06,31.666666666666668,1.0,1.0,1.0,22.0,66.0,E-Bike,37,3718
U1669,24,Shuttle,1307,0,11.0,302000.0,27454.545454545456,34.27272727272727,0.0,0.09090909090909091,0.6363636363636364,7.0,7.0,2025-10-28 06:50:58,2025-08-05 17:29:59,30.09090909090909,6.0,0.0,5.0,2.0,83.0,Shuttle,24,1307
U1670,46,E-Bike,4110,0,5.0,94000.0,18800.0,26.6,0.0,0.0,0.4,3.0,5.0,2025-10-23 13:09:52,2025-08-29 07:03:17,30.0,3.0,0.0,2.0,7.0,55.0,E-Bike,46,4110
U1671,28,E-Bike,3975,0,4.0,186000.0,46500.0,31.0,0.25,0.0,0.25,3.0,3.0,2025-09-26 09:23:41,2025-08-08 22:05:06,28.25,4.0,0.0,0.0,34.0,48.0,E-Bike,28,3975
U1672,21,E-Bike,1257,0,3.0,74500.0,24833.333333333332,22.333333333333332,0.6666666666666666,0.0,1.0,2.0,3.0,2025-10-19 17:53:47,2025-09-06 07:49:33,31.0,1.0,1.0,1.0,11.0,43.0,E-Bike,21,1257
U1673,35,Metro/Bus,1538,1,2.0,106000.0,53000.0,40.0,0.5,0.0,0.5,2.0,2.0,2025-09-21 17:36:09,2025-08-01 20:56:28,28.0,1.0,1.0,0.0,39.0,50.0,Metro/Bus,35,1538
U1674,28,Shuttle,1363,0,4.0,170500.0,42625.0,31.75,0.5,0.5,0.5,4.0,3.0,2025-10-25 08:01:09,2025-08-02 16:56:35,31.75,3.0,1.0,0.0,5.0,83.0,Shuttle,28,1363
U1675,28,Metro/Bus,1746,0,3.0,70000.0,23333.333333333332,22.333333333333332,0.0,0.0,0.0,3.0,2.0,2025-10-27 19:34:43,2025-09-26 09:13:47,31.0,2.0,0.0,1.0,3.0,31.0,Metro/Bus,28,1746
U1676,24,E-Bike,1052,0,1.0,28500.0,28500.0,19.0,0.0,0.0,0.0,1.0,1.0,2025-10-08 19:05:46,2025-10-08 19:05:46,30.0,1.0,0.0,0.0,22.0,0.0,E-Bike,24,1052
U1677,48,Metro/Bus,655,0,5.0,181000.0,36200.0,32.8,0.2,0.0,0.6,3.0,4.0,2025-10-30 13:38:12,2025-09-02 12:53:28,28.6,3.0,1.0,1.0,0.0,58.0,Metro/Bus,48,655
U1678,33,Metro/Bus,2208,1,3.0,74000.0,24666.666666666668,23.0,0.3333333333333333,0.3333333333333333,0.3333333333333333,2.0,3.0,2025-10-19 09:15:06,2025-08-22 16:47:41,30.333333333333332,2.0,0.0,1.0,11.0,57.0,Metro/Bus,33,2208
U1679,50,E-Bike,3917,0,3.0,99500.0,33166.666666666664,28.666666666666668,0.3333333333333333,0.3333333333333333,0.6666666666666666,2.0,2.0,2025-10-25 07:28:01,2025-08-27 18:49:56,30.666666666666668,1.0,2.0,0.0,5.0,58.0,E-Bike,50,3917
U1680,43,Metro/Bus,2588,0,3.0,70000.0,23333.333333333332,30.666666666666668,0.0,0.0,0.6666666666666666,3.0,3.0,2025-10-08 14:44:29,2025-08-04 07:09:30,29.666666666666668,1.0,0.0,2.0,22.0,65.0,Metro/Bus,43,2588
U1681,19,E-Bike,888,0,4.0,111000.0,27750.0,42.0,0.5,0.0,0.75,3.0,4.0,2025-10-26 11:13:36,2025-08-08 08:26:06,32.5,2.0,1.0,1.0,4.0,79.0,E-Bike,19,888
U1682,47,E-Bike,1769,0,5.0,170000.0,34000.0,31.6,0.4,0.0,0.2,5.0,4.0,2025-09-20 19:49:54,2025-08-10 22:53:36,30.6,3.0,0.0,2.0,40.0,40.0,E-Bike,47,1769
U1683,47,E-Bike,4260,0,5.0,156000.0,31200.0,22.0,0.2,0.2,0.2,4.0,3.0,2025-10-20 19:37:18,2025-08-19 18:59:58,33.2,4.0,0.0,1.0,10.0,62.0,E-Bike,47,4260
U1684,46,Shuttle,1320,1,5.0,76000.0,15200.0,30.2,0.2,0.0,0.4,2.0,3.0,2025-10-06 19:28:08,2025-08-05 08:09:12,30.2,2.0,0.0,3.0,24.0,62.0,Shuttle,46,1320
U1685,48,Shuttle,711,0,4.0,99000.0,24750.0,26.25,0.0,0.0,1.0,4.0,4.0,2025-09-23 08:04:07,2025-08-05 07:35:12,28.25,2.0,0.0,2.0,37.0,49.0,Shuttle,48,711
U1686,40,E-Bike,1957,0,3.0,107500.0,35833.333333333336,41.0,0.0,0.6666666666666666,0.6666666666666666,3.0,2.0,2025-09-01 07:10:15,2025-08-13 10:04:09,33.0,2.0,0.0,1.0,59.0,18.0,E-Bike,40,1957
U1687,52,E-Bike,4073,0,6.0,230500.0,38416.666666666664,30.166666666666668,0.3333333333333333,0.3333333333333333,0.3333333333333333,4.0,4.0,2025-10-29 08:31:49,2025-08-02 11:55:00,30.0,4.0,1.0,1.0,1.0,87.0,E-Bike,52,4073
U1688,39,E-Bike,3902,1,2.0,28500.0,14250.0,9.5,0.5,0.5,0.0,2.0,2.0,2025-10-10 15:28:02,2025-08-09 19:00:39,32.0,2.0,0.0,0.0,20.0,61.0,E-Bike,39,3902
U1689,45,Metro/Bus,1181,0,5.0,219000.0,43800.0,38.0,0.4,0.2,0.2,4.0,4.0,2025-10-08 09:01:59,2025-08-14 19:51:28,29.6,4.0,0.0,1.0,22.0,54.0,Metro/Bus,45,1181
U1690,41,E-Bike,2927,0,5.0,144500.0,28900.0,27.6,0.2,0.4,0.8,4.0,3.0,2025-10-22 17:45:22,2025-08-23 12:47:53,31.0,4.0,0.0,1.0,8.0,60.0,E-Bike,41,2927
U1691,39,Metro/Bus,3015,0,3.0,129000.0,43000.0,28.666666666666668,0.3333333333333333,0.0,1.0,3.0,3.0,2025-10-10 18:05:07,2025-09-04 07:50:37,30.0,3.0,0.0,0.0,20.0,36.0,Metro/Bus,39,3015
U1692,18,Shuttle,3338,0,6.0,171500.0,28583.333333333332,26.333333333333332,0.3333333333333333,0.6666666666666666,0.3333333333333333,5.0,5.0,2025-10-10 19:22:48,2025-09-07 15:41:32,29.666666666666668,3.0,0.0,3.0,20.0,33.0,Shuttle,18,3338
U1693,30,Metro/Bus,3384,0,7.0,248500.0,35500.0,35.857142857142854,0.2857142857142857,0.0,0.42857142857142855,4.0,4.0,2025-10-25 19:12:37,2025-08-04 14:02:04,29.714285714285715,3.0,2.0,2.0,5.0,82.0,Metro/Bus,30,3384
U1694,45,Shuttle,309,1,5.0,178500.0,35700.0,36.6,0.4,0.0,0.0,3.0,3.0,2025-10-30 20:30:55,2025-08-08 14:46:23,32.2,3.0,1.0,1.0,0.0,83.0,Shuttle,45,309
U1695,20,Metro/Bus,745,0,2.0,27500.0,13750.0,10.5,0.0,0.0,1.0,2.0,2.0,2025-09-01 18:46:12,2025-08-19 18:04:51,30.5,1.0,0.0,1.0,59.0,13.0,Metro/Bus,20,745
U1696,54,E-Bike,4857,0,6.0,189500.0,31583.333333333332,36.166666666666664,0.0,0.0,0.8333333333333334,4.0,5.0,2025-10-28 18:51:47,2025-08-01 08:01:33,27.666666666666668,4.0,1.0,1.0,2.0,88.0,E-Bike,54,4857
U1697,46,E-Bike,22,1,7.0,317500.0,45357.142857142855,39.142857142857146,0.2857142857142857,0.14285714285714285,0.2857142857142857,6.0,4.0,2025-10-25 07:15:11,2025-08-01 08:31:18,28.714285714285715,6.0,1.0,0.0,5.0,84.0,E-Bike,46,22
U1698,55,E-Bike,719,1,3.0,106500.0,35500.0,31.666666666666668,0.0,0.3333333333333333,0.3333333333333333,2.0,3.0,2025-09-25 09:52:59,2025-08-29 18:52:39,30.0,2.0,0.0,1.0,35.0,26.0,E-Bike,55,719
U1699,54,E-Bike,3043,0,2.0,86500.0,43250.0,60.0,0.5,0.0,0.0,2.0,2.0,2025-09-06 09:08:13,2025-08-19 20:51:46,30.0,1.0,1.0,0.0,54.0,17.0,E-Bike,54,3043
U1700,42,Shuttle,1215,0,5.0,180000.0,36000.0,31.4,0.2,0.0,0.2,4.0,2.0,2025-10-27 13:47:14,2025-08-08 07:10:13,28.2,4.0,0.0,1.0,3.0,80.0,Shuttle,42,1215
U1701,51,Metro/Bus,1423,0,4.0,68000.0,17000.0,12.5,0.5,0.25,0.75,3.0,3.0,2025-10-12 19:45:26,2025-08-12 17:23:19,31.0,3.0,0.0,1.0,18.0,61.0,Metro/Bus,51,1423
U1702,25,Shuttle,2157,0,5.0,131500.0,26300.0,30.2,0.2,0.0,0.2,4.0,4.0,2025-10-26 18:19:39,2025-08-05 09:31:31,33.6,3.0,1.0,1.0,4.0,82.0,Shuttle,25,2157
U1703,18,Metro/Bus,4778,0,4.0,176000.0,44000.0,34.75,0.5,0.0,0.5,3.0,4.0,2025-10-26 18:56:50,2025-08-07 11:44:26,31.5,3.0,0.0,1.0,4.0,80.0,Metro/Bus,18,4778
U1704,50,E-Bike,3340,1,2.0,19000.0,9500.0,22.0,1.0,0.5,0.5,2.0,2.0,2025-09-21 16:31:49,2025-08-02 08:50:52,31.0,1.0,0.0,1.0,39.0,50.0,E-Bike,50,3340
U1705,37,E-Bike,3079,0,4.0,146500.0,36625.0,30.25,0.5,0.25,0.5,3.0,4.0,2025-09-10 06:53:28,2025-08-02 17:08:08,30.0,3.0,1.0,0.0,50.0,38.0,E-Bike,37,3079
U1706,49,Metro/Bus,4319,1,4.0,108000.0,27000.0,18.0,0.25,0.25,0.5,3.0,4.0,2025-10-07 10:54:38,2025-08-19 18:03:06,28.0,4.0,0.0,0.0,23.0,48.0,Metro/Bus,49,4319
U1707,35,Shuttle,1537,0,1.0,49500.0,49500.0,33.0,1.0,0.0,0.0,1.0,1.0,2025-10-11 19:31:11,2025-10-11 19:31:11,26.0,1.0,0.0,0.0,19.0,0.0,Shuttle,35,1537
U1708,23,E-Bike,167,0,8.0,297500.0,37187.5,31.0,0.25,0.125,0.625,6.0,6.0,2025-10-04 08:22:18,2025-08-28 18:12:48,31.75,6.0,1.0,1.0,26.0,36.0,E-Bike,23,167
U1709,55,E-Bike,4035,1,4.0,97000.0,24250.0,22.25,0.25,0.0,0.5,3.0,3.0,2025-09-05 06:14:59,2025-08-07 19:28:16,31.0,3.0,0.0,1.0,55.0,28.0,E-Bike,55,4035
U1710,33,E-Bike,3003,0,4.0,111000.0,27750.0,28.5,0.5,0.25,0.5,3.0,4.0,2025-10-19 09:40:45,2025-08-07 07:24:16,31.5,2.0,1.0,1.0,11.0,73.0,E-Bike,33,3003
U1711,30,E-Bike,1958,0,5.0,169000.0,33800.0,25.4,0.2,0.2,0.2,4.0,4.0,2025-10-20 19:49:04,2025-08-11 11:56:09,31.2,4.0,1.0,0.0,10.0,70.0,E-Bike,30,1958
U1712,30,Shuttle,3463,0,9.0,239000.0,26555.555555555555,24.333333333333332,0.3333333333333333,0.3333333333333333,0.4444444444444444,5.0,6.0,2025-10-21 11:13:20,2025-08-14 08:54:13,31.333333333333332,7.0,1.0,1.0,9.0,68.0,Shuttle,30,3463
U1713,36,Metro/Bus,4914,0,5.0,206000.0,41200.0,31.0,0.0,0.2,0.6,3.0,4.0,2025-10-14 09:30:59,2025-08-20 17:53:35,31.2,4.0,0.0,1.0,16.0,54.0,Metro/Bus,36,4914
U1714,27,Shuttle,2199,0,7.0,185000.0,26428.571428571428,38.57142857142857,0.2857142857142857,0.42857142857142855,0.2857142857142857,4.0,6.0,2025-10-28 19:46:18,2025-08-01 22:16:28,31.428571428571427,3.0,0.0,4.0,2.0,87.0,Shuttle,27,2199
U1715,55,E-Bike,3206,0,6.0,191000.0,31833.333333333332,26.833333333333332,0.5,0.16666666666666666,0.3333333333333333,4.0,4.0,2025-09-18 06:53:22,2025-08-03 09:21:24,30.5,4.0,0.0,2.0,42.0,45.0,E-Bike,55,3206
U1716,45,E-Bike,4225,1,4.0,98500.0,24625.0,34.75,0.75,0.25,0.0,3.0,4.0,2025-10-25 19:23:55,2025-08-28 14:13:11,31.0,1.0,1.0,2.0,5.0,58.0,E-Bike,45,4225
U1717,31,Metro/Bus,1590,0,3.0,142500.0,47500.0,48.333333333333336,1.0,0.3333333333333333,0.3333333333333333,3.0,3.0,2025-09-28 07:02:26,2025-09-06 21:15:52,32.333333333333336,2.0,0.0,1.0,32.0,21.0,Metro/Bus,31,1590
U1718,30,Shuttle,3716,1,3.0,118500.0,39500.0,26.333333333333332,0.0,1.0,0.6666666666666666,3.0,3.0,2025-10-09 09:56:34,2025-09-02 07:31:59,31.0,3.0,0.0,0.0,21.0,37.0,Shuttle,30,3716
U1719,32,Metro/Bus,1309,1,3.0,101500.0,33833.333333333336,28.333333333333332,0.6666666666666666,0.3333333333333333,0.6666666666666666,3.0,3.0,2025-10-05 17:10:04,2025-09-26 08:14:38,29.0,2.0,1.0,0.0,25.0,9.0,Metro/Bus,32,1309
U1720,51,E-Bike,3132,0,4.0,90500.0,22625.0,27.25,0.5,0.0,1.0,2.0,2.0,2025-10-22 18:36:42,2025-09-29 17:44:53,32.0,2.0,1.0,1.0,8.0,23.0,E-Bike,51,3132
U1721,28,Metro/Bus,3798,0,5.0,190000.0,38000.0,34.8,0.2,0.0,0.4,5.0,5.0,2025-09-01 09:10:03,2025-08-03 08:38:10,29.4,4.0,1.0,0.0,59.0,29.0,Metro/Bus,28,3798
U1722,55,E-Bike,2447,0,3.0,102000.0,34000.0,36.0,0.0,0.0,0.3333333333333333,3.0,2.0,2025-10-22 09:45:08,2025-08-01 13:42:32,32.666666666666664,1.0,1.0,1.0,8.0,81.0,E-Bike,55,2447
U1723,55,Metro/Bus,2751,0,3.0,70000.0,23333.333333333332,35.0,0.3333333333333333,0.0,0.6666666666666666,3.0,2.0,2025-09-26 11:05:55,2025-08-11 07:32:56,32.666666666666664,0.0,1.0,2.0,34.0,46.0,Metro/Bus,55,2751
U1724,41,E-Bike,1521,0,4.0,99500.0,24875.0,30.25,0.25,0.0,0.75,3.0,3.0,2025-10-28 08:20:29,2025-09-06 18:04:22,30.25,2.0,0.0,2.0,2.0,51.0,E-Bike,41,1521
U1725,51,Shuttle,4578,0,8.0,192500.0,24062.5,22.875,0.5,0.25,0.875,5.0,5.0,2025-10-23 21:18:26,2025-08-09 18:01:15,30.75,6.0,0.0,2.0,7.0,75.0,Shuttle,51,4578
U1726,52,Metro/Bus,2746,0,10.0,469000.0,46900.0,34.6,0.3,0.1,0.3,6.0,4.0,2025-10-25 19:33:55,2025-08-21 17:19:01,30.0,9.0,1.0,0.0,5.0,65.0,Metro/Bus,52,2746
U1727,26,Metro/Bus,3588,1,6.0,214000.0,35666.666666666664,40.166666666666664,0.5,0.16666666666666666,0.6666666666666666,3.0,5.0,2025-10-15 07:04:12,2025-08-23 07:57:09,32.0,3.0,2.0,1.0,15.0,52.0,Metro/Bus,26,3588
U1728,20,Metro/Bus,2666,0,5.0,148500.0,29700.0,19.8,0.8,0.2,0.6,4.0,4.0,2025-10-04 18:05:28,2025-08-01 17:16:24,28.8,5.0,0.0,0.0,26.0,64.0,Metro/Bus,20,2666
U1729,37,E-Bike,4992,0,3.0,110000.0,36666.666666666664,47.333333333333336,0.0,0.3333333333333333,0.6666666666666666,3.0,3.0,2025-09-19 17:19:50,2025-08-25 20:24:38,28.333333333333332,1.0,2.0,0.0,41.0,24.0,E-Bike,37,4992
U1730,55,E-Bike,2624,1,6.0,153500.0,25583.333333333332,38.0,0.16666666666666666,0.16666666666666666,0.8333333333333334,4.0,6.0,2025-10-08 17:51:16,2025-08-30 07:54:23,30.5,2.0,1.0,3.0,22.0,39.0,E-Bike,55,2624
U1731,43,Metro/Bus,3323,0,5.0,199500.0,39900.0,35.4,0.2,0.2,0.6,3.0,4.0,2025-10-26 08:41:57,2025-08-11 11:39:38,31.6,3.0,1.0,1.0,4.0,75.0,Metro/Bus,43,3323
U1732,31,E-Bike,1429,0,2.0,22000.0,11000.0,43.5,0.5,0.5,0.5,2.0,1.0,2025-09-28 09:04:57,2025-09-26 18:36:28,32.0,0.0,0.0,2.0,32.0,1.0,E-Bike,31,1429
U1733,50,Metro/Bus,2299,0,4.0,101500.0,25375.0,38.5,0.25,0.25,0.25,3.0,4.0,2025-10-10 09:52:48,2025-08-28 18:12:13,32.0,2.0,0.0,2.0,20.0,42.0,Metro/Bus,50,2299
U1734,35,E-Bike,2175,0,6.0,127500.0,21250.0,35.666666666666664,0.16666666666666666,0.3333333333333333,1.0,4.0,4.0,2025-10-25 17:00:31,2025-08-18 08:42:04,29.666666666666668,3.0,0.0,3.0,5.0,68.0,E-Bike,35,2175
U1735,53,Shuttle,619,0,3.0,72000.0,24000.0,45.0,0.0,0.3333333333333333,0.3333333333333333,3.0,2.0,2025-10-09 20:44:29,2025-08-05 09:05:02,28.333333333333332,1.0,1.0,1.0,21.0,65.0,Shuttle,53,619
U1736,50,Metro/Bus,3169,0,6.0,198000.0,33000.0,40.666666666666664,0.5,0.16666666666666666,0.16666666666666666,3.0,4.0,2025-10-12 06:44:50,2025-08-01 16:41:27,30.333333333333332,3.0,2.0,1.0,18.0,71.0,Metro/Bus,50,3169
U1737,37,E-Bike,1994,0,6.0,168000.0,28000.0,27.166666666666668,0.0,0.3333333333333333,0.5,4.0,4.0,2025-10-30 17:11:43,2025-08-19 09:56:28,32.166666666666664,3.0,1.0,2.0,0.0,72.0,E-Bike,37,1994
U1738,36,Metro/Bus,3626,0,6.0,208000.0,34666.666666666664,35.5,0.0,0.0,0.3333333333333333,4.0,4.0,2025-10-27 22:04:37,2025-08-04 10:23:27,30.333333333333332,3.0,0.0,3.0,3.0,84.0,Metro/Bus,36,3626
U1739,45,E-Bike,3949,0,4.0,139000.0,34750.0,35.25,0.25,0.0,0.25,3.0,4.0,2025-10-05 11:07:55,2025-08-05 18:15:08,29.75,3.0,0.0,1.0,25.0,60.0,E-Bike,45,3949
U1740,53,Shuttle,2190,0,10.0,410500.0,41050.0,30.4,0.4,0.4,0.3,6.0,6.0,2025-10-14 20:24:55,2025-08-16 18:33:04,29.9,9.0,1.0,0.0,16.0,59.0,Shuttle,53,2190
U1741,51,E-Bike,4202,0,7.0,127000.0,18142.85714285714,38.714285714285715,0.2857142857142857,0.14285714285714285,0.2857142857142857,5.0,5.0,2025-10-28 12:48:39,2025-08-11 22:37:46,31.285714285714285,2.0,1.0,4.0,2.0,77.0,E-Bike,51,4202
U1742,35,Shuttle,3841,0,6.0,185500.0,30916.666666666668,30.333333333333332,0.3333333333333333,0.5,0.5,5.0,6.0,2025-10-27 19:13:19,2025-09-12 17:25:33,31.166666666666668,3.0,1.0,2.0,3.0,45.0,Shuttle,35,3841
U1743,43,Shuttle,4233,0,2.0,49000.0,24500.0,38.5,0.5,0.0,0.5,2.0,2.0,2025-10-08 21:51:17,2025-08-31 08:31:04,32.0,1.0,1.0,0.0,22.0,38.0,Shuttle,43,4233
U1744,23,E-Bike,1361,0,6.0,176000.0,29333.333333333332,35.166666666666664,0.3333333333333333,0.5,0.5,5.0,5.0,2025-10-14 21:40:05,2025-08-03 17:55:41,33.666666666666664,3.0,2.0,1.0,16.0,72.0,E-Bike,23,1361
U1745,46,E-Bike,3582,1,7.0,186000.0,26571.428571428572,20.285714285714285,0.2857142857142857,0.0,0.42857142857142855,5.0,5.0,2025-10-25 14:34:52,2025-08-31 15:13:30,30.428571428571427,6.0,0.0,1.0,5.0,54.0,E-Bike,46,3582
U1746,35,Metro/Bus,47,0,8.0,252000.0,31500.0,31.625,0.375,0.25,0.375,5.0,6.0,2025-10-18 18:30:39,2025-08-12 14:22:23,30.625,6.0,1.0,1.0,12.0,67.0,Metro/Bus,35,47
U1747,36,Shuttle,1849,1,5.0,119000.0,23800.0,41.0,0.4,0.4,0.2,4.0,4.0,2025-08-22 13:53:47,2025-08-03 18:38:09,29.2,1.0,2.0,2.0,69.0,18.0,Shuttle,36,1849
U1748,33,Metro/Bus,3063,0,4.0,149000.0,37250.0,31.5,0.5,0.0,0.75,3.0,3.0,2025-09-30 17:13:49,2025-08-14 18:21:53,31.0,2.0,0.0,2.0,30.0,46.0,Metro/Bus,33,3063
U1749,37,E-Bike,3632,0,1.0,40000.0,40000.0,78.0,0.0,0.0,0.0,1.0,1.0,2025-09-01 10:14:39,2025-09-01 10:14:39,31.0,0.0,1.0,0.0,59.0,0.0,E-Bike,37,3632
U1750,50,Metro/Bus,523,0,5.0,183000.0,36600.0,24.4,0.8,0.2,0.2,4.0,4.0,2025-10-18 09:24:37,2025-08-02 09:30:39,32.4,5.0,0.0,0.0,12.0,76.0,Metro/Bus,50,523
U1751,48,E-Bike,3990,0,4.0,52500.0,13125.0,15.5,0.25,0.5,0.0,4.0,3.0,2025-10-29 19:47:50,2025-08-01 09:13:25,30.75,3.0,0.0,1.0,1.0,89.0,E-Bike,48,3990
U1752,30,Metro/Bus,4157,0,6.0,189000.0,31500.0,25.166666666666668,0.16666666666666666,0.16666666666666666,0.5,5.0,4.0,2025-10-02 12:54:24,2025-08-21 12:08:39,30.833333333333332,5.0,0.0,1.0,28.0,42.0,Metro/Bus,30,4157
U1753,35,E-Bike,3889,0,4.0,207000.0,51750.0,34.5,0.0,0.0,0.25,3.0,3.0,2025-09-18 09:30:34,2025-08-07 20:54:34,30.0,4.0,0.0,0.0,42.0,41.0,E-Bike,35,3889
U1754,26,E-Bike,4371,0,4.0,105000.0,26250.0,34.75,0.5,0.0,0.0,2.0,1.0,2025-10-19 10:19:15,2025-08-05 12:11:34,30.75,2.0,0.0,2.0,11.0,74.0,E-Bike,26,4371
U1755,53,E-Bike,4238,0,4.0,94500.0,23625.0,15.75,0.25,0.75,0.25,4.0,4.0,2025-10-30 13:57:42,2025-09-13 09:11:43,28.75,4.0,0.0,0.0,0.0,47.0,E-Bike,53,4238
U1756,31,E-Bike,524,1,4.0,178000.0,44500.0,37.75,0.5,0.0,0.75,3.0,4.0,2025-08-24 18:57:23,2025-08-14 10:03:07,29.0,3.0,1.0,0.0,67.0,10.0,E-Bike,31,524
U1757,40,E-Bike,1927,0,3.0,60000.0,20000.0,25.0,0.0,0.0,0.6666666666666666,3.0,3.0,2025-10-07 07:27:59,2025-08-25 19:46:43,28.0,2.0,0.0,1.0,23.0,42.0,E-Bike,40,1927
U1758,50,E-Bike,4227,1,6.0,245500.0,40916.666666666664,46.0,0.3333333333333333,0.0,0.5,4.0,4.0,2025-10-18 12:43:43,2025-08-06 18:48:24,32.0,2.0,2.0,2.0,12.0,72.0,E-Bike,50,4227
U1759,45,E-Bike,4022,1,4.0,122500.0,30625.0,27.25,0.0,0.0,0.5,3.0,2.0,2025-10-21 17:49:00,2025-08-19 08:56:30,30.0,3.0,0.0,1.0,9.0,63.0,E-Bike,45,4022
U1760,41,E-Bike,926,1,0.0,0.0,0.0,0.0,0.0,0.0,0.0,0.0,0.0,,,0.0,0.0,0.0,0.0,0.0,0.0,E-Bike,41,926
U1761,29,Shuttle,4003,0,6.0,207000.0,34500.0,34.833333333333336,0.0,0.0,0.3333333333333333,4.0,3.0,2025-10-29 06:19:40,2025-08-14 17:12:01,30.666666666666668,4.0,0.0,2.0,1.0,75.0,Shuttle,29,4003
U1762,28,E-Bike,1379,0,2.0,87000.0,43500.0,29.0,0.0,1.0,0.5,2.0,2.0,2025-08-28 18:56:01,2025-08-07 14:40:23,30.0,2.0,0.0,0.0,63.0,21.0,E-Bike,28,1379
U1763,18,Metro/Bus,2879,0,7.0,250500.0,35785.71428571428,35.0,0.42857142857142855,0.0,0.5714285714285714,6.0,4.0,2025-10-07 07:43:11,2025-08-06 17:38:37,29.857142857142858,4.0,1.0,2.0,23.0,61.0,Metro/Bus,18,2879
U1764,43,E-Bike,2411,0,4.0,129000.0,32250.0,36.25,0.25,0.5,1.0,3.0,4.0,2025-10-13 17:11:58,2025-08-20 08:43:34,30.5,1.0,1.0,2.0,17.0,54.0,E-Bike,43,2411
U1765,30,E-Bike,1200,0,5.0,130500.0,26100.0,17.4,0.2,0.4,0.2,5.0,3.0,2025-10-28 14:13:36,2025-08-20 18:43:37,27.0,5.0,0.0,0.0,2.0,68.0,E-Bike,30,1200
U1766,34,Shuttle,869,1,4.0,149500.0,37375.0,32.0,0.0,0.0,0.25,4.0,2.0,2025-09-19 11:10:31,2025-08-08 17:27:28,30.25,3.0,0.0,1.0,41.0,41.0,Shuttle,34,869
U1767,21,Shuttle,628,0,1.0,63000.0,63000.0,42.0,0.0,0.0,1.0,1.0,1.0,2025-08-20 17:21:00,2025-08-20 17:21:00,27.0,1.0,0.0,0.0,71.0,0.0,Shuttle,21,628
U1768,25,Metro/Bus,2126,0,5.0,202500.0,40500.0,55.8,0.0,0.4,0.8,3.0,4.0,2025-10-15 07:32:35,2025-08-07 21:13:07,30.0,1.0,3.0,1.0,15.0,68.0,Metro/Bus,25,2126
U1769,25,E-Bike,4025,0,4.0,109500.0,27375.0,24.25,0.25,0.0,0.75,4.0,4.0,2025-10-27 08:43:26,2025-08-16 20:40:18,31.5,2.0,1.0,1.0,3.0,71.0,E-Bike,25,4025
U1770,42,Metro/Bus,4934,0,6.0,170500.0,28416.666666666668,25.0,0.0,0.3333333333333333,0.6666666666666666,4.0,5.0,2025-10-27 08:13:14,2025-08-18 17:23:33,29.833333333333332,5.0,1.0,0.0,3.0,69.0,Metro/Bus,42,4934
U1771,50,Metro/Bus,4564,0,2.0,63000.0,31500.0,21.0,0.5,0.5,0.0,2.0,2.0,2025-10-22 19:06:11,2025-08-23 14:36:12,32.0,2.0,0.0,0.0,8.0,60.0,Metro/Bus,50,4564
U1772,53,E-Bike,2996,0,3.0,71000.0,23666.666666666668,50.0,1.0,0.0,0.3333333333333333,2.0,2.0,2025-10-19 17:40:29,2025-08-10 19:54:53,30.0,1.0,1.0,1.0,11.0,69.0,E-Bike,53,2996
U1773,37,Metro/Bus,3158,0,0.0,0.0,0.0,0.0,0.0,0.0,0.0,0.0,0.0,,,0.0,0.0,0.0,0.0,0.0,0.0,Metro/Bus,37,3158
U1774,40,Shuttle,3994,0,5.0,87500.0,17500.0,31.8,0.0,0.2,0.8,4.0,4.0,2025-10-17 07:45:31,2025-09-05 17:59:22,30.4,3.0,1.0,1.0,13.0,41.0,Shuttle,40,3994
U1775,42,E-Bike,3646,0,5.0,180500.0,36100.0,40.4,0.0,0.0,0.4,3.0,5.0,2025-10-30 18:28:18,2025-08-05 14:57:01,28.4,3.0,2.0,0.0,0.0,86.0,E-Bike,42,3646
U1776,39,Metro/Bus,4480,0,7.0,167000.0,23857.14285714286,31.0,0.42857142857142855,0.2857142857142857,0.42857142857142855,4.0,6.0,2025-10-12 17:48:45,2025-08-01 09:40:26,31.285714285714285,3.0,1.0,3.0,18.0,72.0,Metro/Bus,39,4480
U1777,24,E-Bike,3702,0,10.0,335500.0,33550.0,39.9,0.0,0.1,0.4,5.0,6.0,2025-10-29 15:11:45,2025-08-13 06:07:51,30.0,5.0,1.0,4.0,1.0,77.0,E-Bike,24,3702
U1778,31,Shuttle,3528,0,5.0,196000.0,39200.0,37.4,0.2,0.2,0.2,3.0,5.0,2025-10-03 16:13:30,2025-08-06 10:22:32,30.0,4.0,1.0,0.0,27.0,58.0,Shuttle,31,3528
U1779,54,Shuttle,1881,0,4.0,107000.0,26750.0,45.25,0.0,0.0,0.0,3.0,3.0,2025-10-27 19:43:35,2025-08-14 14:29:56,28.0,0.0,2.0,2.0,3.0,74.0,Shuttle,54,1881
U1780,42,E-Bike,3960,0,8.0,381000.0,47625.0,43.5,0.25,0.25,0.625,6.0,5.0,2025-10-20 17:11:15,2025-08-05 22:17:04,31.875,5.0,3.0,0.0,10.0,75.0,E-Bike,42,3960
U1781,50,E-Bike,1062,0,4.0,126500.0,31625.0,22.0,0.25,0.0,0.25,3.0,3.0,2025-10-19 17:26:21,2025-08-01 14:38:57,30.75,3.0,0.0,1.0,11.0,79.0,E-Bike,50,1062
U1782,38,E-Bike,4318,0,8.0,182000.0,22750.0,26.0,0.5,0.25,0.5,4.0,6.0,2025-09-27 08:29:26,2025-08-12 17:11:26,30.875,5.0,0.0,3.0,33.0,45.0,E-Bike,38,4318
U1783,45,E-Bike,3838,0,3.0,151000.0,50333.333333333336,53.0,0.3333333333333333,0.3333333333333333,1.0,2.0,3.0,2025-09-07 08:46:35,2025-08-22 17:56:39,29.333333333333332,2.0,1.0,0.0,53.0,15.0,E-Bike,45,3838
U1784,40,Metro/Bus,216,0,4.0,182000.0,45500.0,30.75,0.25,0.0,0.25,4.0,3.0,2025-10-23 16:00:27,2025-09-12 13:52:43,31.0,3.0,0.0,1.0,7.0,41.0,Metro/Bus,40,216
U1785,47,Metro/Bus,303,0,7.0,232000.0,33142.857142857145,34.42857142857143,0.0,0.2857142857142857,0.42857142857142855,5.0,4.0,2025-09-09 07:37:43,2025-08-01 12:52:08,30.428571428571427,5.0,0.0,2.0,51.0,38.0,Metro/Bus,47,303
U1786,53,Metro/Bus,4731,0,3.0,100000.0,33333.333333333336,41.666666666666664,0.0,0.6666666666666666,0.3333333333333333,3.0,3.0,2025-10-29 10:29:35,2025-08-27 19:04:24,34.333333333333336,0.0,2.0,1.0,1.0,62.0,Metro/Bus,53,4731
U1787,23,Metro/Bus,3145,0,3.0,111500.0,37166.666666666664,38.666666666666664,0.3333333333333333,0.3333333333333333,0.6666666666666666,2.0,2.0,2025-10-23 07:00:13,2025-08-30 13:13:04,31.666666666666668,1.0,2.0,0.0,7.0,53.0,Metro/Bus,23,3145
U1788,20,Shuttle,3037,0,7.0,268000.0,38285.71428571428,29.428571428571427,0.2857142857142857,0.14285714285714285,0.5714285714285714,6.0,6.0,2025-10-10 13:48:36,2025-08-13 07:19:28,29.0,6.0,1.0,0.0,20.0,58.0,Shuttle,20,3037
U1789,52,E-Bike,3007,0,3.0,44000.0,14666.666666666666,20.333333333333332,0.6666666666666666,0.3333333333333333,1.0,2.0,2.0,2025-10-18 08:50:33,2025-09-24 07:07:14,31.666666666666668,2.0,0.0,1.0,12.0,24.0,E-Bike,52,3007
U1790,20,E-Bike,2419,0,5.0,138000.0,27600.0,36.8,0.4,0.4,0.6,4.0,5.0,2025-10-27 07:28:25,2025-08-01 17:46:28,29.4,3.0,1.0,1.0,3.0,86.0,E-Bike,20,2419
U1791,22,Metro/Bus,339,1,2.0,50500.0,25250.0,41.0,0.0,0.0,0.0,2.0,2.0,2025-10-14 09:34:07,2025-09-18 21:43:34,30.5,1.0,1.0,0.0,16.0,25.0,Metro/Bus,22,339
U1792,29,E-Bike,2929,0,4.0,117500.0,29375.0,28.5,0.75,0.25,1.0,3.0,3.0,2025-10-27 08:54:12,2025-08-17 17:58:26,31.0,2.0,1.0,1.0,3.0,70.0,E-Bike,29,2929
U1793,50,Metro/Bus,4391,0,2.0,67000.0,33500.0,46.0,1.0,0.0,0.0,2.0,2.0,2025-09-27 14:01:01,2025-09-13 16:00:42,33.0,1.0,1.0,0.0,33.0,13.0,Metro/Bus,50,4391
U1794,37,Shuttle,1404,0,4.0,83500.0,20875.0,21.75,0.25,0.0,0.5,4.0,4.0,2025-10-29 14:52:17,2025-09-27 17:57:36,28.5,3.0,0.0,1.0,1.0,31.0,Shuttle,37,1404
U1795,36,E-Bike,4716,0,4.0,156000.0,39000.0,26.0,0.5,0.5,0.75,3.0,3.0,2025-09-27 18:57:29,2025-08-25 22:26:43,27.75,4.0,0.0,0.0,33.0,32.0,E-Bike,36,4716
U1796,20,E-Bike,47,1,6.0,161500.0,26916.666666666668,29.0,0.5,0.0,0.6666666666666666,4.0,6.0,2025-10-18 07:19:19,2025-08-30 06:13:37,32.833333333333336,3.0,0.0,3.0,12.0,49.0,E-Bike,20,47
U1797,30,Shuttle,3891,1,3.0,88500.0,29500.0,53.0,0.3333333333333333,0.3333333333333333,1.0,3.0,2.0,2025-10-16 18:51:46,2025-09-13 18:30:58,33.666666666666664,1.0,1.0,1.0,14.0,33.0,Shuttle,30,3891
U1798,41,E-Bike,1894,0,3.0,100500.0,33500.0,36.0,0.3333333333333333,0.0,0.3333333333333333,3.0,3.0,2025-10-22 18:27:38,2025-08-31 12:16:33,31.333333333333332,2.0,0.0,1.0,8.0,52.0,E-Bike,41,1894
U1799,43,E-Bike,592,1,3.0,97500.0,32500.0,27.333333333333332,0.3333333333333333,0.0,0.3333333333333333,3.0,3.0,2025-10-07 08:18:09,2025-09-19 09:10:50,34.0,1.0,1.0,1.0,23.0,17.0,E-Bike,43,592
U1800,50,Shuttle,252,1,6.0,194500.0,32416.666666666668,37.833333333333336,0.3333333333333333,0.16666666666666666,0.6666666666666666,5.0,4.0,2025-10-04 18:47:10,2025-08-16 17:44:28,30.166666666666668,4.0,1.0,1.0,26.0,49.0,Shuttle,50,252
U1801,35,E-Bike,493,0,7.0,298000.0,42571.42857142857,37.285714285714285,0.2857142857142857,0.14285714285714285,0.42857142857142855,5.0,5.0,2025-10-24 17:23:56,2025-08-13 10:32:37,29.142857142857142,6.0,1.0,0.0,6.0,72.0,E-Bike,35,493
U1802,48,E-Bike,3746,0,5.0,119000.0,23800.0,46.0,0.2,0.0,0.2,4.0,5.0,2025-10-27 20:16:12,2025-08-05 08:51:47,28.4,1.0,1.0,3.0,3.0,83.0,E-Bike,48,3746
U1803,52,E-Bike,3048,0,5.0,154500.0,30900.0,31.8,0.6,0.0,0.2,4.0,5.0,2025-10-04 10:00:37,2025-08-30 22:34:01,33.2,1.0,2.0,2.0,26.0,34.0,E-Bike,52,3048
U1804,55,Shuttle,464,0,2.0,20500.0,10250.0,26.0,0.0,0.5,0.5,1.0,2.0,2025-09-16 07:47:00,2025-08-25 09:27:55,31.0,1.0,0.0,1.0,44.0,21.0,Shuttle,55,464
U1805,36,Metro/Bus,649,0,4.0,102000.0,25500.0,40.75,0.25,0.25,0.75,3.0,4.0,2025-09-26 17:16:12,2025-08-02 16:33:15,31.0,1.0,1.0,2.0,34.0,55.0,Metro/Bus,36,649
U1806,47,Metro/Bus,4810,0,4.0,99500.0,24875.0,36.75,0.5,0.25,1.0,2.0,4.0,2025-09-10 07:52:02,2025-08-03 17:36:57,29.75,1.0,1.0,2.0,50.0,37.0,Metro/Bus,47,4810
U1807,43,E-Bike,3810,0,5.0,149000.0,29800.0,41.8,0.4,0.4,0.4,4.0,4.0,2025-10-19 13:07:03,2025-08-03 08:33:57,28.8,1.0,3.0,1.0,11.0,77.0,E-Bike,43,3810
U1808,51,E-Bike,3759,0,10.0,393500.0,39350.0,35.2,0.0,0.2,0.6,5.0,6.0,2025-10-14 07:47:14,2025-08-14 18:02:19,31.1,4.0,5.0,1.0,16.0,60.0,E-Bike,51,3759
U1809,24,Metro/Bus,832,0,8.0,276500.0,34562.5,42.25,0.25,0.375,0.5,6.0,5.0,2025-10-16 14:10:55,2025-08-12 18:06:42,28.875,4.0,2.0,2.0,14.0,64.0,Metro/Bus,24,832
U1810,37,E-Bike,2801,1,4.0,107000.0,26750.0,33.25,0.25,0.25,0.25,3.0,4.0,2025-09-26 08:27:51,2025-08-11 19:57:40,28.0,2.0,1.0,1.0,34.0,45.0,E-Bike,37,2801
U1811,48,Metro/Bus,4027,0,6.0,237000.0,39500.0,39.666666666666664,0.16666666666666666,0.16666666666666666,0.3333333333333333,3.0,4.0,2025-10-27 09:41:47,2025-08-04 17:34:35,30.833333333333332,3.0,3.0,0.0,3.0,83.0,Metro/Bus,48,4027
U1812,22,E-Bike,3352,0,5.0,161000.0,32200.0,39.0,0.0,0.0,0.4,4.0,5.0,2025-10-08 11:17:34,2025-08-11 17:38:31,28.8,3.0,1.0,1.0,22.0,57.0,E-Bike,22,3352
U1813,23,E-Bike,4846,1,2.0,114000.0,57000.0,38.0,0.5,0.5,0.0,2.0,2.0,2025-09-24 19:35:23,2025-09-13 21:45:28,29.5,2.0,0.0,0.0,36.0,10.0,E-Bike,23,4846
U1814,53,Metro/Bus,3749,0,2.0,55000.0,27500.0,65.0,0.0,0.0,0.5,2.0,2.0,2025-10-17 10:58:27,2025-09-01 08:19:17,30.0,0.0,1.0,1.0,13.0,46.0,Metro/Bus,53,3749
U1815,23,E-Bike,2887,0,4.0,39500.0,9875.0,26.75,0.5,0.25,0.5,3.0,3.0,2025-10-12 18:41:45,2025-09-19 07:12:05,31.25,2.0,0.0,2.0,18.0,23.0,E-Bike,23,2887
U1816,54,E-Bike,2862,1,7.0,150000.0,21428.571428571428,19.285714285714285,0.5714285714285714,0.2857142857142857,0.42857142857142855,6.0,6.0,2025-10-12 17:28:52,2025-08-17 07:24:15,30.142857142857142,5.0,0.0,2.0,18.0,56.0,E-Bike,54,2862
U1817,26,E-Bike,3857,0,5.0,184000.0,36800.0,32.4,0.2,0.0,0.4,4.0,5.0,2025-10-15 20:31:36,2025-08-20 06:27:07,32.2,4.0,1.0,0.0,15.0,56.0,E-Bike,26,3857
U1818,44,Shuttle,4078,0,3.0,99000.0,33000.0,22.0,0.0,0.3333333333333333,0.0,3.0,3.0,2025-10-03 09:02:17,2025-08-25 11:12:24,31.333333333333332,3.0,0.0,0.0,27.0,38.0,Shuttle,44,4078
U1819,23,E-Bike,2658,0,4.0,129000.0,32250.0,32.75,0.0,0.0,0.25,4.0,3.0,2025-10-14 19:01:26,2025-08-04 12:58:35,27.5,2.0,1.0,1.0,16.0,71.0,E-Bike,23,2658
U1820,22,Shuttle,389,0,2.0,60000.0,30000.0,41.0,0.0,0.5,0.5,1.0,2.0,2025-09-22 18:55:03,2025-09-08 13:14:09,33.5,0.0,1.0,1.0,38.0,14.0,Shuttle,22,389
U1821,32,Shuttle,2075,0,4.0,123500.0,30875.0,25.0,0.5,0.0,0.5,3.0,3.0,2025-09-23 19:07:12,2025-08-02 18:54:22,33.5,3.0,0.0,1.0,37.0,52.0,Shuttle,32,2075
U1822,52,Shuttle,4710,0,4.0,195000.0,48750.0,32.5,0.0,0.5,0.75,3.0,3.0,2025-10-27 08:51:51,2025-10-06 17:02:16,29.5,4.0,0.0,0.0,3.0,20.0,Shuttle,52,4710
U1823,25,E-Bike,4238,0,12.0,365500.0,30458.333333333332,31.916666666666668,0.5833333333333334,0.25,0.4166666666666667,6.0,7.0,2025-10-26 14:44:38,2025-08-07 10:41:36,30.916666666666668,5.0,2.0,5.0,4.0,80.0,E-Bike,25,4238
U1824,50,E-Bike,2454,0,2.0,57000.0,28500.0,37.0,0.5,0.0,0.0,2.0,2.0,2025-09-20 06:53:20,2025-08-11 09:06:26,29.5,1.0,0.0,1.0,40.0,39.0,E-Bike,50,2454
U1825,45,E-Bike,2467,0,6.0,98000.0,16333.333333333334,34.666666666666664,0.0,0.16666666666666666,0.5,4.0,5.0,2025-10-22 12:14:02,2025-10-01 18:38:01,32.0,1.0,1.0,4.0,8.0,20.0,E-Bike,45,2467
U1826,24,E-Bike,3552,1,5.0,162500.0,32500.0,29.4,0.2,0.0,0.4,3.0,3.0,2025-10-17 22:23:19,2025-08-19 14:52:36,30.6,4.0,0.0,1.0,13.0,59.0,E-Bike,24,3552
U1827,37,E-Bike,331,0,2.0,75000.0,37500.0,25.0,0.0,0.0,0.5,2.0,2.0,2025-09-02 19:56:44,2025-08-11 08:39:56,30.0,2.0,0.0,0.0,58.0,22.0,E-Bike,37,331
U1828,34,E-Bike,4616,0,6.0,162500.0,27083.333333333332,25.5,0.16666666666666666,0.16666666666666666,0.3333333333333333,5.0,6.0,2025-10-29 17:07:11,2025-08-01 09:39:06,33.333333333333336,4.0,2.0,0.0,1.0,89.0,E-Bike,34,4616
U1829,46,Metro/Bus,791,0,4.0,116500.0,29125.0,23.25,0.25,0.25,0.25,2.0,4.0,2025-10-22 21:18:08,2025-08-12 19:59:44,29.75,3.0,1.0,0.0,8.0,71.0,Metro/Bus,46,791
U1830,36,Metro/Bus,4472,0,4.0,155500.0,38875.0,26.75,0.25,0.25,0.75,4.0,4.0,2025-10-16 08:45:01,2025-09-16 18:33:20,29.25,3.0,1.0,0.0,14.0,29.0,Metro/Bus,36,4472
U1831,20,E-Bike,4169,1,5.0,147000.0,29400.0,52.4,0.0,0.2,0.8,3.0,4.0,2025-10-17 08:17:34,2025-08-25 08:25:16,32.2,0.0,3.0,2.0,13.0,52.0,E-Bike,20,4169
U1832,28,E-Bike,1957,0,5.0,176500.0,35300.0,34.4,0.4,0.0,0.6,4.0,4.0,2025-10-22 07:23:27,2025-08-09 08:12:25,30.0,4.0,0.0,1.0,8.0,73.0,E-Bike,28,1957
U1833,35,Shuttle,4138,0,7.0,229500.0,32785.71428571428,39.57142857142857,0.42857142857142855,0.0,0.2857142857142857,5.0,6.0,2025-10-29 19:56:16,2025-08-16 19:08:22,29.714285714285715,3.0,2.0,2.0,1.0,74.0,Shuttle,35,4138
U1834,43,E-Bike,2123,0,6.0,140500.0,23416.666666666668,29.833333333333332,0.3333333333333333,0.16666666666666666,0.3333333333333333,5.0,5.0,2025-09-30 17:53:47,2025-08-20 19:38:37,30.0,2.0,0.0,4.0,30.0,40.0,E-Bike,43,2123
U1835,25,E-Bike,4851,0,6.0,203000.0,33833.333333333336,35.0,0.6666666666666666,0.0,0.8333333333333334,4.0,4.0,2025-10-04 18:39:16,2025-08-05 07:41:15,31.0,4.0,1.0,1.0,26.0,60.0,E-Bike,25,4851
U1836,36,E-Bike,74,0,4.0,102500.0,25625.0,47.5,0.25,0.25,0.25,3.0,2.0,2025-10-21 16:48:11,2025-08-18 17:43:56,30.5,1.0,2.0,1.0,9.0,63.0,E-Bike,36,74
U1837,18,E-Bike,357,1,2.0,78000.0,39000.0,26.0,0.5,0.0,0.5,2.0,2.0,2025-09-14 19:50:44,2025-08-08 07:09:00,35.0,2.0,0.0,0.0,46.0,37.0,E-Bike,18,357
U1838,30,Metro/Bus,2283,0,2.0,70500.0,35250.0,23.5,0.5,1.0,0.5,2.0,2.0,2025-10-23 12:44:56,2025-08-24 07:57:03,31.5,2.0,0.0,0.0,7.0,60.0,Metro/Bus,30,2283
U1839,28,E-Bike,131,0,7.0,173500.0,24785.714285714286,30.285714285714285,0.42857142857142855,0.14285714285714285,0.5714285714285714,4.0,5.0,2025-10-19 19:31:40,2025-08-01 18:10:23,32.857142857142854,3.0,2.0,2.0,11.0,79.0,E-Bike,28,131
U1840,42,E-Bike,4674,1,8.0,393500.0,49187.5,38.25,0.125,0.375,0.625,6.0,6.0,2025-10-28 18:39:22,2025-08-06 06:08:18,32.375,6.0,2.0,0.0,2.0,83.0,E-Bike,42,4674
U1841,21,Metro/Bus,780,0,2.0,114000.0,57000.0,38.0,0.5,0.0,1.0,2.0,2.0,2025-10-23 18:23:28,2025-10-11 18:17:02,32.5,2.0,0.0,0.0,7.0,12.0,Metro/Bus,21,780
U1842,52,E-Bike,2356,0,2.0,38500.0,19250.0,35.0,0.0,0.0,0.5,2.0,2.0,2025-10-22 10:54:49,2025-08-20 17:49:52,32.5,1.0,0.0,1.0,8.0,62.0,E-Bike,52,2356
U1843,43,E-Bike,3266,1,5.0,129500.0,25900.0,26.4,0.4,0.2,0.2,3.0,2.0,2025-10-26 10:21:13,2025-08-24 18:02:18,31.8,3.0,0.0,2.0,4.0,62.0,E-Bike,43,3266
U1844,22,Metro/Bus,3745,0,5.0,140500.0,28100.0,42.6,0.0,0.4,0.4,4.0,5.0,2025-10-06 12:07:59,2025-08-18 22:19:23,30.4,1.0,1.0,3.0,24.0,48.0,Metro/Bus,22,3745
U1845,40,E-Bike,3127,0,3.0,109000.0,36333.333333333336,33.333333333333336,0.6666666666666666,0.3333333333333333,0.3333333333333333,3.0,3.0,2025-10-23 21:04:02,2025-08-16 18:18:34,31.666666666666668,2.0,1.0,0.0,7.0,68.0,E-Bike,40,3127
U1846,53,E-Bike,4172,0,1.0,20000.0,20000.0,60.0,0.0,0.0,1.0,1.0,1.0,2025-08-21 08:53:38,2025-08-21 08:53:38,29.0,0.0,0.0,1.0,70.0,0.0,E-Bike,53,4172
U1847,40,Metro/Bus,4254,0,5.0,153500.0,30700.0,42.8,0.0,0.0,0.4,3.0,3.0,2025-10-22 09:06:54,2025-08-25 19:27:53,29.2,2.0,1.0,2.0,8.0,57.0,Metro/Bus,40,4254
U1848,35,Metro/Bus,1043,1,3.0,72500.0,24166.666666666668,41.666666666666664,0.0,0.3333333333333333,0.3333333333333333,3.0,3.0,2025-09-26 09:53:30,2025-08-15 17:22:09,32.666666666666664,1.0,1.0,1.0,34.0,41.0,Metro/Bus,35,1043
U1849,23,E-Bike,743,0,5.0,217500.0,43500.0,29.0,0.2,0.2,0.4,5.0,5.0,2025-10-30 19:44:40,2025-08-26 08:13:57,29.2,5.0,0.0,0.0,0.0,65.0,E-Bike,23,743
U1850,49,E-Bike,3648,0,4.0,117500.0,29375.0,36.5,0.5,0.0,0.5,3.0,3.0,2025-09-28 10:55:05,2025-08-16 17:18:09,32.25,2.0,1.0,1.0,32.0,42.0,E-Bike,49,3648
U1851,35,E-Bike,1418,0,7.0,227500.0,32500.0,40.285714285714285,0.0,0.2857142857142857,0.42857142857142855,4.0,5.0,2025-10-28 20:55:21,2025-08-08 08:50:39,31.428571428571427,4.0,2.0,1.0,2.0,81.0,E-Bike,35,1418
U1852,38,E-Bike,2379,0,5.0,174000.0,34800.0,42.8,0.2,0.0,0.8,4.0,4.0,2025-10-18 08:16:21,2025-08-19 17:37:53,31.4,2.0,1.0,2.0,12.0,59.0,E-Bike,38,2379
U1853,35,E-Bike,1513,1,6.0,168500.0,28083.333333333332,42.5,0.16666666666666666,0.5,0.16666666666666666,5.0,4.0,2025-10-17 08:40:35,2025-08-09 19:19:30,31.0,2.0,2.0,2.0,13.0,68.0,E-Bike,35,1513
U1854,18,Shuttle,3624,0,5.0,141000.0,28200.0,32.2,0.4,0.2,0.6,4.0,3.0,2025-10-24 17:19:13,2025-09-16 18:59:15,29.4,3.0,0.0,2.0,6.0,37.0,Shuttle,18,3624
U1855,27,Shuttle,211,0,7.0,201000.0,28714.285714285714,32.42857142857143,0.2857142857142857,0.42857142857142855,0.42857142857142855,4.0,4.0,2025-10-30 18:49:52,2025-08-14 07:16:20,30.285714285714285,3.0,0.0,4.0,0.0,77.0,Shuttle,27,211
U1856,18,Metro/Bus,4428,0,4.0,143500.0,35875.0,29.25,0.25,0.25,0.5,4.0,4.0,2025-10-19 14:10:20,2025-09-11 17:09:50,30.0,3.0,0.0,1.0,11.0,37.0,Metro/Bus,18,4428
U1857,20,Metro/Bus,2194,0,3.0,110000.0,36666.666666666664,59.333333333333336,0.3333333333333333,0.0,1.0,3.0,3.0,2025-10-06 07:55:16,2025-08-17 17:29:27,32.333333333333336,1.0,1.0,1.0,24.0,49.0,Metro/Bus,20,2194
U1858,44,Shuttle,2186,0,4.0,113000.0,28250.0,36.25,0.0,0.0,0.5,4.0,4.0,2025-10-15 08:14:06,2025-08-18 19:09:51,32.5,2.0,1.0,1.0,15.0,57.0,Shuttle,44,2186
U1859,51,E-Bike,4701,0,2.0,55000.0,27500.0,41.0,0.0,0.5,1.0,2.0,2.0,2025-10-13 08:22:19,2025-09-02 07:05:35,28.5,0.0,1.0,1.0,17.0,41.0,E-Bike,51,4701
U1860,40,Metro/Bus,928,0,2.0,79000.0,39500.0,35.0,0.0,0.5,1.0,1.0,2.0,2025-08-25 18:05:16,2025-08-13 17:28:55,31.0,1.0,1.0,0.0,66.0,12.0,Metro/Bus,40,928
U1861,44,E-Bike,3690,0,2.0,59500.0,29750.0,43.0,0.0,0.0,0.5,2.0,2.0,2025-10-24 22:11:44,2025-08-20 08:38:51,32.5,1.0,1.0,0.0,6.0,65.0,E-Bike,44,3690
U1862,45,Metro/Bus,4077,0,3.0,62000.0,20666.666666666668,26.0,0.0,0.0,0.3333333333333333,2.0,3.0,2025-09-19 10:39:32,2025-08-25 17:15:56,27.0,2.0,0.0,1.0,41.0,24.0,Metro/Bus,45,4077
U1863,54,E-Bike,532,0,3.0,69000.0,23000.0,26.333333333333332,0.3333333333333333,0.0,0.3333333333333333,2.0,3.0,2025-10-29 11:31:14,2025-08-13 17:19:19,30.333333333333332,2.0,0.0,1.0,1.0,76.0,E-Bike,54,532
U1864,51,Metro/Bus,749,0,5.0,113000.0,22600.0,30.0,0.0,0.2,0.6,5.0,4.0,2025-10-07 17:45:21,2025-08-05 19:08:25,29.8,3.0,0.0,2.0,23.0,62.0,Metro/Bus,51,749
U1865,22,Metro/Bus,4719,0,3.0,144000.0,48000.0,32.0,0.3333333333333333,0.0,0.0,2.0,2.0,2025-10-08 06:24:02,2025-08-23 20:26:32,32.0,3.0,0.0,0.0,22.0,45.0,Metro/Bus,22,4719
U1866,33,E-Bike,3064,0,3.0,67000.0,22333.333333333332,31.666666666666668,0.3333333333333333,0.0,0.6666666666666666,3.0,3.0,2025-10-11 16:33:56,2025-08-13 07:31:16,30.666666666666668,2.0,0.0,1.0,19.0,59.0,E-Bike,33,3064
U1867,31,E-Bike,3174,0,3.0,114000.0,38000.0,35.333333333333336,0.3333333333333333,0.3333333333333333,0.3333333333333333,3.0,3.0,2025-09-27 18:22:17,2025-08-25 19:50:28,29.333333333333332,1.0,1.0,1.0,33.0,32.0,E-Bike,31,3174
U1868,50,Shuttle,2468,1,3.0,87000.0,29000.0,72.0,0.3333333333333333,0.3333333333333333,0.6666666666666666,3.0,3.0,2025-10-04 07:25:59,2025-09-10 08:27:11,29.666666666666668,0.0,2.0,1.0,26.0,23.0,Shuttle,50,2468
U1869,34,Metro/Bus,2050,0,7.0,162000.0,23142.85714285714,36.57142857142857,0.14285714285714285,0.14285714285714285,0.5714285714285714,3.0,6.0,2025-10-23 08:49:52,2025-08-06 20:24:30,30.142857142857142,3.0,1.0,3.0,7.0,77.0,Metro/Bus,34,2050
U1870,45,Shuttle,4196,1,3.0,62500.0,20833.333333333332,30.0,0.3333333333333333,0.3333333333333333,0.3333333333333333,3.0,3.0,2025-09-23 19:37:14,2025-08-16 10:01:26,30.0,2.0,0.0,1.0,37.0,38.0,Shuttle,45,4196
U1871,22,E-Bike,3346,0,6.0,185000.0,30833.333333333332,49.833333333333336,0.0,0.5,0.8333333333333334,4.0,4.0,2025-10-24 17:00:33,2025-09-04 18:50:42,30.5,1.0,2.0,3.0,6.0,49.0,E-Bike,22,3346
U1872,45,E-Bike,4518,0,2.0,50000.0,25000.0,22.0,0.5,0.0,0.5,2.0,2.0,2025-10-24 17:29:33,2025-09-27 20:33:57,26.5,1.0,0.0,1.0,6.0,26.0,E-Bike,45,4518
U1873,28,Metro/Bus,4295,0,6.0,162500.0,27083.333333333332,31.5,0.3333333333333333,0.3333333333333333,0.5,4.0,5.0,2025-09-27 08:32:01,2025-08-05 13:08:36,32.0,4.0,1.0,1.0,33.0,52.0,Metro/Bus,28,4295
U1874,31,Metro/Bus,157,0,5.0,167500.0,33500.0,29.4,0.2,0.0,0.8,4.0,3.0,2025-09-29 09:58:38,2025-08-06 17:11:48,30.6,4.0,1.0,0.0,31.0,53.0,Metro/Bus,31,157
U1875,22,E-Bike,1927,0,1.0,20000.0,20000.0,41.0,0.0,0.0,0.0,1.0,1.0,2025-08-21 19:28:07,2025-08-21 19:28:07,28.0,0.0,0.0,1.0,70.0,0.0,E-Bike,22,1927
U1876,36,Shuttle,3237,0,4.0,136500.0,34125.0,45.5,0.25,0.5,0.75,3.0,4.0,2025-10-11 17:39:59,2025-08-04 18:42:12,31.0,1.0,1.0,2.0,19.0,67.0,Shuttle,36,3237
U1877,42,E-Bike,269,0,5.0,154000.0,30800.0,29.8,0.4,0.2,0.8,4.0,3.0,2025-10-11 17:34:34,2025-08-27 18:41:54,30.8,4.0,0.0,1.0,19.0,44.0,E-Bike,42,269
U1878,41,E-Bike,222,1,3.0,62000.0,20666.666666666668,58.666666666666664,0.6666666666666666,0.3333333333333333,0.3333333333333333,2.0,3.0,2025-10-12 09:49:10,2025-08-19 08:49:55,32.333333333333336,0.0,1.0,2.0,18.0,54.0,E-Bike,41,222
U1879,54,E-Bike,3338,0,5.0,170500.0,34100.0,26.8,0.4,0.4,0.2,3.0,3.0,2025-10-22 12:21:39,2025-08-01 10:06:37,30.0,4.0,1.0,0.0,8.0,82.0,E-Bike,54,3338
U1880,54,Metro/Bus,2584,0,6.0,207000.0,34500.0,24.0,0.16666666666666666,0.0,0.6666666666666666,4.0,3.0,2025-09-11 09:47:41,2025-08-03 18:50:29,32.333333333333336,5.0,0.0,1.0,49.0,38.0,Metro/Bus,54,2584
U1881,28,Metro/Bus,3841,0,7.0,225500.0,32214.285714285714,25.428571428571427,0.42857142857142855,0.0,0.42857142857142855,4.0,6.0,2025-10-26 13:16:48,2025-08-22 18:41:53,30.857142857142858,6.0,0.0,1.0,4.0,64.0,Metro/Bus,28,3841
U1882,42,E-Bike,4867,0,3.0,70000.0,23333.333333333332,50.0,0.3333333333333333,0.3333333333333333,0.6666666666666666,3.0,2.0,2025-10-07 15:04:08,2025-08-15 17:57:28,31.333333333333332,0.0,1.0,2.0,23.0,52.0,E-Bike,42,4867
U1883,31,E-Bike,843,0,2.0,78000.0,39000.0,26.0,0.5,0.0,1.0,2.0,2.0,2025-10-29 07:44:43,2025-10-12 18:08:31,30.0,2.0,0.0,0.0,1.0,16.0,E-Bike,31,843
U1884,43,E-Bike,3134,0,7.0,227500.0,32500.0,50.57142857142857,0.2857142857142857,0.2857142857142857,0.2857142857142857,3.0,4.0,2025-10-19 18:03:48,2025-08-15 22:41:10,31.142857142857142,3.0,2.0,2.0,11.0,64.0,E-Bike,43,3134
U1885,45,E-Bike,1547,0,7.0,133000.0,19000.0,38.285714285714285,0.0,0.42857142857142855,0.2857142857142857,5.0,5.0,2025-10-13 18:51:42,2025-08-20 09:03:09,32.42857142857143,1.0,0.0,6.0,17.0,54.0,E-Bike,45,1547
U1886,36,E-Bike,88,0,3.0,109000.0,36333.333333333336,28.0,0.6666666666666666,0.0,0.6666666666666666,2.0,3.0,2025-10-15 22:14:11,2025-08-03 08:25:21,32.0,2.0,1.0,0.0,15.0,73.0,E-Bike,36,88
U1887,18,E-Bike,2638,0,7.0,273500.0,39071.42857142857,40.57142857142857,0.14285714285714285,0.14285714285714285,0.42857142857142855,6.0,5.0,2025-10-21 09:54:39,2025-08-03 19:11:07,29.857142857142858,3.0,3.0,1.0,9.0,78.0,E-Bike,18,2638
U1888,47,Shuttle,4814,0,3.0,143000.0,47666.666666666664,45.333333333333336,0.0,0.3333333333333333,0.3333333333333333,3.0,2.0,2025-10-14 18:46:25,2025-08-15 09:08:59,32.0,2.0,0.0,1.0,16.0,60.0,Shuttle,47,4814
U1889,21,Metro/Bus,2580,0,1.0,15000.0,15000.0,15.0,1.0,0.0,1.0,1.0,1.0,2025-08-24 18:16:36,2025-08-24 18:16:36,26.0,0.0,0.0,1.0,67.0,0.0,Metro/Bus,21,2580
U1890,41,Metro/Bus,4743,0,5.0,221000.0,44200.0,43.6,0.4,0.0,0.4,5.0,4.0,2025-10-26 09:01:29,2025-08-14 18:03:32,29.6,3.0,2.0,0.0,4.0,72.0,Metro/Bus,41,4743
U1891,22,Metro/Bus,4735,0,4.0,109000.0,27250.0,22.0,0.25,0.75,0.5,4.0,4.0,2025-10-25 09:21:36,2025-08-06 18:48:15,29.75,3.0,0.0,1.0,5.0,79.0,Metro/Bus,22,4735
U1892,48,E-Bike,3961,0,5.0,188500.0,37700.0,30.0,0.4,0.2,0.2,4.0,4.0,2025-10-28 19:10:31,2025-08-23 19:23:42,31.2,4.0,1.0,0.0,2.0,65.0,E-Bike,48,3961
U1893,45,E-Bike,4979,0,3.0,96500.0,32166.666666666668,24.333333333333332,0.6666666666666666,0.0,0.6666666666666666,3.0,3.0,2025-09-25 08:16:44,2025-08-17 09:14:10,31.0,2.0,0.0,1.0,35.0,38.0,E-Bike,45,4979
U1894,22,Shuttle,3085,1,3.0,69000.0,23000.0,28.333333333333332,0.3333333333333333,0.3333333333333333,0.0,2.0,3.0,2025-10-24 16:11:43,2025-08-28 15:35:01,32.0,2.0,0.0,1.0,6.0,57.0,Shuttle,22,3085
U1895,37,E-Bike,4324,0,5.0,103000.0,20600.0,32.0,0.2,0.2,0.4,4.0,4.0,2025-10-29 09:53:17,2025-09-14 21:01:18,29.2,2.0,1.0,2.0,1.0,44.0,E-Bike,37,4324
U1896,22,Metro/Bus,1551,0,5.0,181000.0,36200.0,30.0,0.4,0.2,0.4,3.0,4.0,2025-10-26 22:39:47,2025-08-02 19:58:05,29.4,4.0,1.0,0.0,4.0,85.0,Metro/Bus,22,1551
U1897,24,E-Bike,3551,1,2.0,75500.0,37750.0,26.0,0.5,0.5,0.5,2.0,2.0,2025-09-14 17:42:27,2025-08-04 11:42:56,32.5,1.0,0.0,1.0,46.0,41.0,E-Bike,24,3551
U1898,33,Shuttle,4454,0,6.0,286500.0,47750.0,33.0,0.3333333333333333,0.6666666666666666,0.16666666666666666,4.0,4.0,2025-10-08 14:54:18,2025-08-13 09:00:33,31.166666666666668,5.0,0.0,1.0,22.0,56.0,Shuttle,33,4454
U1899,25,Metro/Bus,4671,0,6.0,173000.0,28833.333333333332,51.333333333333336,0.16666666666666666,0.3333333333333333,0.5,5.0,4.0,2025-10-19 12:43:51,2025-08-26 18:40:03,31.0,2.0,2.0,2.0,11.0,53.0,Metro/Bus,25,4671
U1900,22,E-Bike,4780,0,7.0,229000.0,32714.285714285714,28.0,0.42857142857142855,0.14285714285714285,0.2857142857142857,6.0,5.0,2025-10-24 12:15:39,2025-08-10 08:24:12,30.428571428571427,6.0,0.0,1.0,6.0,75.0,E-Bike,22,4780
U1901,50,E-Bike,2506,0,10.0,402000.0,40200.0,36.2,0.3,0.0,0.5,5.0,6.0,2025-10-30 08:57:24,2025-08-16 19:44:37,29.3,5.0,3.0,2.0,0.0,74.0,E-Bike,50,2506
U1902,40,E-Bike,210,0,2.0,100500.0,50250.0,33.5,0.0,0.0,0.5,2.0,1.0,2025-10-15 19:13:40,2025-08-26 07:55:11,31.5,2.0,0.0,0.0,15.0,50.0,E-Bike,40,210
U1903,20,E-Bike,1980,0,3.0,160000.0,53333.333333333336,56.666666666666664,0.0,0.0,0.6666666666666666,3.0,2.0,2025-10-17 17:22:53,2025-08-04 08:51:40,28.333333333333332,2.0,1.0,0.0,13.0,74.0,E-Bike,20,1980
U1904,24,E-Bike,1676,0,4.0,112000.0,28000.0,21.0,0.25,0.75,1.0,4.0,3.0,2025-09-16 17:01:05,2025-08-18 17:24:30,30.75,3.0,1.0,0.0,44.0,28.0,E-Bike,24,1676
U1905,20,E-Bike,3736,0,3.0,66500.0,22166.666666666668,45.666666666666664,0.3333333333333333,0.3333333333333333,0.6666666666666666,3.0,2.0,2025-10-02 08:26:15,2025-08-17 07:49:42,29.666666666666668,1.0,1.0,1.0,28.0,46.0,E-Bike,20,3736
U1906,21,Metro/Bus,2421,1,3.0,102500.0,34166.666666666664,40.333333333333336,0.3333333333333333,0.3333333333333333,0.6666666666666666,3.0,3.0,2025-09-11 21:14:46,2025-08-18 17:44:02,31.333333333333332,1.0,0.0,2.0,49.0,24.0,Metro/Bus,21,2421
U1907,39,Shuttle,4420,0,7.0,186500.0,26642.85714285714,37.42857142857143,0.0,0.14285714285714285,0.42857142857142855,5.0,4.0,2025-10-21 17:37:02,2025-08-20 08:41:19,31.0,1.0,2.0,4.0,9.0,62.0,Shuttle,39,4420
U1908,45,E-Bike,1586,0,4.0,121500.0,30375.0,50.25,0.25,0.0,0.25,3.0,3.0,2025-10-19 12:33:12,2025-08-01 17:37:21,31.75,1.0,1.0,2.0,11.0,78.0,E-Bike,45,1586
U1909,49,Metro/Bus,4092,0,5.0,165500.0,33100.0,30.4,0.2,0.0,0.0,4.0,4.0,2025-10-28 15:57:59,2025-08-03 20:44:25,28.2,3.0,1.0,1.0,2.0,85.0,Metro/Bus,49,4092
U1910,35,E-Bike,1100,0,7.0,174500.0,24928.571428571428,26.285714285714285,0.2857142857142857,0.0,0.42857142857142855,5.0,6.0,2025-10-21 11:24:23,2025-08-11 09:28:45,29.857142857142858,2.0,0.0,5.0,9.0,71.0,E-Bike,35,1100
U1911,23,E-Bike,4756,0,3.0,102500.0,34166.666666666664,29.666666666666668,0.0,0.3333333333333333,0.6666666666666666,3.0,2.0,2025-10-29 13:43:46,2025-09-15 08:53:04,33.0,2.0,0.0,1.0,1.0,44.0,E-Bike,23,4756
U1912,25,Shuttle,4529,1,5.0,147500.0,29500.0,38.2,0.4,0.0,1.0,4.0,4.0,2025-10-09 18:57:11,2025-08-23 08:53:05,30.6,2.0,1.0,2.0,21.0,47.0,Shuttle,25,4529
U1913,45,E-Bike,1037,0,6.0,211500.0,35250.0,32.333333333333336,0.3333333333333333,0.16666666666666666,0.3333333333333333,5.0,5.0,2025-10-20 07:40:46,2025-08-05 09:26:12,30.333333333333332,2.0,3.0,1.0,10.0,75.0,E-Bike,45,1037
U1914,40,E-Bike,4723,0,4.0,165500.0,41375.0,31.75,0.25,0.0,0.5,4.0,3.0,2025-09-11 18:24:02,2025-08-28 17:56:06,32.25,3.0,0.0,1.0,49.0,14.0,E-Bike,40,4723
U1915,44,E-Bike,397,1,4.0,173000.0,43250.0,35.0,0.0,0.0,0.25,3.0,4.0,2025-10-22 12:40:22,2025-08-01 07:28:16,32.25,3.0,0.0,1.0,8.0,82.0,E-Bike,44,397
U1916,21,E-Bike,4908,1,2.0,109500.0,54750.0,36.5,0.5,0.5,0.0,2.0,1.0,2025-09-21 19:44:00,2025-09-10 06:12:23,29.0,2.0,0.0,0.0,39.0,11.0,E-Bike,21,4908
U1917,26,E-Bike,4737,0,7.0,252500.0,36071.42857142857,31.142857142857142,0.7142857142857143,0.42857142857142855,0.2857142857142857,5.0,5.0,2025-10-18 07:39:12,2025-08-02 07:15:56,32.0,5.0,1.0,1.0,12.0,77.0,E-Bike,26,4737
U1918,45,Metro/Bus,1568,0,6.0,181000.0,30166.666666666668,25.333333333333332,0.16666666666666666,0.16666666666666666,0.3333333333333333,5.0,4.0,2025-10-25 19:57:02,2025-08-15 18:27:23,29.5,4.0,0.0,2.0,5.0,71.0,Metro/Bus,45,1568
U1919,28,Shuttle,4299,0,4.0,147000.0,36750.0,37.25,0.75,0.0,0.25,4.0,3.0,2025-10-25 13:22:56,2025-08-10 07:02:15,30.75,2.0,0.0,2.0,5.0,76.0,Shuttle,28,4299
U1920,47,Shuttle,695,0,8.0,259000.0,32375.0,43.25,0.25,0.25,0.25,6.0,7.0,2025-10-20 09:04:07,2025-08-22 07:41:39,29.875,3.0,2.0,3.0,10.0,59.0,Shuttle,47,695
U1921,41,E-Bike,4752,0,8.0,256500.0,32062.5,37.0,0.25,0.375,0.25,4.0,6.0,2025-10-22 19:45:25,2025-08-16 08:46:42,29.0,3.0,1.0,4.0,8.0,67.0,E-Bike,41,4752
U1922,53,E-Bike,3158,0,5.0,137500.0,27500.0,23.6,0.2,0.2,0.4,2.0,3.0,2025-10-28 19:59:31,2025-08-14 17:07:25,31.2,3.0,0.0,2.0,2.0,75.0,E-Bike,53,3158
U1923,42,E-Bike,1937,1,5.0,104000.0,20800.0,28.4,0.4,0.2,0.2,5.0,3.0,2025-10-27 17:48:55,2025-08-05 19:59:04,32.8,3.0,1.0,1.0,3.0,82.0,E-Bike,42,1937
U1924,38,Shuttle,4976,1,3.0,127500.0,42500.0,28.333333333333332,0.0,0.3333333333333333,0.0,3.0,3.0,2025-10-30 09:06:11,2025-08-12 09:47:12,29.0,3.0,0.0,0.0,0.0,78.0,Shuttle,38,4976
U1925,35,E-Bike,4310,0,6.0,189000.0,31500.0,21.0,0.6666666666666666,0.3333333333333333,0.6666666666666666,6.0,5.0,2025-09-08 06:04:34,2025-08-02 17:53:31,30.5,6.0,0.0,0.0,52.0,36.0,E-Bike,35,4310
U1926,48,E-Bike,591,0,4.0,91000.0,22750.0,21.0,0.5,0.5,0.5,4.0,3.0,2025-10-16 17:25:46,2025-08-24 07:31:44,29.75,3.0,0.0,1.0,14.0,53.0,E-Bike,48,591
U1927,45,E-Bike,1998,0,0.0,0.0,0.0,0.0,0.0,0.0,0.0,0.0,0.0,,,0.0,0.0,0.0,0.0,0.0,0.0,E-Bike,45,1998
U1928,43,Shuttle,105,1,4.0,133000.0,33250.0,38.5,0.0,0.0,0.5,4.0,3.0,2025-09-12 18:40:52,2025-08-05 19:49:00,31.0,1.0,1.0,2.0,48.0,37.0,Shuttle,43,105
U1929,50,Metro/Bus,4540,1,3.0,103000.0,34333.333333333336,38.666666666666664,0.3333333333333333,0.3333333333333333,0.6666666666666666,3.0,3.0,2025-10-03 17:33:43,2025-08-29 12:18:53,31.666666666666668,1.0,0.0,2.0,27.0,35.0,Metro/Bus,50,4540
U1930,29,E-Bike,3818,0,4.0,73500.0,18375.0,12.25,0.25,0.25,0.25,3.0,4.0,2025-10-21 15:50:26,2025-09-12 11:35:17,31.75,4.0,0.0,0.0,9.0,39.0,E-Bike,29,3818
U1931,39,Shuttle,4173,0,6.0,176000.0,29333.333333333332,31.166666666666668,0.6666666666666666,0.0,0.16666666666666666,4.0,4.0,2025-10-25 13:56:35,2025-08-02 11:51:16,28.5,4.0,0.0,2.0,5.0,84.0,Shuttle,39,4173
U1932,33,Shuttle,3240,0,4.0,111000.0,27750.0,18.5,0.5,0.5,0.25,3.0,2.0,2025-10-11 06:37:35,2025-08-05 07:25:38,30.5,4.0,0.0,0.0,19.0,66.0,Shuttle,33,3240
U1933,39,E-Bike,4942,0,4.0,89000.0,22250.0,23.75,0.0,0.0,0.5,4.0,3.0,2025-10-21 12:12:00,2025-08-27 17:38:25,30.75,2.0,1.0,1.0,9.0,54.0,E-Bike,39,4942
U1934,19,Shuttle,1501,0,3.0,70500.0,23500.0,31.666666666666668,0.3333333333333333,0.3333333333333333,1.0,2.0,2.0,2025-10-28 08:56:39,2025-09-27 18:08:19,33.666666666666664,2.0,0.0,1.0,2.0,30.0,Shuttle,19,1501
U1935,37,Shuttle,4803,0,4.0,118500.0,29625.0,22.75,0.0,0.25,0.25,3.0,3.0,2025-10-16 21:53:12,2025-08-06 09:45:47,29.75,3.0,0.0,1.0,14.0,71.0,Shuttle,37,4803
U1936,44,Metro/Bus,4070,0,7.0,197500.0,28214.285714285714,28.857142857142858,0.42857142857142855,0.42857142857142855,0.7142857142857143,5.0,3.0,2025-10-15 07:58:39,2025-08-03 18:22:56,29.285714285714285,3.0,1.0,3.0,15.0,72.0,Metro/Bus,44,4070
U1937,31,Shuttle,3821,0,3.0,120000.0,40000.0,43.333333333333336,0.6666666666666666,0.3333333333333333,1.0,2.0,3.0,2025-10-20 08:20:11,2025-09-13 18:42:19,29.666666666666668,0.0,3.0,0.0,10.0,36.0,Shuttle,31,3821
U1938,22,Metro/Bus,2756,1,2.0,14000.0,7000.0,32.0,0.0,0.0,0.5,2.0,2.0,2025-09-15 20:22:41,2025-09-01 17:27:51,29.0,0.0,0.0,2.0,45.0,14.0,Metro/Bus,22,2756
U1939,46,Shuttle,4596,1,2.0,52000.0,26000.0,41.0,0.5,0.0,1.0,1.0,2.0,2025-10-27 17:01:56,2025-09-13 18:22:08,33.5,1.0,1.0,0.0,3.0,43.0,Shuttle,46,4596
U1940,45,E-Bike,2952,0,3.0,117000.0,39000.0,26.0,0.0,0.0,0.3333333333333333,3.0,3.0,2025-10-10 15:01:39,2025-08-01 19:35:51,31.666666666666668,3.0,0.0,0.0,20.0,69.0,E-Bike,45,2952
U1941,37,Shuttle,2874,0,3.0,56000.0,18666.666666666668,36.666666666666664,0.3333333333333333,0.3333333333333333,0.3333333333333333,2.0,3.0,2025-09-20 08:10:14,2025-08-12 19:07:24,29.666666666666668,1.0,0.0,2.0,40.0,38.0,Shuttle,37,2874
U1942,33,Shuttle,2726,0,0.0,0.0,0.0,0.0,0.0,0.0,0.0,0.0,0.0,,,0.0,0.0,0.0,0.0,0.0,0.0,Shuttle,33,2726
U1943,36,Metro/Bus,1843,0,5.0,150500.0,30100.0,21.6,0.2,0.2,0.6,4.0,4.0,2025-10-24 08:30:12,2025-09-05 19:33:09,31.6,4.0,0.0,1.0,6.0,48.0,Metro/Bus,36,1843
U1944,32,Shuttle,496,0,4.0,98500.0,24625.0,28.5,0.25,0.0,0.0,3.0,4.0,2025-10-23 09:38:50,2025-08-09 19:55:42,30.75,3.0,0.0,1.0,7.0,74.0,Shuttle,32,496
U1945,42,E-Bike,4712,0,4.0,133000.0,33250.0,33.5,0.0,0.25,0.5,4.0,4.0,2025-09-22 08:29:00,2025-08-08 10:20:14,30.5,2.0,1.0,1.0,38.0,44.0,E-Bike,42,4712
U1946,35,Metro/Bus,1012,0,6.0,218000.0,36333.333333333336,36.0,0.3333333333333333,0.0,0.8333333333333334,5.0,5.0,2025-10-15 07:52:36,2025-08-01 09:10:29,31.666666666666668,4.0,1.0,1.0,15.0,74.0,Metro/Bus,35,1012
U1947,45,Metro/Bus,2384,0,6.0,200000.0,33333.333333333336,42.0,0.5,0.0,0.6666666666666666,5.0,3.0,2025-10-30 08:29:13,2025-08-06 18:54:41,32.5,3.0,1.0,2.0,0.0,84.0,Metro/Bus,45,2384
U1948,18,E-Bike,4871,0,2.0,80000.0,40000.0,38.5,0.0,0.0,0.5,2.0,2.0,2025-09-01 13:35:33,2025-08-18 07:32:23,33.5,0.0,2.0,0.0,59.0,14.0,E-Bike,18,4871
U1949,29,Shuttle,1347,1,3.0,74000.0,24666.666666666668,51.333333333333336,0.0,0.3333333333333333,0.0,2.0,3.0,2025-10-10 14:37:05,2025-08-05 09:10:53,31.333333333333332,1.0,1.0,1.0,20.0,66.0,Shuttle,29,1347
U1950,41,E-Bike,1389,0,7.0,167000.0,23857.14285714286,36.57142857142857,0.2857142857142857,0.14285714285714285,0.7142857142857143,5.0,5.0,2025-10-27 18:10:56,2025-08-21 13:33:12,31.0,4.0,1.0,2.0,3.0,67.0,E-Bike,41,1389
U1951,40,Shuttle,3610,0,7.0,212000.0,30285.714285714286,21.714285714285715,0.14285714285714285,0.2857142857142857,0.2857142857142857,4.0,5.0,2025-10-24 13:34:27,2025-08-22 07:20:38,29.857142857142858,6.0,0.0,1.0,6.0,63.0,Shuttle,40,3610
U1952,25,Shuttle,690,0,1.0,18000.0,18000.0,12.0,1.0,0.0,1.0,1.0,1.0,2025-08-31 17:27:15,2025-08-31 17:27:15,35.0,1.0,0.0,0.0,60.0,0.0,Shuttle,25,690
U1953,41,E-Bike,4724,0,3.0,152500.0,50833.333333333336,40.666666666666664,0.0,0.0,0.6666666666666666,3.0,3.0,2025-10-14 08:32:04,2025-09-29 12:04:08,27.333333333333332,2.0,1.0,0.0,16.0,14.0,E-Bike,41,4724
U1954,47,Metro/Bus,4280,0,5.0,91000.0,18200.0,37.4,0.0,0.0,0.4,4.0,4.0,2025-10-27 11:54:14,2025-08-11 18:56:27,29.8,1.0,1.0,3.0,3.0,76.0,Metro/Bus,47,4280
U1955,49,E-Bike,843,1,3.0,82500.0,27500.0,33.0,0.0,0.3333333333333333,0.6666666666666666,3.0,3.0,2025-10-16 18:16:51,2025-08-01 12:14:11,30.0,2.0,0.0,1.0,14.0,76.0,E-Bike,49,843
U1956,29,Metro/Bus,3473,0,4.0,160000.0,40000.0,34.0,0.75,0.25,0.5,3.0,4.0,2025-10-24 10:30:51,2025-08-10 07:52:57,31.25,3.0,0.0,1.0,6.0,75.0,Metro/Bus,29,3473
U1957,45,E-Bike,2165,0,6.0,200500.0,33416.666666666664,35.333333333333336,0.6666666666666666,0.3333333333333333,0.16666666666666666,5.0,5.0,2025-10-25 19:36:20,2025-08-24 06:52:36,32.833333333333336,3.0,2.0,1.0,5.0,62.0,E-Bike,45,2165
U1958,30,E-Bike,474,0,4.0,203000.0,50750.0,40.25,0.25,0.25,0.75,4.0,4.0,2025-10-15 18:43:52,2025-09-13 18:04:02,30.25,3.0,0.0,1.0,15.0,32.0,E-Bike,30,474
U1959,53,E-Bike,638,0,2.0,117000.0,58500.0,39.0,0.5,0.0,0.5,2.0,2.0,2025-10-01 19:03:45,2025-09-21 07:53:22,27.0,2.0,0.0,0.0,29.0,10.0,E-Bike,53,638
U1960,49,Metro/Bus,4151,0,5.0,229000.0,45800.0,31.2,0.2,0.0,0.6,4.0,4.0,2025-10-08 07:54:54,2025-08-04 19:41:45,29.6,4.0,1.0,0.0,22.0,64.0,Metro/Bus,49,4151
U1961,47,E-Bike,264,0,2.0,37500.0,18750.0,26.0,0.5,0.0,0.5,2.0,2.0,2025-10-19 08:26:06,2025-08-27 11:52:10,30.5,1.0,0.0,1.0,11.0,52.0,E-Bike,47,264
U1962,33,Shuttle,3263,0,5.0,192000.0,38400.0,25.6,0.6,0.0,0.4,2.0,4.0,2025-10-13 07:25:29,2025-08-24 19:36:16,28.8,5.0,0.0,0.0,17.0,49.0,Shuttle,33,3263
U1963,26,Metro/Bus,4121,0,5.0,177000.0,35400.0,42.2,0.2,0.0,0.4,4.0,3.0,2025-10-21 07:25:58,2025-08-22 09:14:57,30.6,2.0,1.0,2.0,9.0,59.0,Metro/Bus,26,4121
U1964,38,E-Bike,3122,0,5.0,111500.0,22300.0,19.0,0.2,0.4,0.4,4.0,4.0,2025-10-16 08:16:39,2025-08-07 17:44:27,30.6,4.0,0.0,1.0,14.0,69.0,E-Bike,38,3122
U1965,46,Shuttle,801,0,7.0,214500.0,30642.85714285714,29.571428571428573,0.42857142857142855,0.2857142857142857,0.42857142857142855,6.0,6.0,2025-10-12 10:34:11,2025-08-15 07:14:21,27.428571428571427,4.0,1.0,2.0,18.0,58.0,Shuttle,46,801
U1966,28,E-Bike,1036,0,7.0,215500.0,30785.714285714286,27.285714285714285,0.2857142857142857,0.2857142857142857,0.5714285714285714,5.0,5.0,2025-10-12 08:00:34,2025-08-07 16:27:18,30.142857142857142,6.0,0.0,1.0,18.0,65.0,E-Bike,28,1036
U1967,42,E-Bike,3578,0,2.0,47000.0,23500.0,45.0,0.0,0.0,0.0,2.0,2.0,2025-10-29 21:18:36,2025-09-11 20:32:13,34.5,0.0,1.0,1.0,1.0,48.0,E-Bike,42,3578
U1968,47,Metro/Bus,4662,0,2.0,94000.0,47000.0,50.0,0.5,0.0,0.5,2.0,2.0,2025-10-25 19:29:34,2025-09-29 08:03:14,30.5,1.0,1.0,0.0,5.0,26.0,Metro/Bus,47,4662
U1969,27,E-Bike,405,0,6.0,232500.0,38750.0,25.833333333333332,0.6666666666666666,0.5,0.3333333333333333,5.0,4.0,2025-10-18 09:20:36,2025-08-19 09:14:57,29.666666666666668,6.0,0.0,0.0,12.0,60.0,E-Bike,27,405
U1970,31,Metro/Bus,275,0,2.0,36000.0,18000.0,15.5,0.0,0.5,0.5,2.0,2.0,2025-08-29 08:16:37,2025-08-14 14:56:51,30.0,1.0,0.0,1.0,62.0,14.0,Metro/Bus,31,275
U1971,18,Metro/Bus,3359,0,5.0,207000.0,41400.0,51.6,0.4,0.0,0.6,5.0,3.0,2025-10-29 19:57:14,2025-09-01 07:07:35,32.8,2.0,1.0,2.0,1.0,58.0,Metro/Bus,18,3359
U1972,29,Shuttle,1424,1,3.0,121500.0,40500.0,37.666666666666664,0.3333333333333333,0.0,0.3333333333333333,2.0,3.0,2025-10-25 11:53:38,2025-09-16 18:12:36,31.0,1.0,1.0,1.0,5.0,38.0,Shuttle,29,1424
U1973,29,E-Bike,1266,0,4.0,157500.0,39375.0,32.0,0.25,0.75,0.5,4.0,4.0,2025-10-24 18:59:58,2025-08-05 10:55:28,32.5,3.0,0.0,1.0,6.0,80.0,E-Bike,29,1266
U1974,26,E-Bike,213,1,3.0,97500.0,32500.0,21.666666666666668,0.0,0.3333333333333333,0.6666666666666666,3.0,2.0,2025-10-15 07:22:31,2025-09-24 07:22:04,30.333333333333332,3.0,0.0,0.0,15.0,21.0,E-Bike,26,213
U1975,21,E-Bike,3245,1,2.0,78000.0,39000.0,26.0,1.0,0.0,0.5,1.0,2.0,2025-08-23 17:43:57,2025-08-02 11:54:00,33.5,2.0,0.0,0.0,68.0,21.0,E-Bike,21,3245
U1976,24,Shuttle,775,1,6.0,198000.0,33000.0,35.833333333333336,0.0,0.16666666666666666,0.3333333333333333,5.0,4.0,2025-10-22 13:24:40,2025-08-20 18:47:40,29.833333333333332,4.0,1.0,1.0,8.0,62.0,Shuttle,24,775
U1977,27,Metro/Bus,4214,0,3.0,154000.0,51333.333333333336,51.333333333333336,0.6666666666666666,0.0,0.6666666666666666,3.0,2.0,2025-09-28 08:44:39,2025-08-03 07:48:04,29.333333333333332,2.0,1.0,0.0,32.0,56.0,Metro/Bus,27,4214
U1978,44,Shuttle,367,0,6.0,214000.0,35666.666666666664,31.0,0.16666666666666666,0.3333333333333333,0.3333333333333333,6.0,5.0,2025-10-15 06:19:18,2025-08-11 09:19:47,28.333333333333332,5.0,1.0,0.0,15.0,64.0,Shuttle,44,367
U1979,34,E-Bike,2098,0,4.0,49500.0,12375.0,22.25,0.25,0.0,0.25,3.0,3.0,2025-10-30 07:08:26,2025-08-27 16:52:09,30.5,1.0,0.0,3.0,0.0,63.0,E-Bike,34,2098
U1980,54,E-Bike,1899,0,9.0,345500.0,38388.88888888889,28.11111111111111,0.3333333333333333,0.0,0.1111111111111111,5.0,5.0,2025-10-27 15:44:57,2025-08-01 21:35:54,31.0,7.0,2.0,0.0,3.0,86.0,E-Bike,54,1899
U1981,43,E-Bike,3452,0,3.0,92500.0,30833.333333333332,29.0,0.0,0.0,0.0,3.0,3.0,2025-08-27 09:19:19,2025-08-14 12:05:31,28.333333333333332,2.0,1.0,0.0,64.0,12.0,E-Bike,43,3452
U1982,33,Metro/Bus,2266,0,2.0,76500.0,38250.0,41.0,0.0,0.0,0.5,1.0,2.0,2025-09-16 17:30:21,2025-09-03 16:38:33,31.5,1.0,0.0,1.0,44.0,13.0,Metro/Bus,33,2266
U1983,46,E-Bike,4201,0,7.0,257000.0,36714.28571428572,37.142857142857146,0.5714285714285714,0.0,0.5714285714285714,5.0,5.0,2025-10-25 17:14:56,2025-08-03 17:38:14,32.714285714285715,3.0,3.0,1.0,5.0,82.0,E-Bike,46,4201
U1984,46,Metro/Bus,4799,1,4.0,153500.0,38375.0,46.75,0.25,0.25,0.25,4.0,2.0,2025-09-15 09:33:57,2025-08-14 19:04:00,31.5,2.0,1.0,1.0,45.0,31.0,Metro/Bus,46,4799
U1985,23,E-Bike,418,0,4.0,136500.0,34125.0,48.5,0.25,0.0,0.5,4.0,4.0,2025-10-29 07:16:31,2025-08-12 19:27:09,32.0,1.0,2.0,1.0,1.0,77.0,E-Bike,23,418
U1986,49,Metro/Bus,3808,0,8.0,251000.0,31375.0,33.625,0.375,0.25,0.625,4.0,5.0,2025-10-28 17:17:26,2025-08-07 07:17:25,31.5,3.0,3.0,2.0,2.0,82.0,Metro/Bus,49,3808
U1987,22,Shuttle,2056,0,2.0,47000.0,23500.0,42.0,0.0,0.5,0.5,2.0,1.0,2025-09-24 06:40:50,2025-08-25 08:08:03,26.5,0.0,1.0,1.0,36.0,29.0,Shuttle,22,2056
U1988,20,Metro/Bus,4197,0,6.0,243500.0,40583.333333333336,43.333333333333336,0.5,0.3333333333333333,0.3333333333333333,3.0,4.0,2025-10-02 19:54:36,2025-08-13 07:17:53,32.0,3.0,2.0,1.0,28.0,50.0,Metro/Bus,20,4197
U1989,31,Shuttle,4656,0,3.0,129000.0,43000.0,28.666666666666668,0.3333333333333333,0.3333333333333333,0.0,2.0,3.0,2025-08-23 19:31:54,2025-08-06 21:52:18,33.333333333333336,3.0,0.0,0.0,68.0,16.0,Shuttle,31,4656
U1990,19,E-Bike,1552,0,4.0,113000.0,28250.0,23.75,0.0,0.0,0.75,3.0,2.0,2025-10-28 16:26:27,2025-08-06 07:42:29,31.75,3.0,0.0,1.0,2.0,83.0,E-Bike,19,1552
U1991,47,Shuttle,3053,0,3.0,83500.0,27833.333333333332,25.666666666666668,0.0,0.0,0.6666666666666666,3.0,3.0,2025-10-30 17:38:54,2025-08-01 18:53:04,31.333333333333332,2.0,1.0,0.0,0.0,89.0,Shuttle,47,3053
U1992,18,Metro/Bus,4892,0,4.0,122500.0,30625.0,34.75,0.0,0.0,0.0,3.0,2.0,2025-10-06 09:02:42,2025-08-19 21:22:13,29.75,3.0,1.0,0.0,24.0,47.0,Metro/Bus,18,4892
U1993,37,E-Bike,2473,0,6.0,225500.0,37583.333333333336,46.166666666666664,0.3333333333333333,0.0,0.3333333333333333,4.0,4.0,2025-09-30 18:29:23,2025-08-16 16:57:04,30.5,3.0,2.0,1.0,30.0,45.0,E-Bike,37,2473
U1994,47,E-Bike,4743,0,4.0,125500.0,31375.0,54.5,0.25,0.25,0.5,3.0,3.0,2025-10-27 09:28:41,2025-08-10 18:43:02,29.75,1.0,1.0,2.0,3.0,77.0,E-Bike,47,4743
U1995,43,Shuttle,2336,0,1.0,22500.0,22500.0,15.0,0.0,1.0,1.0,1.0,1.0,2025-09-10 07:37:07,2025-09-10 07:37:07,33.0,1.0,0.0,0.0,50.0,0.0,Shuttle,43,2336
U1996,38,E-Bike,2167,0,2.0,41500.0,20750.0,34.0,0.5,0.0,0.0,2.0,2.0,2025-10-14 09:22:31,2025-08-10 06:30:04,32.0,1.0,0.0,1.0,16.0,65.0,E-Bike,38,2167
U1997,25,Metro/Bus,3394,0,2.0,40000.0,20000.0,41.5,1.0,0.0,0.0,2.0,2.0,2025-10-04 09:26:16,2025-09-27 20:01:51,30.0,0.0,0.0,2.0,26.0,6.0,Metro/Bus,25,3394
U1998,37,Shuttle,4300,0,4.0,120000.0,30000.0,34.25,0.25,0.0,0.25,4.0,2.0,2025-10-21 21:43:01,2025-08-16 06:14:39,31.0,2.0,1.0,1.0,9.0,66.0,Shuttle,37,4300
U1999,29,E-Bike,4853,0,1.0,40000.0,40000.0,48.0,1.0,0.0,1.0,1.0,1.0,2025-08-16 17:49:54,2025-08-16 17:49:54,27.0,0.0,1.0,0.0,75.0,0.0,E-Bike,29,4853
U2000,19,Metro/Bus,348,0,5.0,149500.0,29900.0,24.0,0.2,0.6,0.6,4.0,4.0,2025-10-23 18:46:57,2025-09-05 17:46:34,32.0,4.0,1.0,0.0,7.0,48.0,Metro/Bus,19,348
U2001,33,E-Bike,439,0,10.0,303500.0,30350.0,26.8,0.1,0.2,0.4,6.0,6.0,2025-10-25 19:12:29,2025-08-04 19:45:33,29.7,7.0,1.0,2.0,5.0,81.0,E-Bike,33,439
U2002,39,Metro/Bus,348,0,3.0,107500.0,35833.333333333336,43.666666666666664,0.3333333333333333,0.3333333333333333,0.0,2.0,3.0,2025-10-18 19:53:54,2025-08-28 19:39:33,29.333333333333332,2.0,1.0,0.0,12.0,51.0,Metro/Bus,39,348
U2003,30,E-Bike,2180,1,6.0,211000.0,35166.666666666664,31.333333333333332,0.16666666666666666,0.6666666666666666,0.5,5.0,6.0,2025-10-09 16:23:40,2025-08-07 18:10:10,30.833333333333332,3.0,2.0,1.0,21.0,62.0,E-Bike,30,2180
U2004,44,E-Bike,4120,0,6.0,245500.0,40916.666666666664,37.5,0.3333333333333333,0.0,0.8333333333333334,4.0,3.0,2025-09-20 18:01:52,2025-08-01 07:51:35,30.333333333333332,4.0,1.0,1.0,40.0,50.0,E-Bike,44,4120
U2005,19,E-Bike,3282,0,4.0,167000.0,41750.0,56.75,0.0,0.25,0.25,3.0,2.0,2025-10-09 07:44:47,2025-08-05 06:08:28,33.5,2.0,1.0,1.0,21.0,65.0,E-Bike,19,3282
U2006,34,Shuttle,3000,0,3.0,140000.0,46666.666666666664,32.333333333333336,0.6666666666666666,0.6666666666666666,0.6666666666666666,3.0,3.0,2025-10-11 17:42:13,2025-08-17 08:06:07,30.666666666666668,2.0,0.0,1.0,19.0,55.0,Shuttle,34,3000
U2007,51,Shuttle,1211,0,6.0,184500.0,30750.0,22.666666666666668,0.5,0.16666666666666666,0.16666666666666666,4.0,4.0,2025-10-12 09:19:16,2025-08-05 17:16:52,31.333333333333332,5.0,0.0,1.0,18.0,67.0,Shuttle,51,1211
U2008,44,E-Bike,3174,0,7.0,227500.0,32500.0,29.857142857142858,0.5714285714285714,0.0,0.5714285714285714,5.0,6.0,2025-10-08 08:05:59,2025-08-02 06:51:23,30.714285714285715,5.0,1.0,1.0,22.0,67.0,E-Bike,44,3174
U2009,36,E-Bike,2913,0,3.0,85000.0,28333.333333333332,20.333333333333332,0.0,0.0,1.0,3.0,3.0,2025-10-08 08:41:15,2025-09-24 08:08:34,33.0,2.0,1.0,0.0,22.0,14.0,E-Bike,36,2913
U2010,30,Shuttle,1137,0,5.0,234500.0,46900.0,33.2,0.4,0.0,0.8,4.0,3.0,2025-10-28 17:29:05,2025-10-13 15:30:05,27.8,4.0,0.0,1.0,2.0,15.0,Shuttle,30,1137
U2011,31,E-Bike,102,0,3.0,86500.0,28833.333333333332,35.666666666666664,0.6666666666666666,0.3333333333333333,0.0,3.0,3.0,2025-10-29 22:25:55,2025-08-03 13:02:24,27.0,1.0,1.0,1.0,1.0,87.0,E-Bike,31,102
U2012,40,E-Bike,1684,0,8.0,226000.0,28250.0,21.75,0.25,0.0,0.375,6.0,5.0,2025-10-07 09:12:42,2025-08-20 08:59:05,30.5,7.0,1.0,0.0,23.0,48.0,E-Bike,40,1684
U2013,46,Metro/Bus,3295,0,5.0,230500.0,46100.0,53.8,0.2,0.2,0.8,3.0,4.0,2025-10-26 08:33:56,2025-09-17 17:31:20,33.2,2.0,2.0,1.0,4.0,38.0,Metro/Bus,46,3295
U2014,22,Shuttle,1370,0,3.0,142500.0,47500.0,31.666666666666668,0.6666666666666666,0.0,0.3333333333333333,3.0,2.0,2025-10-25 19:34:26,2025-08-13 18:06:42,31.666666666666668,3.0,0.0,0.0,5.0,73.0,Shuttle,22,1370
U2015,23,Shuttle,1139,0,3.0,67000.0,22333.333333333332,36.666666666666664,0.3333333333333333,0.0,0.3333333333333333,3.0,2.0,2025-09-04 07:33:25,2025-08-22 16:00:40,29.0,1.0,0.0,2.0,56.0,12.0,Shuttle,23,1139
U2016,22,Metro/Bus,3914,0,7.0,187000.0,26714.285714285714,42.57142857142857,0.2857142857142857,0.42857142857142855,0.7142857142857143,5.0,5.0,2025-10-20 17:13:26,2025-08-10 07:59:31,30.142857142857142,1.0,3.0,3.0,10.0,71.0,Metro/Bus,22,3914
U2017,38,E-Bike,1475,0,4.0,144000.0,36000.0,24.0,0.5,0.0,1.0,3.0,4.0,2025-10-13 08:46:32,2025-08-11 18:10:42,29.5,4.0,0.0,0.0,17.0,62.0,E-Bike,38,1475
U2018,33,E-Bike,1028,0,4.0,96000.0,24000.0,18.75,0.25,0.0,0.5,4.0,3.0,2025-10-08 08:03:00,2025-08-25 19:56:51,30.0,3.0,0.0,1.0,22.0,43.0,E-Bike,33,1028
U2019,23,Shuttle,4593,0,3.0,65500.0,21833.333333333332,31.666666666666668,0.0,0.6666666666666666,1.0,2.0,3.0,2025-09-16 17:16:50,2025-09-02 08:19:48,28.666666666666668,1.0,0.0,2.0,44.0,14.0,Shuttle,23,4593
U2020,24,Metro/Bus,519,0,6.0,181000.0,30166.666666666668,24.833333333333332,0.16666666666666666,0.16666666666666666,0.8333333333333334,5.0,3.0,2025-10-11 14:14:08,2025-08-11 17:53:19,30.833333333333332,4.0,0.0,2.0,19.0,60.0,Metro/Bus,24,519
U2021,28,Shuttle,3580,0,4.0,131500.0,32875.0,45.5,0.0,0.5,0.25,3.0,4.0,2025-10-13 20:03:04,2025-08-20 18:05:34,28.0,1.0,2.0,1.0,17.0,54.0,Shuttle,28,3580
U2022,21,E-Bike,2851,0,5.0,149000.0,29800.0,33.0,0.4,0.2,0.2,4.0,5.0,2025-10-22 18:15:55,2025-08-09 19:03:50,31.6,3.0,0.0,2.0,8.0,73.0,E-Bike,21,2851
U2023,37,Shuttle,676,1,4.0,154500.0,38625.0,25.75,0.5,0.5,0.25,3.0,2.0,2025-09-27 18:35:50,2025-08-22 11:28:20,28.5,4.0,0.0,0.0,33.0,36.0,Shuttle,37,676
U2024,42,E-Bike,3213,0,4.0,98500.0,24625.0,30.25,0.0,0.0,0.5,4.0,2.0,2025-10-29 09:29:44,2025-08-27 07:02:55,28.0,2.0,1.0,1.0,1.0,63.0,E-Bike,42,3213
U2025,55,Shuttle,527,1,3.0,55500.0,18500.0,20.0,0.3333333333333333,0.3333333333333333,0.6666666666666666,3.0,2.0,2025-09-15 08:56:58,2025-09-08 09:55:55,30.333333333333332,1.0,0.0,2.0,45.0,6.0,Shuttle,55,527
U2026,28,Shuttle,3668,1,5.0,147500.0,29500.0,31.8,0.2,0.4,0.4,5.0,4.0,2025-10-26 19:50:52,2025-09-16 19:30:06,30.6,3.0,0.0,2.0,4.0,40.0,Shuttle,28,3668
U2027,55,E-Bike,1860,0,8.0,206000.0,25750.0,28.875,0.0,0.125,0.5,6.0,4.0,2025-10-09 10:10:23,2025-08-18 19:41:15,31.875,5.0,0.0,3.0,21.0,51.0,E-Bike,55,1860
U2028,40,E-Bike,3104,0,8.0,289500.0,36187.5,26.625,0.625,0.125,0.625,6.0,7.0,2025-10-29 21:50:29,2025-08-03 07:01:25,31.5,6.0,1.0,1.0,1.0,87.0,E-Bike,40,3104
U2029,38,E-Bike,587,0,3.0,26000.0,8666.666666666666,23.333333333333332,0.0,0.3333333333333333,0.3333333333333333,2.0,1.0,2025-09-19 09:31:16,2025-08-05 08:19:52,27.666666666666668,1.0,0.0,2.0,41.0,45.0,E-Bike,38,587
U2030,30,Metro/Bus,3322,0,5.0,200000.0,40000.0,27.8,0.6,0.2,0.4,3.0,4.0,2025-10-19 17:38:40,2025-08-13 19:14:28,29.6,4.0,0.0,1.0,11.0,66.0,Metro/Bus,30,3322
U2031,33,E-Bike,2022,0,2.0,82500.0,41250.0,27.5,1.0,0.0,0.5,2.0,2.0,2025-09-06 17:09:33,2025-08-09 14:36:16,26.0,2.0,0.0,0.0,54.0,28.0,E-Bike,33,2022
U2032,48,E-Bike,1266,0,4.0,178500.0,44625.0,29.75,0.25,0.5,0.5,2.0,3.0,2025-10-23 08:25:08,2025-09-02 09:07:27,27.0,4.0,0.0,0.0,7.0,50.0,E-Bike,48,1266
U2033,41,Shuttle,3056,0,3.0,65500.0,21833.333333333332,30.0,0.3333333333333333,0.0,1.0,3.0,2.0,2025-10-23 18:33:23,2025-08-22 07:09:34,29.0,2.0,0.0,1.0,7.0,62.0,Shuttle,41,3056
U2034,52,Metro/Bus,289,0,5.0,169500.0,33900.0,42.2,0.2,0.2,0.4,4.0,3.0,2025-10-12 10:24:51,2025-08-05 08:44:30,29.8,2.0,2.0,1.0,18.0,68.0,Metro/Bus,52,289
U2035,53,Metro/Bus,4808,0,4.0,150000.0,37500.0,25.0,0.0,0.0,0.5,2.0,2.0,2025-10-14 20:39:11,2025-08-12 09:53:12,30.5,4.0,0.0,0.0,16.0,63.0,Metro/Bus,53,4808
U2036,39,E-Bike,4580,0,5.0,89000.0,17800.0,32.0,0.6,0.4,0.8,5.0,3.0,2025-10-05 21:44:09,2025-08-03 07:24:59,32.6,2.0,0.0,3.0,25.0,63.0,E-Bike,39,4580
U2037,50,E-Bike,2233,0,4.0,207000.0,51750.0,41.75,0.25,0.25,0.25,2.0,3.0,2025-10-27 08:27:29,2025-08-01 11:30:53,31.25,3.0,0.0,1.0,3.0,86.0,E-Bike,50,2233
U2038,54,E-Bike,2463,0,5.0,147500.0,29500.0,22.6,0.2,0.0,0.4,4.0,4.0,2025-10-17 08:27:22,2025-08-22 19:34:12,30.0,4.0,0.0,1.0,13.0,55.0,E-Bike,54,2463
U2039,18,E-Bike,1996,0,5.0,198500.0,39700.0,44.0,0.0,0.2,0.0,4.0,3.0,2025-10-29 09:49:54,2025-08-28 09:42:03,29.6,3.0,1.0,1.0,1.0,62.0,E-Bike,18,1996
U2040,39,Shuttle,1596,0,5.0,146000.0,29200.0,37.6,0.2,0.2,0.6,4.0,3.0,2025-10-03 07:18:42,2025-08-10 06:36:03,30.0,3.0,1.0,1.0,27.0,54.0,Shuttle,39,1596
U2041,45,E-Bike,907,0,3.0,105000.0,35000.0,23.333333333333332,0.3333333333333333,0.3333333333333333,0.3333333333333333,1.0,3.0,2025-10-19 13:56:38,2025-08-11 19:20:40,30.333333333333332,3.0,0.0,0.0,11.0,68.0,E-Bike,45,907
U2042,19,E-Bike,4422,0,4.0,87500.0,21875.0,40.0,0.5,0.25,1.0,2.0,2.0,2025-10-14 17:14:01,2025-08-01 17:37:22,29.5,2.0,1.0,1.0,16.0,73.0,E-Bike,19,4422
U2043,30,E-Bike,571,0,6.0,166500.0,27750.0,29.5,0.5,0.5,0.5,5.0,5.0,2025-10-04 17:21:43,2025-09-10 09:30:16,32.666666666666664,4.0,1.0,1.0,26.0,24.0,E-Bike,30,571
U2044,23,E-Bike,1980,0,7.0,216500.0,30928.571428571428,42.57142857142857,0.42857142857142855,0.0,0.5714285714285714,6.0,6.0,2025-09-20 07:40:28,2025-08-05 10:58:57,31.571428571428573,3.0,1.0,3.0,40.0,45.0,E-Bike,23,1980
U2045,26,E-Bike,3791,0,7.0,174500.0,24928.571428571428,30.142857142857142,0.0,0.42857142857142855,0.42857142857142855,5.0,5.0,2025-10-23 17:06:05,2025-08-04 09:44:36,29.428571428571427,4.0,1.0,2.0,7.0,80.0,E-Bike,26,3791
U2046,42,Metro/Bus,3079,0,3.0,74500.0,24833.333333333332,23.333333333333332,0.3333333333333333,0.0,0.0,3.0,3.0,2025-10-20 19:25:47,2025-08-13 20:31:28,29.0,2.0,0.0,1.0,10.0,67.0,Metro/Bus,42,3079
U2047,49,E-Bike,4762,1,3.0,149500.0,49833.333333333336,43.666666666666664,0.6666666666666666,0.0,0.6666666666666666,2.0,2.0,2025-10-25 09:40:43,2025-09-28 17:02:28,27.666666666666668,2.0,1.0,0.0,5.0,26.0,E-Bike,49,4762
U2048,39,E-Bike,3106,0,4.0,107000.0,26750.0,43.25,0.25,0.25,0.5,4.0,3.0,2025-09-30 09:04:13,2025-08-04 17:27:15,31.75,0.0,2.0,2.0,30.0,56.0,E-Bike,39,3106
U2049,42,Metro/Bus,3226,0,3.0,120000.0,40000.0,30.0,0.3333333333333333,1.0,0.3333333333333333,3.0,3.0,2025-09-28 18:13:49,2025-08-19 15:38:44,27.666666666666668,2.0,0.0,1.0,32.0,40.0,Metro/Bus,42,3226
U2050,48,Metro/Bus,3758,0,6.0,187500.0,31250.0,47.166666666666664,0.16666666666666666,0.0,0.3333333333333333,5.0,4.0,2025-10-03 20:26:28,2025-08-10 09:23:00,29.166666666666668,2.0,3.0,1.0,27.0,54.0,Metro/Bus,48,3758
U2051,39,E-Bike,2587,0,8.0,157500.0,19687.5,32.75,0.625,0.0,0.625,6.0,5.0,2025-10-27 17:28:36,2025-08-18 22:43:48,31.625,4.0,2.0,2.0,3.0,69.0,E-Bike,39,2587
U2052,18,Metro/Bus,3246,0,2.0,34500.0,17250.0,11.5,0.5,0.0,0.5,2.0,2.0,2025-09-10 09:57:21,2025-08-09 07:39:40,28.5,2.0,0.0,0.0,50.0,32.0,Metro/Bus,18,3246
U2053,34,Shuttle,4756,0,4.0,157500.0,39375.0,26.25,0.25,0.25,0.0,3.0,4.0,2025-10-30 09:44:25,2025-08-24 19:12:29,32.5,4.0,0.0,0.0,0.0,66.0,Shuttle,34,4756
U2054,27,Metro/Bus,4106,0,3.0,29000.0,9666.666666666666,28.0,0.0,0.0,1.0,3.0,3.0,2025-10-16 17:11:56,2025-08-13 17:43:31,28.0,0.0,0.0,3.0,14.0,63.0,Metro/Bus,27,4106
U2055,24,E-Bike,2986,0,9.0,278000.0,30888.88888888889,35.55555555555556,0.2222222222222222,0.2222222222222222,0.5555555555555556,5.0,7.0,2025-10-27 10:40:15,2025-08-08 17:54:01,29.555555555555557,5.0,3.0,1.0,3.0,79.0,E-Bike,24,2986
U2056,37,Shuttle,4249,0,2.0,23500.0,11750.0,33.0,1.0,0.0,0.0,2.0,1.0,2025-09-20 06:31:52,2025-08-16 09:16:14,27.0,1.0,0.0,1.0,40.0,34.0,Shuttle,37,4249
U2057,22,Metro/Bus,3565,0,4.0,110000.0,27500.0,44.75,0.0,0.5,0.75,1.0,3.0,2025-09-05 19:36:21,2025-08-11 17:04:21,29.5,2.0,2.0,0.0,55.0,25.0,Metro/Bus,22,3565
U2058,22,E-Bike,49,0,3.0,88000.0,29333.333333333332,23.666666666666668,0.3333333333333333,0.3333333333333333,0.0,3.0,3.0,2025-10-26 09:14:19,2025-09-08 15:23:34,29.0,2.0,0.0,1.0,4.0,47.0,E-Bike,22,49
U2059,21,Metro/Bus,4383,0,4.0,87000.0,21750.0,36.75,0.0,0.5,0.5,4.0,4.0,2025-09-26 14:31:26,2025-09-02 19:28:54,29.5,0.0,1.0,3.0,34.0,23.0,Metro/Bus,21,4383
U2060,25,E-Bike,3203,1,4.0,201000.0,50250.0,33.5,0.0,0.25,0.25,3.0,3.0,2025-10-20 07:25:43,2025-08-12 19:40:03,31.25,4.0,0.0,0.0,10.0,68.0,E-Bike,25,3203
U2061,40,Shuttle,1898,0,7.0,208500.0,29785.714285714286,28.714285714285715,0.42857142857142855,0.2857142857142857,0.5714285714285714,6.0,4.0,2025-10-29 17:52:20,2025-09-01 17:29:46,30.857142857142858,4.0,1.0,2.0,1.0,58.0,Shuttle,40,1898
U2062,28,E-Bike,2038,1,3.0,72000.0,24000.0,16.0,0.0,0.0,0.6666666666666666,3.0,2.0,2025-10-09 17:34:59,2025-08-15 19:18:39,28.0,3.0,0.0,0.0,21.0,54.0,E-Bike,28,2038
U2063,49,E-Bike,253,0,5.0,166500.0,33300.0,22.2,0.4,0.2,0.4,4.0,2.0,2025-10-15 07:06:18,2025-08-17 20:56:14,30.6,5.0,0.0,0.0,15.0,58.0,E-Bike,49,253
U2064,29,E-Bike,2117,0,8.0,270000.0,33750.0,37.0,0.25,0.125,0.375,5.0,5.0,2025-10-25 22:38:20,2025-09-08 18:02:49,29.625,5.0,2.0,1.0,5.0,47.0,E-Bike,29,2117
U2065,40,Shuttle,4461,0,8.0,261000.0,32625.0,37.0,0.25,0.25,0.25,5.0,6.0,2025-10-30 15:31:26,2025-08-18 16:55:30,30.375,5.0,1.0,2.0,0.0,72.0,Shuttle,40,4461
U2066,48,Metro/Bus,4176,0,5.0,134000.0,26800.0,35.4,0.2,0.0,0.2,4.0,5.0,2025-10-18 17:47:56,2025-08-20 10:18:59,33.2,2.0,1.0,2.0,12.0,59.0,Metro/Bus,48,4176
U2067,37,E-Bike,2756,0,4.0,92000.0,23000.0,38.25,0.0,0.25,0.25,2.0,4.0,2025-10-30 16:43:11,2025-08-27 14:36:44,31.25,1.0,1.0,2.0,0.0,64.0,E-Bike,37,2756
U2068,46,Metro/Bus,1843,0,7.0,137500.0,19642.85714285714,29.571428571428573,0.42857142857142855,0.2857142857142857,0.2857142857142857,5.0,2.0,2025-10-29 08:36:13,2025-08-03 19:26:09,31.571428571428573,3.0,1.0,3.0,1.0,86.0,Metro/Bus,46,1843
U2069,44,E-Bike,4797,0,4.0,189000.0,47250.0,42.25,0.25,0.25,0.5,3.0,4.0,2025-10-22 17:32:39,2025-08-28 09:39:57,32.25,3.0,0.0,1.0,8.0,55.0,E-Bike,44,4797
U2070,33,Metro/Bus,3731,0,6.0,157500.0,26250.0,35.666666666666664,0.3333333333333333,0.16666666666666666,0.16666666666666666,4.0,5.0,2025-10-19 19:50:57,2025-08-08 08:13:51,30.5,2.0,0.0,4.0,11.0,72.0,Metro/Bus,33,3731
U2071,24,E-Bike,657,0,3.0,100500.0,33500.0,22.333333333333332,0.3333333333333333,0.3333333333333333,0.6666666666666666,3.0,3.0,2025-09-22 19:02:34,2025-08-02 07:16:05,32.333333333333336,3.0,0.0,0.0,38.0,51.0,E-Bike,24,657
U2072,19,E-Bike,3037,0,8.0,227000.0,28375.0,27.25,0.25,0.0,0.375,5.0,6.0,2025-10-29 09:51:13,2025-08-17 18:27:19,30.75,5.0,1.0,2.0,1.0,72.0,E-Bike,19,3037
U2073,30,E-Bike,398,0,5.0,166500.0,33300.0,31.8,0.2,0.4,0.4,4.0,4.0,2025-09-26 14:17:21,2025-08-08 08:19:09,27.6,3.0,1.0,1.0,34.0,49.0,E-Bike,30,398
U2074,42,E-Bike,2383,1,3.0,76500.0,25500.0,17.0,0.0,0.3333333333333333,0.6666666666666666,2.0,3.0,2025-10-29 17:25:17,2025-08-01 22:53:00,32.0,3.0,0.0,0.0,1.0,88.0,E-Bike,42,2383
U2075,31,Metro/Bus,4261,0,1.0,60000.0,60000.0,40.0,0.0,0.0,0.0,1.0,1.0,2025-08-12 09:40:11,2025-08-12 09:40:11,26.0,1.0,0.0,0.0,79.0,0.0,Metro/Bus,31,4261
U2076,42,E-Bike,821,0,8.0,268000.0,33500.0,37.0,0.25,0.25,0.625,5.0,7.0,2025-10-01 08:18:39,2025-08-03 07:32:05,29.0,5.0,1.0,2.0,29.0,59.0,E-Bike,42,821
U2077,23,E-Bike,4292,1,3.0,75000.0,25000.0,44.0,0.3333333333333333,0.0,0.6666666666666666,2.0,2.0,2025-10-20 19:59:32,2025-09-14 07:46:36,30.0,0.0,1.0,2.0,10.0,36.0,E-Bike,23,4292
U2078,48,Metro/Bus,1693,0,7.0,207000.0,29571.428571428572,27.857142857142858,0.0,0.42857142857142855,0.2857142857142857,5.0,5.0,2025-10-21 09:00:17,2025-08-04 07:32:31,30.142857142857142,4.0,1.0,2.0,9.0,78.0,Metro/Bus,48,1693
U2079,36,E-Bike,3809,0,1.0,55500.0,55500.0,37.0,1.0,0.0,1.0,1.0,1.0,2025-08-10 18:51:56,2025-08-10 18:51:56,29.0,1.0,0.0,0.0,81.0,0.0,E-Bike,36,3809
U2080,44,E-Bike,4938,1,3.0,105500.0,35166.666666666664,42.0,0.6666666666666666,0.0,1.0,3.0,3.0,2025-10-28 17:42:18,2025-10-12 07:39:52,30.666666666666668,1.0,1.0,1.0,2.0,16.0,E-Bike,44,4938
U2081,24,Metro/Bus,3865,0,5.0,161000.0,32200.0,36.0,0.2,0.2,0.8,4.0,3.0,2025-10-25 17:35:10,2025-08-14 07:04:38,29.6,3.0,0.0,2.0,5.0,72.0,Metro/Bus,24,3865
U2082,46,E-Bike,1919,0,4.0,121000.0,30250.0,21.0,0.25,0.0,0.75,3.0,2.0,2025-10-09 19:39:01,2025-09-02 07:32:04,30.0,3.0,1.0,0.0,21.0,37.0,E-Bike,46,1919
U2083,18,Shuttle,2738,0,7.0,310000.0,44285.71428571428,42.857142857142854,0.2857142857142857,0.2857142857142857,0.2857142857142857,5.0,5.0,2025-10-23 22:35:38,2025-08-06 07:00:14,29.714285714285715,4.0,2.0,1.0,7.0,78.0,Shuttle,18,2738
U2084,41,Shuttle,2298,0,5.0,249500.0,49900.0,39.0,0.0,0.0,1.0,4.0,4.0,2025-10-02 18:27:14,2025-08-14 18:28:17,30.4,3.0,2.0,0.0,28.0,48.0,Shuttle,41,2298
U2085,18,E-Bike,2190,0,7.0,124500.0,17785.714285714286,19.285714285714285,0.2857142857142857,0.0,0.42857142857142855,4.0,6.0,2025-10-27 18:56:38,2025-08-02 18:48:28,30.571428571428573,4.0,1.0,2.0,3.0,86.0,E-Bike,18,2190
U2086,32,Metro/Bus,2680,0,7.0,302500.0,43214.28571428572,32.142857142857146,0.0,0.2857142857142857,0.42857142857142855,4.0,4.0,2025-10-29 09:07:40,2025-08-05 17:02:34,29.428571428571427,6.0,1.0,0.0,1.0,84.0,Metro/Bus,32,2680
U2087,54,E-Bike,4465,0,2.0,48000.0,24000.0,16.0,0.0,0.0,1.0,1.0,2.0,2025-08-27 17:47:49,2025-08-20 07:56:43,27.5,2.0,0.0,0.0,64.0,7.0,E-Bike,54,4465
U2088,23,Shuttle,3373,1,7.0,319000.0,45571.42857142857,38.714285714285715,0.2857142857142857,0.14285714285714285,0.2857142857142857,4.0,5.0,2025-10-21 14:03:14,2025-08-02 08:07:29,30.428571428571427,6.0,1.0,0.0,9.0,80.0,Shuttle,23,3373
U2089,46,Shuttle,680,0,6.0,204000.0,34000.0,35.333333333333336,0.5,0.0,0.5,5.0,4.0,2025-10-24 07:58:36,2025-08-10 18:16:07,30.666666666666668,4.0,1.0,1.0,6.0,74.0,Shuttle,46,680
U2090,43,Metro/Bus,1034,0,5.0,138000.0,27600.0,26.2,0.4,0.0,0.2,4.0,4.0,2025-10-14 09:06:08,2025-08-26 11:30:35,31.0,2.0,2.0,1.0,16.0,48.0,Metro/Bus,43,1034
U2091,19,E-Bike,2389,0,4.0,125000.0,31250.0,48.75,0.0,0.25,0.5,4.0,3.0,2025-10-10 18:17:40,2025-08-13 10:05:35,29.25,2.0,1.0,1.0,20.0,58.0,E-Bike,19,2389
U2092,47,E-Bike,3150,0,9.0,171000.0,19000.0,20.555555555555557,0.1111111111111111,0.1111111111111111,0.2222222222222222,6.0,6.0,2025-10-22 19:59:34,2025-08-26 10:36:44,30.88888888888889,6.0,0.0,3.0,8.0,57.0,E-Bike,47,3150
U2093,25,Shuttle,4071,0,3.0,101500.0,33833.333333333336,39.333333333333336,0.0,0.0,0.0,2.0,3.0,2025-10-30 09:00:35,2025-08-01 21:52:34,26.333333333333332,2.0,1.0,0.0,0.0,89.0,Shuttle,25,4071
U2094,35,E-Bike,521,1,6.0,141000.0,23500.0,34.0,0.5,0.0,0.3333333333333333,4.0,3.0,2025-10-27 09:19:44,2025-08-24 20:04:16,29.666666666666668,2.0,1.0,3.0,3.0,63.0,E-Bike,35,521
U2095,44,E-Bike,2837,1,7.0,162500.0,23214.285714285714,28.857142857142858,0.42857142857142855,0.14285714285714285,0.7142857142857143,5.0,5.0,2025-10-14 07:17:38,2025-08-16 08:13:14,30.142857142857142,3.0,2.0,2.0,16.0,58.0,E-Bike,44,2837
U2096,40,Shuttle,3424,1,6.0,214000.0,35666.666666666664,38.0,0.16666666666666666,0.0,0.6666666666666666,5.0,4.0,2025-10-25 07:29:04,2025-08-04 18:02:21,29.166666666666668,4.0,1.0,1.0,5.0,81.0,Shuttle,40,3424
U2097,21,Shuttle,2160,0,6.0,164500.0,27416.666666666668,42.333333333333336,1.0,0.0,1.0,4.0,5.0,2025-10-26 18:59:15,2025-09-20 18:16:41,31.666666666666668,3.0,1.0,2.0,4.0,36.0,Shuttle,21,2160
U2098,46,E-Bike,882,1,6.0,121500.0,20250.0,38.0,0.16666666666666666,0.0,0.5,5.0,4.0,2025-10-26 08:33:17,2025-09-23 14:18:04,30.5,2.0,1.0,3.0,4.0,32.0,E-Bike,46,882
U2099,24,Metro/Bus,370,1,1.0,39000.0,39000.0,26.0,0.0,0.0,0.0,1.0,1.0,2025-09-19 19:46:43,2025-09-19 19:46:43,31.0,1.0,0.0,0.0,41.0,0.0,Metro/Bus,24,370
U2100,39,E-Bike,21,0,5.0,132000.0,26400.0,17.6,0.4,0.4,0.4,4.0,4.0,2025-10-11 18:04:06,2025-08-06 11:56:14,28.6,5.0,0.0,0.0,19.0,66.0,E-Bike,39,21
U2101,25,Shuttle,221,0,6.0,204000.0,34000.0,33.333333333333336,0.16666666666666666,0.0,0.3333333333333333,5.0,6.0,2025-10-29 17:30:58,2025-09-23 09:49:37,30.666666666666668,4.0,1.0,1.0,1.0,36.0,Shuttle,25,221
U2102,52,E-Bike,2469,0,6.0,216500.0,36083.333333333336,30.333333333333332,0.16666666666666666,0.16666666666666666,0.8333333333333334,5.0,4.0,2025-10-09 17:23:55,2025-08-07 07:53:23,30.833333333333332,5.0,0.0,1.0,21.0,63.0,E-Bike,52,2469
U2103,37,Metro/Bus,1262,0,2.0,80000.0,40000.0,52.5,0.0,0.5,0.5,2.0,1.0,2025-10-06 09:16:38,2025-09-18 08:31:30,33.0,0.0,2.0,0.0,24.0,18.0,Metro/Bus,37,1262
U2104,49,Metro/Bus,3100,0,2.0,46500.0,23250.0,33.5,0.0,0.0,0.5,2.0,2.0,2025-09-23 07:25:20,2025-08-29 19:12:25,31.0,1.0,0.0,1.0,37.0,24.0,Metro/Bus,49,3100
U2105,37,Shuttle,3720,0,5.0,177000.0,35400.0,41.0,0.4,0.0,1.0,3.0,4.0,2025-10-26 17:35:57,2025-08-30 08:06:28,30.2,2.0,1.0,2.0,4.0,57.0,Shuttle,37,3720
U2106,24,Shuttle,3781,0,4.0,63000.0,15750.0,29.5,0.0,0.0,0.5,4.0,3.0,2025-10-20 08:59:59,2025-09-03 19:39:41,30.75,2.0,0.0,2.0,10.0,46.0,Shuttle,24,3781
U2107,43,Metro/Bus,3954,1,4.0,77000.0,19250.0,34.5,0.25,0.0,1.0,3.0,3.0,2025-10-14 18:27:41,2025-09-09 07:37:14,30.5,1.0,1.0,2.0,16.0,35.0,Metro/Bus,43,3954
U2108,30,E-Bike,4557,0,4.0,185500.0,46375.0,38.25,0.25,0.0,0.5,3.0,4.0,2025-10-17 07:46:45,2025-08-14 08:28:24,28.75,3.0,1.0,0.0,13.0,63.0,E-Bike,30,4557
U2109,28,E-Bike,226,0,6.0,145500.0,24250.0,34.333333333333336,0.5,0.3333333333333333,0.8333333333333334,4.0,4.0,2025-10-18 17:54:54,2025-08-26 17:36:15,32.333333333333336,2.0,0.0,4.0,12.0,53.0,E-Bike,28,226
U2110,50,Metro/Bus,2097,0,5.0,130000.0,26000.0,43.0,0.0,0.6,0.4,4.0,4.0,2025-10-27 22:48:14,2025-08-01 19:40:03,30.4,0.0,2.0,3.0,3.0,87.0,Metro/Bus,50,2097
U2111,55,E-Bike,396,0,3.0,54000.0,18000.0,12.0,0.0,0.0,0.3333333333333333,3.0,3.0,2025-10-02 07:40:46,2025-08-15 19:40:38,31.0,3.0,0.0,0.0,28.0,47.0,E-Bike,55,396
U2112,54,Metro/Bus,1036,0,5.0,135500.0,27100.0,21.2,0.2,0.0,0.4,5.0,5.0,2025-09-08 18:53:34,2025-08-03 08:55:43,31.4,3.0,2.0,0.0,52.0,36.0,Metro/Bus,54,1036
U2113,53,E-Bike,1253,0,3.0,112000.0,37333.333333333336,27.0,0.0,0.3333333333333333,0.6666666666666666,3.0,3.0,2025-10-03 07:28:13,2025-09-08 09:42:30,32.0,2.0,1.0,0.0,27.0,24.0,E-Bike,53,1253
U2114,39,E-Bike,1629,0,5.0,161500.0,32300.0,43.6,0.4,0.0,0.4,4.0,4.0,2025-10-22 10:43:15,2025-08-20 07:54:06,31.0,2.0,2.0,1.0,8.0,63.0,E-Bike,39,1629
U2115,40,Metro/Bus,295,0,2.0,59500.0,29750.0,37.0,1.0,0.0,0.5,2.0,2.0,2025-10-04 18:16:17,2025-08-24 09:44:19,30.0,1.0,0.0,1.0,26.0,41.0,Metro/Bus,40,295
U2116,39,E-Bike,2530,0,4.0,123000.0,30750.0,26.0,0.25,0.25,0.5,2.0,3.0,2025-09-09 19:47:04,2025-08-17 17:41:57,31.25,3.0,0.0,1.0,51.0,23.0,E-Bike,39,2530
U2117,42,Shuttle,820,0,6.0,112000.0,18666.666666666668,25.666666666666668,0.3333333333333333,0.16666666666666666,0.16666666666666666,3.0,5.0,2025-10-20 21:58:03,2025-08-15 19:36:27,28.5,3.0,0.0,3.0,10.0,66.0,Shuttle,42,820
U2118,51,Shuttle,556,0,2.0,82000.0,41000.0,56.5,0.5,0.5,0.5,2.0,2.0,2025-10-07 22:47:48,2025-09-27 07:15:38,29.0,1.0,1.0,0.0,23.0,10.0,Shuttle,51,556
U2119,54,E-Bike,510,0,5.0,83000.0,16600.0,22.0,0.6,0.6,0.8,4.0,5.0,2025-09-28 08:58:19,2025-08-05 17:19:35,30.8,2.0,0.0,3.0,32.0,53.0,E-Bike,54,510
U2120,27,Metro/Bus,2580,0,7.0,123000.0,17571.428571428572,20.285714285714285,0.14285714285714285,0.2857142857142857,0.7142857142857143,5.0,5.0,2025-10-19 08:54:13,2025-08-20 08:18:10,30.857142857142858,5.0,0.0,2.0,11.0,60.0,Metro/Bus,27,2580
U2121,23,E-Bike,675,0,4.0,46000.0,11500.0,27.0,0.5,0.0,0.5,4.0,3.0,2025-10-26 09:17:38,2025-09-09 22:36:39,33.25,1.0,0.0,3.0,4.0,46.0,E-Bike,23,675
U2122,45,E-Bike,632,0,3.0,130500.0,43500.0,29.0,0.0,0.0,0.3333333333333333,2.0,3.0,2025-10-28 20:03:13,2025-08-01 09:26:49,32.333333333333336,3.0,0.0,0.0,2.0,88.0,E-Bike,45,632
U2123,25,Shuttle,1479,0,3.0,107500.0,35833.333333333336,41.333333333333336,0.3333333333333333,0.0,0.3333333333333333,2.0,1.0,2025-10-27 15:24:04,2025-09-23 17:56:42,29.666666666666668,1.0,1.0,1.0,3.0,33.0,Shuttle,25,1479
U2124,25,Shuttle,2400,0,2.0,57000.0,28500.0,19.0,0.5,0.5,1.0,2.0,2.0,2025-09-06 18:24:21,2025-08-27 18:12:26,34.5,2.0,0.0,0.0,54.0,10.0,Shuttle,25,2400
U2125,25,E-Bike,4836,0,5.0,140500.0,28100.0,27.8,0.2,0.0,0.4,3.0,3.0,2025-10-22 21:13:47,2025-08-04 19:59:34,31.2,3.0,0.0,2.0,8.0,79.0,E-Bike,25,4836
U2126,32,Shuttle,118,1,6.0,192000.0,32000.0,21.333333333333332,0.5,0.16666666666666666,0.6666666666666666,4.0,6.0,2025-10-17 16:24:26,2025-09-11 08:05:14,31.5,6.0,0.0,0.0,13.0,36.0,Shuttle,32,118
U2127,37,E-Bike,3265,0,4.0,96500.0,24125.0,46.25,0.25,0.25,0.75,4.0,4.0,2025-10-20 07:23:48,2025-08-23 21:30:17,32.25,1.0,1.0,2.0,10.0,57.0,E-Bike,37,3265
U2128,48,Metro/Bus,1809,0,3.0,99000.0,33000.0,37.666666666666664,0.3333333333333333,0.0,0.6666666666666666,2.0,2.0,2025-09-29 18:20:41,2025-08-01 07:49:15,29.333333333333332,2.0,0.0,1.0,31.0,59.0,Metro/Bus,48,1809
U2129,19,Shuttle,1360,0,5.0,150000.0,30000.0,33.6,0.0,0.2,0.0,5.0,4.0,2025-10-29 06:16:23,2025-09-01 09:44:39,30.0,3.0,1.0,1.0,1.0,57.0,Shuttle,19,1360
U2130,33,Metro/Bus,4110,0,6.0,170000.0,28333.333333333332,29.166666666666668,0.5,0.16666666666666666,0.16666666666666666,5.0,4.0,2025-10-25 15:23:19,2025-08-03 16:38:47,30.333333333333332,3.0,1.0,2.0,5.0,82.0,Metro/Bus,33,4110
U2131,48,Metro/Bus,3500,0,5.0,201500.0,40300.0,38.8,0.4,0.2,0.8,5.0,3.0,2025-10-21 07:47:03,2025-08-02 18:31:02,31.0,3.0,2.0,0.0,9.0,79.0,Metro/Bus,48,3500
U2132,52,Metro/Bus,1882,0,4.0,132500.0,33125.0,40.75,0.0,0.25,0.5,3.0,3.0,2025-10-27 17:39:30,2025-08-06 18:13:47,29.75,1.0,2.0,1.0,3.0,81.0,Metro/Bus,52,1882
U2133,32,E-Bike,2427,0,5.0,134500.0,26900.0,38.2,0.2,0.2,0.2,4.0,4.0,2025-10-15 20:07:19,2025-08-31 09:40:09,28.2,1.0,2.0,2.0,15.0,45.0,E-Bike,32,2427
U2134,22,Shuttle,1224,0,1.0,40000.0,40000.0,68.0,0.0,0.0,1.0,1.0,1.0,2025-10-17 17:16:05,2025-10-17 17:16:05,32.0,0.0,1.0,0.0,13.0,0.0,Shuttle,22,1224
U2135,48,Metro/Bus,3539,1,7.0,187500.0,26785.714285714286,31.428571428571427,0.2857142857142857,0.0,0.5714285714285714,3.0,4.0,2025-10-09 08:40:18,2025-08-04 17:40:17,28.857142857142858,4.0,0.0,3.0,21.0,65.0,Metro/Bus,48,3539
U2136,53,Metro/Bus,2395,0,6.0,110000.0,18333.333333333332,30.5,0.3333333333333333,0.5,0.5,4.0,5.0,2025-09-09 21:48:41,2025-08-22 19:44:30,30.166666666666668,2.0,0.0,4.0,51.0,18.0,Metro/Bus,53,2395
U2137,41,E-Bike,2548,0,4.0,103000.0,25750.0,25.5,0.25,0.25,0.25,4.0,4.0,2025-10-30 19:23:14,2025-08-05 07:10:34,30.5,3.0,0.0,1.0,0.0,86.0,E-Bike,41,2548
U2138,34,E-Bike,4351,0,4.0,164500.0,41125.0,30.75,0.5,0.0,0.25,4.0,4.0,2025-09-20 07:41:40,2025-08-14 15:13:17,28.5,3.0,1.0,0.0,40.0,36.0,E-Bike,34,4351
U2139,32,E-Bike,3992,0,2.0,60000.0,30000.0,58.5,0.5,0.5,0.0,2.0,2.0,2025-10-19 15:32:30,2025-10-06 12:45:18,30.5,0.0,1.0,1.0,11.0,13.0,E-Bike,32,3992
U2140,18,Metro/Bus,412,0,8.0,284000.0,35500.0,31.875,0.5,0.375,0.375,7.0,5.0,2025-10-27 12:03:21,2025-08-09 18:02:30,29.75,6.0,2.0,0.0,3.0,78.0,Metro/Bus,18,412
U2141,51,E-Bike,1732,0,1.0,40000.0,40000.0,74.0,0.0,0.0,0.0,1.0,1.0,2025-08-18 09:07:16,2025-08-18 09:07:16,33.0,0.0,1.0,0.0,73.0,0.0,E-Bike,51,1732
U2142,51,E-Bike,3931,0,2.0,60000.0,30000.0,25.5,0.0,0.5,0.5,2.0,2.0,2025-10-21 12:18:37,2025-08-14 08:30:34,30.0,0.0,1.0,1.0,9.0,68.0,E-Bike,51,3931
U2143,42,Metro/Bus,4729,0,6.0,172000.0,28666.666666666668,26.5,0.5,0.3333333333333333,0.3333333333333333,4.0,5.0,2025-10-11 08:53:30,2025-08-04 08:22:37,29.0,3.0,0.0,3.0,19.0,68.0,Metro/Bus,42,4729
U2144,31,Metro/Bus,1912,1,7.0,258000.0,36857.142857142855,31.857142857142858,0.2857142857142857,0.14285714285714285,0.5714285714285714,4.0,5.0,2025-10-22 06:15:22,2025-08-22 17:17:43,31.285714285714285,5.0,1.0,1.0,8.0,60.0,Metro/Bus,31,1912
U2145,55,E-Bike,3165,0,6.0,224500.0,37416.666666666664,41.833333333333336,0.16666666666666666,0.0,0.3333333333333333,3.0,4.0,2025-10-27 17:14:44,2025-08-02 08:58:48,30.166666666666668,3.0,1.0,2.0,3.0,86.0,E-Bike,55,3165
U2146,53,Metro/Bus,2422,1,4.0,97000.0,24250.0,29.75,0.25,0.0,0.75,4.0,4.0,2025-10-19 07:45:00,2025-08-14 19:56:04,30.75,3.0,0.0,1.0,11.0,65.0,Metro/Bus,53,2422
U2147,23,E-Bike,190,0,4.0,166500.0,41625.0,64.25,0.0,0.0,0.5,3.0,3.0,2025-10-06 18:41:36,2025-09-08 09:24:39,31.5,1.0,3.0,0.0,24.0,28.0,E-Bike,23,190
U2148,54,E-Bike,3752,0,4.0,61000.0,15250.0,19.25,0.25,0.75,0.75,4.0,3.0,2025-09-20 07:20:13,2025-08-19 17:50:33,30.75,3.0,0.0,1.0,40.0,31.0,E-Bike,54,3752
U2149,50,Shuttle,1535,0,6.0,148000.0,24666.666666666668,33.666666666666664,0.5,0.5,0.5,4.0,5.0,2025-10-26 19:30:53,2025-08-06 16:10:10,30.333333333333332,3.0,1.0,2.0,4.0,81.0,Shuttle,50,1535
U2150,23,Metro/Bus,632,1,7.0,248500.0,35500.0,40.57142857142857,0.42857142857142855,0.14285714285714285,0.42857142857142855,6.0,5.0,2025-10-17 21:11:56,2025-08-03 09:09:36,30.571428571428573,4.0,0.0,3.0,13.0,75.0,Metro/Bus,23,632
U2151,42,Shuttle,2555,0,7.0,252500.0,36071.42857142857,29.0,0.42857142857142855,0.0,0.5714285714285714,3.0,5.0,2025-10-25 07:48:14,2025-08-07 18:19:08,31.142857142857142,5.0,1.0,1.0,5.0,78.0,Shuttle,42,2555
U2152,30,Shuttle,1162,0,3.0,74500.0,24833.333333333332,35.0,0.0,0.0,0.6666666666666666,2.0,3.0,2025-10-13 07:19:02,2025-08-04 20:19:57,29.333333333333332,2.0,0.0,1.0,17.0,69.0,Shuttle,30,1162
U2153,48,Shuttle,636,0,2.0,52500.0,26250.0,38.5,0.5,0.0,0.5,2.0,1.0,2025-09-27 17:34:21,2025-08-13 09:56:20,31.0,1.0,0.0,1.0,33.0,45.0,Shuttle,48,636
U2154,50,E-Bike,1977,0,4.0,55000.0,13750.0,20.5,0.75,0.0,0.0,4.0,2.0,2025-09-21 19:56:41,2025-08-02 13:27:58,29.25,3.0,0.0,1.0,39.0,50.0,E-Bike,50,1977
U2155,40,E-Bike,58,0,3.0,48000.0,16000.0,10.666666666666666,0.3333333333333333,0.6666666666666666,0.3333333333333333,3.0,3.0,2025-09-07 09:54:48,2025-08-01 09:18:03,31.666666666666668,3.0,0.0,0.0,53.0,37.0,E-Bike,40,58
U2156,44,E-Bike,3032,0,1.0,15000.0,15000.0,54.0,0.0,0.0,1.0,1.0,1.0,2025-10-14 17:49:51,2025-10-14 17:49:51,32.0,0.0,0.0,1.0,16.0,0.0,E-Bike,44,3032
U2157,42,Shuttle,637,0,7.0,253500.0,36214.28571428572,39.285714285714285,0.14285714285714285,0.0,0.42857142857142855,4.0,4.0,2025-10-13 19:55:46,2025-08-06 08:57:55,28.714285714285715,3.0,3.0,1.0,17.0,68.0,Shuttle,42,637
U2158,26,Shuttle,4455,0,3.0,80500.0,26833.333333333332,32.0,0.6666666666666666,0.0,0.6666666666666666,3.0,3.0,2025-10-05 17:30:12,2025-08-10 12:50:06,29.333333333333332,1.0,0.0,2.0,25.0,56.0,Shuttle,26,4455
U2159,19,E-Bike,2355,0,3.0,145500.0,48500.0,32.333333333333336,0.3333333333333333,0.3333333333333333,0.3333333333333333,3.0,3.0,2025-10-22 10:42:35,2025-08-25 21:49:46,29.333333333333332,3.0,0.0,0.0,8.0,57.0,E-Bike,19,2355
U2160,19,E-Bike,2515,1,6.0,148500.0,24750.0,28.5,0.5,0.16666666666666666,0.16666666666666666,5.0,3.0,2025-10-24 10:15:06,2025-08-03 18:45:48,31.666666666666668,2.0,0.0,4.0,6.0,81.0,E-Bike,19,2515
U2161,32,E-Bike,4169,1,2.0,55000.0,27500.0,55.0,0.5,0.0,0.0,2.0,1.0,2025-10-06 22:27:33,2025-08-24 06:56:34,32.0,0.0,1.0,1.0,24.0,43.0,E-Bike,32,4169
U2162,26,E-Bike,3824,0,4.0,175000.0,43750.0,35.5,0.0,0.25,0.5,3.0,4.0,2025-10-29 07:00:55,2025-08-06 06:41:23,29.0,3.0,1.0,0.0,1.0,84.0,E-Bike,26,3824
U2163,50,E-Bike,3449,0,3.0,72500.0,24166.666666666668,25.666666666666668,0.3333333333333333,0.3333333333333333,0.3333333333333333,3.0,3.0,2025-10-19 19:21:03,2025-08-25 08:06:22,30.333333333333332,2.0,0.0,1.0,11.0,55.0,E-Bike,50,3449
U2164,31,E-Bike,1603,0,5.0,205000.0,41000.0,33.4,0.4,0.2,0.6,3.0,4.0,2025-10-26 17:46:33,2025-09-28 07:17:32,33.8,4.0,1.0,0.0,4.0,28.0,E-Bike,31,1603
U2165,20,E-Bike,2008,1,4.0,132000.0,33000.0,28.5,0.25,0.25,0.5,3.0,3.0,2025-10-09 18:33:08,2025-08-14 11:22:43,30.25,3.0,0.0,1.0,21.0,56.0,E-Bike,20,2008
U2166,28,E-Bike,4884,0,8.0,328500.0,41062.5,36.0,0.25,0.25,0.625,7.0,7.0,2025-10-26 19:06:07,2025-08-16 18:36:29,30.125,6.0,0.0,2.0,4.0,71.0,E-Bike,28,4884
U2167,54,E-Bike,3048,0,3.0,95500.0,31833.333333333332,36.666666666666664,0.0,0.3333333333333333,0.3333333333333333,3.0,2.0,2025-10-30 21:06:45,2025-08-05 15:59:33,33.666666666666664,2.0,0.0,1.0,0.0,86.0,E-Bike,54,3048
U2168,19,Shuttle,2980,0,4.0,157500.0,39375.0,26.25,0.25,0.5,0.5,3.0,4.0,2025-09-30 19:14:35,2025-08-07 15:36:28,27.75,4.0,0.0,0.0,30.0,54.0,Shuttle,19,2980
U2169,36,Metro/Bus,3422,0,4.0,94000.0,23500.0,19.25,0.75,0.0,0.5,4.0,4.0,2025-10-22 07:08:58,2025-08-24 09:21:05,32.0,3.0,1.0,0.0,8.0,58.0,Metro/Bus,36,3422
U2170,41,Metro/Bus,515,0,5.0,258000.0,51600.0,34.4,0.0,0.0,0.4,4.0,4.0,2025-10-09 18:03:21,2025-08-08 07:27:25,27.6,5.0,0.0,0.0,21.0,62.0,Metro/Bus,41,515
U2171,43,E-Bike,4681,0,3.0,150000.0,50000.0,33.333333333333336,0.0,0.3333333333333333,0.6666666666666666,2.0,3.0,2025-10-02 08:36:59,2025-08-12 10:56:20,30.0,3.0,0.0,0.0,28.0,50.0,E-Bike,43,4681
U2172,25,Shuttle,2333,0,4.0,160000.0,40000.0,44.75,0.5,0.0,0.5,3.0,4.0,2025-09-20 11:46:08,2025-08-14 18:42:15,27.0,1.0,2.0,1.0,40.0,36.0,Shuttle,25,2333
U2173,45,Shuttle,2920,0,5.0,256000.0,51200.0,42.6,0.2,0.0,0.6,3.0,3.0,2025-10-17 09:33:05,2025-08-09 08:40:21,31.6,4.0,1.0,0.0,13.0,69.0,Shuttle,45,2920
U2174,40,Metro/Bus,2275,0,5.0,100500.0,20100.0,35.6,0.2,0.4,1.0,3.0,4.0,2025-09-13 08:59:11,2025-08-14 17:54:42,31.8,2.0,1.0,2.0,47.0,29.0,Metro/Bus,40,2275
U2175,20,Metro/Bus,807,0,3.0,74000.0,24666.666666666668,54.0,0.0,0.0,0.0,2.0,3.0,2025-10-20 09:43:59,2025-09-01 19:56:15,30.333333333333332,1.0,1.0,1.0,10.0,48.0,Metro/Bus,20,807
U2176,21,E-Bike,1509,0,4.0,75500.0,18875.0,27.25,0.25,0.5,0.25,4.0,2.0,2025-10-15 15:40:24,2025-08-30 17:18:03,29.5,2.0,0.0,2.0,15.0,45.0,E-Bike,21,1509
U2177,38,Shuttle,134,0,2.0,82500.0,41250.0,27.5,0.0,1.0,1.0,2.0,1.0,2025-10-10 18:03:03,2025-08-14 17:23:22,33.0,2.0,0.0,0.0,20.0,57.0,Shuttle,38,134
U2178,25,E-Bike,2414,1,10.0,339500.0,33950.0,36.2,0.3,0.1,0.5,6.0,6.0,2025-10-13 16:18:25,2025-08-28 07:21:10,31.0,5.0,3.0,2.0,17.0,46.0,E-Bike,25,2414
U2179,33,Shuttle,544,0,14.0,374000.0,26714.285714285714,30.357142857142858,0.21428571428571427,0.14285714285714285,0.8571428571428571,7.0,8.0,2025-10-28 08:07:38,2025-08-08 20:28:25,29.071428571428573,9.0,1.0,4.0,2.0,80.0,Shuttle,33,544
U2180,45,E-Bike,2637,0,10.0,348000.0,34800.0,28.8,0.2,0.1,0.6,4.0,6.0,2025-10-01 18:10:54,2025-08-13 17:36:56,29.0,8.0,1.0,1.0,29.0,49.0,E-Bike,45,2637
U2181,37,Metro/Bus,3252,0,4.0,111500.0,27875.0,49.25,0.5,0.25,0.5,3.0,4.0,2025-10-04 07:41:24,2025-08-02 21:54:51,28.25,1.0,1.0,2.0,26.0,62.0,Metro/Bus,37,3252
U2182,30,Shuttle,2026,0,7.0,219000.0,31285.714285714286,29.428571428571427,0.14285714285714285,0.0,0.7142857142857143,6.0,5.0,2025-10-08 07:12:34,2025-08-05 08:42:35,30.714285714285715,5.0,1.0,1.0,22.0,63.0,Shuttle,30,2026
U2183,32,E-Bike,594,0,5.0,192000.0,38400.0,25.6,0.6,0.2,0.6,5.0,3.0,2025-09-06 18:00:15,2025-08-01 13:50:09,29.4,5.0,0.0,0.0,54.0,36.0,E-Bike,32,594
U2184,41,E-Bike,4944,1,6.0,162500.0,27083.333333333332,45.166666666666664,0.16666666666666666,0.16666666666666666,0.0,3.0,5.0,2025-09-23 11:29:10,2025-08-03 21:05:07,32.0,1.0,2.0,3.0,37.0,50.0,E-Bike,41,4944
U2185,34,E-Bike,3833,0,3.0,100000.0,33333.333333333336,40.0,0.3333333333333333,0.0,0.3333333333333333,3.0,2.0,2025-08-28 22:22:58,2025-08-08 15:08:51,28.666666666666668,2.0,1.0,0.0,63.0,20.0,E-Bike,34,3833
U2186,52,Metro/Bus,4543,0,5.0,178000.0,35600.0,40.0,0.2,0.2,0.4,5.0,5.0,2025-10-29 10:49:36,2025-08-16 07:02:58,30.6,2.0,2.0,1.0,1.0,74.0,Metro/Bus,52,4543
U2187,39,Metro/Bus,4931,0,2.0,66000.0,33000.0,22.0,0.5,0.0,0.0,2.0,2.0,2025-10-24 10:44:01,2025-08-31 19:31:02,28.0,2.0,0.0,0.0,6.0,53.0,Metro/Bus,39,4931
U2188,53,Metro/Bus,2136,0,9.0,251500.0,27944.444444444445,37.333333333333336,0.3333333333333333,0.2222222222222222,0.5555555555555556,5.0,6.0,2025-10-30 07:22:11,2025-08-02 17:51:08,30.444444444444443,5.0,1.0,3.0,0.0,88.0,Metro/Bus,53,2136
U2189,23,E-Bike,742,0,9.0,316500.0,35166.666666666664,33.666666666666664,0.2222222222222222,0.1111111111111111,0.5555555555555556,7.0,5.0,2025-10-25 08:01:56,2025-08-07 18:28:43,30.666666666666668,6.0,1.0,2.0,5.0,78.0,E-Bike,23,742
U2190,45,Shuttle,1752,0,4.0,125500.0,31375.0,33.0,0.5,0.25,0.25,4.0,3.0,2025-10-25 19:12:13,2025-09-03 09:53:50,30.25,2.0,1.0,1.0,5.0,52.0,Shuttle,45,1752
U2191,41,Metro/Bus,3750,0,6.0,218000.0,36333.333333333336,40.333333333333336,0.5,0.3333333333333333,0.6666666666666666,5.0,4.0,2025-10-13 12:03:43,2025-08-09 07:37:51,29.166666666666668,3.0,1.0,2.0,17.0,65.0,Metro/Bus,41,3750
U2192,37,E-Bike,3428,0,2.0,47000.0,23500.0,28.0,0.0,0.0,0.5,2.0,2.0,2025-10-09 19:37:26,2025-08-25 08:23:55,26.5,0.0,1.0,1.0,21.0,45.0,E-Bike,37,3428
U2193,48,E-Bike,3865,0,2.0,69000.0,34500.0,23.0,0.5,0.0,1.0,2.0,2.0,2025-10-11 17:26:20,2025-09-24 07:21:46,28.0,2.0,0.0,0.0,19.0,17.0,E-Bike,48,3865
U2194,20,Metro/Bus,2794,0,4.0,115500.0,28875.0,34.25,0.75,0.5,0.25,3.0,4.0,2025-10-14 17:35:38,2025-09-06 11:42:55,30.5,2.0,1.0,1.0,16.0,38.0,Metro/Bus,20,2794
U2195,23,E-Bike,4152,0,5.0,232000.0,46400.0,34.2,0.2,0.0,0.4,3.0,4.0,2025-10-29 19:22:47,2025-09-04 08:51:38,29.0,4.0,1.0,0.0,1.0,55.0,E-Bike,23,4152
U2196,26,Shuttle,3779,1,3.0,123000.0,41000.0,27.333333333333332,0.3333333333333333,0.3333333333333333,0.0,3.0,2.0,2025-10-09 13:41:16,2025-08-31 13:16:51,30.0,3.0,0.0,0.0,21.0,39.0,Shuttle,26,3779
U2197,29,E-Bike,3750,0,1.0,31500.0,31500.0,21.0,1.0,0.0,1.0,1.0,1.0,2025-10-18 18:42:26,2025-10-18 18:42:26,34.0,1.0,0.0,0.0,12.0,0.0,E-Bike,29,3750
U2198,43,E-Bike,1315,0,3.0,92000.0,30666.666666666668,39.333333333333336,0.3333333333333333,0.0,0.6666666666666666,3.0,3.0,2025-10-27 09:10:58,2025-08-20 18:18:29,30.0,1.0,2.0,0.0,3.0,67.0,E-Bike,43,1315
U2199,50,E-Bike,3879,0,1.0,33000.0,33000.0,22.0,0.0,0.0,1.0,1.0,1.0,2025-08-25 07:52:41,2025-08-25 07:52:41,35.0,1.0,0.0,0.0,66.0,0.0,E-Bike,50,3879
U2200,18,Metro/Bus,0,0,5.0,135500.0,27100.0,30.2,0.4,0.0,0.0,4.0,5.0,2025-10-23 09:43:16,2025-08-03 15:22:02,30.2,3.0,0.0,2.0,7.0,80.0,Metro/Bus,18,0
