VehicleID,Type,Battery_Level_Pct,Days_Since_Maintenance,Trip_Count,Total_Revenue,Avg_Fare,Avg_Duration,Peak_Trip_Count,Weekend_Trip_Count,Rain_Trip_Count,Heavy_Rain_Trip_Count,Unique_Start_Stations,Unique_End_Stations,Vehicle_Needs_Action
V0001,E-Bike,46,38,2.0,60000.0,30000.0,20.0,0.0,1.0,0.0,0.0,2.0,2.0,1
V0002,E-Bike,23,58,2.0,97500.0,48750.0,32.5,2.0,0.0,0.0,0.0,2.0,2.0,1
V0003,E-Bike,33,43,1.0,7500.0,7500.0,5.0,0.0,0.0,0.0,0.0,1.0,1.0,1
V0004,E-Bike,35,34,4.0,162000.0,40500.0,27.0,2.0,0.0,3.0,2.0,3.0,3.0,1
V0005,E-Bike,93,74,1.0,31500.0,31500.0,21.0,0.0,0.0,0.0,0.0,1.0,1.0,1
V0006,E-Bike,100,37,4.0,192000.0,48000.0,32.0,2.0,1.0,0.0,0.0,4.0,3.0,1
V0007,E-Bike,24,42,4.0,154500.0,38625.0,25.75,2.0,2.0,2.0,2.0,3.0,4.0,1
V0008,E-Bike,73,65,4.0,178500.0,44625.0,29.75,1.0,0.0,1.0,0.0,3.0,3.0,1
V0009,E-Bike,34,70,5.0,192000.0,38400.0,25.6,3.0,2.0,2.0,1.0,4.0,4.0,1
V0010,E-Bike,14,82,0.0,0.0,0.0,0.0,0.0,0.0,0.0,0.0,0.0,0.0,1
V0011,E-Bike,20,54,4.0,114000.0,28500.0,19.0,3.0,0.0,0.0,0.0,4.0,4.0,1
V0012,E-Bike,64,51,2.0,88500.0,44250.0,29.5,0.0,2.0,0.0,0.0,1.0,2.0,1
V0013,E-Bike,35,77,1.0,34500.0,34500.0,23.0,0.0,0.0,0.0,0.0,1.0,1.0,1
V0014,E-Bike,18,55,2.0,61500.0,30750.0,20.5,0.0,1.0,0.0,0.0,1.0,1.0,1
V0015,E-Bike,66,48,4.0,129000.0,32250.0,21.5,1.0,1.0,3.0,2.0,3.0,4.0,1
V0016,E-Bike,100,77,2.0,67500.0,33750.0,22.5,2.0,0.0,1.0,1.0,2.0,2.0,1
V0017,E-Bike,63,76,7.0,252000.0,36000.0,24.0,4.0,2.0,2.0,1.0,5.0,6.0,1
V0018,E-Bike,15,64,4.0,108000.0,27000.0,18.0,1.0,1.0,0.0,0.0,3.0,3.0,1
V0019,E-Bike,98,87,3.0,117000.0,39000.0,26.0,1.0,1.0,0.0,0.0,3.0,3.0,1
V0020,E-Bike,54,65,4.0,181500.0,45375.0,30.25,1.0,1.0,1.0,0.0,3.0,2.0,1
V0021,E-Bike,39,70,1.0,37500.0,37500.0,25.0,0.0,0.0,0.0,0.0,1.0,1.0,1
V0022,E-Bike,28,48,7.0,193500.0,27642.85714285714,18.428571428571427,1.0,1.0,0.0,0.0,4.0,5.0,1
V0023,E-Bike,28,88,7.0,237000.0,33857.142857142855,22.571428571428573,3.0,2.0,0.0,0.0,5.0,5.0,1
V0024,E-Bike,64,66,1.0,7500.0,7500.0,5.0,1.0,0.0,0.0,0.0,1.0,1.0,1
V0025,E-Bike,83,47,2.0,73500.0,36750.0,24.5,2.0,1.0,1.0,1.0,2.0,2.0,1
V0026,E-Bike,47,69,4.0,192000.0,48000.0,32.0,1.0,0.0,2.0,1.0,3.0,4.0,1
V0027,E-Bike,43,50,2.0,94500.0,47250.0,31.5,1.0,1.0,0.0,0.0,2.0,1.0,1
V0028,E-Bike,100,75,3.0,136500.0,45500.0,30.333333333333332,3.0,1.0,0.0,0.0,3.0,3.0,1
V0029,E-Bike,10,45,1.0,60000.0,60000.0,40.0,1.0,1.0,0.0,0.0,1.0,1.0,1
V0030,E-Bike,96,78,4.0,109500.0,27375.0,18.25,3.0,2.0,1.0,1.0,3.0,4.0,1
V0031,E-Bike,45,53,3.0,117000.0,39000.0,26.0,1.0,1.0,0.0,0.0,3.0,3.0,1
V0032,E-Bike,54,33,3.0,66000.0,22000.0,14.666666666666666,1.0,2.0,1.0,0.0,1.0,2.0,1
V0033,E-Bike,56,39,4.0,90000.0,22500.0,15.0,1.0,0.0,0.0,0.0,4.0,4.0,1
V0034,E-Bike,28,48,4.0,153000.0,38250.0,25.5,4.0,1.0,0.0,0.0,3.0,3.0,1
V0035,E-Bike,20,75,2.0,79500.0,39750.0,26.5,2.0,1.0,0.0,0.0,2.0,1.0,1
V0036,E-Bike,92,71,2.0,81000.0,40500.0,27.0,1.0,1.0,0.0,0.0,2.0,1.0,1
V0037,E-Bike,61,35,4.0,93000.0,23250.0,15.5,0.0,1.0,1.0,1.0,3.0,4.0,1
V0038,E-Bike,59,52,7.0,222000.0,31714.285714285714,21.142857142857142,3.0,0.0,2.0,0.0,5.0,4.0,1
V0039,E-Bike,96,54,4.0,118500.0,29625.0,19.75,2.0,0.0,1.0,0.0,3.0,3.0,1
V0040,E-Bike,82,41,2.0,82500.0,41250.0,27.5,2.0,1.0,1.0,1.0,2.0,1.0,1
V0041,E-Bike,27,32,5.0,267000.0,53400.0,35.6,1.0,1.0,2.0,2.0,3.0,4.0,1
V0042,E-Bike,84,55,1.0,30000.0,30000.0,20.0,1.0,0.0,0.0,0.0,1.0,1.0,1
V0043,E-Bike,77,78,3.0,162000.0,54000.0,36.0,0.0,2.0,0.0,0.0,3.0,3.0,1
V0044,E-Bike,22,70,8.0,334500.0,41812.5,27.875,3.0,2.0,3.0,1.0,5.0,5.0,1
V0045,E-Bike,74,41,4.0,159000.0,39750.0,26.5,1.0,0.0,1.0,1.0,4.0,4.0,1
V0046,E-Bike,82,39,6.0,166500.0,27750.0,18.5,2.0,2.0,3.0,1.0,4.0,4.0,1
V0047,E-Bike,42,73,2.0,63000.0,31500.0,21.0,0.0,1.0,0.0,0.0,2.0,2.0,1
V0048,E-Bike,73,68,2.0,96000.0,48000.0,32.0,1.0,0.0,0.0,0.0,2.0,2.0,1
V0049,E-Bike,56,42,4.0,130500.0,32625.0,21.75,1.0,0.0,1.0,1.0,2.0,4.0,1
V0050,E-Bike,76,58,2.0,88500.0,44250.0,29.5,2.0,2.0,0.0,0.0,2.0,2.0,1
V0051,E-Bike,76,51,4.0,157500.0,39375.0,26.25,3.0,1.0,2.0,1.0,4.0,4.0,1
V0052,E-Bike,78,48,2.0,69000.0,34500.0,23.0,2.0,0.0,0.0,0.0,1.0,2.0,1
V0053,E-Bike,69,63,2.0,76500.0,38250.0,25.5,1.0,0.0,0.0,0.0,2.0,2.0,1
V0054,E-Bike,94,69,2.0,70500.0,35250.0,23.5,1.0,0.0,0.0,0.0,2.0,2.0,1
V0055,E-Bike,10,60,2.0,57000.0,28500.0,19.0,1.0,1.0,1.0,0.0,2.0,1.0,1
V0056,E-Bike,66,40,7.0,267000.0,38142.857142857145,25.428571428571427,3.0,3.0,2.0,0.0,5.0,4.0,1
V0057,E-Bike,73,63,5.0,199500.0,39900.0,26.6,4.0,2.0,1.0,1.0,4.0,5.0,1
V0058,E-Bike,98,34,5.0,237000.0,47400.0,31.6,2.0,2.0,4.0,2.0,4.0,4.0,1
V0059,E-Bike,10,57,5.0,157500.0,31500.0,21.0,3.0,1.0,1.0,0.0,5.0,3.0,1
V0060,E-Bike,84,85,4.0,159000.0,39750.0,26.5,2.0,1.0,0.0,0.0,3.0,3.0,1
V0061,E-Bike,77,40,4.0,127500.0,31875.0,21.25,1.0,0.0,0.0,0.0,3.0,4.0,1
V0062,E-Bike,91,87,5.0,184500.0,36900.0,24.6,2.0,0.0,1.0,0.0,4.0,4.0,1
V0063,E-Bike,33,85,6.0,246000.0,41000.0,27.333333333333332,4.0,3.0,0.0,0.0,4.0,5.0,1
V0064,E-Bike,60,66,2.0,117000.0,58500.0,39.0,1.0,1.0,2.0,1.0,1.0,2.0,1
V0065,E-Bike,16,60,2.0,54000.0,27000.0,18.0,0.0,1.0,1.0,0.0,2.0,2.0,1
V0066,E-Bike,91,66,2.0,85500.0,42750.0,28.5,0.0,1.0,0.0,0.0,2.0,2.0,1
V0067,E-Bike,25,30,2.0,109500.0,54750.0,36.5,1.0,1.0,1.0,0.0,1.0,1.0,0
V0068,E-Bike,35,65,3.0,85500.0,28500.0,19.0,1.0,2.0,1.0,1.0,2.0,3.0,1
V0069,E-Bike,90,73,3.0,115500.0,38500.0,25.666666666666668,2.0,1.0,0.0,0.0,3.0,2.0,1
V0070,E-Bike,68,40,1.0,52500.0,52500.0,35.0,0.0,0.0,0.0,0.0,1.0,1.0,1
V0071,E-Bike,59,66,1.0,55500.0,55500.0,37.0,0.0,1.0,0.0,0.0,1.0,1.0,1
V0072,E-Bike,66,53,7.0,310500.0,44357.142857142855,29.571428571428573,3.0,3.0,1.0,1.0,7.0,5.0,1
V0073,E-Bike,73,77,3.0,147000.0,49000.0,32.666666666666664,1.0,1.0,1.0,0.0,3.0,3.0,1
V0074,E-Bike,83,61,1.0,36000.0,36000.0,24.0,0.0,1.0,0.0,0.0,1.0,1.0,1
V0075,E-Bike,71,38,3.0,132000.0,44000.0,29.333333333333332,2.0,0.0,1.0,1.0,3.0,2.0,1
V0076,E-Bike,29,88,3.0,112500.0,37500.0,25.0,1.0,0.0,1.0,1.0,2.0,3.0,1
V0077,E-Bike,64,73,4.0,160500.0,40125.0,26.75,2.0,1.0,1.0,1.0,4.0,3.0,1
V0078,E-Bike,60,50,8.0,282000.0,35250.0,23.5,2.0,2.0,2.0,2.0,6.0,5.0,1
V0079,E-Bike,53,43,4.0,100500.0,25125.0,16.75,2.0,1.0,0.0,0.0,4.0,4.0,1
V0080,E-Bike,23,41,5.0,184500.0,36900.0,24.6,2.0,2.0,1.0,1.0,4.0,4.0,1
V0081,E-Bike,93,73,2.0,51000.0,25500.0,17.0,1.0,1.0,1.0,0.0,2.0,1.0,1
V0082,E-Bike,71,55,4.0,151500.0,37875.0,25.25,1.0,0.0,0.0,0.0,3.0,4.0,1
V0083,E-Bike,92,58,5.0,178500.0,35700.0,23.8,2.0,3.0,0.0,0.0,5.0,4.0,1
V0084,E-Bike,83,47,4.0,126000.0,31500.0,21.0,1.0,2.0,0.0,0.0,4.0,2.0,1
V0085,E-Bike,52,88,3.0,154500.0,51500.0,34.333333333333336,2.0,1.0,0.0,0.0,3.0,2.0,1
V0086,E-Bike,65,53,2.0,100500.0,50250.0,33.5,0.0,1.0,1.0,0.0,2.0,2.0,1
V0087,E-Bike,84,43,3.0,81000.0,27000.0,18.0,2.0,1.0,1.0,0.0,3.0,3.0,1
V0088,E-Bike,100,85,2.0,88500.0,44250.0,29.5,0.0,2.0,1.0,1.0,2.0,2.0,1
V0089,E-Bike,63,54,1.0,21000.0,21000.0,14.0,1.0,0.0,0.0,0.0,1.0,1.0,1
V0090,E-Bike,70,47,1.0,57000.0,57000.0,38.0,1.0,0.0,0.0,0.0,1.0,1.0,1
V0091,E-Bike,51,63,2.0,76500.0,38250.0,25.5,0.0,0.0,0.0,0.0,2.0,2.0,1
V0092,E-Bike,31,42,5.0,181500.0,36300.0,24.2,0.0,1.0,0.0,0.0,3.0,4.0,1
V0093,E-Bike,14,74,6.0,144000.0,24000.0,16.0,2.0,3.0,3.0,3.0,5.0,4.0,1
V0094,E-Bike,14,53,1.0,31500.0,31500.0,21.0,1.0,1.0,0.0,0.0,1.0,1.0,1
V0095,E-Bike,12,85,2.0,66000.0,33000.0,22.0,0.0,0.0,0.0,0.0,2.0,2.0,1
V0096,E-Bike,27,83,1.0,10500.0,10500.0,7.0,0.0,0.0,0.0,0.0,1.0,1.0,1
V0097,E-Bike,71,79,4.0,148500.0,37125.0,24.75,4.0,1.0,0.0,0.0,3.0,3.0,1
V0098,E-Bike,71,86,2.0,73500.0,36750.0,24.5,1.0,1.0,0.0,0.0,2.0,2.0,1
V0099,E-Bike,36,65,0.0,0.0,0.0,0.0,0.0,0.0,0.0,0.0,0.0,0.0,1
V0100,E-Bike,14,78,2.0,78000.0,39000.0,26.0,2.0,1.0,0.0,0.0,1.0,1.0,1
V0101,E-Bike,42,62,2.0,82500.0,41250.0,27.5,1.0,2.0,0.0,0.0,2.0,2.0,1
V0102,E-Bike,17,73,5.0,226500.0,45300.0,30.2,2.0,2.0,0.0,0.0,3.0,3.0,1
V0103,E-Bike,67,78,6.0,267000.0,44500.0,29.666666666666668,2.0,2.0,2.0,1.0,4.0,4.0,1
V0104,E-Bike,63,74,2.0,121500.0,60750.0,40.5,0.0,0.0,0.0,0.0,2.0,2.0,1
V0105,E-Bike,73,33,3.0,138000.0,46000.0,30.666666666666668,0.0,1.0,0.0,0.0,2.0,3.0,1
V0106,E-Bike,54,75,4.0,127500.0,31875.0,21.25,3.0,0.0,1.0,0.0,3.0,4.0,1
V0107,E-Bike,99,65,4.0,102000.0,25500.0,17.0,4.0,1.0,0.0,0.0,4.0,3.0,1
V0108,E-Bike,19,87,5.0,135000.0,27000.0,18.0,4.0,2.0,1.0,0.0,4.0,4.0,1
V0109,E-Bike,100,57,3.0,112500.0,37500.0,25.0,1.0,1.0,0.0,0.0,2.0,3.0,1
V0110,E-Bike,23,89,3.0,184500.0,61500.0,41.0,2.0,1.0,0.0,0.0,3.0,2.0,1
V0111,E-Bike,98,80,2.0,106500.0,53250.0,35.5,0.0,1.0,2.0,2.0,2.0,2.0,1
V0112,E-Bike,63,78,4.0,97500.0,24375.0,16.25,1.0,2.0,0.0,0.0,4.0,4.0,1
V0113,E-Bike,55,72,4.0,112500.0,28125.0,18.75,2.0,0.0,0.0,0.0,3.0,4.0,1
V0114,E-Bike,29,30,0.0,0.0,0.0,0.0,0.0,0.0,0.0,0.0,0.0,0.0,0
V0115,E-Bike,11,30,3.0,87000.0,29000.0,19.333333333333332,2.0,0.0,0.0,0.0,3.0,3.0,1
V0116,E-Bike,37,88,1.0,61500.0,61500.0,41.0,1.0,1.0,0.0,0.0,1.0,1.0,1
V0117,E-Bike,66,85,3.0,136500.0,45500.0,30.333333333333332,2.0,1.0,1.0,1.0,3.0,3.0,1
V0118,E-Bike,25,68,4.0,166500.0,41625.0,27.75,3.0,2.0,0.0,0.0,3.0,3.0,1
V0119,E-Bike,65,36,1.0,31500.0,31500.0,21.0,0.0,0.0,0.0,0.0,1.0,1.0,1
V0120,E-Bike,46,69,6.0,288000.0,48000.0,32.0,1.0,2.0,1.0,1.0,5.0,4.0,1
V0121,E-Bike,43,37,5.0,163500.0,32700.0,21.8,2.0,1.0,0.0,0.0,5.0,4.0,1
V0122,E-Bike,84,84,5.0,189000.0,37800.0,25.2,2.0,2.0,2.0,1.0,4.0,5.0,1
V0123,E-Bike,85,86,5.0,192000.0,38400.0,25.6,2.0,3.0,3.0,1.0,3.0,4.0,1
V0124,E-Bike,93,83,2.0,76500.0,38250.0,25.5,0.0,0.0,1.0,1.0,2.0,1.0,1
V0125,E-Bike,53,52,2.0,91500.0,45750.0,30.5,0.0,1.0,1.0,0.0,2.0,2.0,1
V0126,E-Bike,10,41,3.0,117000.0,39000.0,26.0,0.0,2.0,0.0,0.0,2.0,2.0,1
V0127,E-Bike,61,83,6.0,199500.0,33250.0,22.166666666666668,1.0,1.0,0.0,0.0,4.0,4.0,1
V0128,E-Bike,61,63,5.0,105000.0,21000.0,14.0,4.0,2.0,1.0,0.0,4.0,3.0,1
V0129,E-Bike,65,44,3.0,121500.0,40500.0,27.0,2.0,0.0,0.0,0.0,3.0,2.0,1
V0130,E-Bike,31,62,4.0,195000.0,48750.0,32.5,1.0,2.0,0.0,0.0,3.0,4.0,1
V0131,E-Bike,40,59,3.0,114000.0,38000.0,25.333333333333332,3.0,1.0,0.0,0.0,3.0,3.0,1
V0132,E-Bike,70,57,1.0,51000.0,51000.0,34.0,0.0,0.0,0.0,0.0,1.0,1.0,1
V0133,E-Bike,34,66,0.0,0.0,0.0,0.0,0.0,0.0,0.0,0.0,0.0,0.0,1
V0134,E-Bike,66,59,2.0,81000.0,40500.0,27.0,0.0,1.0,1.0,1.0,2.0,2.0,1
V0135,E-Bike,83,54,6.0,256500.0,42750.0,28.5,2.0,2.0,0.0,0.0,4.0,5.0,1
V0136,E-Bike,24,62,5.0,193500.0,38700.0,25.8,3.0,2.0,1.0,0.0,3.0,3.0,1
V0137,E-Bike,65,51,1.0,49500.0,49500.0,33.0,1.0,0.0,0.0,0.0,1.0,1.0,1
V0138,E-Bike,61,60,4.0,99000.0,24750.0,16.5,3.0,0.0,2.0,0.0,3.0,4.0,1
V0139,E-Bike,94,66,4.0,169500.0,42375.0,28.25,2.0,3.0,0.0,0.0,3.0,4.0,1
V0140,E-Bike,68,69,3.0,100500.0,33500.0,22.333333333333332,2.0,1.0,1.0,0.0,2.0,2.0,1
V0141,E-Bike,29,44,4.0,108000.0,27000.0,18.0,3.0,1.0,1.0,0.0,4.0,3.0,1
V0142,E-Bike,91,38,3.0,115500.0,38500.0,25.666666666666668,1.0,0.0,1.0,1.0,3.0,3.0,1
V0143,E-Bike,78,39,3.0,171000.0,57000.0,38.0,2.0,0.0,2.0,2.0,2.0,3.0,1
V0144,E-Bike,63,84,2.0,54000.0,27000.0,18.0,2.0,1.0,0.0,0.0,2.0,2.0,1
V0145,E-Bike,68,47,5.0,225000.0,45000.0,30.0,1.0,2.0,0.0,0.0,3.0,5.0,1
V0146,E-Bike,90,77,7.0,189000.0,27000.0,18.0,4.0,1.0,0.0,0.0,5.0,4.0,1
V0147,E-Bike,93,38,5.0,229500.0,45900.0,30.6,2.0,3.0,1.0,1.0,4.0,4.0,1
V0148,E-Bike,82,38,6.0,190500.0,31750.0,21.166666666666668,3.0,1.0,1.0,1.0,4.0,6.0,1
V0149,E-Bike,64,83,2.0,103500.0,51750.0,34.5,1.0,0.0,1.0,1.0,2.0,1.0,1
V0150,E-Bike,53,47,3.0,79500.0,26500.0,17.666666666666668,2.0,1.0,0.0,0.0,3.0,3.0,1
V0151,E-Bike,94,32,5.0,169500.0,33900.0,22.6,1.0,0.0,1.0,1.0,4.0,4.0,1
V0152,E-Bike,43,62,10.0,364500.0,36450.0,24.3,4.0,6.0,4.0,2.0,7.0,4.0,1
V0153,E-Bike,94,71,1.0,10500.0,10500.0,7.0,1.0,0.0,0.0,0.0,1.0,1.0,1
V0154,E-Bike,13,72,3.0,108000.0,36000.0,24.0,1.0,1.0,0.0,0.0,3.0,3.0,1
V0155,E-Bike,51,36,4.0,177000.0,44250.0,29.5,2.0,1.0,0.0,0.0,3.0,2.0,1
V0156,E-Bike,41,56,7.0,252000.0,36000.0,24.0,4.0,3.0,2.0,1.0,5.0,6.0,1
V0157,E-Bike,67,55,2.0,94500.0,47250.0,31.5,1.0,0.0,0.0,0.0,1.0,2.0,1
V0158,E-Bike,24,58,4.0,177000.0,44250.0,29.5,2.0,2.0,2.0,0.0,3.0,3.0,1
V0159,E-Bike,87,61,3.0,51000.0,17000.0,11.333333333333334,1.0,0.0,3.0,2.0,3.0,3.0,1
V0160,E-Bike,39,43,4.0,181500.0,45375.0,30.25,3.0,1.0,1.0,1.0,3.0,4.0,1
V0161,E-Bike,99,31,3.0,118500.0,39500.0,26.333333333333332,2.0,1.0,0.0,0.0,3.0,2.0,1
V0162,E-Bike,19,70,2.0,70500.0,35250.0,23.5,2.0,0.0,0.0,0.0,2.0,1.0,1
V0163,E-Bike,92,84,1.0,40500.0,40500.0,27.0,0.0,0.0,0.0,0.0,1.0,1.0,1
V0164,E-Bike,63,44,4.0,156000.0,39000.0,26.0,2.0,2.0,1.0,1.0,2.0,4.0,1
V0165,E-Bike,45,34,5.0,235500.0,47100.0,31.4,2.0,0.0,0.0,0.0,4.0,4.0,1
V0166,E-Bike,56,62,2.0,46500.0,23250.0,15.5,1.0,2.0,0.0,0.0,2.0,2.0,1
V0167,E-Bike,59,74,4.0,124500.0,31125.0,20.75,1.0,2.0,0.0,0.0,3.0,3.0,1
V0168,E-Bike,19,55,0.0,0.0,0.0,0.0,0.0,0.0,0.0,0.0,0.0,0.0,1
V0169,E-Bike,68,56,2.0,84000.0,42000.0,28.0,1.0,1.0,1.0,1.0,2.0,2.0,1
V0170,E-Bike,61,53,2.0,70500.0,35250.0,23.5,1.0,1.0,0.0,0.0,2.0,2.0,1
V0171,E-Bike,97,60,3.0,106500.0,35500.0,23.666666666666668,1.0,1.0,1.0,0.0,3.0,2.0,1
V0172,E-Bike,55,85,0.0,0.0,0.0,0.0,0.0,0.0,0.0,0.0,0.0,0.0,1
V0173,E-Bike,88,73,3.0,76500.0,25500.0,17.0,2.0,2.0,2.0,1.0,3.0,3.0,1
V0174,E-Bike,42,57,5.0,147000.0,29400.0,19.6,1.0,0.0,0.0,0.0,4.0,4.0,1
V0175,E-Bike,97,60,6.0,292500.0,48750.0,32.5,3.0,0.0,0.0,0.0,4.0,5.0,1
V0176,E-Bike,16,87,1.0,7500.0,7500.0,5.0,1.0,0.0,1.0,0.0,1.0,1.0,1
V0177,E-Bike,21,48,9.0,348000.0,38666.666666666664,25.77777777777778,4.0,0.0,1.0,1.0,7.0,7.0,1
V0178,E-Bike,75,71,1.0,22500.0,22500.0,15.0,1.0,1.0,0.0,0.0,1.0,1.0,1
V0179,E-Bike,67,90,3.0,112500.0,37500.0,25.0,0.0,0.0,0.0,0.0,3.0,3.0,1
V0180,E-Bike,22,71,3.0,70500.0,23500.0,15.666666666666666,1.0,1.0,0.0,0.0,3.0,3.0,1
V0181,E-Bike,84,64,3.0,133500.0,44500.0,29.666666666666668,1.0,0.0,1.0,1.0,2.0,3.0,1
V0182,E-Bike,61,32,1.0,42000.0,42000.0,28.0,0.0,0.0,0.0,0.0,1.0,1.0,1
V0183,E-Bike,13,73,5.0,162000.0,32400.0,21.6,3.0,3.0,1.0,1.0,4.0,4.0,1
V0184,E-Bike,52,51,1.0,19500.0,19500.0,13.0,0.0,0.0,0.0,0.0,1.0,1.0,1
V0185,E-Bike,51,69,2.0,81000.0,40500.0,27.0,1.0,0.0,0.0,0.0,2.0,2.0,1
V0186,E-Bike,93,57,3.0,126000.0,42000.0,28.0,3.0,1.0,0.0,0.0,3.0,3.0,1
V0187,E-Bike,45,35,0.0,0.0,0.0,0.0,0.0,0.0,0.0,0.0,0.0,0.0,1
V0188,E-Bike,33,69,3.0,172500.0,57500.0,38.333333333333336,0.0,0.0,2.0,0.0,3.0,3.0,1
V0189,E-Bike,87,60,5.0,174000.0,34800.0,23.2,0.0,3.0,2.0,2.0,5.0,5.0,1
V0190,E-Bike,65,43,6.0,255000.0,42500.0,28.333333333333332,2.0,1.0,0.0,0.0,5.0,5.0,1
V0191,E-Bike,60,69,1.0,46500.0,46500.0,31.0,0.0,0.0,0.0,0.0,1.0,1.0,1
V0192,E-Bike,62,74,7.0,238500.0,34071.42857142857,22.714285714285715,1.0,1.0,1.0,1.0,3.0,4.0,1
V0193,E-Bike,77,33,4.0,183000.0,45750.0,30.5,2.0,2.0,1.0,0.0,3.0,3.0,1
V0194,E-Bike,81,38,3.0,87000.0,29000.0,19.333333333333332,2.0,0.0,0.0,0.0,3.0,3.0,1
V0195,E-Bike,98,64,2.0,45000.0,22500.0,15.0,1.0,0.0,1.0,1.0,2.0,1.0,1
V0196,E-Bike,18,89,4.0,177000.0,44250.0,29.5,1.0,2.0,1.0,0.0,2.0,3.0,1
V0197,E-Bike,35,43,7.0,237000.0,33857.142857142855,22.571428571428573,2.0,1.0,1.0,0.0,6.0,4.0,1
V0198,E-Bike,17,48,2.0,115500.0,57750.0,38.5,0.0,1.0,0.0,0.0,2.0,2.0,1
V0199,E-Bike,75,41,4.0,99000.0,24750.0,16.5,3.0,1.0,0.0,0.0,3.0,4.0,1
V0200,E-Bike,68,42,6.0,193500.0,32250.0,21.5,2.0,2.0,3.0,1.0,5.0,5.0,1
V0201,E-Bike,46,64,3.0,106500.0,35500.0,23.666666666666668,1.0,1.0,2.0,0.0,2.0,2.0,1
V0202,E-Bike,92,59,3.0,97500.0,32500.0,21.666666666666668,2.0,1.0,2.0,0.0,2.0,2.0,1
V0203,E-Bike,97,84,1.0,21000.0,21000.0,14.0,0.0,0.0,0.0,0.0,1.0,1.0,1
V0204,E-Bike,37,40,7.0,271500.0,38785.71428571428,25.857142857142858,3.0,3.0,3.0,1.0,5.0,6.0,1
V0205,E-Bike,34,72,3.0,57000.0,19000.0,12.666666666666666,2.0,1.0,1.0,0.0,3.0,3.0,1
V0206,E-Bike,75,70,4.0,156000.0,39000.0,26.0,2.0,1.0,0.0,0.0,2.0,4.0,1
V0207,E-Bike,21,73,4.0,177000.0,44250.0,29.5,1.0,2.0,3.0,0.0,4.0,3.0,1
V0208,E-Bike,68,90,2.0,78000.0,39000.0,26.0,2.0,1.0,0.0,0.0,1.0,2.0,1
V0209,E-Bike,49,39,2.0,70500.0,35250.0,23.5,0.0,0.0,0.0,0.0,2.0,2.0,1
V0210,E-Bike,35,83,2.0,87000.0,43500.0,29.0,0.0,0.0,0.0,0.0,2.0,2.0,1
V0211,E-Bike,23,76,3.0,97500.0,32500.0,21.666666666666668,1.0,0.0,1.0,0.0,2.0,3.0,1
V0212,E-Bike,26,56,0.0,0.0,0.0,0.0,0.0,0.0,0.0,0.0,0.0,0.0,1
V0213,E-Bike,60,33,5.0,163500.0,32700.0,21.8,3.0,1.0,1.0,0.0,5.0,4.0,1
V0214,E-Bike,97,83,3.0,126000.0,42000.0,28.0,1.0,1.0,0.0,0.0,2.0,3.0,1
V0215,E-Bike,73,59,2.0,28500.0,14250.0,9.5,0.0,0.0,1.0,0.0,2.0,2.0,1
V0216,E-Bike,30,72,3.0,52500.0,17500.0,11.666666666666666,2.0,1.0,1.0,0.0,3.0,3.0,1
V0217,E-Bike,98,42,6.0,165000.0,27500.0,18.333333333333332,3.0,3.0,0.0,0.0,5.0,4.0,1
V0218,E-Bike,61,62,0.0,0.0,0.0,0.0,0.0,0.0,0.0,0.0,0.0,0.0,1
V0219,E-Bike,57,63,4.0,153000.0,38250.0,25.5,2.0,0.0,0.0,0.0,2.0,2.0,1
V0220,E-Bike,15,78,4.0,108000.0,27000.0,18.0,1.0,1.0,2.0,1.0,3.0,4.0,1
V0221,E-Bike,51,64,4.0,129000.0,32250.0,21.5,2.0,1.0,1.0,1.0,3.0,3.0,1
V0222,E-Bike,31,30,1.0,51000.0,51000.0,34.0,1.0,0.0,0.0,0.0,1.0,1.0,0
V0223,E-Bike,87,36,3.0,174000.0,58000.0,38.666666666666664,2.0,1.0,0.0,0.0,3.0,2.0,1
V0224,E-Bike,58,68,1.0,24000.0,24000.0,16.0,1.0,0.0,0.0,0.0,1.0,1.0,1
V0225,E-Bike,55,52,5.0,127500.0,25500.0,17.0,2.0,3.0,1.0,0.0,3.0,3.0,1
V0226,E-Bike,59,63,4.0,159000.0,39750.0,26.5,2.0,1.0,1.0,0.0,2.0,2.0,1
V0227,E-Bike,85,69,6.0,219000.0,36500.0,24.333333333333332,4.0,2.0,0.0,0.0,4.0,5.0,1
V0228,E-Bike,36,36,6.0,190500.0,31750.0,21.166666666666668,3.0,1.0,1.0,1.0,5.0,5.0,1
V0229,E-Bike,80,65,4.0,118500.0,29625.0,19.75,3.0,1.0,1.0,1.0,4.0,3.0,1
V0230,E-Bike,33,62,6.0,219000.0,36500.0,24.333333333333332,4.0,1.0,0.0,0.0,3.0,5.0,1
V0231,E-Bike,22,67,2.0,48000.0,24000.0,16.0,0.0,0.0,0.0,0.0,2.0,2.0,1
V0232,E-Bike,66,60,2.0,91500.0,45750.0,30.5,1.0,2.0,1.0,0.0,2.0,2.0,1
V0233,E-Bike,40,85,2.0,60000.0,30000.0,20.0,1.0,2.0,0.0,0.0,2.0,1.0,1
V0234,E-Bike,80,31,4.0,150000.0,37500.0,25.0,1.0,1.0,0.0,0.0,4.0,3.0,1
V0235,E-Bike,61,44,3.0,135000.0,45000.0,30.0,2.0,1.0,1.0,1.0,3.0,1.0,1
V0236,E-Bike,42,73,7.0,277500.0,39642.857142857145,26.428571428571427,3.0,1.0,1.0,0.0,4.0,5.0,1
V0237,E-Bike,81,57,3.0,151500.0,50500.0,33.666666666666664,2.0,1.0,0.0,0.0,3.0,3.0,1
V0238,E-Bike,23,88,4.0,121500.0,30375.0,20.25,1.0,1.0,0.0,0.0,4.0,4.0,1
V0239,E-Bike,59,72,3.0,100500.0,33500.0,22.333333333333332,0.0,1.0,0.0,0.0,2.0,2.0,1
V0240,E-Bike,46,78,1.0,28500.0,28500.0,19.0,0.0,0.0,0.0,0.0,1.0,1.0,1
V0241,E-Bike,36,57,2.0,67500.0,33750.0,22.5,0.0,0.0,0.0,0.0,1.0,2.0,1
V0242,E-Bike,74,44,1.0,37500.0,37500.0,25.0,1.0,0.0,0.0,0.0,1.0,1.0,1
V0243,E-Bike,53,70,4.0,132000.0,33000.0,22.0,3.0,3.0,1.0,1.0,3.0,4.0,1
V0244,E-Bike,31,50,1.0,42000.0,42000.0,28.0,1.0,0.0,0.0,0.0,1.0,1.0,1
V0245,E-Bike,14,49,5.0,81000.0,16200.0,10.8,2.0,2.0,2.0,2.0,3.0,3.0,1
V0246,E-Bike,84,78,7.0,342000.0,48857.142857142855,32.57142857142857,3.0,1.0,1.0,1.0,5.0,5.0,1
V0247,E-Bike,34,39,6.0,127500.0,21250.0,14.166666666666666,0.0,3.0,0.0,0.0,5.0,5.0,1
V0248,E-Bike,40,80,4.0,138000.0,34500.0,23.0,1.0,2.0,0.0,0.0,3.0,4.0,1
V0249,E-Bike,68,84,2.0,28500.0,14250.0,9.5,1.0,1.0,0.0,0.0,2.0,2.0,1
V0250,E-Bike,54,38,1.0,48000.0,48000.0,32.0,0.0,0.0,1.0,1.0,1.0,1.0,1
V0251,E-Bike,25,67,6.0,234000.0,39000.0,26.0,1.0,4.0,1.0,1.0,5.0,4.0,1
V0252,E-Bike,53,33,3.0,106500.0,35500.0,23.666666666666668,1.0,2.0,1.0,1.0,2.0,3.0,1
V0253,E-Bike,73,36,4.0,154500.0,38625.0,25.75,2.0,1.0,1.0,0.0,3.0,3.0,1
V0254,E-Bike,75,90,3.0,124500.0,41500.0,27.666666666666668,1.0,0.0,1.0,1.0,2.0,3.0,1
V0255,E-Bike,70,85,2.0,79500.0,39750.0,26.5,2.0,1.0,0.0,0.0,2.0,2.0,1
V0256,E-Bike,81,42,5.0,193500.0,38700.0,25.8,4.0,0.0,1.0,1.0,3.0,4.0,1
V0257,E-Bike,82,54,4.0,139500.0,34875.0,23.25,1.0,2.0,1.0,1.0,3.0,3.0,1
V0258,E-Bike,81,77,5.0,237000.0,47400.0,31.6,2.0,1.0,0.0,0.0,4.0,4.0,1
V0259,E-Bike,55,60,6.0,247500.0,41250.0,27.5,4.0,1.0,1.0,0.0,5.0,4.0,1
V0260,E-Bike,36,65,5.0,123000.0,24600.0,16.4,2.0,2.0,0.0,0.0,3.0,4.0,1
V0261,E-Bike,35,40,10.0,382500.0,38250.0,25.5,5.0,3.0,1.0,0.0,7.0,7.0,1
V0262,E-Bike,45,74,3.0,102000.0,34000.0,22.666666666666668,0.0,1.0,0.0,0.0,2.0,3.0,1
V0263,E-Bike,22,53,2.0,63000.0,31500.0,21.0,0.0,0.0,0.0,0.0,2.0,2.0,1
V0264,E-Bike,64,38,4.0,106500.0,26625.0,17.75,1.0,1.0,1.0,0.0,3.0,4.0,1
V0265,E-Bike,27,77,6.0,222000.0,37000.0,24.666666666666668,1.0,2.0,1.0,1.0,5.0,5.0,1
V0266,E-Bike,46,50,2.0,75000.0,37500.0,25.0,1.0,1.0,0.0,0.0,2.0,2.0,1
V0267,E-Bike,98,87,5.0,172500.0,34500.0,23.0,2.0,1.0,1.0,0.0,5.0,3.0,1
V0268,E-Bike,97,61,0.0,0.0,0.0,0.0,0.0,0.0,0.0,0.0,0.0,0.0,1
V0269,E-Bike,62,78,3.0,148500.0,49500.0,33.0,0.0,1.0,1.0,1.0,3.0,3.0,1
V0270,E-Bike,14,84,6.0,237000.0,39500.0,26.333333333333332,2.0,3.0,0.0,0.0,3.0,3.0,1
V0271,E-Bike,34,77,3.0,121500.0,40500.0,27.0,1.0,0.0,0.0,0.0,2.0,3.0,1
V0272,E-Bike,48,65,4.0,145500.0,36375.0,24.25,2.0,0.0,0.0,0.0,3.0,3.0,1
V0273,E-Bike,49,86,2.0,60000.0,30000.0,20.0,2.0,1.0,1.0,0.0,1.0,2.0,1
V0274,E-Bike,47,30,4.0,99000.0,24750.0,16.5,2.0,1.0,0.0,0.0,4.0,2.0,0
V0275,E-Bike,45,66,2.0,57000.0,28500.0,19.0,0.0,0.0,1.0,0.0,2.0,2.0,1
V0276,E-Bike,21,40,5.0,139500.0,27900.0,18.6,3.0,2.0,3.0,1.0,4.0,4.0,1
V0277,E-Bike,78,64,3.0,73500.0,24500.0,16.333333333333332,1.0,0.0,0.0,0.0,3.0,2.0,1
V0278,E-Bike,69,85,5.0,162000.0,32400.0,21.6,2.0,1.0,0.0,0.0,3.0,3.0,1
V0279,E-Bike,42,36,3.0,90000.0,30000.0,20.0,1.0,3.0,1.0,1.0,3.0,3.0,1
V0280,E-Bike,38,80,9.0,247500.0,27500.0,18.333333333333332,3.0,1.0,5.0,2.0,6.0,5.0,1
V0281,E-Bike,66,36,0.0,0.0,0.0,0.0,0.0,0.0,0.0,0.0,0.0,0.0,1
V0282,E-Bike,76,54,1.0,21000.0,21000.0,14.0,1.0,1.0,1.0,0.0,1.0,1.0,1
V0283,E-Bike,27,74,5.0,156000.0,31200.0,20.8,2.0,2.0,1.0,0.0,5.0,4.0,1
V0284,E-Bike,43,56,1.0,16500.0,16500.0,11.0,0.0,0.0,1.0,1.0,1.0,1.0,1
V0285,E-Bike,75,64,2.0,81000.0,40500.0,27.0,0.0,0.0,0.0,0.0,2.0,2.0,1
V0286,E-Bike,84,64,4.0,208500.0,52125.0,34.75,2.0,1.0,1.0,0.0,4.0,3.0,1
V0287,E-Bike,70,88,6.0,154500.0,25750.0,17.166666666666668,1.0,4.0,1.0,1.0,5.0,5.0,1
V0288,E-Bike,84,88,2.0,121500.0,60750.0,40.5,2.0,0.0,1.0,1.0,2.0,2.0,1
V0289,E-Bike,34,81,0.0,0.0,0.0,0.0,0.0,0.0,0.0,0.0,0.0,0.0,1
V0290,E-Bike,13,85,1.0,54000.0,54000.0,36.0,1.0,0.0,0.0,0.0,1.0,1.0,1
V0291,E-Bike,35,84,3.0,154500.0,51500.0,34.333333333333336,0.0,0.0,1.0,0.0,3.0,2.0,1
V0292,E-Bike,16,30,3.0,66000.0,22000.0,14.666666666666666,2.0,0.0,0.0,0.0,3.0,2.0,1
V0293,E-Bike,25,59,1.0,52500.0,52500.0,35.0,0.0,0.0,0.0,0.0,1.0,1.0,1
V0294,E-Bike,93,81,2.0,66000.0,33000.0,22.0,1.0,2.0,1.0,1.0,2.0,2.0,1
V0295,E-Bike,63,65,2.0,73500.0,36750.0,24.5,2.0,1.0,0.0,0.0,2.0,2.0,1
V0296,E-Bike,73,59,2.0,69000.0,34500.0,23.0,1.0,0.0,0.0,0.0,2.0,2.0,1
V0297,E-Bike,92,74,4.0,145500.0,36375.0,24.25,3.0,1.0,1.0,0.0,3.0,4.0,1
V0298,E-Bike,17,64,2.0,112500.0,56250.0,37.5,1.0,1.0,0.0,0.0,2.0,2.0,1
V0299,E-Bike,57,74,2.0,97500.0,48750.0,32.5,1.0,0.0,0.0,0.0,2.0,1.0,1
V0300,E-Bike,71,58,1.0,21000.0,21000.0,14.0,0.0,0.0,0.0,0.0,1.0,1.0,1
V0301,E-Bike,10,61,8.0,208500.0,26062.5,17.375,6.0,2.0,1.0,1.0,7.0,5.0,1
V0302,E-Bike,46,58,2.0,72000.0,36000.0,24.0,1.0,0.0,1.0,1.0,2.0,2.0,1
V0303,E-Bike,30,31,6.0,213000.0,35500.0,23.666666666666668,3.0,1.0,2.0,0.0,5.0,5.0,1
V0304,E-Bike,99,35,3.0,99000.0,33000.0,22.0,1.0,2.0,2.0,1.0,2.0,1.0,1
V0305,E-Bike,78,63,3.0,114000.0,38000.0,25.333333333333332,1.0,0.0,0.0,0.0,2.0,3.0,1
V0306,E-Bike,85,74,4.0,156000.0,39000.0,26.0,4.0,0.0,2.0,0.0,4.0,2.0,1
V0307,E-Bike,53,50,4.0,199500.0,49875.0,33.25,1.0,2.0,1.0,0.0,3.0,4.0,1
V0308,E-Bike,71,37,4.0,142500.0,35625.0,23.75,2.0,2.0,1.0,1.0,4.0,4.0,1
V0309,E-Bike,38,40,6.0,199500.0,33250.0,22.166666666666668,3.0,3.0,2.0,1.0,5.0,3.0,1
V0310,E-Bike,57,31,2.0,24000.0,12000.0,8.0,0.0,1.0,1.0,1.0,1.0,2.0,1
V0311,E-Bike,39,70,4.0,172500.0,43125.0,28.75,2.0,1.0,0.0,0.0,4.0,3.0,1
V0312,E-Bike,17,46,3.0,60000.0,20000.0,13.333333333333334,0.0,0.0,0.0,0.0,2.0,3.0,1
V0313,E-Bike,19,57,1.0,67500.0,67500.0,45.0,0.0,0.0,0.0,0.0,1.0,1.0,1
V0314,E-Bike,16,45,4.0,132000.0,33000.0,22.0,2.0,0.0,1.0,1.0,3.0,3.0,1
V0315,E-Bike,79,33,8.0,276000.0,34500.0,23.0,4.0,5.0,2.0,0.0,5.0,6.0,1
V0316,E-Bike,56,50,5.0,192000.0,38400.0,25.6,4.0,0.0,0.0,0.0,3.0,4.0,1
V0317,E-Bike,50,73,2.0,79500.0,39750.0,26.5,1.0,0.0,0.0,0.0,2.0,2.0,1
V0318,E-Bike,73,56,3.0,69000.0,23000.0,15.333333333333334,0.0,1.0,2.0,2.0,3.0,3.0,1
V0319,E-Bike,15,70,6.0,283500.0,47250.0,31.5,2.0,3.0,2.0,2.0,5.0,6.0,1
V0320,E-Bike,76,73,3.0,157500.0,52500.0,35.0,3.0,1.0,1.0,0.0,3.0,2.0,1
V0321,E-Bike,39,66,1.0,9000.0,9000.0,6.0,0.0,1.0,1.0,0.0,1.0,1.0,1
V0322,E-Bike,84,43,2.0,93000.0,46500.0,31.0,1.0,1.0,0.0,0.0,2.0,2.0,1
V0323,E-Bike,48,87,3.0,141000.0,47000.0,31.333333333333332,0.0,0.0,1.0,0.0,3.0,2.0,1
V0324,E-Bike,96,46,1.0,24000.0,24000.0,16.0,1.0,1.0,0.0,0.0,1.0,1.0,1
V0325,E-Bike,86,88,4.0,123000.0,30750.0,20.5,0.0,3.0,0.0,0.0,2.0,4.0,1
V0326,E-Bike,61,73,3.0,126000.0,42000.0,28.0,2.0,1.0,1.0,1.0,3.0,2.0,1
V0327,E-Bike,68,72,5.0,175500.0,35100.0,23.4,0.0,1.0,1.0,1.0,5.0,4.0,1
V0328,E-Bike,47,57,4.0,130500.0,32625.0,21.75,0.0,0.0,1.0,0.0,3.0,3.0,1
V0329,E-Bike,37,35,4.0,127500.0,31875.0,21.25,1.0,0.0,1.0,0.0,4.0,4.0,1
V0330,E-Bike,42,30,4.0,175500.0,43875.0,29.25,1.0,1.0,2.0,0.0,2.0,4.0,0
V0331,E-Bike,91,71,8.0,270000.0,33750.0,22.5,5.0,3.0,4.0,3.0,6.0,4.0,1
V0332,E-Bike,61,76,4.0,171000.0,42750.0,28.5,2.0,0.0,1.0,0.0,4.0,4.0,1
V0333,E-Bike,35,39,1.0,33000.0,33000.0,22.0,1.0,0.0,0.0,0.0,1.0,1.0,1
V0334,E-Bike,84,44,2.0,66000.0,33000.0,22.0,1.0,2.0,1.0,0.0,2.0,2.0,1
V0335,E-Bike,84,66,3.0,97500.0,32500.0,21.666666666666668,3.0,1.0,0.0,0.0,2.0,3.0,1
V0336,E-Bike,55,74,3.0,142500.0,47500.0,31.666666666666668,3.0,1.0,0.0,0.0,2.0,3.0,1
V0337,E-Bike,88,59,6.0,189000.0,31500.0,21.0,1.0,2.0,1.0,1.0,5.0,4.0,1
V0338,E-Bike,71,52,2.0,108000.0,54000.0,36.0,1.0,2.0,0.0,0.0,2.0,2.0,1
V0339,E-Bike,61,36,1.0,13500.0,13500.0,9.0,1.0,0.0,0.0,0.0,1.0,1.0,1
V0340,E-Bike,17,37,0.0,0.0,0.0,0.0,0.0,0.0,0.0,0.0,0.0,0.0,1
V0341,E-Bike,56,76,3.0,129000.0,43000.0,28.666666666666668,1.0,1.0,0.0,0.0,2.0,3.0,1
V0342,E-Bike,36,79,3.0,127500.0,42500.0,28.333333333333332,1.0,1.0,1.0,0.0,3.0,3.0,1
V0343,E-Bike,96,80,2.0,99000.0,49500.0,33.0,1.0,1.0,1.0,0.0,1.0,2.0,1
V0344,E-Bike,75,62,3.0,43500.0,14500.0,9.666666666666666,0.0,1.0,0.0,0.0,2.0,3.0,1
V0345,E-Bike,81,75,2.0,34500.0,17250.0,11.5,2.0,2.0,0.0,0.0,2.0,2.0,1
V0346,E-Bike,55,50,3.0,73500.0,24500.0,16.333333333333332,2.0,0.0,1.0,1.0,3.0,2.0,1
V0347,E-Bike,86,86,7.0,231000.0,33000.0,22.0,4.0,2.0,1.0,0.0,5.0,5.0,1
V0348,E-Bike,93,73,2.0,76500.0,38250.0,25.5,1.0,0.0,1.0,0.0,2.0,2.0,1
V0349,E-Bike,60,30,4.0,142500.0,35625.0,23.75,2.0,0.0,0.0,0.0,4.0,3.0,0
V0350,E-Bike,84,31,2.0,78000.0,39000.0,26.0,0.0,2.0,0.0,0.0,2.0,2.0,1
V0351,E-Bike,46,81,1.0,33000.0,33000.0,22.0,1.0,0.0,0.0,0.0,1.0,1.0,1
V0352,E-Bike,59,75,5.0,168000.0,33600.0,22.4,2.0,1.0,1.0,0.0,3.0,3.0,1
V0353,E-Bike,62,73,2.0,42000.0,21000.0,14.0,1.0,0.0,0.0,0.0,2.0,1.0,1
V0354,E-Bike,90,43,5.0,132000.0,26400.0,17.6,4.0,2.0,1.0,0.0,5.0,5.0,1
V0355,E-Bike,71,64,3.0,145500.0,48500.0,32.333333333333336,2.0,0.0,0.0,0.0,3.0,2.0,1
V0356,E-Bike,70,79,4.0,151500.0,37875.0,25.25,2.0,1.0,3.0,3.0,3.0,3.0,1
V0357,E-Bike,85,38,2.0,87000.0,43500.0,29.0,2.0,1.0,0.0,0.0,1.0,2.0,1
V0358,E-Bike,14,47,4.0,177000.0,44250.0,29.5,0.0,2.0,2.0,0.0,3.0,2.0,1
V0359,E-Bike,40,59,4.0,123000.0,30750.0,20.5,3.0,3.0,1.0,0.0,3.0,4.0,1
V0360,E-Bike,62,83,4.0,126000.0,31500.0,21.0,2.0,2.0,0.0,0.0,4.0,3.0,1
V0361,E-Bike,60,32,1.0,51000.0,51000.0,34.0,0.0,1.0,1.0,1.0,1.0,1.0,1
V0362,E-Bike,95,41,2.0,99000.0,49500.0,33.0,0.0,1.0,1.0,1.0,2.0,2.0,1
V0363,E-Bike,41,53,5.0,210000.0,42000.0,28.0,1.0,3.0,0.0,0.0,5.0,3.0,1
V0364,E-Bike,13,46,1.0,19500.0,19500.0,13.0,1.0,0.0,0.0,0.0,1.0,1.0,1
V0365,E-Bike,20,47,6.0,211500.0,35250.0,23.5,1.0,4.0,1.0,0.0,4.0,4.0,1
V0366,E-Bike,36,74,3.0,82500.0,27500.0,18.333333333333332,2.0,0.0,0.0,0.0,3.0,2.0,1
V0367,E-Bike,46,61,2.0,90000.0,45000.0,30.0,2.0,0.0,1.0,1.0,2.0,2.0,1
V0368,E-Bike,54,88,1.0,31500.0,31500.0,21.0,0.0,0.0,1.0,0.0,1.0,1.0,1
V0369,E-Bike,92,51,4.0,129000.0,32250.0,21.5,3.0,1.0,4.0,2.0,3.0,4.0,1
V0370,E-Bike,98,70,4.0,193500.0,48375.0,32.25,3.0,0.0,1.0,1.0,3.0,3.0,1
V0371,E-Bike,84,44,2.0,93000.0,46500.0,31.0,2.0,0.0,1.0,0.0,2.0,2.0,1
V0372,E-Bike,84,77,2.0,54000.0,27000.0,18.0,0.0,0.0,1.0,0.0,2.0,2.0,1
V0373,E-Bike,11,85,2.0,72000.0,36000.0,24.0,1.0,1.0,0.0,0.0,2.0,2.0,1
V0374,E-Bike,66,71,2.0,78000.0,39000.0,26.0,1.0,0.0,0.0,0.0,2.0,2.0,1
V0375,E-Bike,97,68,6.0,196500.0,32750.0,21.833333333333332,4.0,2.0,0.0,0.0,5.0,4.0,1
V0376,E-Bike,85,40,5.0,186000.0,37200.0,24.8,1.0,2.0,1.0,1.0,5.0,3.0,1
V0377,E-Bike,80,84,2.0,81000.0,40500.0,27.0,1.0,0.0,1.0,1.0,2.0,2.0,1
V0378,E-Bike,48,62,2.0,72000.0,36000.0,24.0,0.0,0.0,1.0,1.0,2.0,2.0,1
V0379,E-Bike,78,40,4.0,106500.0,26625.0,17.75,3.0,1.0,0.0,0.0,3.0,3.0,1
V0380,E-Bike,85,42,1.0,27000.0,27000.0,18.0,0.0,0.0,0.0,0.0,1.0,1.0,1
V0381,E-Bike,15,55,6.0,241500.0,40250.0,26.833333333333332,4.0,1.0,2.0,0.0,4.0,4.0,1
V0382,E-Bike,11,39,3.0,162000.0,54000.0,36.0,2.0,0.0,0.0,0.0,3.0,3.0,1
V0383,E-Bike,95,82,4.0,204000.0,51000.0,34.0,2.0,2.0,0.0,0.0,3.0,3.0,1
V0384,E-Bike,78,87,2.0,61500.0,30750.0,20.5,0.0,0.0,1.0,1.0,2.0,2.0,1
V0385,E-Bike,18,84,1.0,10500.0,10500.0,7.0,0.0,0.0,0.0,0.0,1.0,1.0,1
V0386,E-Bike,63,78,0.0,0.0,0.0,0.0,0.0,0.0,0.0,0.0,0.0,0.0,1
V0387,E-Bike,78,89,6.0,220500.0,36750.0,24.5,4.0,1.0,1.0,1.0,5.0,5.0,1
V0388,E-Bike,66,34,2.0,46500.0,23250.0,15.5,1.0,1.0,0.0,0.0,1.0,1.0,1
V0389,E-Bike,64,62,3.0,94500.0,31500.0,21.0,2.0,0.0,1.0,0.0,2.0,3.0,1
V0390,E-Bike,19,70,4.0,135000.0,33750.0,22.5,2.0,1.0,1.0,1.0,3.0,4.0,1
V0391,E-Bike,70,32,3.0,84000.0,28000.0,18.666666666666668,0.0,1.0,0.0,0.0,1.0,2.0,1
V0392,E-Bike,84,75,5.0,129000.0,25800.0,17.2,2.0,3.0,1.0,1.0,4.0,4.0,1
V0393,E-Bike,99,84,6.0,273000.0,45500.0,30.333333333333332,3.0,2.0,1.0,1.0,4.0,3.0,1
V0394,E-Bike,63,90,2.0,118500.0,59250.0,39.5,0.0,1.0,1.0,0.0,2.0,2.0,1
V0395,E-Bike,75,53,3.0,114000.0,38000.0,25.333333333333332,3.0,2.0,0.0,0.0,3.0,3.0,1
V0396,E-Bike,37,65,5.0,252000.0,50400.0,33.6,1.0,0.0,1.0,0.0,4.0,3.0,1
V0397,E-Bike,60,49,1.0,19500.0,19500.0,13.0,0.0,0.0,0.0,0.0,1.0,1.0,1
V0398,E-Bike,29,80,4.0,157500.0,39375.0,26.25,1.0,1.0,0.0,0.0,4.0,3.0,1
V0399,E-Bike,43,81,6.0,189000.0,31500.0,21.0,4.0,1.0,2.0,1.0,5.0,4.0,1
V0400,E-Bike,92,31,3.0,181500.0,60500.0,40.333333333333336,2.0,0.0,0.0,0.0,3.0,3.0,1
V0401,E-Bike,72,74,2.0,64500.0,32250.0,21.5,2.0,0.0,0.0,0.0,2.0,2.0,1
V0402,E-Bike,97,60,1.0,60000.0,60000.0,40.0,1.0,0.0,0.0,0.0,1.0,1.0,1
V0403,E-Bike,60,53,1.0,46500.0,46500.0,31.0,0.0,0.0,0.0,0.0,1.0,1.0,1
V0404,E-Bike,22,74,1.0,36000.0,36000.0,24.0,0.0,0.0,0.0,0.0,1.0,1.0,1
V0405,E-Bike,34,38,4.0,121500.0,30375.0,20.25,3.0,1.0,0.0,0.0,2.0,4.0,1
V0406,E-Bike,58,75,3.0,88500.0,29500.0,19.666666666666668,2.0,0.0,0.0,0.0,2.0,3.0,1
V0407,E-Bike,19,72,3.0,85500.0,28500.0,19.0,2.0,2.0,1.0,1.0,3.0,3.0,1
V0408,E-Bike,85,74,2.0,75000.0,37500.0,25.0,0.0,0.0,0.0,0.0,2.0,2.0,1
V0409,E-Bike,29,52,4.0,174000.0,43500.0,29.0,2.0,3.0,0.0,0.0,4.0,4.0,1
V0410,E-Bike,50,75,5.0,241500.0,48300.0,32.2,2.0,2.0,1.0,0.0,3.0,4.0,1
V0411,E-Bike,49,90,1.0,28500.0,28500.0,19.0,0.0,0.0,1.0,1.0,1.0,1.0,1
V0412,E-Bike,29,34,2.0,78000.0,39000.0,26.0,2.0,2.0,0.0,0.0,2.0,2.0,1
V0413,E-Bike,35,30,3.0,138000.0,46000.0,30.666666666666668,0.0,2.0,0.0,0.0,3.0,3.0,0
V0414,E-Bike,50,44,0.0,0.0,0.0,0.0,0.0,0.0,0.0,0.0,0.0,0.0,1
V0415,E-Bike,74,37,1.0,33000.0,33000.0,22.0,0.0,0.0,0.0,0.0,1.0,1.0,1
V0416,E-Bike,70,83,6.0,268500.0,44750.0,29.833333333333332,2.0,0.0,1.0,1.0,3.0,6.0,1
V0417,E-Bike,14,55,4.0,154500.0,38625.0,25.75,2.0,1.0,1.0,0.0,4.0,4.0,1
V0418,E-Bike,60,53,5.0,255000.0,51000.0,34.0,3.0,1.0,0.0,0.0,2.0,5.0,1
V0419,E-Bike,73,42,7.0,324000.0,46285.71428571428,30.857142857142858,5.0,4.0,1.0,0.0,5.0,5.0,1
V0420,E-Bike,79,48,2.0,64500.0,32250.0,21.5,1.0,0.0,0.0,0.0,2.0,2.0,1
V0421,E-Bike,99,85,6.0,271500.0,45250.0,30.166666666666668,4.0,1.0,0.0,0.0,5.0,4.0,1
V0422,E-Bike,37,40,2.0,93000.0,46500.0,31.0,1.0,1.0,1.0,1.0,2.0,1.0,1
V0423,E-Bike,99,72,1.0,48000.0,48000.0,32.0,1.0,0.0,0.0,0.0,1.0,1.0,1
V0424,E-Bike,99,37,2.0,75000.0,37500.0,25.0,1.0,0.0,0.0,0.0,2.0,2.0,1
V0425,E-Bike,65,31,6.0,189000.0,31500.0,21.0,3.0,0.0,2.0,1.0,5.0,5.0,1
V0426,E-Bike,13,49,2.0,54000.0,27000.0,18.0,0.0,1.0,1.0,0.0,2.0,2.0,1
V0427,E-Bike,90,60,4.0,198000.0,49500.0,33.0,2.0,1.0,0.0,0.0,4.0,3.0,1
V0428,E-Bike,73,81,1.0,15000.0,15000.0,10.0,1.0,0.0,1.0,0.0,1.0,1.0,1
V0429,E-Bike,10,49,0.0,0.0,0.0,0.0,0.0,0.0,0.0,0.0,0.0,0.0,1
V0430,E-Bike,29,49,4.0,148500.0,37125.0,24.75,3.0,0.0,2.0,1.0,4.0,3.0,1
V0431,E-Bike,66,82,2.0,124500.0,62250.0,41.5,1.0,2.0,0.0,0.0,2.0,2.0,1
V0432,E-Bike,92,73,2.0,27000.0,13500.0,9.0,1.0,0.0,0.0,0.0,2.0,2.0,1
V0433,E-Bike,88,54,4.0,190500.0,47625.0,31.75,1.0,1.0,1.0,1.0,4.0,4.0,1
V0434,E-Bike,33,86,4.0,97500.0,24375.0,16.25,2.0,1.0,0.0,0.0,4.0,3.0,1
V0435,E-Bike,18,31,2.0,93000.0,46500.0,31.0,1.0,1.0,2.0,1.0,2.0,2.0,1
V0436,E-Bike,100,37,1.0,19500.0,19500.0,13.0,1.0,0.0,0.0,0.0,1.0,1.0,1
V0437,E-Bike,48,58,5.0,187500.0,37500.0,25.0,1.0,3.0,0.0,0.0,4.0,4.0,1
V0438,E-Bike,85,78,7.0,289500.0,41357.142857142855,27.571428571428573,2.0,2.0,2.0,2.0,6.0,6.0,1
V0439,E-Bike,93,80,7.0,274500.0,39214.28571428572,26.142857142857142,4.0,2.0,2.0,1.0,6.0,4.0,1
V0440,E-Bike,85,89,3.0,121500.0,40500.0,27.0,1.0,0.0,0.0,0.0,2.0,3.0,1
V0441,E-Bike,53,52,4.0,147000.0,36750.0,24.5,1.0,1.0,0.0,0.0,4.0,3.0,1
V0442,E-Bike,88,42,5.0,219000.0,43800.0,29.2,3.0,4.0,0.0,0.0,4.0,5.0,1
V0443,E-Bike,91,43,6.0,181500.0,30250.0,20.166666666666668,0.0,3.0,2.0,1.0,4.0,4.0,1
V0444,E-Bike,94,39,3.0,174000.0,58000.0,38.666666666666664,2.0,2.0,1.0,1.0,3.0,3.0,1
V0445,E-Bike,74,54,6.0,177000.0,29500.0,19.666666666666668,2.0,0.0,0.0,0.0,4.0,4.0,1
V0446,E-Bike,37,36,1.0,30000.0,30000.0,20.0,0.0,0.0,0.0,0.0,1.0,1.0,1
V0447,E-Bike,16,39,4.0,109500.0,27375.0,18.25,1.0,1.0,1.0,1.0,3.0,3.0,1
V0448,E-Bike,31,82,4.0,148500.0,37125.0,24.75,1.0,1.0,0.0,0.0,4.0,3.0,1
V0449,E-Bike,13,40,3.0,156000.0,52000.0,34.666666666666664,2.0,1.0,1.0,1.0,2.0,3.0,1
V0450,E-Bike,64,53,3.0,151500.0,50500.0,33.666666666666664,3.0,0.0,0.0,0.0,3.0,2.0,1
V0451,E-Bike,28,72,1.0,10500.0,10500.0,7.0,0.0,1.0,0.0,0.0,1.0,1.0,1
V0452,E-Bike,89,56,7.0,256500.0,36642.857142857145,24.428571428571427,4.0,1.0,1.0,0.0,5.0,5.0,1
V0453,E-Bike,25,40,2.0,84000.0,42000.0,28.0,2.0,0.0,0.0,0.0,2.0,2.0,1
V0454,E-Bike,91,47,2.0,118500.0,59250.0,39.5,2.0,0.0,0.0,0.0,2.0,2.0,1
V0455,E-Bike,40,30,4.0,151500.0,37875.0,25.25,2.0,1.0,0.0,0.0,4.0,4.0,0
V0456,E-Bike,60,42,0.0,0.0,0.0,0.0,0.0,0.0,0.0,0.0,0.0,0.0,1
V0457,E-Bike,58,56,4.0,118500.0,29625.0,19.75,0.0,1.0,0.0,0.0,3.0,3.0,1
V0458,E-Bike,100,67,3.0,108000.0,36000.0,24.0,2.0,1.0,0.0,0.0,3.0,3.0,1
V0459,E-Bike,98,46,3.0,136500.0,45500.0,30.333333333333332,1.0,2.0,0.0,0.0,2.0,3.0,1
V0460,E-Bike,63,66,1.0,18000.0,18000.0,12.0,1.0,0.0,0.0,0.0,1.0,1.0,1
V0461,E-Bike,83,78,0.0,0.0,0.0,0.0,0.0,0.0,0.0,0.0,0.0,0.0,1
V0462,E-Bike,27,82,5.0,138000.0,27600.0,18.4,3.0,2.0,2.0,2.0,3.0,5.0,1
V0463,E-Bike,59,54,4.0,124500.0,31125.0,20.75,2.0,2.0,0.0,0.0,2.0,2.0,1
V0464,E-Bike,38,59,4.0,187500.0,46875.0,31.25,4.0,2.0,3.0,3.0,4.0,3.0,1
V0465,E-Bike,78,89,7.0,256500.0,36642.857142857145,24.428571428571427,5.0,0.0,1.0,1.0,5.0,4.0,1
V0466,E-Bike,32,50,5.0,181500.0,36300.0,24.2,2.0,2.0,0.0,0.0,3.0,3.0,1
V0467,E-Bike,71,71,4.0,120000.0,30000.0,20.0,3.0,2.0,0.0,0.0,4.0,3.0,1
V0468,E-Bike,24,84,1.0,45000.0,45000.0,30.0,1.0,0.0,0.0,0.0,1.0,1.0,1
V0469,E-Bike,61,68,5.0,208500.0,41700.0,27.8,1.0,0.0,2.0,1.0,4.0,4.0,1
V0470,E-Bike,65,90,2.0,96000.0,48000.0,32.0,1.0,2.0,0.0,0.0,2.0,2.0,1
V0471,E-Bike,66,66,1.0,7500.0,7500.0,5.0,0.0,1.0,0.0,0.0,1.0,1.0,1
V0472,E-Bike,50,47,7.0,348000.0,49714.28571428572,33.142857142857146,2.0,1.0,2.0,2.0,5.0,5.0,1
V0473,E-Bike,43,57,4.0,115500.0,28875.0,19.25,1.0,1.0,0.0,0.0,3.0,3.0,1
V0474,E-Bike,36,68,4.0,160500.0,40125.0,26.75,1.0,1.0,1.0,1.0,3.0,3.0,1
V0475,E-Bike,60,51,1.0,60000.0,60000.0,40.0,1.0,0.0,0.0,0.0,1.0,1.0,1
V0476,E-Bike,33,66,2.0,82500.0,41250.0,27.5,0.0,0.0,1.0,1.0,2.0,1.0,1
V0477,E-Bike,54,62,1.0,58500.0,58500.0,39.0,1.0,0.0,0.0,0.0,1.0,1.0,1
V0478,E-Bike,57,51,8.0,229500.0,28687.5,19.125,7.0,2.0,3.0,1.0,4.0,6.0,1
V0479,E-Bike,47,40,3.0,124500.0,41500.0,27.666666666666668,0.0,1.0,0.0,0.0,2.0,2.0,1
V0480,E-Bike,15,38,5.0,223500.0,44700.0,29.8,2.0,0.0,3.0,1.0,3.0,4.0,1
V0481,E-Bike,93,54,4.0,120000.0,30000.0,20.0,2.0,0.0,1.0,1.0,3.0,3.0,1
V0482,E-Bike,53,57,5.0,184500.0,36900.0,24.6,2.0,1.0,2.0,1.0,4.0,3.0,1
V0483,E-Bike,37,65,3.0,103500.0,34500.0,23.0,1.0,0.0,1.0,1.0,3.0,2.0,1
V0484,E-Bike,68,72,2.0,79500.0,39750.0,26.5,1.0,0.0,0.0,0.0,2.0,2.0,1
V0485,E-Bike,43,79,4.0,132000.0,33000.0,22.0,1.0,1.0,2.0,2.0,4.0,4.0,1
V0486,E-Bike,57,37,5.0,252000.0,50400.0,33.6,4.0,0.0,0.0,0.0,5.0,5.0,1
V0487,E-Bike,24,71,0.0,0.0,0.0,0.0,0.0,0.0,0.0,0.0,0.0,0.0,1
V0488,E-Bike,26,88,4.0,165000.0,41250.0,27.5,1.0,0.0,0.0,0.0,3.0,3.0,1
V0489,E-Bike,11,31,0.0,0.0,0.0,0.0,0.0,0.0,0.0,0.0,0.0,0.0,1
V0490,E-Bike,68,52,2.0,75000.0,37500.0,25.0,2.0,1.0,0.0,0.0,2.0,1.0,1
V0491,E-Bike,77,54,2.0,25500.0,12750.0,8.5,1.0,1.0,0.0,0.0,2.0,2.0,1
V0492,E-Bike,87,42,2.0,84000.0,42000.0,28.0,2.0,1.0,1.0,1.0,2.0,2.0,1
V0493,E-Bike,59,55,5.0,207000.0,41400.0,27.6,3.0,3.0,0.0,0.0,3.0,4.0,1
V0494,E-Bike,72,46,2.0,70500.0,35250.0,23.5,1.0,0.0,0.0,0.0,2.0,2.0,1
V0495,E-Bike,46,78,3.0,112500.0,37500.0,25.0,3.0,0.0,0.0,0.0,3.0,2.0,1
V0496,E-Bike,97,45,7.0,165000.0,23571.428571428572,15.714285714285714,0.0,2.0,1.0,0.0,5.0,5.0,1
V0497,E-Bike,10,59,1.0,49500.0,49500.0,33.0,1.0,0.0,0.0,0.0,1.0,1.0,1
V0498,E-Bike,60,87,7.0,330000.0,47142.857142857145,31.428571428571427,5.0,4.0,0.0,0.0,6.0,5.0,1
V0499,E-Bike,21,87,3.0,52500.0,17500.0,11.666666666666666,1.0,2.0,0.0,0.0,3.0,3.0,1
V0500,E-Bike,61,90,2.0,34500.0,17250.0,11.5,1.0,1.0,1.0,1.0,2.0,2.0,1
V0501,E-Bike,26,90,1.0,34500.0,34500.0,23.0,1.0,0.0,1.0,0.0,1.0,1.0,1
V0502,E-Bike,54,89,2.0,73500.0,36750.0,24.5,0.0,1.0,1.0,0.0,2.0,1.0,1
V0503,E-Bike,69,89,2.0,49500.0,24750.0,16.5,1.0,1.0,0.0,0.0,2.0,2.0,1
V0504,E-Bike,20,75,3.0,142500.0,47500.0,31.666666666666668,0.0,1.0,1.0,1.0,2.0,3.0,1
V0505,E-Bike,48,83,4.0,136500.0,34125.0,22.75,2.0,2.0,1.0,0.0,4.0,3.0,1
V0506,E-Bike,66,59,5.0,256500.0,51300.0,34.2,1.0,2.0,1.0,0.0,4.0,4.0,1
V0507,E-Bike,11,61,3.0,150000.0,50000.0,33.333333333333336,1.0,0.0,0.0,0.0,1.0,2.0,1
V0508,E-Bike,35,38,5.0,168000.0,33600.0,22.4,2.0,2.0,0.0,0.0,2.0,4.0,1
V0509,E-Bike,91,32,2.0,115500.0,57750.0,38.5,2.0,1.0,0.0,0.0,2.0,2.0,1
V0510,E-Bike,19,31,4.0,168000.0,42000.0,28.0,1.0,2.0,1.0,0.0,2.0,4.0,1
V0511,E-Bike,32,31,2.0,84000.0,42000.0,28.0,2.0,0.0,2.0,2.0,2.0,2.0,1
V0512,E-Bike,37,63,2.0,25500.0,12750.0,8.5,0.0,1.0,1.0,1.0,2.0,1.0,1
V0513,E-Bike,98,60,1.0,24000.0,24000.0,16.0,1.0,1.0,1.0,1.0,1.0,1.0,1
V0514,E-Bike,25,39,2.0,66000.0,33000.0,22.0,1.0,1.0,0.0,0.0,2.0,2.0,1
V0515,E-Bike,36,56,4.0,196500.0,49125.0,32.75,3.0,2.0,0.0,0.0,4.0,3.0,1
V0516,E-Bike,54,51,2.0,63000.0,31500.0,21.0,1.0,1.0,0.0,0.0,2.0,2.0,1
V0517,E-Bike,47,72,4.0,145500.0,36375.0,24.25,1.0,1.0,1.0,0.0,3.0,4.0,1
V0518,E-Bike,99,79,1.0,55500.0,55500.0,37.0,0.0,0.0,0.0,0.0,1.0,1.0,1
V0519,E-Bike,15,39,2.0,85500.0,42750.0,28.5,0.0,1.0,0.0,0.0,2.0,2.0,1
V0520,E-Bike,75,40,1.0,31500.0,31500.0,21.0,1.0,0.0,0.0,0.0,1.0,1.0,1
V0521,E-Bike,82,37,4.0,118500.0,29625.0,19.75,2.0,3.0,1.0,1.0,3.0,4.0,1
V0522,E-Bike,33,51,4.0,178500.0,44625.0,29.75,3.0,1.0,1.0,0.0,3.0,2.0,1
V0523,E-Bike,31,31,5.0,190500.0,38100.0,25.4,2.0,1.0,2.0,1.0,5.0,5.0,1
V0524,E-Bike,29,90,4.0,195000.0,48750.0,32.5,2.0,2.0,0.0,0.0,4.0,4.0,1
V0525,E-Bike,82,72,3.0,154500.0,51500.0,34.333333333333336,2.0,2.0,0.0,0.0,3.0,3.0,1
V0526,E-Bike,74,72,2.0,45000.0,22500.0,15.0,0.0,0.0,0.0,0.0,1.0,2.0,1
V0527,E-Bike,48,63,3.0,132000.0,44000.0,29.333333333333332,2.0,0.0,0.0,0.0,3.0,2.0,1
V0528,E-Bike,94,81,5.0,198000.0,39600.0,26.4,3.0,1.0,1.0,0.0,4.0,4.0,1
V0529,E-Bike,77,61,5.0,214500.0,42900.0,28.6,2.0,1.0,1.0,0.0,4.0,3.0,1
V0530,E-Bike,79,65,7.0,243000.0,34714.28571428572,23.142857142857142,4.0,4.0,2.0,1.0,4.0,5.0,1
V0531,E-Bike,14,30,4.0,133500.0,33375.0,22.25,2.0,2.0,0.0,0.0,4.0,3.0,1
V0532,E-Bike,40,31,3.0,105000.0,35000.0,23.333333333333332,1.0,0.0,0.0,0.0,3.0,3.0,1
V0533,E-Bike,79,66,2.0,85500.0,42750.0,28.5,1.0,1.0,1.0,0.0,2.0,2.0,1
V0534,E-Bike,34,82,2.0,63000.0,31500.0,21.0,2.0,0.0,1.0,1.0,2.0,2.0,1
V0535,E-Bike,83,48,6.0,202500.0,33750.0,22.5,5.0,1.0,1.0,0.0,5.0,3.0,1
V0536,E-Bike,52,85,3.0,132000.0,44000.0,29.333333333333332,1.0,0.0,0.0,0.0,3.0,3.0,1
V0537,E-Bike,40,42,1.0,52500.0,52500.0,35.0,0.0,1.0,0.0,0.0,1.0,1.0,1
V0538,E-Bike,48,69,2.0,46500.0,23250.0,15.5,1.0,1.0,0.0,0.0,2.0,2.0,1
V0539,E-Bike,38,78,8.0,373500.0,46687.5,31.125,4.0,4.0,1.0,0.0,5.0,4.0,1
V0540,E-Bike,18,80,2.0,84000.0,42000.0,28.0,1.0,1.0,0.0,0.0,1.0,2.0,1
V0541,E-Bike,17,85,2.0,75000.0,37500.0,25.0,0.0,0.0,1.0,1.0,2.0,2.0,1
V0542,E-Bike,98,71,6.0,225000.0,37500.0,25.0,4.0,2.0,1.0,1.0,4.0,5.0,1
V0543,E-Bike,92,87,5.0,184500.0,36900.0,24.6,3.0,0.0,0.0,0.0,3.0,4.0,1
V0544,E-Bike,80,70,4.0,178500.0,44625.0,29.75,1.0,0.0,0.0,0.0,4.0,3.0,1
V0545,E-Bike,60,72,3.0,70500.0,23500.0,15.666666666666666,1.0,2.0,1.0,0.0,2.0,2.0,1
V0546,E-Bike,86,69,0.0,0.0,0.0,0.0,0.0,0.0,0.0,0.0,0.0,0.0,1
V0547,E-Bike,92,38,0.0,0.0,0.0,0.0,0.0,0.0,0.0,0.0,0.0,0.0,1
V0548,E-Bike,26,87,4.0,160500.0,40125.0,26.75,1.0,3.0,0.0,0.0,4.0,4.0,1
V0549,E-Bike,17,64,3.0,93000.0,31000.0,20.666666666666668,1.0,1.0,0.0,0.0,3.0,3.0,1
V0550,E-Bike,83,40,4.0,142500.0,35625.0,23.75,3.0,2.0,0.0,0.0,4.0,4.0,1
V0551,E-Bike,56,80,3.0,109500.0,36500.0,24.333333333333332,1.0,1.0,0.0,0.0,2.0,2.0,1
V0552,E-Bike,54,42,6.0,318000.0,53000.0,35.333333333333336,1.0,2.0,0.0,0.0,5.0,4.0,1
V0553,E-Bike,94,34,4.0,139500.0,34875.0,23.25,2.0,0.0,1.0,0.0,3.0,2.0,1
V0554,E-Bike,13,71,3.0,139500.0,46500.0,31.0,1.0,0.0,1.0,1.0,2.0,3.0,1
V0555,E-Bike,53,75,5.0,243000.0,48600.0,32.4,2.0,0.0,1.0,1.0,4.0,4.0,1
V0556,E-Bike,54,41,2.0,36000.0,18000.0,12.0,0.0,0.0,0.0,0.0,2.0,1.0,1
V0557,E-Bike,23,81,5.0,184500.0,36900.0,24.6,4.0,2.0,2.0,0.0,4.0,4.0,1
V0558,E-Bike,29,50,1.0,48000.0,48000.0,32.0,0.0,0.0,0.0,0.0,1.0,1.0,1
V0559,E-Bike,17,77,3.0,97500.0,32500.0,21.666666666666668,2.0,1.0,1.0,1.0,3.0,3.0,1
V0560,E-Bike,13,41,3.0,111000.0,37000.0,24.666666666666668,1.0,1.0,0.0,0.0,3.0,3.0,1
V0561,E-Bike,50,78,7.0,253500.0,36214.28571428572,24.142857142857142,5.0,1.0,0.0,0.0,5.0,6.0,1
V0562,E-Bike,64,47,1.0,22500.0,22500.0,15.0,0.0,1.0,0.0,0.0,1.0,1.0,1
V0563,E-Bike,81,68,7.0,300000.0,42857.142857142855,28.571428571428573,3.0,1.0,0.0,0.0,5.0,5.0,1
V0564,E-Bike,57,35,5.0,216000.0,43200.0,28.8,1.0,1.0,1.0,1.0,5.0,5.0,1
V0565,E-Bike,82,51,4.0,124500.0,31125.0,20.75,1.0,3.0,1.0,1.0,3.0,4.0,1
V0566,E-Bike,59,74,6.0,243000.0,40500.0,27.0,3.0,1.0,0.0,0.0,5.0,5.0,1
V0567,E-Bike,75,60,2.0,117000.0,58500.0,39.0,1.0,2.0,1.0,0.0,2.0,1.0,1
V0568,E-Bike,86,61,3.0,97500.0,32500.0,21.666666666666668,2.0,0.0,1.0,1.0,3.0,2.0,1
V0569,E-Bike,35,39,4.0,78000.0,19500.0,13.0,1.0,2.0,1.0,0.0,3.0,4.0,1
V0570,E-Bike,11,67,3.0,115500.0,38500.0,25.666666666666668,3.0,1.0,0.0,0.0,3.0,3.0,1
V0571,E-Bike,48,76,1.0,40500.0,40500.0,27.0,0.0,0.0,0.0,0.0,1.0,1.0,1
V0572,E-Bike,15,86,3.0,151500.0,50500.0,33.666666666666664,1.0,0.0,1.0,1.0,3.0,3.0,1
V0573,E-Bike,26,31,1.0,64500.0,64500.0,43.0,0.0,0.0,1.0,0.0,1.0,1.0,1
V0574,E-Bike,56,84,3.0,115500.0,38500.0,25.666666666666668,2.0,2.0,0.0,0.0,2.0,2.0,1
V0575,E-Bike,26,61,3.0,94500.0,31500.0,21.0,0.0,0.0,2.0,0.0,3.0,2.0,1
V0576,E-Bike,20,65,2.0,85500.0,42750.0,28.5,1.0,0.0,0.0,0.0,2.0,2.0,1
V0577,E-Bike,84,54,3.0,81000.0,27000.0,18.0,3.0,1.0,0.0,0.0,3.0,3.0,1
V0578,E-Bike,61,87,3.0,105000.0,35000.0,23.333333333333332,0.0,1.0,1.0,0.0,2.0,3.0,1
V0579,E-Bike,27,46,8.0,301500.0,37687.5,25.125,2.0,2.0,1.0,0.0,5.0,5.0,1
V0580,E-Bike,38,88,4.0,180000.0,45000.0,30.0,3.0,0.0,0.0,0.0,3.0,2.0,1
V0581,E-Bike,52,73,2.0,114000.0,57000.0,38.0,2.0,1.0,0.0,0.0,2.0,2.0,1
V0582,E-Bike,73,49,2.0,96000.0,48000.0,32.0,1.0,0.0,0.0,0.0,2.0,2.0,1
V0583,E-Bike,54,67,3.0,150000.0,50000.0,33.333333333333336,2.0,1.0,0.0,0.0,2.0,3.0,1
V0584,E-Bike,12,57,6.0,247500.0,41250.0,27.5,3.0,4.0,2.0,0.0,3.0,4.0,1
V0585,E-Bike,63,82,3.0,76500.0,25500.0,17.0,1.0,1.0,1.0,1.0,3.0,3.0,1
V0586,E-Bike,42,47,2.0,75000.0,37500.0,25.0,1.0,1.0,0.0,0.0,1.0,2.0,1
V0587,E-Bike,67,51,3.0,93000.0,31000.0,20.666666666666668,2.0,2.0,0.0,0.0,3.0,3.0,1
V0588,E-Bike,54,89,1.0,67500.0,67500.0,45.0,0.0,0.0,0.0,0.0,1.0,1.0,1
V0589,E-Bike,65,90,5.0,141000.0,28200.0,18.8,4.0,1.0,0.0,0.0,3.0,4.0,1
V0590,E-Bike,18,72,2.0,109500.0,54750.0,36.5,1.0,1.0,1.0,1.0,2.0,2.0,1
V0591,E-Bike,95,30,2.0,57000.0,28500.0,19.0,2.0,0.0,0.0,0.0,2.0,2.0,0
V0592,E-Bike,25,78,2.0,28500.0,14250.0,9.5,1.0,0.0,1.0,0.0,2.0,2.0,1
V0593,E-Bike,94,31,1.0,25500.0,25500.0,17.0,1.0,0.0,0.0,0.0,1.0,1.0,1
V0594,E-Bike,37,32,4.0,175500.0,43875.0,29.25,1.0,1.0,1.0,0.0,3.0,3.0,1
V0595,E-Bike,24,55,4.0,100500.0,25125.0,16.75,1.0,2.0,1.0,1.0,3.0,4.0,1
V0596,E-Bike,93,58,2.0,88500.0,44250.0,29.5,1.0,0.0,1.0,1.0,2.0,2.0,1
V0597,E-Bike,78,89,1.0,40500.0,40500.0,27.0,1.0,1.0,0.0,0.0,1.0,1.0,1
V0598,E-Bike,94,50,3.0,100500.0,33500.0,22.333333333333332,3.0,1.0,0.0,0.0,3.0,3.0,1
V0599,E-Bike,71,56,2.0,114000.0,57000.0,38.0,1.0,0.0,0.0,0.0,2.0,2.0,1
V0600,E-Bike,73,33,3.0,108000.0,36000.0,24.0,1.0,2.0,0.0,0.0,3.0,3.0,1
V0601,E-Bike,47,82,3.0,139500.0,46500.0,31.0,2.0,2.0,0.0,0.0,3.0,1.0,1
V0602,E-Bike,53,51,3.0,88500.0,29500.0,19.666666666666668,3.0,0.0,1.0,1.0,3.0,3.0,1
V0603,E-Bike,97,72,4.0,169500.0,42375.0,28.25,1.0,1.0,1.0,0.0,4.0,4.0,1
V0604,E-Bike,35,32,4.0,160500.0,40125.0,26.75,2.0,2.0,0.0,0.0,4.0,3.0,1
V0605,E-Bike,98,62,2.0,94500.0,47250.0,31.5,2.0,0.0,2.0,1.0,2.0,2.0,1
V0606,E-Bike,60,66,1.0,57000.0,57000.0,38.0,0.0,1.0,1.0,1.0,1.0,1.0,1
V0607,E-Bike,85,56,1.0,30000.0,30000.0,20.0,0.0,0.0,0.0,0.0,1.0,1.0,1
V0608,E-Bike,62,89,5.0,183000.0,36600.0,24.4,3.0,2.0,1.0,1.0,3.0,3.0,1
V0609,E-Bike,97,60,3.0,111000.0,37000.0,24.666666666666668,3.0,0.0,0.0,0.0,1.0,3.0,1
V0610,E-Bike,74,64,3.0,93000.0,31000.0,20.666666666666668,0.0,0.0,0.0,0.0,3.0,3.0,1
V0611,E-Bike,72,82,3.0,132000.0,44000.0,29.333333333333332,1.0,0.0,0.0,0.0,3.0,3.0,1
V0612,E-Bike,71,88,5.0,120000.0,24000.0,16.0,3.0,3.0,1.0,1.0,4.0,4.0,1
V0613,E-Bike,25,90,2.0,43500.0,21750.0,14.5,1.0,0.0,0.0,0.0,2.0,2.0,1
V0614,E-Bike,45,38,6.0,153000.0,25500.0,17.0,2.0,2.0,2.0,0.0,5.0,5.0,1
V0615,E-Bike,82,38,3.0,120000.0,40000.0,26.666666666666668,2.0,0.0,1.0,1.0,3.0,3.0,1
V0616,E-Bike,100,43,2.0,121500.0,60750.0,40.5,0.0,1.0,1.0,1.0,2.0,2.0,1
V0617,E-Bike,58,69,7.0,273000.0,39000.0,26.0,3.0,3.0,2.0,1.0,5.0,5.0,1
V0618,E-Bike,65,55,3.0,108000.0,36000.0,24.0,3.0,0.0,1.0,0.0,2.0,3.0,1
V0619,E-Bike,11,57,4.0,133500.0,33375.0,22.25,2.0,1.0,2.0,2.0,3.0,4.0,1
V0620,E-Bike,21,80,2.0,76500.0,38250.0,25.5,0.0,0.0,1.0,1.0,2.0,2.0,1
V0621,E-Bike,98,85,4.0,154500.0,38625.0,25.75,0.0,0.0,2.0,2.0,4.0,3.0,1
V0622,E-Bike,23,86,2.0,37500.0,18750.0,12.5,0.0,1.0,0.0,0.0,2.0,1.0,1
V0623,E-Bike,92,43,4.0,127500.0,31875.0,21.25,3.0,1.0,2.0,2.0,2.0,3.0,1
V0624,E-Bike,39,62,3.0,166500.0,55500.0,37.0,2.0,1.0,0.0,0.0,3.0,3.0,1
V0625,E-Bike,76,57,4.0,139500.0,34875.0,23.25,2.0,0.0,1.0,0.0,3.0,2.0,1
V0626,E-Bike,84,38,2.0,43500.0,21750.0,14.5,1.0,1.0,0.0,0.0,2.0,2.0,1
V0627,E-Bike,13,62,5.0,183000.0,36600.0,24.4,3.0,2.0,1.0,0.0,4.0,4.0,1
V0628,E-Bike,29,89,2.0,57000.0,28500.0,19.0,2.0,1.0,0.0,0.0,2.0,1.0,1
V0629,E-Bike,88,85,5.0,115500.0,23100.0,15.4,2.0,2.0,2.0,0.0,4.0,4.0,1
V0630,E-Bike,46,51,2.0,25500.0,12750.0,8.5,1.0,0.0,1.0,1.0,2.0,2.0,1
V0631,E-Bike,39,61,4.0,181500.0,45375.0,30.25,3.0,0.0,0.0,0.0,3.0,2.0,1
V0632,E-Bike,75,50,6.0,204000.0,34000.0,22.666666666666668,1.0,0.0,2.0,1.0,4.0,5.0,1
V0633,E-Bike,56,46,3.0,142500.0,47500.0,31.666666666666668,3.0,2.0,0.0,0.0,2.0,3.0,1
V0634,E-Bike,26,75,1.0,24000.0,24000.0,16.0,0.0,0.0,1.0,0.0,1.0,1.0,1
V0635,E-Bike,52,35,2.0,63000.0,31500.0,21.0,1.0,1.0,2.0,0.0,2.0,2.0,1
V0636,E-Bike,76,85,4.0,99000.0,24750.0,16.5,4.0,1.0,0.0,0.0,3.0,3.0,1
V0637,E-Bike,53,83,5.0,166500.0,33300.0,22.2,2.0,1.0,1.0,1.0,5.0,4.0,1
V0638,E-Bike,28,64,3.0,108000.0,36000.0,24.0,0.0,2.0,0.0,0.0,3.0,2.0,1
V0639,E-Bike,17,80,3.0,79500.0,26500.0,17.666666666666668,3.0,0.0,0.0,0.0,3.0,3.0,1
V0640,E-Bike,54,35,3.0,120000.0,40000.0,26.666666666666668,2.0,0.0,0.0,0.0,3.0,3.0,1
V0641,E-Bike,95,41,2.0,66000.0,33000.0,22.0,0.0,1.0,1.0,1.0,2.0,2.0,1
V0642,E-Bike,26,87,2.0,69000.0,34500.0,23.0,0.0,2.0,1.0,1.0,2.0,2.0,1
V0643,E-Bike,13,43,5.0,247500.0,49500.0,33.0,4.0,1.0,1.0,1.0,4.0,4.0,1
V0644,E-Bike,47,43,0.0,0.0,0.0,0.0,0.0,0.0,0.0,0.0,0.0,0.0,1
V0645,E-Bike,63,60,3.0,124500.0,41500.0,27.666666666666668,2.0,1.0,0.0,0.0,2.0,3.0,1
V0646,E-Bike,19,37,3.0,132000.0,44000.0,29.333333333333332,2.0,1.0,1.0,0.0,2.0,2.0,1
V0647,E-Bike,42,64,3.0,129000.0,43000.0,28.666666666666668,2.0,1.0,1.0,1.0,2.0,2.0,1
V0648,E-Bike,53,75,2.0,28500.0,14250.0,9.5,2.0,0.0,1.0,0.0,2.0,1.0,1
V0649,E-Bike,32,39,7.0,339000.0,48428.57142857143,32.285714285714285,6.0,2.0,2.0,0.0,5.0,6.0,1
V0650,E-Bike,30,88,5.0,220500.0,44100.0,29.4,3.0,2.0,1.0,1.0,4.0,5.0,1
V0651,E-Bike,77,72,2.0,43500.0,21750.0,14.5,0.0,1.0,0.0,0.0,2.0,2.0,1
V0652,E-Bike,19,67,1.0,18000.0,18000.0,12.0,1.0,1.0,1.0,0.0,1.0,1.0,1
V0653,E-Bike,39,84,5.0,213000.0,42600.0,28.4,1.0,1.0,0.0,0.0,3.0,4.0,1
V0654,E-Bike,93,66,2.0,79500.0,39750.0,26.5,1.0,0.0,0.0,0.0,2.0,2.0,1
V0655,E-Bike,89,79,2.0,27000.0,13500.0,9.0,0.0,0.0,0.0,0.0,2.0,2.0,1
V0656,E-Bike,84,73,6.0,211500.0,35250.0,23.5,3.0,3.0,4.0,2.0,3.0,6.0,1
V0657,E-Bike,42,57,2.0,100500.0,50250.0,33.5,1.0,1.0,1.0,0.0,2.0,2.0,1
V0658,E-Bike,24,60,4.0,126000.0,31500.0,21.0,2.0,0.0,0.0,0.0,3.0,3.0,1
V0659,E-Bike,55,55,5.0,147000.0,29400.0,19.6,2.0,2.0,1.0,0.0,4.0,4.0,1
V0660,E-Bike,74,51,3.0,99000.0,33000.0,22.0,1.0,1.0,0.0,0.0,1.0,3.0,1
V0661,E-Bike,27,46,2.0,99000.0,49500.0,33.0,2.0,1.0,0.0,0.0,2.0,2.0,1
V0662,E-Bike,98,61,5.0,171000.0,34200.0,22.8,3.0,0.0,1.0,0.0,4.0,3.0,1
V0663,E-Bike,93,90,3.0,178500.0,59500.0,39.666666666666664,2.0,1.0,0.0,0.0,3.0,3.0,1
V0664,E-Bike,22,38,3.0,36000.0,12000.0,8.0,0.0,2.0,0.0,0.0,3.0,3.0,1
V0665,E-Bike,88,35,2.0,90000.0,45000.0,30.0,1.0,0.0,0.0,0.0,2.0,2.0,1
V0666,E-Bike,79,61,5.0,237000.0,47400.0,31.6,1.0,2.0,1.0,1.0,4.0,4.0,1
V0667,E-Bike,96,72,1.0,48000.0,48000.0,32.0,1.0,1.0,1.0,0.0,1.0,1.0,1
V0668,E-Bike,60,43,6.0,229500.0,38250.0,25.5,5.0,3.0,0.0,0.0,5.0,5.0,1
V0669,E-Bike,45,55,1.0,19500.0,19500.0,13.0,0.0,0.0,1.0,1.0,1.0,1.0,1
V0670,E-Bike,94,45,3.0,135000.0,45000.0,30.0,0.0,1.0,0.0,0.0,3.0,2.0,1
V0671,E-Bike,31,56,3.0,121500.0,40500.0,27.0,1.0,1.0,0.0,0.0,2.0,3.0,1
V0672,E-Bike,15,37,1.0,66000.0,66000.0,44.0,0.0,1.0,0.0,0.0,1.0,1.0,1
V0673,E-Bike,21,74,3.0,151500.0,50500.0,33.666666666666664,2.0,2.0,0.0,0.0,3.0,2.0,1
V0674,E-Bike,55,87,3.0,136500.0,45500.0,30.333333333333332,1.0,1.0,1.0,0.0,3.0,3.0,1
V0675,E-Bike,76,62,7.0,234000.0,33428.57142857143,22.285714285714285,2.0,2.0,1.0,1.0,3.0,5.0,1
V0676,E-Bike,14,74,2.0,94500.0,47250.0,31.5,2.0,0.0,0.0,0.0,1.0,2.0,1
V0677,E-Bike,12,34,6.0,229500.0,38250.0,25.5,2.0,0.0,1.0,1.0,4.0,4.0,1
V0678,E-Bike,70,48,2.0,75000.0,37500.0,25.0,1.0,0.0,0.0,0.0,2.0,1.0,1
V0679,E-Bike,45,50,6.0,186000.0,31000.0,20.666666666666668,2.0,0.0,1.0,0.0,5.0,4.0,1
V0680,E-Bike,58,38,4.0,159000.0,39750.0,26.5,0.0,0.0,1.0,1.0,4.0,3.0,1
V0681,E-Bike,83,59,5.0,226500.0,45300.0,30.2,3.0,2.0,1.0,0.0,4.0,4.0,1
V0682,E-Bike,14,74,3.0,54000.0,18000.0,12.0,1.0,1.0,1.0,0.0,3.0,3.0,1
V0683,E-Bike,47,35,2.0,90000.0,45000.0,30.0,0.0,0.0,0.0,0.0,2.0,2.0,1
V0684,E-Bike,24,55,2.0,111000.0,55500.0,37.0,2.0,0.0,1.0,0.0,2.0,2.0,1
V0685,E-Bike,90,38,2.0,82500.0,41250.0,27.5,0.0,0.0,0.0,0.0,2.0,2.0,1
V0686,E-Bike,29,46,4.0,85500.0,21375.0,14.25,0.0,3.0,0.0,0.0,3.0,4.0,1
V0687,E-Bike,45,57,1.0,36000.0,36000.0,24.0,1.0,0.0,0.0,0.0,1.0,1.0,1
V0688,E-Bike,63,61,0.0,0.0,0.0,0.0,0.0,0.0,0.0,0.0,0.0,0.0,1
V0689,E-Bike,79,71,2.0,93000.0,46500.0,31.0,1.0,2.0,0.0,0.0,1.0,2.0,1
V0690,E-Bike,69,88,4.0,190500.0,47625.0,31.75,2.0,0.0,1.0,1.0,4.0,3.0,1
V0691,E-Bike,79,77,3.0,138000.0,46000.0,30.666666666666668,0.0,0.0,1.0,0.0,3.0,3.0,1
V0692,E-Bike,55,78,3.0,123000.0,41000.0,27.333333333333332,2.0,1.0,1.0,1.0,3.0,2.0,1
V0693,E-Bike,13,38,3.0,130500.0,43500.0,29.0,1.0,0.0,0.0,0.0,3.0,3.0,1
V0694,E-Bike,48,44,4.0,127500.0,31875.0,21.25,2.0,2.0,0.0,0.0,4.0,4.0,1
V0695,E-Bike,18,43,8.0,345000.0,43125.0,28.75,4.0,4.0,1.0,1.0,5.0,6.0,1
V0696,E-Bike,10,44,3.0,115500.0,38500.0,25.666666666666668,3.0,0.0,1.0,1.0,3.0,2.0,1
V0697,E-Bike,34,90,6.0,292500.0,48750.0,32.5,3.0,1.0,0.0,0.0,4.0,5.0,1
V0698,E-Bike,61,51,1.0,40500.0,40500.0,27.0,0.0,0.0,0.0,0.0,1.0,1.0,1
V0699,E-Bike,33,73,1.0,61500.0,61500.0,41.0,0.0,0.0,0.0,0.0,1.0,1.0,1
V0700,E-Bike,91,46,4.0,130500.0,32625.0,21.75,2.0,2.0,0.0,0.0,3.0,3.0,1
V0701,E-Bike,94,71,1.0,33000.0,33000.0,22.0,1.0,1.0,0.0,0.0,1.0,1.0,1
V0702,E-Bike,24,44,5.0,151500.0,30300.0,20.2,1.0,1.0,1.0,0.0,2.0,5.0,1
V0703,E-Bike,53,53,1.0,33000.0,33000.0,22.0,1.0,0.0,1.0,1.0,1.0,1.0,1
V0704,E-Bike,84,41,2.0,43500.0,21750.0,14.5,1.0,1.0,0.0,0.0,2.0,2.0,1
V0705,E-Bike,59,57,1.0,57000.0,57000.0,38.0,0.0,1.0,0.0,0.0,1.0,1.0,1
V0706,E-Bike,22,33,2.0,69000.0,34500.0,23.0,2.0,0.0,0.0,0.0,1.0,2.0,1
V0707,E-Bike,40,62,4.0,171000.0,42750.0,28.5,4.0,2.0,1.0,0.0,2.0,4.0,1
V0708,E-Bike,45,37,4.0,139500.0,34875.0,23.25,0.0,3.0,2.0,1.0,4.0,3.0,1
V0709,E-Bike,24,64,4.0,180000.0,45000.0,30.0,1.0,2.0,0.0,0.0,4.0,4.0,1
V0710,E-Bike,45,73,2.0,58500.0,29250.0,19.5,1.0,1.0,1.0,1.0,2.0,2.0,1
V0711,E-Bike,24,78,7.0,268500.0,38357.142857142855,25.571428571428573,4.0,1.0,1.0,0.0,6.0,5.0,1
V0712,E-Bike,40,31,3.0,129000.0,43000.0,28.666666666666668,1.0,0.0,2.0,2.0,3.0,3.0,1
V0713,E-Bike,88,85,5.0,234000.0,46800.0,31.2,3.0,0.0,1.0,1.0,3.0,3.0,1
V0714,E-Bike,20,38,1.0,31500.0,31500.0,21.0,1.0,0.0,1.0,1.0,1.0,1.0,1
V0715,E-Bike,71,46,5.0,148500.0,29700.0,19.8,4.0,1.0,1.0,1.0,3.0,4.0,1
V0716,E-Bike,37,65,3.0,106500.0,35500.0,23.666666666666668,1.0,2.0,0.0,0.0,2.0,2.0,1
V0717,E-Bike,27,57,2.0,66000.0,33000.0,22.0,1.0,0.0,0.0,0.0,2.0,2.0,1
V0718,E-Bike,89,40,5.0,159000.0,31800.0,21.2,3.0,2.0,1.0,0.0,4.0,4.0,1
V0719,E-Bike,27,55,2.0,73500.0,36750.0,24.5,1.0,0.0,1.0,0.0,2.0,2.0,1
V0720,E-Bike,35,82,5.0,99000.0,19800.0,13.2,4.0,1.0,3.0,2.0,3.0,4.0,1
V0721,E-Bike,32,70,3.0,147000.0,49000.0,32.666666666666664,1.0,1.0,0.0,0.0,3.0,2.0,1
V0722,E-Bike,72,69,3.0,87000.0,29000.0,19.333333333333332,0.0,1.0,1.0,1.0,2.0,2.0,1
V0723,E-Bike,68,83,3.0,193500.0,64500.0,43.0,2.0,1.0,0.0,0.0,3.0,3.0,1
V0724,E-Bike,65,51,4.0,117000.0,29250.0,19.5,1.0,2.0,2.0,2.0,4.0,4.0,1
V0725,E-Bike,19,45,5.0,171000.0,34200.0,22.8,3.0,3.0,1.0,1.0,4.0,3.0,1
V0726,E-Bike,85,81,0.0,0.0,0.0,0.0,0.0,0.0,0.0,0.0,0.0,0.0,1
V0727,E-Bike,56,56,6.0,172500.0,28750.0,19.166666666666668,3.0,3.0,2.0,0.0,6.0,4.0,1
V0728,E-Bike,23,84,4.0,117000.0,29250.0,19.5,2.0,1.0,1.0,1.0,3.0,4.0,1
V0729,E-Bike,81,78,5.0,178500.0,35700.0,23.8,3.0,0.0,1.0,0.0,3.0,4.0,1
V0730,E-Bike,86,42,3.0,118500.0,39500.0,26.333333333333332,1.0,1.0,0.0,0.0,3.0,2.0,1
V0731,E-Bike,21,56,3.0,118500.0,39500.0,26.333333333333332,1.0,0.0,2.0,2.0,3.0,3.0,1
V0732,E-Bike,26,31,0.0,0.0,0.0,0.0,0.0,0.0,0.0,0.0,0.0,0.0,1
V0733,E-Bike,98,45,4.0,141000.0,35250.0,23.5,2.0,1.0,0.0,0.0,4.0,4.0,1
V0734,E-Bike,24,70,5.0,102000.0,20400.0,13.6,3.0,3.0,0.0,0.0,4.0,2.0,1
V0735,E-Bike,36,71,3.0,115500.0,38500.0,25.666666666666668,1.0,1.0,0.0,0.0,3.0,3.0,1
V0736,E-Bike,88,65,1.0,28500.0,28500.0,19.0,0.0,0.0,1.0,1.0,1.0,1.0,1
V0737,E-Bike,98,43,3.0,91500.0,30500.0,20.333333333333332,1.0,1.0,0.0,0.0,3.0,2.0,1
V0738,E-Bike,66,45,1.0,27000.0,27000.0,18.0,0.0,0.0,0.0,0.0,1.0,1.0,1
V0739,E-Bike,99,48,5.0,172500.0,34500.0,23.0,3.0,1.0,1.0,1.0,4.0,4.0,1
V0740,E-Bike,100,48,3.0,78000.0,26000.0,17.333333333333332,2.0,0.0,2.0,1.0,3.0,2.0,1
V0741,E-Bike,47,89,4.0,195000.0,48750.0,32.5,3.0,1.0,2.0,1.0,4.0,4.0,1
V0742,E-Bike,32,38,6.0,255000.0,42500.0,28.333333333333332,3.0,1.0,4.0,3.0,4.0,4.0,1
V0743,E-Bike,23,47,4.0,177000.0,44250.0,29.5,0.0,1.0,1.0,0.0,4.0,3.0,1
V0744,E-Bike,92,54,3.0,93000.0,31000.0,20.666666666666668,1.0,1.0,0.0,0.0,2.0,2.0,1
V0745,E-Bike,64,88,3.0,96000.0,32000.0,21.333333333333332,2.0,2.0,0.0,0.0,2.0,3.0,1
V0746,E-Bike,99,42,3.0,163500.0,54500.0,36.333333333333336,1.0,0.0,1.0,1.0,3.0,3.0,1
V0747,E-Bike,23,33,2.0,78000.0,39000.0,26.0,1.0,0.0,0.0,0.0,2.0,2.0,1
V0748,E-Bike,92,90,3.0,100500.0,33500.0,22.333333333333332,1.0,0.0,1.0,0.0,3.0,3.0,1
V0749,E-Bike,28,67,3.0,145500.0,48500.0,32.333333333333336,2.0,0.0,0.0,0.0,3.0,2.0,1
V0750,E-Bike,73,90,1.0,55500.0,55500.0,37.0,0.0,0.0,1.0,0.0,1.0,1.0,1
V0751,E-Bike,85,68,3.0,117000.0,39000.0,26.0,2.0,2.0,0.0,0.0,3.0,2.0,1
V0752,E-Bike,74,57,2.0,40500.0,20250.0,13.5,0.0,0.0,1.0,0.0,2.0,2.0,1
V0753,E-Bike,29,62,3.0,106500.0,35500.0,23.666666666666668,2.0,0.0,1.0,1.0,3.0,3.0,1
V0754,E-Bike,36,86,3.0,168000.0,56000.0,37.333333333333336,2.0,2.0,0.0,0.0,2.0,3.0,1
V0755,E-Bike,60,58,2.0,70500.0,35250.0,23.5,1.0,1.0,0.0,0.0,2.0,2.0,1
V0756,E-Bike,77,47,4.0,172500.0,43125.0,28.75,2.0,1.0,2.0,1.0,2.0,4.0,1
V0757,E-Bike,49,80,2.0,76500.0,38250.0,25.5,2.0,0.0,0.0,0.0,1.0,2.0,1
V0758,E-Bike,11,76,4.0,130500.0,32625.0,21.75,1.0,0.0,0.0,0.0,4.0,4.0,1
V0759,E-Bike,34,51,7.0,303000.0,43285.71428571428,28.857142857142858,6.0,3.0,2.0,1.0,4.0,4.0,1
V0760,E-Bike,77,34,5.0,186000.0,37200.0,24.8,2.0,2.0,1.0,0.0,4.0,5.0,1
V0761,E-Bike,79,73,2.0,93000.0,46500.0,31.0,1.0,1.0,1.0,1.0,2.0,2.0,1
V0762,E-Bike,52,51,3.0,70500.0,23500.0,15.666666666666666,2.0,2.0,1.0,0.0,2.0,3.0,1
V0763,E-Bike,80,49,1.0,67500.0,67500.0,45.0,0.0,0.0,1.0,1.0,1.0,1.0,1
V0764,E-Bike,38,85,0.0,0.0,0.0,0.0,0.0,0.0,0.0,0.0,0.0,0.0,1
V0765,E-Bike,66,77,6.0,259500.0,43250.0,28.833333333333332,4.0,1.0,1.0,0.0,4.0,5.0,1
V0766,E-Bike,81,88,1.0,58500.0,58500.0,39.0,0.0,0.0,0.0,0.0,1.0,1.0,1
V0767,E-Bike,78,32,3.0,126000.0,42000.0,28.0,1.0,0.0,1.0,0.0,3.0,3.0,1
V0768,E-Bike,51,74,4.0,175500.0,43875.0,29.25,4.0,0.0,2.0,1.0,3.0,4.0,1
V0769,E-Bike,55,74,3.0,136500.0,45500.0,30.333333333333332,1.0,0.0,0.0,0.0,3.0,2.0,1
V0770,E-Bike,56,45,4.0,187500.0,46875.0,31.25,3.0,2.0,2.0,2.0,3.0,4.0,1
V0771,E-Bike,36,87,1.0,15000.0,15000.0,10.0,1.0,0.0,0.0,0.0,1.0,1.0,1
V0772,E-Bike,11,51,2.0,39000.0,19500.0,13.0,1.0,0.0,0.0,0.0,2.0,2.0,1
V0773,E-Bike,35,85,1.0,48000.0,48000.0,32.0,1.0,0.0,0.0,0.0,1.0,1.0,1
V0774,E-Bike,78,73,4.0,241500.0,60375.0,40.25,2.0,3.0,0.0,0.0,3.0,4.0,1
V0775,E-Bike,25,66,4.0,127500.0,31875.0,21.25,1.0,1.0,1.0,1.0,3.0,3.0,1
V0776,E-Bike,42,46,10.0,450000.0,45000.0,30.0,6.0,4.0,1.0,0.0,5.0,5.0,1
V0777,E-Bike,11,66,2.0,39000.0,19500.0,13.0,1.0,0.0,0.0,0.0,2.0,2.0,1
V0778,E-Bike,27,74,4.0,159000.0,39750.0,26.5,2.0,0.0,1.0,0.0,3.0,3.0,1
V0779,E-Bike,45,55,1.0,9000.0,9000.0,6.0,1.0,0.0,0.0,0.0,1.0,1.0,1
V0780,E-Bike,94,33,1.0,46500.0,46500.0,31.0,1.0,0.0,1.0,0.0,1.0,1.0,1
V0781,E-Bike,20,73,2.0,66000.0,33000.0,22.0,1.0,2.0,0.0,0.0,2.0,2.0,1
V0782,E-Bike,17,60,1.0,43500.0,43500.0,29.0,0.0,0.0,0.0,0.0,1.0,1.0,1
V0783,E-Bike,86,82,4.0,136500.0,34125.0,22.75,3.0,0.0,0.0,0.0,3.0,4.0,1
V0784,E-Bike,11,69,2.0,79500.0,39750.0,26.5,1.0,2.0,1.0,1.0,2.0,2.0,1
V0785,E-Bike,41,42,2.0,27000.0,13500.0,9.0,2.0,1.0,0.0,0.0,2.0,2.0,1
V0786,E-Bike,83,43,2.0,66000.0,33000.0,22.0,0.0,2.0,1.0,0.0,2.0,1.0,1
V0787,E-Bike,19,52,5.0,240000.0,48000.0,32.0,4.0,1.0,1.0,1.0,5.0,4.0,1
V0788,E-Bike,29,58,5.0,199500.0,39900.0,26.6,3.0,0.0,0.0,0.0,4.0,4.0,1
V0789,E-Bike,84,50,6.0,154500.0,25750.0,17.166666666666668,1.0,1.0,1.0,0.0,4.0,5.0,1
V0790,E-Bike,93,65,3.0,133500.0,44500.0,29.666666666666668,1.0,0.0,0.0,0.0,3.0,2.0,1
V0791,E-Bike,18,32,3.0,96000.0,32000.0,21.333333333333332,1.0,1.0,1.0,0.0,3.0,3.0,1
V0792,E-Bike,23,49,3.0,97500.0,32500.0,21.666666666666668,3.0,3.0,1.0,1.0,2.0,3.0,1
V0793,E-Bike,74,32,4.0,120000.0,30000.0,20.0,2.0,1.0,1.0,1.0,4.0,4.0,1
V0794,E-Bike,96,85,1.0,9000.0,9000.0,6.0,0.0,0.0,0.0,0.0,1.0,1.0,1
V0795,E-Bike,43,89,6.0,183000.0,30500.0,20.333333333333332,4.0,0.0,2.0,2.0,5.0,4.0,1
V0796,E-Bike,23,51,1.0,15000.0,15000.0,10.0,0.0,0.0,1.0,0.0,1.0,1.0,1
V0797,E-Bike,57,63,6.0,235500.0,39250.0,26.166666666666668,4.0,0.0,2.0,0.0,5.0,5.0,1
V0798,E-Bike,15,71,3.0,151500.0,50500.0,33.666666666666664,3.0,1.0,1.0,1.0,2.0,3.0,1
V0799,E-Bike,76,71,6.0,267000.0,44500.0,29.666666666666668,4.0,2.0,1.0,0.0,4.0,5.0,1
V0800,E-Bike,66,44,2.0,81000.0,40500.0,27.0,1.0,1.0,0.0,0.0,2.0,2.0,1
V0801,E-Bike,80,57,4.0,139500.0,34875.0,23.25,3.0,1.0,2.0,1.0,2.0,4.0,1
V0802,E-Bike,25,32,3.0,82500.0,27500.0,18.333333333333332,2.0,0.0,1.0,1.0,3.0,3.0,1
V0803,E-Bike,67,69,6.0,246000.0,41000.0,27.333333333333332,2.0,5.0,1.0,0.0,5.0,6.0,1
V0804,E-Bike,12,84,3.0,45000.0,15000.0,10.0,0.0,1.0,1.0,1.0,3.0,2.0,1
V0805,E-Bike,71,71,2.0,102000.0,51000.0,34.0,0.0,1.0,0.0,0.0,2.0,2.0,1
V0806,E-Bike,94,80,2.0,67500.0,33750.0,22.5,1.0,1.0,0.0,0.0,2.0,2.0,1
V0807,E-Bike,62,54,2.0,85500.0,42750.0,28.5,2.0,1.0,0.0,0.0,2.0,2.0,1
V0808,E-Bike,67,65,4.0,111000.0,27750.0,18.5,2.0,0.0,1.0,1.0,2.0,3.0,1
V0809,E-Bike,75,54,1.0,18000.0,18000.0,12.0,1.0,0.0,0.0,0.0,1.0,1.0,1
V0810,E-Bike,33,44,5.0,204000.0,40800.0,27.2,5.0,3.0,0.0,0.0,3.0,5.0,1
V0811,E-Bike,68,86,4.0,144000.0,36000.0,24.0,1.0,2.0,1.0,0.0,2.0,4.0,1
V0812,E-Bike,48,64,1.0,52500.0,52500.0,35.0,1.0,1.0,1.0,0.0,1.0,1.0,1
V0813,E-Bike,46,42,4.0,181500.0,45375.0,30.25,0.0,2.0,0.0,0.0,3.0,3.0,1
V0814,E-Bike,21,75,2.0,96000.0,48000.0,32.0,0.0,1.0,0.0,0.0,2.0,2.0,1
V0815,E-Bike,61,42,6.0,177000.0,29500.0,19.666666666666668,1.0,1.0,1.0,1.0,5.0,4.0,1
V0816,E-Bike,79,39,1.0,49500.0,49500.0,33.0,1.0,1.0,0.0,0.0,1.0,1.0,1
V0817,E-Bike,67,54,2.0,96000.0,48000.0,32.0,0.0,1.0,0.0,0.0,2.0,2.0,1
V0818,E-Bike,32,46,6.0,198000.0,33000.0,22.0,4.0,1.0,2.0,0.0,5.0,3.0,1
V0819,E-Bike,13,43,9.0,313500.0,34833.333333333336,23.22222222222222,3.0,0.0,2.0,1.0,6.0,5.0,1
V0820,E-Bike,54,55,6.0,181500.0,30250.0,20.166666666666668,1.0,2.0,1.0,1.0,4.0,3.0,1
V0821,E-Bike,37,75,3.0,148500.0,49500.0,33.0,2.0,2.0,2.0,1.0,2.0,3.0,1
V0822,E-Bike,34,37,4.0,195000.0,48750.0,32.5,2.0,0.0,2.0,1.0,4.0,3.0,1
V0823,E-Bike,68,68,2.0,55500.0,27750.0,18.5,0.0,0.0,0.0,0.0,2.0,2.0,1
V0824,E-Bike,89,90,4.0,123000.0,30750.0,20.5,2.0,3.0,1.0,1.0,3.0,4.0,1
V0825,E-Bike,82,57,2.0,52500.0,26250.0,17.5,2.0,1.0,0.0,0.0,2.0,1.0,1
V0826,E-Bike,66,55,1.0,52500.0,52500.0,35.0,1.0,0.0,0.0,0.0,1.0,1.0,1
V0827,E-Bike,46,40,2.0,54000.0,27000.0,18.0,0.0,0.0,0.0,0.0,2.0,2.0,1
V0828,E-Bike,98,66,2.0,49500.0,24750.0,16.5,2.0,1.0,0.0,0.0,2.0,2.0,1
V0829,E-Bike,12,63,0.0,0.0,0.0,0.0,0.0,0.0,0.0,0.0,0.0,0.0,1
V0830,E-Bike,93,62,4.0,109500.0,27375.0,18.25,1.0,2.0,1.0,0.0,4.0,4.0,1
V0831,E-Bike,39,34,7.0,237000.0,33857.142857142855,22.571428571428573,2.0,1.0,1.0,1.0,5.0,4.0,1
V0832,E-Bike,11,47,3.0,102000.0,34000.0,22.666666666666668,3.0,0.0,2.0,1.0,3.0,3.0,1
V0833,E-Bike,69,77,7.0,183000.0,26142.85714285714,17.428571428571427,2.0,1.0,3.0,2.0,4.0,3.0,1
V0834,E-Bike,58,86,3.0,100500.0,33500.0,22.333333333333332,1.0,0.0,0.0,0.0,3.0,3.0,1
V0835,E-Bike,36,79,4.0,178500.0,44625.0,29.75,3.0,1.0,2.0,0.0,3.0,3.0,1
V0836,E-Bike,37,35,6.0,240000.0,40000.0,26.666666666666668,4.0,2.0,2.0,1.0,5.0,5.0,1
V0837,E-Bike,82,82,5.0,219000.0,43800.0,29.2,3.0,1.0,2.0,0.0,4.0,4.0,1
V0838,E-Bike,74,31,1.0,13500.0,13500.0,9.0,0.0,0.0,0.0,0.0,1.0,1.0,1
V0839,E-Bike,12,41,0.0,0.0,0.0,0.0,0.0,0.0,0.0,0.0,0.0,0.0,1
V0840,E-Bike,34,67,3.0,102000.0,34000.0,22.666666666666668,1.0,2.0,0.0,0.0,2.0,3.0,1
V0841,E-Bike,51,37,0.0,0.0,0.0,0.0,0.0,0.0,0.0,0.0,0.0,0.0,1
V0842,E-Bike,84,68,1.0,10500.0,10500.0,7.0,1.0,0.0,0.0,0.0,1.0,1.0,1
V0843,E-Bike,94,69,1.0,37500.0,37500.0,25.0,1.0,1.0,0.0,0.0,1.0,1.0,1
V0844,E-Bike,61,33,4.0,190500.0,47625.0,31.75,2.0,0.0,0.0,0.0,3.0,2.0,1
V0845,E-Bike,17,39,3.0,144000.0,48000.0,32.0,2.0,1.0,2.0,1.0,3.0,3.0,1
V0846,E-Bike,21,33,6.0,181500.0,30250.0,20.166666666666668,2.0,2.0,2.0,0.0,6.0,3.0,1
V0847,E-Bike,73,44,1.0,16500.0,16500.0,11.0,0.0,0.0,0.0,0.0,1.0,1.0,1
V0848,E-Bike,36,79,4.0,223500.0,55875.0,37.25,2.0,2.0,1.0,1.0,2.0,3.0,1
V0849,E-Bike,46,49,6.0,204000.0,34000.0,22.666666666666668,1.0,2.0,2.0,1.0,4.0,4.0,1
V0850,E-Bike,97,44,3.0,138000.0,46000.0,30.666666666666668,1.0,0.0,1.0,0.0,3.0,3.0,1
V0851,E-Bike,76,74,2.0,69000.0,34500.0,23.0,2.0,2.0,0.0,0.0,2.0,2.0,1
V0852,E-Bike,53,86,5.0,235500.0,47100.0,31.4,1.0,0.0,1.0,0.0,4.0,4.0,1
V0853,E-Bike,86,88,2.0,79500.0,39750.0,26.5,1.0,0.0,0.0,0.0,1.0,2.0,1
V0854,E-Bike,54,82,2.0,112500.0,56250.0,37.5,1.0,2.0,1.0,0.0,2.0,2.0,1
V0855,E-Bike,29,83,5.0,159000.0,31800.0,21.2,3.0,2.0,1.0,1.0,4.0,5.0,1
V0856,E-Bike,73,54,4.0,193500.0,48375.0,32.25,1.0,0.0,1.0,0.0,3.0,3.0,1
V0857,E-Bike,71,53,2.0,28500.0,14250.0,9.5,2.0,1.0,0.0,0.0,2.0,2.0,1
V0858,E-Bike,14,74,3.0,94500.0,31500.0,21.0,2.0,0.0,1.0,1.0,2.0,3.0,1
V0859,E-Bike,71,53,4.0,81000.0,20250.0,13.5,2.0,3.0,0.0,0.0,4.0,3.0,1
V0860,E-Bike,26,53,2.0,58500.0,29250.0,19.5,1.0,0.0,0.0,0.0,2.0,2.0,1
V0861,E-Bike,79,58,3.0,97500.0,32500.0,21.666666666666668,2.0,0.0,0.0,0.0,2.0,3.0,1
V0862,E-Bike,60,65,1.0,19500.0,19500.0,13.0,0.0,0.0,1.0,0.0,1.0,1.0,1
V0863,E-Bike,31,58,4.0,129000.0,32250.0,21.5,3.0,2.0,1.0,0.0,4.0,3.0,1
V0864,E-Bike,10,47,3.0,94500.0,31500.0,21.0,2.0,0.0,2.0,1.0,3.0,3.0,1
V0865,E-Bike,22,53,8.0,324000.0,40500.0,27.0,2.0,1.0,4.0,2.0,6.0,5.0,1
V0866,E-Bike,64,40,4.0,202500.0,50625.0,33.75,2.0,1.0,1.0,1.0,3.0,4.0,1
V0867,E-Bike,100,51,2.0,82500.0,41250.0,27.5,0.0,0.0,1.0,1.0,2.0,2.0,1
V0868,E-Bike,78,62,3.0,55500.0,18500.0,12.333333333333334,2.0,1.0,0.0,0.0,3.0,3.0,1
V0869,E-Bike,55,82,0.0,0.0,0.0,0.0,0.0,0.0,0.0,0.0,0.0,0.0,1
V0870,E-Bike,18,60,6.0,291000.0,48500.0,32.333333333333336,2.0,1.0,0.0,0.0,5.0,5.0,1
V0871,E-Bike,23,54,2.0,94500.0,47250.0,31.5,2.0,0.0,0.0,0.0,2.0,2.0,1
V0872,E-Bike,89,59,5.0,187500.0,37500.0,25.0,3.0,2.0,0.0,0.0,5.0,4.0,1
V0873,E-Bike,68,86,2.0,27000.0,13500.0,9.0,1.0,1.0,0.0,0.0,2.0,2.0,1
V0874,E-Bike,83,40,2.0,48000.0,24000.0,16.0,1.0,1.0,2.0,0.0,2.0,2.0,1
V0875,E-Bike,67,65,3.0,123000.0,41000.0,27.333333333333332,3.0,1.0,1.0,1.0,3.0,2.0,1
V0876,E-Bike,75,57,3.0,121500.0,40500.0,27.0,1.0,0.0,1.0,0.0,3.0,2.0,1
V0877,E-Bike,44,64,1.0,43500.0,43500.0,29.0,0.0,0.0,0.0,0.0,1.0,1.0,1
V0878,E-Bike,73,44,3.0,139500.0,46500.0,31.0,1.0,0.0,2.0,0.0,3.0,3.0,1
V0879,E-Bike,21,34,2.0,27000.0,13500.0,9.0,0.0,1.0,0.0,0.0,2.0,2.0,1
V0880,E-Bike,57,33,3.0,130500.0,43500.0,29.0,0.0,1.0,1.0,0.0,3.0,3.0,1
V0881,E-Bike,15,62,5.0,195000.0,39000.0,26.0,4.0,2.0,1.0,1.0,3.0,5.0,1
V0882,E-Bike,34,30,1.0,9000.0,9000.0,6.0,0.0,0.0,1.0,0.0,1.0,1.0,0
V0883,E-Bike,63,39,6.0,223500.0,37250.0,24.833333333333332,1.0,2.0,1.0,1.0,5.0,4.0,1
V0884,E-Bike,99,43,3.0,72000.0,24000.0,16.0,2.0,1.0,0.0,0.0,3.0,2.0,1
V0885,E-Bike,96,57,3.0,132000.0,44000.0,29.333333333333332,0.0,0.0,0.0,0.0,3.0,2.0,1
V0886,E-Bike,22,86,4.0,226500.0,56625.0,37.75,1.0,2.0,1.0,0.0,3.0,4.0,1
V0887,E-Bike,41,34,3.0,132000.0,44000.0,29.333333333333332,2.0,0.0,1.0,0.0,2.0,3.0,1
V0888,E-Bike,40,51,3.0,114000.0,38000.0,25.333333333333332,1.0,0.0,0.0,0.0,3.0,2.0,1
V0889,E-Bike,57,36,2.0,90000.0,45000.0,30.0,1.0,1.0,0.0,0.0,2.0,1.0,1
V0890,E-Bike,54,88,3.0,172500.0,57500.0,38.333333333333336,2.0,0.0,1.0,1.0,3.0,2.0,1
V0891,E-Bike,29,70,1.0,31500.0,31500.0,21.0,0.0,0.0,0.0,0.0,1.0,1.0,1
V0892,E-Bike,83,31,3.0,112500.0,37500.0,25.0,1.0,1.0,2.0,0.0,3.0,3.0,1
V0893,E-Bike,83,64,1.0,13500.0,13500.0,9.0,1.0,1.0,0.0,0.0,1.0,1.0,1
V0894,E-Bike,60,83,1.0,22500.0,22500.0,15.0,0.0,0.0,1.0,0.0,1.0,1.0,1
V0895,E-Bike,33,62,0.0,0.0,0.0,0.0,0.0,0.0,0.0,0.0,0.0,0.0,1
V0896,E-Bike,27,70,1.0,67500.0,67500.0,45.0,0.0,0.0,0.0,0.0,1.0,1.0,1
V0897,E-Bike,27,84,5.0,184500.0,36900.0,24.6,3.0,0.0,1.0,0.0,4.0,4.0,1
V0898,E-Bike,95,40,3.0,99000.0,33000.0,22.0,2.0,1.0,2.0,1.0,3.0,3.0,1
V0899,E-Bike,86,78,4.0,204000.0,51000.0,34.0,2.0,2.0,0.0,0.0,3.0,3.0,1
V0900,E-Bike,28,54,2.0,69000.0,34500.0,23.0,0.0,0.0,0.0,0.0,2.0,2.0,1
V0901,E-Bike,23,60,1.0,46500.0,46500.0,31.0,0.0,0.0,0.0,0.0,1.0,1.0,1
V0902,E-Bike,76,68,7.0,289500.0,41357.142857142855,27.571428571428573,3.0,2.0,0.0,0.0,4.0,5.0,1
V0903,E-Bike,11,64,5.0,208500.0,41700.0,27.8,3.0,1.0,0.0,0.0,3.0,4.0,1
V0904,E-Bike,30,65,5.0,250500.0,50100.0,33.4,2.0,3.0,0.0,0.0,4.0,4.0,1
V0905,E-Bike,98,63,2.0,64500.0,32250.0,21.5,2.0,1.0,0.0,0.0,2.0,2.0,1
V0906,E-Bike,38,59,4.0,148500.0,37125.0,24.75,2.0,1.0,2.0,0.0,4.0,3.0,1
V0907,E-Bike,26,83,4.0,111000.0,27750.0,18.5,3.0,1.0,1.0,0.0,3.0,3.0,1
V0908,E-Bike,52,69,4.0,75000.0,18750.0,12.5,2.0,0.0,2.0,1.0,4.0,3.0,1
V0909,E-Bike,100,32,4.0,196500.0,49125.0,32.75,2.0,2.0,0.0,0.0,3.0,3.0,1
V0910,E-Bike,22,79,3.0,106500.0,35500.0,23.666666666666668,1.0,1.0,0.0,0.0,3.0,2.0,1
V0911,E-Bike,81,31,5.0,228000.0,45600.0,30.4,2.0,2.0,3.0,3.0,3.0,4.0,1
V0912,E-Bike,79,51,2.0,46500.0,23250.0,15.5,1.0,1.0,1.0,0.0,2.0,1.0,1
V0913,E-Bike,46,58,3.0,133500.0,44500.0,29.666666666666668,2.0,1.0,1.0,1.0,3.0,3.0,1
V0914,E-Bike,12,66,4.0,139500.0,34875.0,23.25,2.0,1.0,0.0,0.0,3.0,3.0,1
V0915,E-Bike,92,78,5.0,211500.0,42300.0,28.2,1.0,2.0,2.0,1.0,5.0,4.0,1
V0916,E-Bike,63,65,4.0,91500.0,22875.0,15.25,4.0,2.0,1.0,1.0,3.0,4.0,1
V0917,E-Bike,75,50,3.0,81000.0,27000.0,18.0,2.0,1.0,0.0,0.0,2.0,3.0,1
V0918,E-Bike,95,32,3.0,69000.0,23000.0,15.333333333333334,1.0,0.0,0.0,0.0,2.0,3.0,1
V0919,E-Bike,56,32,4.0,120000.0,30000.0,20.0,2.0,3.0,1.0,1.0,4.0,3.0,1
V0920,E-Bike,38,76,1.0,48000.0,48000.0,32.0,0.0,1.0,1.0,0.0,1.0,1.0,1
V0921,E-Bike,69,70,1.0,19500.0,19500.0,13.0,1.0,1.0,1.0,1.0,1.0,1.0,1
V0922,E-Bike,36,62,4.0,210000.0,52500.0,35.0,0.0,2.0,0.0,0.0,4.0,3.0,1
V0923,E-Bike,39,51,2.0,67500.0,33750.0,22.5,1.0,1.0,0.0,0.0,2.0,2.0,1
V0924,E-Bike,56,47,4.0,118500.0,29625.0,19.75,3.0,1.0,1.0,0.0,3.0,4.0,1
V0925,E-Bike,89,59,2.0,96000.0,48000.0,32.0,1.0,1.0,0.0,0.0,1.0,2.0,1
V0926,E-Bike,47,45,6.0,205500.0,34250.0,22.833333333333332,3.0,1.0,3.0,2.0,3.0,5.0,1
V0927,E-Bike,13,50,3.0,147000.0,49000.0,32.666666666666664,1.0,1.0,0.0,0.0,3.0,3.0,1
V0928,E-Bike,12,49,7.0,339000.0,48428.57142857143,32.285714285714285,5.0,2.0,1.0,1.0,6.0,5.0,1
V0929,E-Bike,71,54,2.0,51000.0,25500.0,17.0,0.0,0.0,0.0,0.0,2.0,1.0,1
V0930,E-Bike,100,62,2.0,25500.0,12750.0,8.5,1.0,1.0,0.0,0.0,2.0,2.0,1
V0931,E-Bike,90,75,3.0,103500.0,34500.0,23.0,2.0,1.0,2.0,0.0,3.0,3.0,1
V0932,E-Bike,63,58,4.0,121500.0,30375.0,20.25,2.0,2.0,1.0,0.0,3.0,3.0,1
V0933,E-Bike,87,42,4.0,196500.0,49125.0,32.75,0.0,1.0,2.0,1.0,4.0,2.0,1
V0934,E-Bike,10,39,0.0,0.0,0.0,0.0,0.0,0.0,0.0,0.0,0.0,0.0,1
V0935,E-Bike,78,82,4.0,66000.0,16500.0,11.0,1.0,0.0,0.0,0.0,2.0,4.0,1
V0936,E-Bike,27,67,3.0,108000.0,36000.0,24.0,1.0,2.0,1.0,0.0,3.0,3.0,1
V0937,E-Bike,50,57,4.0,163500.0,40875.0,27.25,2.0,0.0,0.0,0.0,3.0,4.0,1
V0938,E-Bike,37,57,1.0,67500.0,67500.0,45.0,1.0,0.0,0.0,0.0,1.0,1.0,1
V0939,E-Bike,70,59,4.0,204000.0,51000.0,34.0,0.0,1.0,2.0,0.0,2.0,3.0,1
V0940,E-Bike,60,54,1.0,19500.0,19500.0,13.0,0.0,0.0,1.0,0.0,1.0,1.0,1
V0941,E-Bike,74,61,3.0,141000.0,47000.0,31.333333333333332,0.0,1.0,1.0,0.0,2.0,3.0,1
V0942,E-Bike,21,50,3.0,66000.0,22000.0,14.666666666666666,1.0,1.0,0.0,0.0,3.0,3.0,1
V0943,E-Bike,81,83,2.0,127500.0,63750.0,42.5,1.0,0.0,0.0,0.0,2.0,2.0,1
V0944,E-Bike,90,73,2.0,106500.0,53250.0,35.5,0.0,0.0,1.0,0.0,2.0,2.0,1
V0945,E-Bike,68,32,2.0,100500.0,50250.0,33.5,0.0,0.0,2.0,1.0,2.0,2.0,1
V0946,E-Bike,23,32,3.0,97500.0,32500.0,21.666666666666668,2.0,0.0,0.0,0.0,2.0,2.0,1
V0947,E-Bike,95,66,2.0,36000.0,18000.0,12.0,1.0,1.0,0.0,0.0,2.0,2.0,1
V0948,E-Bike,40,69,0.0,0.0,0.0,0.0,0.0,0.0,0.0,0.0,0.0,0.0,1
V0949,E-Bike,35,40,7.0,273000.0,39000.0,26.0,4.0,3.0,1.0,1.0,5.0,5.0,1
V0950,E-Bike,27,41,1.0,28500.0,28500.0,19.0,1.0,0.0,1.0,0.0,1.0,1.0,1
V0951,E-Bike,46,32,3.0,99000.0,33000.0,22.0,1.0,1.0,0.0,0.0,3.0,3.0,1
V0952,E-Bike,80,89,2.0,48000.0,24000.0,16.0,1.0,0.0,0.0,0.0,2.0,1.0,1
V0953,E-Bike,83,40,4.0,205500.0,51375.0,34.25,2.0,1.0,2.0,1.0,3.0,3.0,1
V0954,E-Bike,12,35,1.0,12000.0,12000.0,8.0,1.0,1.0,0.0,0.0,1.0,1.0,1
V0955,E-Bike,29,47,5.0,150000.0,30000.0,20.0,5.0,4.0,3.0,0.0,4.0,4.0,1
V0956,E-Bike,86,52,4.0,195000.0,48750.0,32.5,3.0,1.0,0.0,0.0,4.0,4.0,1
V0957,E-Bike,35,39,3.0,103500.0,34500.0,23.0,2.0,1.0,0.0,0.0,3.0,2.0,1
V0958,E-Bike,14,31,5.0,205500.0,41100.0,27.4,4.0,1.0,0.0,0.0,5.0,4.0,1
V0959,E-Bike,100,51,4.0,159000.0,39750.0,26.5,4.0,0.0,1.0,0.0,3.0,3.0,1
V0960,E-Bike,11,57,3.0,81000.0,27000.0,18.0,1.0,2.0,1.0,1.0,3.0,3.0,1
V0961,E-Bike,97,78,1.0,30000.0,30000.0,20.0,1.0,0.0,0.0,0.0,1.0,1.0,1
V0962,E-Bike,98,46,2.0,109500.0,54750.0,36.5,1.0,0.0,1.0,1.0,2.0,2.0,1
V0963,E-Bike,62,48,5.0,187500.0,37500.0,25.0,2.0,2.0,2.0,2.0,3.0,4.0,1
V0964,E-Bike,100,36,4.0,160500.0,40125.0,26.75,2.0,1.0,2.0,1.0,3.0,3.0,1
V0965,E-Bike,11,85,5.0,136500.0,27300.0,18.2,0.0,0.0,0.0,0.0,4.0,3.0,1
V0966,E-Bike,63,38,4.0,172500.0,43125.0,28.75,1.0,1.0,0.0,0.0,3.0,4.0,1
V0967,E-Bike,84,64,6.0,189000.0,31500.0,21.0,3.0,1.0,1.0,0.0,5.0,5.0,1
V0968,E-Bike,24,87,1.0,9000.0,9000.0,6.0,0.0,0.0,1.0,0.0,1.0,1.0,1
V0969,E-Bike,77,82,1.0,58500.0,58500.0,39.0,1.0,1.0,0.0,0.0,1.0,1.0,1
V0970,E-Bike,96,55,2.0,76500.0,38250.0,25.5,0.0,0.0,0.0,0.0,2.0,2.0,1
V0971,E-Bike,59,75,5.0,201000.0,40200.0,26.8,2.0,1.0,3.0,1.0,5.0,4.0,1
V0972,E-Bike,86,53,3.0,177000.0,59000.0,39.333333333333336,1.0,1.0,1.0,0.0,3.0,3.0,1
V0973,E-Bike,34,34,3.0,94500.0,31500.0,21.0,1.0,1.0,0.0,0.0,2.0,3.0,1
V0974,E-Bike,35,33,4.0,120000.0,30000.0,20.0,0.0,2.0,0.0,0.0,4.0,4.0,1
V0975,E-Bike,10,68,1.0,25500.0,25500.0,17.0,0.0,0.0,0.0,0.0,1.0,1.0,1
V0976,E-Bike,69,49,5.0,244500.0,48900.0,32.6,2.0,1.0,1.0,1.0,3.0,4.0,1
V0977,E-Bike,86,50,7.0,277500.0,39642.857142857145,26.428571428571427,3.0,1.0,1.0,0.0,5.0,6.0,1
V0978,E-Bike,97,61,3.0,118500.0,39500.0,26.333333333333332,1.0,1.0,0.0,0.0,2.0,3.0,1
V0979,E-Bike,13,54,7.0,259500.0,37071.42857142857,24.714285714285715,2.0,4.0,1.0,0.0,4.0,4.0,1
V0980,E-Bike,84,85,5.0,175500.0,35100.0,23.4,3.0,1.0,2.0,0.0,4.0,4.0,1
V0981,E-Bike,33,56,1.0,30000.0,30000.0,20.0,1.0,0.0,0.0,0.0,1.0,1.0,1
V0982,E-Bike,72,90,5.0,147000.0,29400.0,19.6,5.0,4.0,1.0,0.0,2.0,4.0,1
V0983,E-Bike,74,66,4.0,123000.0,30750.0,20.5,0.0,2.0,0.0,0.0,3.0,3.0,1
V0984,E-Bike,54,80,3.0,121500.0,40500.0,27.0,1.0,2.0,0.0,0.0,3.0,2.0,1
V0985,E-Bike,82,76,4.0,130500.0,32625.0,21.75,1.0,0.0,1.0,1.0,3.0,3.0,1
V0986,E-Bike,18,78,5.0,139500.0,27900.0,18.6,3.0,0.0,2.0,1.0,4.0,3.0,1
V0987,E-Bike,94,79,4.0,160500.0,40125.0,26.75,2.0,1.0,1.0,1.0,3.0,3.0,1
V0988,E-Bike,84,51,2.0,72000.0,36000.0,24.0,1.0,1.0,0.0,0.0,2.0,2.0,1
V0989,E-Bike,69,43,2.0,69000.0,34500.0,23.0,1.0,0.0,0.0,0.0,2.0,2.0,1
V0990,E-Bike,59,40,4.0,135000.0,33750.0,22.5,3.0,2.0,0.0,0.0,4.0,3.0,1
V0991,E-Bike,89,62,3.0,78000.0,26000.0,17.333333333333332,1.0,1.0,1.0,1.0,3.0,2.0,1
V0992,E-Bike,86,83,6.0,289500.0,48250.0,32.166666666666664,1.0,2.0,2.0,0.0,4.0,4.0,1
V0993,E-Bike,77,84,3.0,96000.0,32000.0,21.333333333333332,1.0,1.0,0.0,0.0,1.0,3.0,1
V0994,E-Bike,80,80,3.0,58500.0,19500.0,13.0,2.0,2.0,0.0,0.0,3.0,3.0,1
V0995,E-Bike,96,82,3.0,97500.0,32500.0,21.666666666666668,2.0,0.0,0.0,0.0,3.0,2.0,1
V0996,E-Bike,24,59,3.0,117000.0,39000.0,26.0,1.0,0.0,0.0,0.0,3.0,3.0,1
V0997,E-Bike,19,84,3.0,124500.0,41500.0,27.666666666666668,0.0,2.0,1.0,0.0,3.0,3.0,1
V0998,E-Bike,73,90,3.0,106500.0,35500.0,23.666666666666668,1.0,0.0,1.0,0.0,2.0,2.0,1
V0999,E-Bike,23,83,5.0,235500.0,47100.0,31.4,1.0,1.0,1.0,1.0,3.0,4.0,1
V1000,E-Bike,56,78,4.0,196500.0,49125.0,32.75,3.0,0.0,1.0,1.0,3.0,3.0,1
V1001,E-Bike,98,68,3.0,94500.0,31500.0,21.0,2.0,0.0,2.0,0.0,3.0,2.0,1
V1002,E-Bike,34,62,0.0,0.0,0.0,0.0,0.0,0.0,0.0,0.0,0.0,0.0,1
V1003,E-Bike,31,90,4.0,112500.0,28125.0,18.75,2.0,3.0,1.0,0.0,3.0,3.0,1
V1004,E-Bike,76,90,3.0,96000.0,32000.0,21.333333333333332,0.0,0.0,0.0,0.0,2.0,3.0,1
V1005,E-Bike,95,56,2.0,72000.0,36000.0,24.0,1.0,1.0,1.0,1.0,2.0,2.0,1
V1006,E-Bike,46,55,2.0,69000.0,34500.0,23.0,0.0,1.0,1.0,1.0,2.0,2.0,1
V1007,E-Bike,52,32,3.0,66000.0,22000.0,14.666666666666666,2.0,1.0,0.0,0.0,3.0,2.0,1
V1008,E-Bike,35,89,4.0,186000.0,46500.0,31.0,1.0,2.0,1.0,1.0,3.0,2.0,1
V1009,E-Bike,100,60,3.0,120000.0,40000.0,26.666666666666668,2.0,1.0,1.0,1.0,3.0,2.0,1
V1010,E-Bike,14,35,2.0,82500.0,41250.0,27.5,0.0,1.0,0.0,0.0,2.0,2.0,1
V1011,E-Bike,89,41,1.0,58500.0,58500.0,39.0,0.0,0.0,0.0,0.0,1.0,1.0,1
V1012,E-Bike,71,56,5.0,177000.0,35400.0,23.6,2.0,1.0,0.0,0.0,4.0,5.0,1
V1013,E-Bike,49,54,2.0,43500.0,21750.0,14.5,0.0,0.0,0.0,0.0,2.0,2.0,1
V1014,E-Bike,78,76,5.0,187500.0,37500.0,25.0,1.0,2.0,1.0,1.0,4.0,3.0,1
V1015,E-Bike,74,66,4.0,117000.0,29250.0,19.5,1.0,1.0,1.0,0.0,3.0,4.0,1
V1016,E-Bike,69,58,3.0,69000.0,23000.0,15.333333333333334,0.0,0.0,0.0,0.0,3.0,3.0,1
V1017,E-Bike,68,59,3.0,90000.0,30000.0,20.0,2.0,1.0,0.0,0.0,3.0,3.0,1
V1018,E-Bike,86,42,6.0,301500.0,50250.0,33.5,0.0,1.0,0.0,0.0,5.0,5.0,1
V1019,E-Bike,80,39,2.0,55500.0,27750.0,18.5,2.0,0.0,0.0,0.0,2.0,2.0,1
V1020,E-Bike,76,33,3.0,117000.0,39000.0,26.0,1.0,0.0,0.0,0.0,3.0,3.0,1
V1021,E-Bike,35,72,1.0,57000.0,57000.0,38.0,0.0,1.0,0.0,0.0,1.0,1.0,1
V1022,E-Bike,25,47,3.0,75000.0,25000.0,16.666666666666668,1.0,0.0,0.0,0.0,3.0,2.0,1
V1023,E-Bike,10,83,4.0,136500.0,34125.0,22.75,1.0,0.0,1.0,0.0,3.0,4.0,1
V1024,E-Bike,65,77,2.0,34500.0,17250.0,11.5,2.0,1.0,0.0,0.0,2.0,2.0,1
V1025,E-Bike,36,78,4.0,145500.0,36375.0,24.25,1.0,2.0,2.0,0.0,4.0,4.0,1
V1026,E-Bike,15,76,3.0,99000.0,33000.0,22.0,2.0,1.0,1.0,0.0,3.0,2.0,1
V1027,E-Bike,17,53,6.0,262500.0,43750.0,29.166666666666668,4.0,2.0,1.0,0.0,4.0,4.0,1
V1028,E-Bike,21,45,4.0,118500.0,29625.0,19.75,1.0,1.0,3.0,2.0,3.0,3.0,1
V1029,E-Bike,10,82,2.0,27000.0,13500.0,9.0,1.0,1.0,0.0,0.0,2.0,2.0,1
V1030,E-Bike,74,62,4.0,144000.0,36000.0,24.0,2.0,2.0,1.0,1.0,3.0,3.0,1
V1031,E-Bike,23,71,4.0,87000.0,21750.0,14.5,2.0,2.0,0.0,0.0,3.0,2.0,1
V1032,E-Bike,57,77,3.0,108000.0,36000.0,24.0,2.0,0.0,0.0,0.0,2.0,3.0,1
V1033,E-Bike,77,59,3.0,112500.0,37500.0,25.0,0.0,0.0,2.0,1.0,2.0,3.0,1
V1034,E-Bike,66,31,3.0,63000.0,21000.0,14.0,1.0,0.0,2.0,1.0,3.0,3.0,1
V1035,E-Bike,20,38,0.0,0.0,0.0,0.0,0.0,0.0,0.0,0.0,0.0,0.0,1
V1036,E-Bike,32,60,4.0,169500.0,42375.0,28.25,2.0,3.0,2.0,0.0,4.0,3.0,1
V1037,E-Bike,24,83,3.0,129000.0,43000.0,28.666666666666668,1.0,0.0,0.0,0.0,3.0,2.0,1
V1038,E-Bike,42,84,0.0,0.0,0.0,0.0,0.0,0.0,0.0,0.0,0.0,0.0,1
V1039,E-Bike,56,55,1.0,25500.0,25500.0,17.0,0.0,0.0,0.0,0.0,1.0,1.0,1
V1040,E-Bike,68,60,1.0,22500.0,22500.0,15.0,1.0,0.0,0.0,0.0,1.0,1.0,1
V1041,E-Bike,76,67,1.0,21000.0,21000.0,14.0,0.0,0.0,0.0,0.0,1.0,1.0,1
V1042,E-Bike,51,60,4.0,198000.0,49500.0,33.0,3.0,1.0,1.0,0.0,3.0,3.0,1
V1043,E-Bike,29,62,6.0,190500.0,31750.0,21.166666666666668,2.0,2.0,0.0,0.0,3.0,4.0,1
V1044,E-Bike,77,66,3.0,144000.0,48000.0,32.0,1.0,1.0,1.0,1.0,2.0,3.0,1
V1045,E-Bike,40,47,5.0,174000.0,34800.0,23.2,3.0,2.0,3.0,2.0,4.0,4.0,1
V1046,E-Bike,18,86,3.0,127500.0,42500.0,28.333333333333332,3.0,0.0,1.0,1.0,2.0,2.0,1
V1047,E-Bike,47,67,2.0,55500.0,27750.0,18.5,2.0,1.0,0.0,0.0,2.0,2.0,1
V1048,E-Bike,84,53,1.0,7500.0,7500.0,5.0,1.0,0.0,1.0,1.0,1.0,1.0,1
V1049,E-Bike,86,83,8.0,331500.0,41437.5,27.625,4.0,2.0,2.0,1.0,5.0,4.0,1
V1050,E-Bike,82,52,2.0,76500.0,38250.0,25.5,1.0,0.0,0.0,0.0,2.0,2.0,1
V1051,E-Bike,80,89,6.0,180000.0,30000.0,20.0,2.0,1.0,1.0,0.0,3.0,4.0,1
V1052,E-Bike,27,30,5.0,198000.0,39600.0,26.4,2.0,1.0,2.0,1.0,3.0,4.0,1
V1053,E-Bike,16,77,1.0,30000.0,30000.0,20.0,0.0,0.0,0.0,0.0,1.0,1.0,1
V1054,E-Bike,58,32,3.0,93000.0,31000.0,20.666666666666668,3.0,2.0,1.0,0.0,2.0,2.0,1
V1055,E-Bike,62,42,1.0,16500.0,16500.0,11.0,1.0,1.0,0.0,0.0,1.0,1.0,1
V1056,E-Bike,57,61,3.0,123000.0,41000.0,27.333333333333332,2.0,0.0,0.0,0.0,3.0,3.0,1
V1057,E-Bike,81,79,2.0,66000.0,33000.0,22.0,2.0,0.0,0.0,0.0,2.0,2.0,1
V1058,E-Bike,46,90,4.0,123000.0,30750.0,20.5,2.0,1.0,2.0,0.0,4.0,4.0,1
V1059,E-Bike,96,36,5.0,169500.0,33900.0,22.6,0.0,2.0,0.0,0.0,4.0,4.0,1
V1060,E-Bike,11,70,4.0,150000.0,37500.0,25.0,2.0,0.0,1.0,0.0,4.0,4.0,1
V1061,E-Bike,72,30,1.0,42000.0,42000.0,28.0,0.0,0.0,1.0,0.0,1.0,1.0,0
V1062,E-Bike,37,53,4.0,157500.0,39375.0,26.25,2.0,1.0,1.0,1.0,4.0,3.0,1
V1063,E-Bike,81,63,6.0,268500.0,44750.0,29.833333333333332,1.0,0.0,1.0,1.0,5.0,4.0,1
V1064,E-Bike,69,56,3.0,64500.0,21500.0,14.333333333333334,1.0,2.0,0.0,0.0,2.0,3.0,1
V1065,E-Bike,67,84,4.0,177000.0,44250.0,29.5,0.0,2.0,1.0,1.0,4.0,2.0,1
V1066,E-Bike,60,46,7.0,298500.0,42642.857142857145,28.428571428571427,1.0,2.0,1.0,1.0,4.0,5.0,1
V1067,E-Bike,99,73,6.0,111000.0,18500.0,12.333333333333334,3.0,5.0,2.0,1.0,5.0,5.0,1
V1068,E-Bike,59,65,3.0,156000.0,52000.0,34.666666666666664,0.0,1.0,0.0,0.0,2.0,3.0,1
V1069,E-Bike,74,72,0.0,0.0,0.0,0.0,0.0,0.0,0.0,0.0,0.0,0.0,1
V1070,E-Bike,54,76,1.0,30000.0,30000.0,20.0,0.0,0.0,1.0,0.0,1.0,1.0,1
V1071,E-Bike,91,77,3.0,87000.0,29000.0,19.333333333333332,3.0,0.0,1.0,0.0,2.0,2.0,1
V1072,E-Bike,54,85,2.0,88500.0,44250.0,29.5,1.0,1.0,0.0,0.0,2.0,2.0,1
V1073,E-Bike,27,48,5.0,145500.0,29100.0,19.4,2.0,1.0,0.0,0.0,3.0,4.0,1
V1074,E-Bike,22,74,2.0,108000.0,54000.0,36.0,1.0,0.0,0.0,0.0,2.0,2.0,1
V1075,E-Bike,83,69,2.0,78000.0,39000.0,26.0,1.0,0.0,0.0,0.0,2.0,2.0,1
V1076,E-Bike,19,68,3.0,88500.0,29500.0,19.666666666666668,1.0,2.0,1.0,0.0,3.0,3.0,1
V1077,E-Bike,46,52,4.0,213000.0,53250.0,35.5,1.0,2.0,1.0,1.0,4.0,3.0,1
V1078,E-Bike,51,51,3.0,178500.0,59500.0,39.666666666666664,1.0,1.0,1.0,0.0,1.0,2.0,1
V1079,E-Bike,77,59,7.0,217500.0,31071.428571428572,20.714285714285715,3.0,3.0,2.0,0.0,5.0,4.0,1
V1080,E-Bike,66,62,3.0,142500.0,47500.0,31.666666666666668,1.0,0.0,0.0,0.0,3.0,3.0,1
V1081,E-Bike,39,49,3.0,96000.0,32000.0,21.333333333333332,3.0,1.0,1.0,1.0,2.0,2.0,1
V1082,E-Bike,25,52,4.0,121500.0,30375.0,20.25,1.0,1.0,1.0,1.0,3.0,3.0,1
V1083,E-Bike,26,62,5.0,139500.0,27900.0,18.6,2.0,0.0,0.0,0.0,4.0,4.0,1
V1084,E-Bike,14,84,1.0,43500.0,43500.0,29.0,0.0,0.0,0.0,0.0,1.0,1.0,1
V1085,E-Bike,42,57,4.0,157500.0,39375.0,26.25,3.0,1.0,0.0,0.0,3.0,3.0,1
V1086,E-Bike,33,30,2.0,100500.0,50250.0,33.5,2.0,2.0,0.0,0.0,2.0,1.0,0
V1087,E-Bike,79,75,3.0,100500.0,33500.0,22.333333333333332,1.0,1.0,2.0,2.0,3.0,2.0,1
V1088,E-Bike,21,42,1.0,46500.0,46500.0,31.0,0.0,0.0,0.0,0.0,1.0,1.0,1
V1089,E-Bike,40,49,5.0,187500.0,37500.0,25.0,3.0,2.0,1.0,0.0,4.0,5.0,1
V1090,E-Bike,62,83,2.0,130500.0,65250.0,43.5,0.0,1.0,1.0,0.0,2.0,2.0,1
V1091,E-Bike,94,30,3.0,159000.0,53000.0,35.333333333333336,1.0,1.0,0.0,0.0,3.0,3.0,0
V1092,E-Bike,85,44,4.0,145500.0,36375.0,24.25,0.0,1.0,0.0,0.0,4.0,4.0,1
V1093,E-Bike,54,31,5.0,145500.0,29100.0,19.4,1.0,1.0,2.0,0.0,4.0,5.0,1
V1094,E-Bike,35,43,6.0,307500.0,51250.0,34.166666666666664,2.0,2.0,0.0,0.0,6.0,5.0,1
V1095,E-Bike,67,61,4.0,186000.0,46500.0,31.0,2.0,1.0,0.0,0.0,4.0,3.0,1
V1096,E-Bike,54,38,0.0,0.0,0.0,0.0,0.0,0.0,0.0,0.0,0.0,0.0,1
V1097,E-Bike,71,68,5.0,202500.0,40500.0,27.0,2.0,1.0,1.0,1.0,3.0,5.0,1
V1098,E-Bike,27,71,3.0,139500.0,46500.0,31.0,1.0,2.0,1.0,0.0,3.0,3.0,1
V1099,E-Bike,11,47,2.0,61500.0,30750.0,20.5,1.0,0.0,0.0,0.0,2.0,2.0,1
V1100,E-Bike,79,82,2.0,61500.0,30750.0,20.5,1.0,1.0,1.0,0.0,2.0,2.0,1
V1101,E-Bike,96,43,5.0,166500.0,33300.0,22.2,4.0,2.0,0.0,0.0,4.0,5.0,1
V1102,E-Bike,25,87,4.0,90000.0,22500.0,15.0,0.0,0.0,2.0,0.0,3.0,3.0,1
V1103,E-Bike,14,78,5.0,210000.0,42000.0,28.0,2.0,3.0,0.0,0.0,4.0,4.0,1
V1104,E-Bike,50,80,2.0,84000.0,42000.0,28.0,1.0,0.0,0.0,0.0,2.0,1.0,1
V1105,E-Bike,70,75,4.0,171000.0,42750.0,28.5,2.0,0.0,2.0,1.0,3.0,4.0,1
V1106,E-Bike,34,79,6.0,198000.0,33000.0,22.0,3.0,1.0,0.0,0.0,5.0,4.0,1
V1107,E-Bike,64,77,3.0,108000.0,36000.0,24.0,2.0,1.0,0.0,0.0,2.0,3.0,1
V1108,E-Bike,19,86,2.0,46500.0,23250.0,15.5,1.0,0.0,0.0,0.0,2.0,2.0,1
V1109,E-Bike,28,90,4.0,147000.0,36750.0,24.5,2.0,0.0,1.0,1.0,4.0,3.0,1
V1110,E-Bike,97,82,1.0,34500.0,34500.0,23.0,1.0,0.0,0.0,0.0,1.0,1.0,1
V1111,E-Bike,40,52,2.0,90000.0,45000.0,30.0,0.0,0.0,0.0,0.0,2.0,2.0,1
V1112,E-Bike,19,85,6.0,217500.0,36250.0,24.166666666666668,4.0,3.0,2.0,1.0,4.0,5.0,1
V1113,E-Bike,28,78,3.0,91500.0,30500.0,20.333333333333332,1.0,1.0,1.0,0.0,3.0,3.0,1
V1114,E-Bike,47,44,0.0,0.0,0.0,0.0,0.0,0.0,0.0,0.0,0.0,0.0,1
V1115,E-Bike,61,41,2.0,90000.0,45000.0,30.0,1.0,0.0,0.0,0.0,2.0,1.0,1
V1116,E-Bike,87,32,3.0,57000.0,19000.0,12.666666666666666,2.0,2.0,2.0,2.0,2.0,2.0,1
V1117,E-Bike,89,45,7.0,207000.0,29571.428571428572,19.714285714285715,3.0,1.0,3.0,1.0,5.0,6.0,1
V1118,E-Bike,82,88,2.0,103500.0,51750.0,34.5,0.0,1.0,0.0,0.0,2.0,2.0,1
V1119,E-Bike,31,51,3.0,91500.0,30500.0,20.333333333333332,2.0,1.0,0.0,0.0,1.0,3.0,1
V1120,E-Bike,38,54,2.0,78000.0,39000.0,26.0,1.0,1.0,1.0,0.0,2.0,2.0,1
V1121,E-Bike,58,73,3.0,132000.0,44000.0,29.333333333333332,3.0,0.0,1.0,1.0,3.0,2.0,1
V1122,E-Bike,92,43,3.0,130500.0,43500.0,29.0,0.0,0.0,0.0,0.0,3.0,3.0,1
V1123,E-Bike,91,73,3.0,147000.0,49000.0,32.666666666666664,1.0,1.0,1.0,0.0,3.0,2.0,1
V1124,E-Bike,46,38,2.0,115500.0,57750.0,38.5,2.0,1.0,0.0,0.0,2.0,2.0,1
V1125,E-Bike,25,52,1.0,67500.0,67500.0,45.0,0.0,1.0,0.0,0.0,1.0,1.0,1
V1126,E-Bike,47,58,6.0,213000.0,35500.0,23.666666666666668,3.0,1.0,0.0,0.0,6.0,5.0,1
V1127,E-Bike,87,40,0.0,0.0,0.0,0.0,0.0,0.0,0.0,0.0,0.0,0.0,1
V1128,E-Bike,44,65,2.0,34500.0,17250.0,11.5,0.0,1.0,1.0,1.0,2.0,2.0,1
V1129,E-Bike,77,43,3.0,124500.0,41500.0,27.666666666666668,2.0,0.0,0.0,0.0,3.0,3.0,1
V1130,E-Bike,70,88,5.0,220500.0,44100.0,29.4,2.0,2.0,0.0,0.0,3.0,5.0,1
V1131,E-Bike,30,52,3.0,142500.0,47500.0,31.666666666666668,1.0,1.0,1.0,1.0,3.0,3.0,1
V1132,E-Bike,77,30,3.0,81000.0,27000.0,18.0,0.0,0.0,1.0,1.0,3.0,3.0,0
V1133,E-Bike,19,73,5.0,234000.0,46800.0,31.2,3.0,0.0,1.0,0.0,3.0,3.0,1
V1134,E-Bike,78,89,4.0,135000.0,33750.0,22.5,2.0,1.0,2.0,0.0,3.0,4.0,1
V1135,E-Bike,88,80,3.0,148500.0,49500.0,33.0,0.0,2.0,0.0,0.0,2.0,3.0,1
V1136,E-Bike,95,48,4.0,184500.0,46125.0,30.75,1.0,0.0,0.0,0.0,4.0,3.0,1
V1137,E-Bike,37,36,3.0,97500.0,32500.0,21.666666666666668,2.0,1.0,1.0,0.0,3.0,3.0,1
V1138,E-Bike,57,72,2.0,48000.0,24000.0,16.0,0.0,0.0,0.0,0.0,2.0,2.0,1
V1139,E-Bike,98,86,1.0,40500.0,40500.0,27.0,0.0,1.0,0.0,0.0,1.0,1.0,1
V1140,E-Bike,66,79,2.0,45000.0,22500.0,15.0,2.0,0.0,1.0,0.0,2.0,1.0,1
V1141,E-Bike,58,64,1.0,30000.0,30000.0,20.0,0.0,0.0,0.0,0.0,1.0,1.0,1
V1142,E-Bike,31,38,4.0,154500.0,38625.0,25.75,3.0,1.0,1.0,0.0,3.0,3.0,1
V1143,E-Bike,84,62,5.0,178500.0,35700.0,23.8,3.0,2.0,1.0,1.0,3.0,4.0,1
V1144,E-Bike,85,33,5.0,238500.0,47700.0,31.8,1.0,1.0,1.0,1.0,5.0,4.0,1
V1145,E-Bike,57,66,4.0,174000.0,43500.0,29.0,2.0,1.0,1.0,0.0,2.0,3.0,1
V1146,E-Bike,28,35,2.0,73500.0,36750.0,24.5,2.0,2.0,0.0,0.0,2.0,2.0,1
V1147,E-Bike,65,31,2.0,55500.0,27750.0,18.5,0.0,0.0,0.0,0.0,2.0,2.0,1
V1148,E-Bike,35,78,7.0,271500.0,38785.71428571428,25.857142857142858,3.0,2.0,0.0,0.0,4.0,6.0,1
V1149,E-Bike,31,89,3.0,111000.0,37000.0,24.666666666666668,0.0,1.0,1.0,1.0,3.0,2.0,1
V1150,E-Bike,77,83,6.0,270000.0,45000.0,30.0,3.0,1.0,1.0,0.0,3.0,4.0,1
V1151,E-Bike,73,64,4.0,120000.0,30000.0,20.0,0.0,2.0,1.0,0.0,3.0,3.0,1
V1152,E-Bike,56,37,2.0,81000.0,40500.0,27.0,1.0,1.0,0.0,0.0,1.0,2.0,1
V1153,E-Bike,26,55,5.0,207000.0,41400.0,27.6,4.0,0.0,0.0,0.0,4.0,5.0,1
V1154,E-Bike,28,47,3.0,157500.0,52500.0,35.0,2.0,3.0,0.0,0.0,3.0,2.0,1
V1155,E-Bike,70,36,1.0,13500.0,13500.0,9.0,0.0,0.0,0.0,0.0,1.0,1.0,1
V1156,E-Bike,39,32,0.0,0.0,0.0,0.0,0.0,0.0,0.0,0.0,0.0,0.0,1
V1157,E-Bike,34,33,2.0,69000.0,34500.0,23.0,1.0,0.0,1.0,0.0,2.0,2.0,1
V1158,E-Bike,94,47,1.0,25500.0,25500.0,17.0,0.0,1.0,0.0,0.0,1.0,1.0,1
V1159,E-Bike,77,74,3.0,178500.0,59500.0,39.666666666666664,1.0,2.0,1.0,0.0,2.0,2.0,1
V1160,E-Bike,97,63,4.0,187500.0,46875.0,31.25,3.0,1.0,1.0,0.0,3.0,3.0,1
V1161,E-Bike,97,88,0.0,0.0,0.0,0.0,0.0,0.0,0.0,0.0,0.0,0.0,1
V1162,E-Bike,11,70,3.0,66000.0,22000.0,14.666666666666666,3.0,1.0,0.0,0.0,2.0,2.0,1
V1163,E-Bike,27,82,0.0,0.0,0.0,0.0,0.0,0.0,0.0,0.0,0.0,0.0,1
V1164,E-Bike,28,38,2.0,61500.0,30750.0,20.5,1.0,0.0,1.0,1.0,2.0,1.0,1
V1165,E-Bike,82,45,0.0,0.0,0.0,0.0,0.0,0.0,0.0,0.0,0.0,0.0,1
V1166,E-Bike,97,46,4.0,156000.0,39000.0,26.0,2.0,2.0,0.0,0.0,4.0,4.0,1
V1167,E-Bike,56,50,6.0,156000.0,26000.0,17.333333333333332,2.0,1.0,0.0,0.0,5.0,5.0,1
V1168,E-Bike,73,31,5.0,240000.0,48000.0,32.0,1.0,3.0,1.0,1.0,4.0,3.0,1
V1169,E-Bike,35,48,4.0,192000.0,48000.0,32.0,3.0,1.0,1.0,1.0,3.0,4.0,1
V1170,E-Bike,96,51,6.0,154500.0,25750.0,17.166666666666668,4.0,4.0,0.0,0.0,2.0,4.0,1
V1171,E-Bike,95,64,4.0,154500.0,38625.0,25.75,3.0,0.0,1.0,0.0,4.0,4.0,1
V1172,E-Bike,67,58,4.0,169500.0,42375.0,28.25,1.0,2.0,1.0,0.0,4.0,4.0,1
V1173,E-Bike,29,64,3.0,144000.0,48000.0,32.0,2.0,2.0,1.0,0.0,2.0,3.0,1
V1174,E-Bike,85,77,2.0,99000.0,49500.0,33.0,1.0,0.0,0.0,0.0,2.0,2.0,1
V1175,E-Bike,60,57,2.0,102000.0,51000.0,34.0,2.0,0.0,1.0,0.0,2.0,2.0,1
V1176,E-Bike,55,90,4.0,139500.0,34875.0,23.25,1.0,2.0,0.0,0.0,3.0,3.0,1
V1177,E-Bike,37,30,1.0,45000.0,45000.0,30.0,0.0,0.0,0.0,0.0,1.0,1.0,0
V1178,E-Bike,82,86,5.0,136500.0,27300.0,18.2,2.0,2.0,1.0,0.0,3.0,3.0,1
V1179,E-Bike,85,32,1.0,39000.0,39000.0,26.0,0.0,0.0,0.0,0.0,1.0,1.0,1
V1180,E-Bike,56,30,3.0,144000.0,48000.0,32.0,0.0,0.0,0.0,0.0,3.0,1.0,0
V1181,E-Bike,57,68,5.0,153000.0,30600.0,20.4,0.0,1.0,1.0,0.0,4.0,4.0,1
V1182,E-Bike,74,38,4.0,156000.0,39000.0,26.0,2.0,1.0,0.0,0.0,4.0,3.0,1
V1183,E-Bike,62,43,4.0,168000.0,42000.0,28.0,1.0,3.0,3.0,1.0,3.0,4.0,1
V1184,E-Bike,47,31,8.0,382500.0,47812.5,31.875,4.0,2.0,1.0,0.0,6.0,3.0,1
V1185,E-Bike,90,82,2.0,105000.0,52500.0,35.0,0.0,0.0,1.0,0.0,2.0,2.0,1
V1186,E-Bike,52,72,3.0,54000.0,18000.0,12.0,3.0,1.0,0.0,0.0,3.0,2.0,1
V1187,E-Bike,40,62,4.0,75000.0,18750.0,12.5,0.0,0.0,1.0,1.0,4.0,4.0,1
V1188,E-Bike,84,64,5.0,214500.0,42900.0,28.6,4.0,1.0,1.0,1.0,4.0,3.0,1
V1189,E-Bike,43,71,3.0,133500.0,44500.0,29.666666666666668,3.0,0.0,1.0,0.0,3.0,3.0,1
V1190,E-Bike,61,52,4.0,136500.0,34125.0,22.75,2.0,1.0,0.0,0.0,4.0,3.0,1
V1191,E-Bike,50,72,1.0,34500.0,34500.0,23.0,1.0,1.0,0.0,0.0,1.0,1.0,1
V1192,E-Bike,99,53,4.0,207000.0,51750.0,34.5,1.0,2.0,0.0,0.0,4.0,3.0,1
V1193,E-Bike,84,44,3.0,114000.0,38000.0,25.333333333333332,1.0,1.0,1.0,1.0,3.0,3.0,1
V1194,E-Bike,81,49,2.0,76500.0,38250.0,25.5,1.0,1.0,1.0,0.0,2.0,2.0,1
V1195,E-Bike,17,80,4.0,144000.0,36000.0,24.0,1.0,1.0,1.0,0.0,3.0,3.0,1
V1196,E-Bike,90,58,2.0,123000.0,61500.0,41.0,1.0,0.0,0.0,0.0,2.0,2.0,1
V1197,E-Bike,41,31,4.0,153000.0,38250.0,25.5,3.0,0.0,1.0,0.0,2.0,3.0,1
V1198,E-Bike,20,44,4.0,130500.0,32625.0,21.75,2.0,0.0,0.0,0.0,4.0,3.0,1
V1199,E-Bike,57,45,3.0,148500.0,49500.0,33.0,1.0,0.0,1.0,0.0,3.0,3.0,1
V1200,E-Bike,92,68,3.0,88500.0,29500.0,19.666666666666668,2.0,1.0,0.0,0.0,3.0,3.0,1
V1201,E-Bike,52,62,3.0,132000.0,44000.0,29.333333333333332,1.0,0.0,1.0,0.0,2.0,3.0,1
V1202,E-Bike,48,50,4.0,135000.0,33750.0,22.5,1.0,0.0,1.0,1.0,3.0,4.0,1
V1203,E-Bike,63,33,1.0,46500.0,46500.0,31.0,1.0,1.0,0.0,0.0,1.0,1.0,1
V1204,E-Bike,94,68,4.0,177000.0,44250.0,29.5,2.0,0.0,1.0,0.0,4.0,3.0,1
V1205,E-Bike,84,50,3.0,154500.0,51500.0,34.333333333333336,0.0,1.0,0.0,0.0,3.0,2.0,1
V1206,E-Bike,37,86,1.0,28500.0,28500.0,19.0,0.0,0.0,0.0,0.0,1.0,1.0,1
V1207,E-Bike,34,34,3.0,81000.0,27000.0,18.0,3.0,1.0,1.0,1.0,2.0,3.0,1
V1208,E-Bike,12,79,3.0,136500.0,45500.0,30.333333333333332,2.0,0.0,0.0,0.0,2.0,3.0,1
V1209,E-Bike,71,31,3.0,75000.0,25000.0,16.666666666666668,0.0,0.0,1.0,1.0,3.0,2.0,1
V1210,E-Bike,13,50,1.0,7500.0,7500.0,5.0,1.0,0.0,1.0,0.0,1.0,1.0,1
V1211,E-Bike,92,60,2.0,55500.0,27750.0,18.5,0.0,0.0,0.0,0.0,2.0,2.0,1
V1212,E-Bike,62,58,1.0,37500.0,37500.0,25.0,1.0,0.0,0.0,0.0,1.0,1.0,1
V1213,E-Bike,91,72,2.0,112500.0,56250.0,37.5,1.0,1.0,1.0,1.0,2.0,2.0,1
V1214,E-Bike,55,65,3.0,94500.0,31500.0,21.0,0.0,1.0,0.0,0.0,3.0,3.0,1
V1215,E-Bike,98,77,2.0,97500.0,48750.0,32.5,1.0,1.0,0.0,0.0,2.0,2.0,1
V1216,E-Bike,44,33,1.0,43500.0,43500.0,29.0,1.0,0.0,1.0,1.0,1.0,1.0,1
V1217,E-Bike,54,84,2.0,46500.0,23250.0,15.5,2.0,0.0,0.0,0.0,2.0,2.0,1
V1218,E-Bike,24,44,6.0,282000.0,47000.0,31.333333333333332,2.0,0.0,1.0,1.0,4.0,4.0,1
V1219,E-Bike,67,32,0.0,0.0,0.0,0.0,0.0,0.0,0.0,0.0,0.0,0.0,1
V1220,E-Bike,39,71,4.0,133500.0,33375.0,22.25,2.0,2.0,1.0,1.0,3.0,3.0,1
V1221,E-Bike,86,39,3.0,154500.0,51500.0,34.333333333333336,2.0,0.0,2.0,1.0,3.0,3.0,1
V1222,E-Bike,46,45,3.0,115500.0,38500.0,25.666666666666668,3.0,0.0,2.0,1.0,2.0,3.0,1
V1223,E-Bike,41,74,4.0,204000.0,51000.0,34.0,3.0,0.0,1.0,0.0,3.0,4.0,1
V1224,E-Bike,67,78,5.0,144000.0,28800.0,19.2,1.0,1.0,0.0,0.0,5.0,4.0,1
V1225,E-Bike,94,73,2.0,66000.0,33000.0,22.0,0.0,0.0,0.0,0.0,2.0,2.0,1
V1226,E-Bike,52,77,2.0,73500.0,36750.0,24.5,1.0,1.0,1.0,0.0,2.0,2.0,1
V1227,E-Bike,35,56,5.0,171000.0,34200.0,22.8,4.0,1.0,1.0,1.0,4.0,4.0,1
V1228,E-Bike,52,67,1.0,7500.0,7500.0,5.0,0.0,1.0,0.0,0.0,1.0,1.0,1
V1229,E-Bike,97,31,2.0,69000.0,34500.0,23.0,1.0,1.0,0.0,0.0,2.0,2.0,1
V1230,E-Bike,77,49,1.0,54000.0,54000.0,36.0,1.0,1.0,0.0,0.0,1.0,1.0,1
V1231,E-Bike,14,36,2.0,94500.0,47250.0,31.5,1.0,0.0,0.0,0.0,2.0,2.0,1
V1232,E-Bike,12,78,3.0,48000.0,16000.0,10.666666666666666,1.0,1.0,0.0,0.0,2.0,3.0,1
V1233,E-Bike,34,59,4.0,136500.0,34125.0,22.75,3.0,2.0,0.0,0.0,3.0,4.0,1
V1234,E-Bike,46,64,2.0,91500.0,45750.0,30.5,1.0,1.0,2.0,1.0,2.0,2.0,1
V1235,E-Bike,67,45,3.0,139500.0,46500.0,31.0,1.0,1.0,1.0,0.0,2.0,2.0,1
V1236,E-Bike,28,32,6.0,228000.0,38000.0,25.333333333333332,5.0,2.0,1.0,0.0,3.0,4.0,1
V1237,E-Bike,11,85,2.0,99000.0,49500.0,33.0,2.0,0.0,0.0,0.0,2.0,1.0,1
V1238,E-Bike,41,35,3.0,118500.0,39500.0,26.333333333333332,1.0,1.0,0.0,0.0,3.0,3.0,1
V1239,E-Bike,92,42,5.0,141000.0,28200.0,18.8,0.0,0.0,1.0,1.0,3.0,5.0,1
V1240,E-Bike,83,89,3.0,105000.0,35000.0,23.333333333333332,1.0,2.0,0.0,0.0,3.0,2.0,1
V1241,E-Bike,83,36,3.0,100500.0,33500.0,22.333333333333332,2.0,1.0,1.0,0.0,3.0,3.0,1
V1242,E-Bike,24,83,2.0,94500.0,47250.0,31.5,1.0,2.0,0.0,0.0,2.0,2.0,1
V1243,E-Bike,31,59,5.0,169500.0,33900.0,22.6,1.0,3.0,2.0,0.0,3.0,4.0,1
V1244,E-Bike,43,33,5.0,165000.0,33000.0,22.0,4.0,3.0,1.0,1.0,3.0,4.0,1
V1245,E-Bike,75,33,4.0,96000.0,24000.0,16.0,0.0,1.0,0.0,0.0,4.0,3.0,1
V1246,E-Bike,86,70,3.0,132000.0,44000.0,29.333333333333332,2.0,0.0,0.0,0.0,3.0,3.0,1
V1247,E-Bike,61,43,5.0,151500.0,30300.0,20.2,3.0,2.0,1.0,0.0,4.0,4.0,1
V1248,E-Bike,63,46,4.0,63000.0,15750.0,10.5,1.0,0.0,1.0,0.0,3.0,2.0,1
V1249,E-Bike,81,77,6.0,250500.0,41750.0,27.833333333333332,2.0,3.0,2.0,0.0,4.0,5.0,1
V1250,E-Bike,91,70,2.0,55500.0,27750.0,18.5,1.0,0.0,0.0,0.0,2.0,2.0,1
V1251,E-Bike,63,82,5.0,190500.0,38100.0,25.4,3.0,1.0,1.0,1.0,5.0,5.0,1
V1252,E-Bike,95,84,3.0,148500.0,49500.0,33.0,2.0,2.0,0.0,0.0,3.0,3.0,1
V1253,E-Bike,97,78,5.0,184500.0,36900.0,24.6,2.0,1.0,3.0,3.0,4.0,3.0,1
V1254,E-Bike,73,75,2.0,69000.0,34500.0,23.0,1.0,1.0,0.0,0.0,1.0,2.0,1
V1255,E-Bike,37,34,1.0,9000.0,9000.0,6.0,0.0,0.0,0.0,0.0,1.0,1.0,1
V1256,E-Bike,10,50,4.0,163500.0,40875.0,27.25,3.0,1.0,2.0,0.0,3.0,4.0,1
V1257,E-Bike,50,85,3.0,100500.0,33500.0,22.333333333333332,1.0,0.0,0.0,0.0,2.0,3.0,1
V1258,E-Bike,62,54,3.0,90000.0,30000.0,20.0,1.0,1.0,1.0,0.0,3.0,2.0,1
V1259,E-Bike,10,55,3.0,103500.0,34500.0,23.0,1.0,1.0,2.0,0.0,2.0,2.0,1
V1260,E-Bike,60,32,7.0,172500.0,24642.85714285714,16.428571428571427,2.0,1.0,2.0,1.0,7.0,5.0,1
V1261,E-Bike,38,74,0.0,0.0,0.0,0.0,0.0,0.0,0.0,0.0,0.0,0.0,1
V1262,E-Bike,67,34,3.0,78000.0,26000.0,17.333333333333332,1.0,2.0,0.0,0.0,3.0,2.0,1
V1263,E-Bike,60,74,4.0,151500.0,37875.0,25.25,2.0,3.0,1.0,1.0,4.0,4.0,1
V1264,E-Bike,16,76,3.0,102000.0,34000.0,22.666666666666668,2.0,1.0,1.0,1.0,2.0,2.0,1
V1265,E-Bike,78,70,5.0,115500.0,23100.0,15.4,3.0,2.0,0.0,0.0,4.0,4.0,1
V1266,E-Bike,96,76,3.0,66000.0,22000.0,14.666666666666666,1.0,0.0,1.0,0.0,3.0,3.0,1
V1267,E-Bike,24,81,3.0,99000.0,33000.0,22.0,2.0,0.0,0.0,0.0,2.0,3.0,1
V1268,E-Bike,36,31,5.0,222000.0,44400.0,29.6,2.0,2.0,1.0,0.0,5.0,5.0,1
V1269,E-Bike,70,79,1.0,37500.0,37500.0,25.0,0.0,0.0,0.0,0.0,1.0,1.0,1
V1270,E-Bike,68,47,4.0,145500.0,36375.0,24.25,4.0,0.0,1.0,1.0,3.0,3.0,1
V1271,E-Bike,81,48,6.0,201000.0,33500.0,22.333333333333332,3.0,1.0,2.0,1.0,3.0,4.0,1
V1272,E-Bike,21,66,4.0,141000.0,35250.0,23.5,3.0,1.0,0.0,0.0,2.0,4.0,1
V1273,E-Bike,11,71,7.0,238500.0,34071.42857142857,22.714285714285715,2.0,2.0,0.0,0.0,4.0,6.0,1
V1274,E-Bike,62,57,2.0,48000.0,24000.0,16.0,2.0,0.0,0.0,0.0,2.0,2.0,1
V1275,E-Bike,51,66,3.0,88500.0,29500.0,19.666666666666668,2.0,0.0,1.0,1.0,3.0,3.0,1
V1276,E-Bike,89,38,2.0,69000.0,34500.0,23.0,1.0,0.0,1.0,0.0,2.0,2.0,1
V1277,E-Bike,22,72,3.0,84000.0,28000.0,18.666666666666668,1.0,1.0,2.0,0.0,3.0,2.0,1
V1278,E-Bike,63,54,1.0,61500.0,61500.0,41.0,1.0,0.0,0.0,0.0,1.0,1.0,1
V1279,E-Bike,10,41,3.0,99000.0,33000.0,22.0,2.0,1.0,1.0,0.0,3.0,3.0,1
V1280,E-Bike,22,31,6.0,321000.0,53500.0,35.666666666666664,1.0,1.0,1.0,1.0,5.0,4.0,1
V1281,E-Bike,66,81,1.0,9000.0,9000.0,6.0,0.0,0.0,0.0,0.0,1.0,1.0,1
V1282,E-Bike,57,64,4.0,129000.0,32250.0,21.5,1.0,2.0,1.0,0.0,4.0,3.0,1
V1283,E-Bike,93,58,3.0,88500.0,29500.0,19.666666666666668,0.0,1.0,0.0,0.0,3.0,2.0,1
V1284,E-Bike,70,68,4.0,106500.0,26625.0,17.75,2.0,1.0,0.0,0.0,4.0,4.0,1
V1285,E-Bike,49,89,3.0,124500.0,41500.0,27.666666666666668,2.0,0.0,1.0,1.0,2.0,2.0,1
V1286,E-Bike,42,39,1.0,19500.0,19500.0,13.0,1.0,0.0,0.0,0.0,1.0,1.0,1
V1287,E-Bike,11,74,5.0,204000.0,40800.0,27.2,0.0,2.0,1.0,0.0,4.0,4.0,1
V1288,E-Bike,38,40,4.0,145500.0,36375.0,24.25,2.0,3.0,1.0,0.0,4.0,2.0,1
V1289,E-Bike,75,33,3.0,82500.0,27500.0,18.333333333333332,1.0,0.0,0.0,0.0,2.0,3.0,1
V1290,E-Bike,70,54,4.0,181500.0,45375.0,30.25,3.0,2.0,1.0,0.0,4.0,3.0,1
V1291,E-Bike,91,76,2.0,84000.0,42000.0,28.0,1.0,1.0,2.0,0.0,2.0,1.0,1
V1292,E-Bike,39,52,3.0,156000.0,52000.0,34.666666666666664,2.0,0.0,1.0,1.0,3.0,3.0,1
V1293,E-Bike,12,37,3.0,96000.0,32000.0,21.333333333333332,0.0,1.0,1.0,1.0,3.0,3.0,1
V1294,E-Bike,50,55,5.0,217500.0,43500.0,29.0,1.0,2.0,0.0,0.0,4.0,3.0,1
V1295,E-Bike,19,34,2.0,105000.0,52500.0,35.0,2.0,1.0,0.0,0.0,1.0,2.0,1
V1296,E-Bike,94,58,2.0,82500.0,41250.0,27.5,0.0,1.0,0.0,0.0,1.0,1.0,1
V1297,E-Bike,49,88,4.0,174000.0,43500.0,29.0,2.0,1.0,0.0,0.0,2.0,2.0,1
V1298,E-Bike,53,56,1.0,58500.0,58500.0,39.0,0.0,1.0,0.0,0.0,1.0,1.0,1
V1299,E-Bike,15,42,3.0,153000.0,51000.0,34.0,1.0,2.0,1.0,1.0,3.0,2.0,1
V1300,E-Bike,38,46,4.0,94500.0,23625.0,15.75,1.0,3.0,1.0,1.0,3.0,4.0,1
V1301,E-Bike,71,63,3.0,123000.0,41000.0,27.333333333333332,2.0,1.0,1.0,1.0,3.0,3.0,1
V1302,E-Bike,64,37,4.0,202500.0,50625.0,33.75,0.0,3.0,0.0,0.0,3.0,3.0,1
V1303,E-Bike,43,75,1.0,24000.0,24000.0,16.0,1.0,0.0,0.0,0.0,1.0,1.0,1
V1304,E-Bike,53,80,2.0,91500.0,45750.0,30.5,0.0,0.0,0.0,0.0,2.0,1.0,1
V1305,E-Bike,88,45,5.0,154500.0,30900.0,20.6,3.0,3.0,0.0,0.0,4.0,3.0,1
V1306,E-Bike,15,42,7.0,186000.0,26571.428571428572,17.714285714285715,2.0,3.0,2.0,1.0,2.0,5.0,1
V1307,E-Bike,64,90,3.0,63000.0,21000.0,14.0,3.0,1.0,1.0,1.0,3.0,3.0,1
V1308,E-Bike,37,49,1.0,57000.0,57000.0,38.0,0.0,1.0,1.0,1.0,1.0,1.0,1
V1309,E-Bike,86,50,3.0,142500.0,47500.0,31.666666666666668,1.0,1.0,0.0,0.0,2.0,2.0,1
V1310,E-Bike,29,73,5.0,195000.0,39000.0,26.0,3.0,3.0,1.0,1.0,4.0,4.0,1
V1311,E-Bike,57,62,5.0,223500.0,44700.0,29.8,2.0,1.0,2.0,0.0,5.0,3.0,1
V1312,E-Bike,36,46,1.0,49500.0,49500.0,33.0,0.0,0.0,0.0,0.0,1.0,1.0,1
V1313,E-Bike,67,59,8.0,216000.0,27000.0,18.0,1.0,1.0,2.0,2.0,6.0,6.0,1
V1314,E-Bike,81,33,5.0,205500.0,41100.0,27.4,1.0,1.0,1.0,1.0,4.0,5.0,1
V1315,E-Bike,49,43,1.0,27000.0,27000.0,18.0,0.0,0.0,0.0,0.0,1.0,1.0,1
V1316,E-Bike,55,77,5.0,201000.0,40200.0,26.8,1.0,0.0,0.0,0.0,4.0,3.0,1
V1317,E-Bike,55,59,3.0,81000.0,27000.0,18.0,2.0,0.0,1.0,1.0,2.0,1.0,1
V1318,E-Bike,87,64,2.0,54000.0,27000.0,18.0,2.0,1.0,0.0,0.0,2.0,2.0,1
V1319,E-Bike,44,69,4.0,192000.0,48000.0,32.0,1.0,0.0,0.0,0.0,4.0,4.0,1
V1320,E-Bike,29,70,2.0,103500.0,51750.0,34.5,2.0,2.0,0.0,0.0,2.0,2.0,1
V1321,E-Bike,24,52,2.0,78000.0,39000.0,26.0,1.0,0.0,0.0,0.0,2.0,2.0,1
V1322,E-Bike,95,52,4.0,160500.0,40125.0,26.75,1.0,1.0,2.0,1.0,3.0,4.0,1
V1323,E-Bike,26,58,4.0,169500.0,42375.0,28.25,2.0,0.0,1.0,1.0,4.0,2.0,1
V1324,E-Bike,22,81,4.0,124500.0,31125.0,20.75,1.0,1.0,0.0,0.0,4.0,4.0,1
V1325,E-Bike,32,54,3.0,96000.0,32000.0,21.333333333333332,2.0,1.0,1.0,0.0,3.0,3.0,1
V1326,E-Bike,57,47,5.0,217500.0,43500.0,29.0,4.0,3.0,2.0,2.0,3.0,4.0,1
V1327,E-Bike,60,30,6.0,177000.0,29500.0,19.666666666666668,2.0,1.0,0.0,0.0,5.0,4.0,0
V1328,E-Bike,69,53,3.0,64500.0,21500.0,14.333333333333334,1.0,0.0,1.0,1.0,2.0,3.0,1
V1329,E-Bike,83,57,5.0,130500.0,26100.0,17.4,3.0,2.0,1.0,1.0,5.0,3.0,1
V1330,E-Bike,47,64,3.0,138000.0,46000.0,30.666666666666668,1.0,1.0,0.0,0.0,2.0,2.0,1
V1331,E-Bike,13,69,4.0,154500.0,38625.0,25.75,3.0,2.0,0.0,0.0,4.0,3.0,1
V1332,E-Bike,80,61,5.0,153000.0,30600.0,20.4,1.0,2.0,0.0,0.0,5.0,4.0,1
V1333,E-Bike,62,90,4.0,150000.0,37500.0,25.0,1.0,2.0,0.0,0.0,4.0,4.0,1
V1334,E-Bike,80,76,4.0,165000.0,41250.0,27.5,1.0,0.0,0.0,0.0,3.0,3.0,1
V1335,E-Bike,44,69,1.0,22500.0,22500.0,15.0,1.0,0.0,0.0,0.0,1.0,1.0,1
V1336,E-Bike,82,67,2.0,121500.0,60750.0,40.5,1.0,0.0,2.0,1.0,2.0,2.0,1
V1337,E-Bike,27,86,4.0,192000.0,48000.0,32.0,1.0,2.0,3.0,1.0,3.0,4.0,1
V1338,E-Bike,45,43,8.0,354000.0,44250.0,29.5,3.0,2.0,2.0,1.0,4.0,5.0,1
V1339,E-Bike,13,31,5.0,192000.0,38400.0,25.6,2.0,0.0,0.0,0.0,4.0,4.0,1
V1340,E-Bike,27,64,5.0,247500.0,49500.0,33.0,3.0,0.0,2.0,0.0,3.0,5.0,1
V1341,E-Bike,85,83,4.0,148500.0,37125.0,24.75,2.0,2.0,0.0,0.0,3.0,3.0,1
V1342,E-Bike,93,52,3.0,75000.0,25000.0,16.666666666666668,2.0,0.0,0.0,0.0,3.0,2.0,1
V1343,E-Bike,66,70,3.0,123000.0,41000.0,27.333333333333332,1.0,1.0,0.0,0.0,3.0,3.0,1
V1344,E-Bike,63,45,2.0,54000.0,27000.0,18.0,0.0,0.0,0.0,0.0,2.0,2.0,1
V1345,E-Bike,56,32,0.0,0.0,0.0,0.0,0.0,0.0,0.0,0.0,0.0,0.0,1
V1346,E-Bike,84,54,2.0,100500.0,50250.0,33.5,2.0,2.0,0.0,0.0,2.0,2.0,1
V1347,E-Bike,19,80,2.0,106500.0,53250.0,35.5,1.0,0.0,1.0,0.0,2.0,2.0,1
V1348,E-Bike,86,56,1.0,39000.0,39000.0,26.0,0.0,0.0,0.0,0.0,1.0,1.0,1
V1349,E-Bike,93,44,2.0,96000.0,48000.0,32.0,1.0,1.0,0.0,0.0,2.0,2.0,1
V1350,E-Bike,64,80,7.0,295500.0,42214.28571428572,28.142857142857142,4.0,3.0,0.0,0.0,4.0,6.0,1
V1351,E-Bike,69,90,1.0,46500.0,46500.0,31.0,1.0,1.0,0.0,0.0,1.0,1.0,1
V1352,E-Bike,20,62,2.0,84000.0,42000.0,28.0,0.0,0.0,0.0,0.0,2.0,2.0,1
V1353,E-Bike,82,90,5.0,198000.0,39600.0,26.4,3.0,2.0,2.0,0.0,2.0,4.0,1
V1354,E-Bike,54,74,5.0,220500.0,44100.0,29.4,2.0,0.0,0.0,0.0,4.0,4.0,1
V1355,E-Bike,66,82,4.0,181500.0,45375.0,30.25,3.0,4.0,1.0,0.0,4.0,3.0,1
V1356,E-Bike,98,33,9.0,276000.0,30666.666666666668,20.444444444444443,4.0,3.0,2.0,0.0,5.0,5.0,1
V1357,E-Bike,52,81,4.0,93000.0,23250.0,15.5,2.0,3.0,1.0,1.0,3.0,4.0,1
V1358,E-Bike,63,61,2.0,69000.0,34500.0,23.0,0.0,0.0,0.0,0.0,2.0,2.0,1
V1359,E-Bike,77,36,4.0,150000.0,37500.0,25.0,2.0,1.0,1.0,1.0,3.0,4.0,1
V1360,E-Bike,25,81,2.0,25500.0,12750.0,8.5,1.0,0.0,1.0,1.0,1.0,2.0,1
V1361,E-Bike,43,31,3.0,63000.0,21000.0,14.0,0.0,0.0,1.0,0.0,3.0,3.0,1
V1362,E-Bike,77,64,3.0,133500.0,44500.0,29.666666666666668,0.0,1.0,1.0,1.0,3.0,2.0,1
V1363,E-Bike,46,48,0.0,0.0,0.0,0.0,0.0,0.0,0.0,0.0,0.0,0.0,1
V1364,E-Bike,41,45,3.0,136500.0,45500.0,30.333333333333332,0.0,1.0,1.0,1.0,3.0,3.0,1
V1365,E-Bike,21,44,2.0,85500.0,42750.0,28.5,0.0,1.0,1.0,1.0,2.0,2.0,1
V1366,E-Bike,15,50,4.0,144000.0,36000.0,24.0,0.0,1.0,1.0,1.0,4.0,3.0,1
V1367,E-Bike,38,76,5.0,174000.0,34800.0,23.2,1.0,3.0,2.0,1.0,4.0,3.0,1
V1368,E-Bike,28,73,5.0,162000.0,32400.0,21.6,3.0,2.0,0.0,0.0,4.0,4.0,1
V1369,E-Bike,27,53,3.0,160500.0,53500.0,35.666666666666664,1.0,1.0,1.0,0.0,3.0,2.0,1
V1370,E-Bike,27,89,4.0,159000.0,39750.0,26.5,2.0,3.0,0.0,0.0,4.0,4.0,1
V1371,E-Bike,34,86,3.0,132000.0,44000.0,29.333333333333332,2.0,1.0,0.0,0.0,2.0,2.0,1
V1372,E-Bike,36,43,5.0,175500.0,35100.0,23.4,2.0,0.0,1.0,1.0,5.0,4.0,1
V1373,E-Bike,38,38,3.0,145500.0,48500.0,32.333333333333336,2.0,0.0,1.0,0.0,3.0,3.0,1
V1374,E-Bike,14,65,5.0,160500.0,32100.0,21.4,2.0,1.0,2.0,2.0,4.0,4.0,1
V1375,E-Bike,19,77,0.0,0.0,0.0,0.0,0.0,0.0,0.0,0.0,0.0,0.0,1
V1376,E-Bike,30,65,2.0,57000.0,28500.0,19.0,0.0,0.0,0.0,0.0,2.0,2.0,1
V1377,E-Bike,49,36,2.0,48000.0,24000.0,16.0,0.0,1.0,0.0,0.0,2.0,2.0,1
V1378,E-Bike,62,79,2.0,78000.0,39000.0,26.0,1.0,0.0,0.0,0.0,2.0,2.0,1
V1379,E-Bike,32,86,1.0,43500.0,43500.0,29.0,1.0,0.0,0.0,0.0,1.0,1.0,1
V1380,E-Bike,75,72,1.0,37500.0,37500.0,25.0,0.0,0.0,1.0,1.0,1.0,1.0,1
V1381,E-Bike,43,34,3.0,96000.0,32000.0,21.333333333333332,1.0,0.0,0.0,0.0,2.0,3.0,1
V1382,E-Bike,95,79,5.0,151500.0,30300.0,20.2,2.0,1.0,2.0,1.0,5.0,5.0,1
V1383,E-Bike,74,73,4.0,100500.0,25125.0,16.75,2.0,2.0,0.0,0.0,3.0,4.0,1
V1384,E-Bike,14,45,4.0,195000.0,48750.0,32.5,1.0,2.0,0.0,0.0,4.0,4.0,1
V1385,E-Bike,35,76,1.0,21000.0,21000.0,14.0,0.0,0.0,0.0,0.0,1.0,1.0,1
V1386,E-Bike,31,57,4.0,135000.0,33750.0,22.5,0.0,2.0,2.0,1.0,4.0,4.0,1
V1387,E-Bike,20,30,2.0,72000.0,36000.0,24.0,2.0,0.0,0.0,0.0,2.0,2.0,0
V1388,E-Bike,58,35,1.0,51000.0,51000.0,34.0,1.0,0.0,0.0,0.0,1.0,1.0,1
V1389,E-Bike,57,30,4.0,193500.0,48375.0,32.25,2.0,1.0,0.0,0.0,4.0,3.0,0
V1390,E-Bike,51,50,2.0,72000.0,36000.0,24.0,1.0,1.0,0.0,0.0,2.0,2.0,1
V1391,E-Bike,46,32,5.0,147000.0,29400.0,19.6,2.0,3.0,1.0,0.0,3.0,4.0,1
V1392,E-Bike,43,89,5.0,132000.0,26400.0,17.6,3.0,1.0,0.0,0.0,4.0,4.0,1
V1393,E-Bike,63,76,2.0,75000.0,37500.0,25.0,1.0,1.0,0.0,0.0,2.0,2.0,1
V1394,E-Bike,39,64,2.0,46500.0,23250.0,15.5,1.0,2.0,1.0,0.0,2.0,2.0,1
V1395,E-Bike,80,70,4.0,183000.0,45750.0,30.5,4.0,2.0,1.0,0.0,4.0,2.0,1
V1396,E-Bike,19,36,0.0,0.0,0.0,0.0,0.0,0.0,0.0,0.0,0.0,0.0,1
V1397,E-Bike,62,58,3.0,91500.0,30500.0,20.333333333333332,0.0,1.0,2.0,1.0,2.0,2.0,1
V1398,E-Bike,76,48,1.0,63000.0,63000.0,42.0,1.0,0.0,0.0,0.0,1.0,1.0,1
V1399,E-Bike,80,71,2.0,88500.0,44250.0,29.5,1.0,1.0,0.0,0.0,2.0,2.0,1
V1400,E-Bike,85,45,2.0,66000.0,33000.0,22.0,1.0,0.0,0.0,0.0,1.0,2.0,1
V1401,E-Bike,29,39,5.0,150000.0,30000.0,20.0,2.0,0.0,0.0,0.0,4.0,5.0,1
V1402,E-Bike,12,64,4.0,93000.0,23250.0,15.5,2.0,0.0,0.0,0.0,3.0,4.0,1
V1403,E-Bike,97,67,3.0,100500.0,33500.0,22.333333333333332,1.0,0.0,2.0,1.0,2.0,2.0,1
V1404,E-Bike,22,70,5.0,180000.0,36000.0,24.0,2.0,1.0,0.0,0.0,4.0,5.0,1
V1405,E-Bike,73,35,4.0,159000.0,39750.0,26.5,2.0,2.0,0.0,0.0,3.0,4.0,1
V1406,E-Bike,94,82,6.0,270000.0,45000.0,30.0,2.0,3.0,1.0,1.0,5.0,3.0,1
V1407,E-Bike,83,79,7.0,232500.0,33214.28571428572,22.142857142857142,2.0,0.0,1.0,0.0,6.0,5.0,1
V1408,E-Bike,95,74,4.0,177000.0,44250.0,29.5,1.0,2.0,1.0,1.0,3.0,3.0,1
V1409,E-Bike,37,39,3.0,96000.0,32000.0,21.333333333333332,1.0,0.0,1.0,1.0,2.0,3.0,1
V1410,E-Bike,27,56,7.0,201000.0,28714.285714285714,19.142857142857142,2.0,4.0,3.0,3.0,5.0,6.0,1
V1411,E-Bike,15,61,6.0,255000.0,42500.0,28.333333333333332,1.0,2.0,2.0,0.0,4.0,4.0,1
V1412,E-Bike,53,73,4.0,180000.0,45000.0,30.0,3.0,0.0,1.0,1.0,3.0,3.0,1
V1413,E-Bike,52,52,2.0,129000.0,64500.0,43.0,1.0,0.0,0.0,0.0,2.0,2.0,1
V1414,E-Bike,57,35,2.0,60000.0,30000.0,20.0,1.0,1.0,0.0,0.0,2.0,2.0,1
V1415,E-Bike,71,64,2.0,82500.0,41250.0,27.5,1.0,0.0,0.0,0.0,2.0,1.0,1
V1416,E-Bike,38,81,3.0,117000.0,39000.0,26.0,1.0,2.0,0.0,0.0,2.0,3.0,1
V1417,E-Bike,69,58,9.0,279000.0,31000.0,20.666666666666668,6.0,4.0,3.0,1.0,6.0,6.0,1
V1418,E-Bike,15,77,6.0,291000.0,48500.0,32.333333333333336,3.0,0.0,2.0,1.0,6.0,4.0,1
V1419,E-Bike,26,87,3.0,160500.0,53500.0,35.666666666666664,2.0,2.0,1.0,1.0,3.0,3.0,1
V1420,E-Bike,68,68,4.0,142500.0,35625.0,23.75,1.0,2.0,1.0,0.0,2.0,4.0,1
V1421,E-Bike,42,34,3.0,157500.0,52500.0,35.0,1.0,0.0,0.0,0.0,3.0,3.0,1
V1422,E-Bike,64,61,3.0,148500.0,49500.0,33.0,1.0,0.0,1.0,0.0,3.0,3.0,1
V1423,E-Bike,45,81,2.0,94500.0,47250.0,31.5,1.0,0.0,0.0,0.0,2.0,2.0,1
V1424,E-Bike,65,33,3.0,37500.0,12500.0,8.333333333333334,2.0,1.0,1.0,0.0,3.0,3.0,1
V1425,E-Bike,34,81,4.0,174000.0,43500.0,29.0,3.0,1.0,2.0,1.0,3.0,4.0,1
V1426,E-Bike,60,47,1.0,64500.0,64500.0,43.0,1.0,0.0,0.0,0.0,1.0,1.0,1
V1427,E-Bike,40,80,5.0,244500.0,48900.0,32.6,1.0,3.0,0.0,0.0,3.0,4.0,1
V1428,E-Bike,81,82,4.0,181500.0,45375.0,30.25,0.0,1.0,0.0,0.0,4.0,3.0,1
V1429,E-Bike,60,75,6.0,229500.0,38250.0,25.5,4.0,3.0,1.0,0.0,4.0,3.0,1
V1430,E-Bike,81,66,2.0,33000.0,16500.0,11.0,1.0,0.0,1.0,1.0,2.0,2.0,1
V1431,E-Bike,87,30,5.0,199500.0,39900.0,26.6,5.0,1.0,1.0,0.0,4.0,4.0,0
V1432,E-Bike,29,49,3.0,94500.0,31500.0,21.0,0.0,1.0,0.0,0.0,3.0,3.0,1
V1433,E-Bike,74,74,3.0,163500.0,54500.0,36.333333333333336,1.0,0.0,1.0,0.0,3.0,3.0,1
V1434,E-Bike,53,33,2.0,97500.0,48750.0,32.5,1.0,1.0,1.0,1.0,2.0,2.0,1
V1435,E-Bike,19,70,6.0,223500.0,37250.0,24.833333333333332,4.0,1.0,2.0,2.0,4.0,4.0,1
V1436,E-Bike,78,60,5.0,184500.0,36900.0,24.6,1.0,2.0,1.0,0.0,4.0,2.0,1
V1437,E-Bike,22,69,2.0,42000.0,21000.0,14.0,2.0,0.0,1.0,0.0,1.0,2.0,1
V1438,E-Bike,36,35,2.0,51000.0,25500.0,17.0,0.0,0.0,1.0,1.0,2.0,2.0,1
V1439,E-Bike,61,69,6.0,229500.0,38250.0,25.5,4.0,4.0,0.0,0.0,5.0,6.0,1
V1440,E-Bike,54,72,3.0,111000.0,37000.0,24.666666666666668,3.0,1.0,0.0,0.0,3.0,3.0,1
V1441,E-Bike,93,60,5.0,232500.0,46500.0,31.0,2.0,1.0,2.0,2.0,4.0,5.0,1
V1442,E-Bike,45,30,6.0,346500.0,57750.0,38.5,3.0,2.0,0.0,0.0,5.0,5.0,0
V1443,E-Bike,25,33,5.0,193500.0,38700.0,25.8,3.0,3.0,0.0,0.0,5.0,3.0,1
V1444,E-Bike,56,43,7.0,304500.0,43500.0,29.0,4.0,0.0,3.0,2.0,6.0,5.0,1
V1445,E-Bike,30,74,1.0,48000.0,48000.0,32.0,1.0,1.0,1.0,1.0,1.0,1.0,1
V1446,E-Bike,30,62,6.0,202500.0,33750.0,22.5,3.0,0.0,2.0,0.0,2.0,6.0,1
V1447,E-Bike,18,74,3.0,151500.0,50500.0,33.666666666666664,0.0,0.0,0.0,0.0,3.0,3.0,1
V1448,E-Bike,100,64,3.0,81000.0,27000.0,18.0,1.0,0.0,2.0,1.0,2.0,2.0,1
V1449,E-Bike,64,63,4.0,123000.0,30750.0,20.5,3.0,2.0,0.0,0.0,4.0,3.0,1
V1450,E-Bike,11,63,3.0,141000.0,47000.0,31.333333333333332,2.0,1.0,0.0,0.0,2.0,3.0,1
V1451,E-Bike,58,31,3.0,76500.0,25500.0,17.0,1.0,0.0,0.0,0.0,3.0,1.0,1
V1452,E-Bike,73,62,5.0,106500.0,21300.0,14.2,1.0,0.0,1.0,0.0,5.0,3.0,1
V1453,E-Bike,51,39,3.0,132000.0,44000.0,29.333333333333332,1.0,2.0,1.0,0.0,3.0,2.0,1
V1454,E-Bike,50,63,3.0,75000.0,25000.0,16.666666666666668,0.0,0.0,1.0,1.0,3.0,2.0,1
V1455,E-Bike,60,58,3.0,129000.0,43000.0,28.666666666666668,1.0,1.0,1.0,1.0,3.0,3.0,1
V1456,E-Bike,75,52,2.0,70500.0,35250.0,23.5,0.0,1.0,0.0,0.0,2.0,2.0,1
V1457,E-Bike,51,49,3.0,114000.0,38000.0,25.333333333333332,1.0,1.0,2.0,1.0,3.0,3.0,1
V1458,E-Bike,97,38,3.0,99000.0,33000.0,22.0,1.0,1.0,1.0,1.0,3.0,3.0,1
V1459,E-Bike,37,32,1.0,66000.0,66000.0,44.0,1.0,1.0,0.0,0.0,1.0,1.0,1
V1460,E-Bike,15,79,6.0,213000.0,35500.0,23.666666666666668,3.0,1.0,2.0,2.0,5.0,5.0,1
V1461,E-Bike,68,89,2.0,73500.0,36750.0,24.5,1.0,0.0,0.0,0.0,2.0,1.0,1
V1462,E-Bike,39,72,2.0,51000.0,25500.0,17.0,1.0,1.0,0.0,0.0,2.0,2.0,1
V1463,E-Bike,62,63,2.0,111000.0,55500.0,37.0,1.0,1.0,1.0,1.0,2.0,2.0,1
V1464,E-Bike,24,42,2.0,93000.0,46500.0,31.0,0.0,0.0,0.0,0.0,2.0,2.0,1
V1465,E-Bike,68,61,4.0,163500.0,40875.0,27.25,4.0,2.0,1.0,0.0,3.0,4.0,1
V1466,E-Bike,86,34,4.0,168000.0,42000.0,28.0,2.0,2.0,0.0,0.0,3.0,4.0,1
V1467,E-Bike,23,85,2.0,87000.0,43500.0,29.0,1.0,0.0,1.0,0.0,2.0,2.0,1
V1468,E-Bike,79,73,2.0,109500.0,54750.0,36.5,1.0,1.0,0.0,0.0,2.0,2.0,1
V1469,E-Bike,69,90,4.0,88500.0,22125.0,14.75,1.0,1.0,1.0,1.0,3.0,3.0,1
V1470,E-Bike,42,61,5.0,217500.0,43500.0,29.0,2.0,1.0,0.0,0.0,4.0,4.0,1
V1471,E-Bike,68,62,1.0,13500.0,13500.0,9.0,0.0,1.0,1.0,1.0,1.0,1.0,1
V1472,E-Bike,81,71,0.0,0.0,0.0,0.0,0.0,0.0,0.0,0.0,0.0,0.0,1
V1473,E-Bike,96,38,4.0,118500.0,29625.0,19.75,2.0,1.0,0.0,0.0,4.0,3.0,1
V1474,E-Bike,55,30,2.0,117000.0,58500.0,39.0,1.0,2.0,0.0,0.0,2.0,1.0,0
V1475,E-Bike,54,82,6.0,144000.0,24000.0,16.0,1.0,1.0,0.0,0.0,3.0,4.0,1
V1476,E-Bike,35,61,6.0,241500.0,40250.0,26.833333333333332,2.0,2.0,1.0,0.0,4.0,4.0,1
V1477,E-Bike,68,41,0.0,0.0,0.0,0.0,0.0,0.0,0.0,0.0,0.0,0.0,1
V1478,E-Bike,40,65,3.0,108000.0,36000.0,24.0,1.0,1.0,0.0,0.0,3.0,2.0,1
V1479,E-Bike,30,56,3.0,124500.0,41500.0,27.666666666666668,2.0,0.0,0.0,0.0,3.0,2.0,1
V1480,E-Bike,94,57,6.0,298500.0,49750.0,33.166666666666664,1.0,2.0,1.0,0.0,6.0,6.0,1
V1481,E-Bike,88,69,0.0,0.0,0.0,0.0,0.0,0.0,0.0,0.0,0.0,0.0,1
V1482,E-Bike,76,88,6.0,213000.0,35500.0,23.666666666666668,2.0,1.0,0.0,0.0,3.0,4.0,1
V1483,E-Bike,13,51,2.0,52500.0,26250.0,17.5,0.0,0.0,0.0,0.0,2.0,2.0,1
V1484,E-Bike,68,70,3.0,163500.0,54500.0,36.333333333333336,1.0,1.0,0.0,0.0,3.0,3.0,1
V1485,E-Bike,47,40,1.0,46500.0,46500.0,31.0,0.0,0.0,0.0,0.0,1.0,1.0,1
V1486,E-Bike,44,58,3.0,82500.0,27500.0,18.333333333333332,2.0,0.0,0.0,0.0,3.0,2.0,1
V1487,E-Bike,85,69,5.0,277500.0,55500.0,37.0,4.0,3.0,1.0,0.0,4.0,4.0,1
V1488,E-Bike,71,41,1.0,42000.0,42000.0,28.0,0.0,0.0,0.0,0.0,1.0,1.0,1
V1489,E-Bike,27,61,3.0,126000.0,42000.0,28.0,1.0,0.0,0.0,0.0,3.0,2.0,1
V1490,E-Bike,18,69,0.0,0.0,0.0,0.0,0.0,0.0,0.0,0.0,0.0,0.0,1
V1491,E-Bike,38,86,2.0,126000.0,63000.0,42.0,0.0,2.0,0.0,0.0,1.0,2.0,1
V1492,E-Bike,80,47,5.0,162000.0,32400.0,21.6,3.0,3.0,1.0,1.0,4.0,5.0,1
V1493,E-Bike,75,43,1.0,25500.0,25500.0,17.0,0.0,1.0,0.0,0.0,1.0,1.0,1
V1494,E-Bike,100,75,2.0,91500.0,45750.0,30.5,2.0,0.0,0.0,0.0,2.0,2.0,1
V1495,E-Bike,72,89,3.0,72000.0,24000.0,16.0,2.0,0.0,0.0,0.0,3.0,3.0,1
V1496,E-Bike,64,72,4.0,96000.0,24000.0,16.0,1.0,3.0,0.0,0.0,4.0,3.0,1
V1497,E-Bike,80,84,2.0,34500.0,17250.0,11.5,2.0,0.0,0.0,0.0,2.0,2.0,1
V1498,E-Bike,78,42,3.0,88500.0,29500.0,19.666666666666668,2.0,1.0,1.0,1.0,3.0,3.0,1
V1499,E-Bike,23,84,4.0,189000.0,47250.0,31.5,1.0,1.0,1.0,1.0,4.0,3.0,1
V1500,E-Bike,65,79,1.0,63000.0,63000.0,42.0,1.0,0.0,1.0,1.0,1.0,1.0,1
V1501,E-Bike,68,77,2.0,58500.0,29250.0,19.5,1.0,0.0,0.0,0.0,2.0,2.0,1
V1502,E-Bike,16,42,3.0,58500.0,19500.0,13.0,0.0,1.0,1.0,1.0,2.0,2.0,1
V1503,E-Bike,92,42,2.0,18000.0,9000.0,6.0,0.0,0.0,0.0,0.0,2.0,2.0,1
V1504,E-Bike,59,87,6.0,151500.0,25250.0,16.833333333333332,5.0,1.0,0.0,0.0,5.0,3.0,1
V1505,E-Bike,84,46,1.0,9000.0,9000.0,6.0,0.0,1.0,0.0,0.0,1.0,1.0,1
V1506,E-Bike,35,33,2.0,40500.0,20250.0,13.5,2.0,2.0,0.0,0.0,2.0,2.0,1
V1507,E-Bike,17,66,3.0,136500.0,45500.0,30.333333333333332,2.0,1.0,1.0,0.0,3.0,3.0,1
V1508,E-Bike,55,40,3.0,144000.0,48000.0,32.0,2.0,0.0,0.0,0.0,3.0,3.0,1
V1509,E-Bike,17,66,3.0,144000.0,48000.0,32.0,2.0,1.0,0.0,0.0,2.0,3.0,1
V1510,E-Bike,16,55,4.0,105000.0,26250.0,17.5,2.0,1.0,1.0,1.0,4.0,3.0,1
V1511,E-Bike,28,83,5.0,255000.0,51000.0,34.0,2.0,3.0,0.0,0.0,5.0,4.0,1
V1512,E-Bike,49,40,3.0,103500.0,34500.0,23.0,1.0,0.0,2.0,2.0,2.0,3.0,1
V1513,E-Bike,46,73,2.0,52500.0,26250.0,17.5,2.0,0.0,1.0,0.0,2.0,2.0,1
V1514,E-Bike,44,72,4.0,148500.0,37125.0,24.75,2.0,1.0,0.0,0.0,4.0,3.0,1
V1515,E-Bike,30,34,5.0,186000.0,37200.0,24.8,2.0,3.0,2.0,1.0,4.0,2.0,1
V1516,E-Bike,76,57,2.0,72000.0,36000.0,24.0,0.0,0.0,0.0,0.0,2.0,2.0,1
V1517,E-Bike,31,89,4.0,163500.0,40875.0,27.25,2.0,1.0,0.0,0.0,4.0,3.0,1
V1518,E-Bike,10,63,4.0,153000.0,38250.0,25.5,1.0,1.0,2.0,2.0,2.0,3.0,1
V1519,E-Bike,33,68,3.0,81000.0,27000.0,18.0,2.0,2.0,0.0,0.0,2.0,3.0,1
V1520,E-Bike,100,37,3.0,78000.0,26000.0,17.333333333333332,3.0,2.0,0.0,0.0,3.0,2.0,1
V1521,E-Bike,32,33,2.0,126000.0,63000.0,42.0,1.0,1.0,0.0,0.0,2.0,2.0,1
V1522,E-Bike,96,89,4.0,196500.0,49125.0,32.75,3.0,0.0,0.0,0.0,3.0,4.0,1
V1523,E-Bike,20,41,7.0,304500.0,43500.0,29.0,0.0,2.0,3.0,2.0,5.0,5.0,1
V1524,E-Bike,13,52,1.0,42000.0,42000.0,28.0,0.0,1.0,0.0,0.0,1.0,1.0,1
V1525,E-Bike,49,90,1.0,10500.0,10500.0,7.0,1.0,0.0,1.0,1.0,1.0,1.0,1
V1526,E-Bike,43,54,3.0,120000.0,40000.0,26.666666666666668,0.0,1.0,1.0,1.0,3.0,3.0,1
V1527,E-Bike,60,31,2.0,66000.0,33000.0,22.0,1.0,0.0,0.0,0.0,2.0,2.0,1
V1528,E-Bike,53,45,4.0,196500.0,49125.0,32.75,2.0,1.0,0.0,0.0,3.0,4.0,1
V1529,E-Bike,42,52,1.0,10500.0,10500.0,7.0,0.0,0.0,0.0,0.0,1.0,1.0,1
V1530,E-Bike,42,69,0.0,0.0,0.0,0.0,0.0,0.0,0.0,0.0,0.0,0.0,1
V1531,E-Bike,31,61,7.0,292500.0,41785.71428571428,27.857142857142858,3.0,2.0,0.0,0.0,5.0,4.0,1
V1532,E-Bike,42,50,2.0,63000.0,31500.0,21.0,0.0,0.0,1.0,1.0,2.0,2.0,1
V1533,E-Bike,28,52,3.0,148500.0,49500.0,33.0,2.0,0.0,1.0,0.0,2.0,3.0,1
V1534,E-Bike,28,53,8.0,301500.0,37687.5,25.125,5.0,4.0,3.0,3.0,5.0,5.0,1
V1535,E-Bike,98,88,2.0,64500.0,32250.0,21.5,0.0,2.0,0.0,0.0,2.0,2.0,1
V1536,E-Bike,94,61,4.0,115500.0,28875.0,19.25,2.0,1.0,0.0,0.0,3.0,4.0,1
V1537,E-Bike,16,70,3.0,111000.0,37000.0,24.666666666666668,3.0,1.0,1.0,1.0,3.0,3.0,1
V1538,E-Bike,82,42,2.0,43500.0,21750.0,14.5,1.0,1.0,2.0,2.0,2.0,2.0,1
V1539,E-Bike,97,42,2.0,73500.0,36750.0,24.5,1.0,0.0,1.0,1.0,2.0,2.0,1
V1540,E-Bike,88,58,3.0,108000.0,36000.0,24.0,3.0,0.0,1.0,1.0,2.0,2.0,1
V1541,E-Bike,85,86,2.0,48000.0,24000.0,16.0,1.0,2.0,1.0,1.0,1.0,2.0,1
V1542,E-Bike,25,90,5.0,172500.0,34500.0,23.0,2.0,0.0,1.0,1.0,4.0,4.0,1
V1543,E-Bike,85,72,3.0,142500.0,47500.0,31.666666666666668,1.0,2.0,1.0,1.0,3.0,2.0,1
V1544,E-Bike,13,49,4.0,162000.0,40500.0,27.0,1.0,1.0,1.0,0.0,4.0,3.0,1
V1545,E-Bike,14,32,5.0,187500.0,37500.0,25.0,0.0,3.0,0.0,0.0,4.0,4.0,1
V1546,E-Bike,75,57,0.0,0.0,0.0,0.0,0.0,0.0,0.0,0.0,0.0,0.0,1
V1547,E-Bike,99,33,2.0,52500.0,26250.0,17.5,0.0,1.0,0.0,0.0,2.0,2.0,1
V1548,E-Bike,41,85,0.0,0.0,0.0,0.0,0.0,0.0,0.0,0.0,0.0,0.0,1
V1549,E-Bike,16,42,4.0,192000.0,48000.0,32.0,2.0,2.0,2.0,1.0,3.0,3.0,1
V1550,E-Bike,57,90,4.0,184500.0,46125.0,30.75,2.0,1.0,2.0,1.0,3.0,4.0,1
V1551,E-Bike,88,80,7.0,361500.0,51642.857142857145,34.42857142857143,4.0,1.0,1.0,0.0,6.0,6.0,1
V1552,E-Bike,40,59,5.0,175500.0,35100.0,23.4,2.0,2.0,2.0,2.0,5.0,3.0,1
V1553,E-Bike,19,69,2.0,67500.0,33750.0,22.5,2.0,1.0,0.0,0.0,2.0,2.0,1
V1554,E-Bike,46,86,5.0,220500.0,44100.0,29.4,2.0,3.0,0.0,0.0,4.0,4.0,1
V1555,E-Bike,67,84,3.0,118500.0,39500.0,26.333333333333332,1.0,1.0,1.0,0.0,3.0,3.0,1
V1556,E-Bike,70,78,4.0,144000.0,36000.0,24.0,1.0,1.0,3.0,2.0,3.0,3.0,1
V1557,E-Bike,100,72,4.0,159000.0,39750.0,26.5,2.0,1.0,2.0,0.0,3.0,3.0,1
V1558,E-Bike,50,50,2.0,61500.0,30750.0,20.5,0.0,0.0,0.0,0.0,2.0,2.0,1
V1559,E-Bike,85,30,2.0,51000.0,25500.0,17.0,0.0,0.0,1.0,1.0,2.0,2.0,0
V1560,E-Bike,52,69,3.0,91500.0,30500.0,20.333333333333332,2.0,0.0,0.0,0.0,3.0,3.0,1
V1561,E-Bike,79,36,0.0,0.0,0.0,0.0,0.0,0.0,0.0,0.0,0.0,0.0,1
V1562,E-Bike,66,89,3.0,163500.0,54500.0,36.333333333333336,2.0,2.0,0.0,0.0,3.0,2.0,1
V1563,E-Bike,83,67,2.0,19500.0,9750.0,6.5,1.0,0.0,0.0,0.0,2.0,2.0,1
V1564,E-Bike,76,76,5.0,144000.0,28800.0,19.2,3.0,2.0,3.0,2.0,3.0,3.0,1
V1565,E-Bike,93,74,5.0,213000.0,42600.0,28.4,0.0,2.0,1.0,0.0,5.0,5.0,1
V1566,E-Bike,47,53,5.0,151500.0,30300.0,20.2,2.0,2.0,1.0,0.0,5.0,4.0,1
V1567,E-Bike,52,34,4.0,139500.0,34875.0,23.25,2.0,1.0,2.0,1.0,4.0,3.0,1
V1568,E-Bike,18,54,2.0,45000.0,22500.0,15.0,1.0,0.0,0.0,0.0,2.0,1.0,1
V1569,E-Bike,63,76,3.0,69000.0,23000.0,15.333333333333334,1.0,0.0,2.0,2.0,2.0,3.0,1
V1570,E-Bike,47,56,2.0,60000.0,30000.0,20.0,0.0,2.0,0.0,0.0,2.0,2.0,1
V1571,E-Bike,33,86,4.0,114000.0,28500.0,19.0,4.0,1.0,1.0,1.0,3.0,3.0,1
V1572,E-Bike,45,35,2.0,121500.0,60750.0,40.5,1.0,0.0,2.0,2.0,2.0,2.0,1
V1573,E-Bike,17,60,5.0,150000.0,30000.0,20.0,1.0,2.0,0.0,0.0,4.0,3.0,1
V1574,E-Bike,100,49,2.0,103500.0,51750.0,34.5,1.0,0.0,1.0,1.0,2.0,2.0,1
V1575,E-Bike,29,88,3.0,118500.0,39500.0,26.333333333333332,0.0,1.0,2.0,2.0,2.0,2.0,1
V1576,E-Bike,61,44,4.0,88500.0,22125.0,14.75,2.0,0.0,0.0,0.0,4.0,3.0,1
V1577,E-Bike,98,70,2.0,118500.0,59250.0,39.5,0.0,0.0,0.0,0.0,2.0,2.0,1
V1578,E-Bike,89,54,3.0,126000.0,42000.0,28.0,1.0,2.0,1.0,1.0,3.0,3.0,1
V1579,E-Bike,53,83,0.0,0.0,0.0,0.0,0.0,0.0,0.0,0.0,0.0,0.0,1
V1580,E-Bike,86,80,4.0,168000.0,42000.0,28.0,2.0,2.0,0.0,0.0,4.0,4.0,1
V1581,E-Bike,27,45,3.0,73500.0,24500.0,16.333333333333332,1.0,1.0,0.0,0.0,3.0,3.0,1
V1582,E-Bike,68,38,5.0,178500.0,35700.0,23.8,3.0,1.0,2.0,1.0,5.0,4.0,1
V1583,E-Bike,69,67,1.0,30000.0,30000.0,20.0,0.0,0.0,0.0,0.0,1.0,1.0,1
V1584,E-Bike,42,71,1.0,7500.0,7500.0,5.0,0.0,0.0,1.0,1.0,1.0,1.0,1
V1585,E-Bike,47,72,2.0,85500.0,42750.0,28.5,0.0,0.0,0.0,0.0,2.0,2.0,1
V1586,E-Bike,91,68,5.0,208500.0,41700.0,27.8,1.0,1.0,0.0,0.0,4.0,4.0,1
V1587,E-Bike,43,46,1.0,37500.0,37500.0,25.0,0.0,0.0,0.0,0.0,1.0,1.0,1
V1588,E-Bike,51,66,4.0,109500.0,27375.0,18.25,1.0,1.0,2.0,2.0,4.0,3.0,1
V1589,E-Bike,21,48,1.0,51000.0,51000.0,34.0,0.0,1.0,0.0,0.0,1.0,1.0,1
V1590,E-Bike,65,70,3.0,93000.0,31000.0,20.666666666666668,2.0,0.0,1.0,0.0,2.0,3.0,1
V1591,E-Bike,22,48,2.0,76500.0,38250.0,25.5,0.0,0.0,1.0,1.0,2.0,2.0,1
V1592,E-Bike,39,55,3.0,133500.0,44500.0,29.666666666666668,2.0,0.0,2.0,0.0,2.0,3.0,1
V1593,E-Bike,66,46,3.0,136500.0,45500.0,30.333333333333332,1.0,1.0,0.0,0.0,3.0,2.0,1
V1594,E-Bike,77,52,3.0,55500.0,18500.0,12.333333333333334,0.0,0.0,1.0,0.0,2.0,3.0,1
V1595,E-Bike,30,73,3.0,124500.0,41500.0,27.666666666666668,1.0,1.0,0.0,0.0,3.0,3.0,1
V1596,E-Bike,17,74,2.0,93000.0,46500.0,31.0,0.0,1.0,1.0,1.0,1.0,2.0,1
V1597,E-Bike,46,89,2.0,66000.0,33000.0,22.0,1.0,1.0,2.0,2.0,2.0,2.0,1
V1598,E-Bike,47,72,3.0,58500.0,19500.0,13.0,1.0,2.0,1.0,0.0,3.0,2.0,1
V1599,E-Bike,82,55,1.0,66000.0,66000.0,44.0,0.0,0.0,0.0,0.0,1.0,1.0,1
V1600,E-Bike,65,69,4.0,213000.0,53250.0,35.5,1.0,0.0,1.0,0.0,4.0,3.0,1
V1601,E-Bike,87,84,1.0,7500.0,7500.0,5.0,1.0,1.0,0.0,0.0,1.0,1.0,1
V1602,E-Bike,26,31,2.0,66000.0,33000.0,22.0,2.0,1.0,0.0,0.0,2.0,2.0,1
V1603,E-Bike,30,40,1.0,49500.0,49500.0,33.0,0.0,0.0,0.0,0.0,1.0,1.0,1
V1604,E-Bike,36,83,3.0,112500.0,37500.0,25.0,0.0,1.0,0.0,0.0,2.0,2.0,1
V1605,E-Bike,40,53,2.0,25500.0,12750.0,8.5,0.0,1.0,0.0,0.0,2.0,2.0,1
V1606,E-Bike,73,51,4.0,139500.0,34875.0,23.25,1.0,2.0,0.0,0.0,4.0,2.0,1
V1607,E-Bike,98,58,3.0,81000.0,27000.0,18.0,3.0,1.0,0.0,0.0,3.0,3.0,1
V1608,E-Bike,83,32,3.0,127500.0,42500.0,28.333333333333332,1.0,0.0,1.0,1.0,2.0,3.0,1
V1609,E-Bike,67,88,1.0,24000.0,24000.0,16.0,0.0,0.0,0.0,0.0,1.0,1.0,1
V1610,E-Bike,67,45,1.0,54000.0,54000.0,36.0,1.0,0.0,0.0,0.0,1.0,1.0,1
V1611,E-Bike,62,61,5.0,190500.0,38100.0,25.4,2.0,0.0,4.0,2.0,4.0,5.0,1
V1612,E-Bike,82,35,1.0,13500.0,13500.0,9.0,0.0,0.0,0.0,0.0,1.0,1.0,1
V1613,E-Bike,72,65,6.0,241500.0,40250.0,26.833333333333332,1.0,1.0,2.0,1.0,5.0,4.0,1
V1614,E-Bike,81,30,4.0,136500.0,34125.0,22.75,2.0,1.0,1.0,1.0,3.0,3.0,0
V1615,E-Bike,29,57,3.0,144000.0,48000.0,32.0,0.0,1.0,1.0,1.0,3.0,1.0,1
V1616,E-Bike,65,70,4.0,93000.0,23250.0,15.5,3.0,1.0,1.0,1.0,4.0,4.0,1
V1617,E-Bike,21,36,4.0,183000.0,45750.0,30.5,2.0,1.0,1.0,0.0,4.0,3.0,1
V1618,E-Bike,34,84,3.0,127500.0,42500.0,28.333333333333332,3.0,0.0,1.0,0.0,3.0,3.0,1
V1619,E-Bike,48,71,2.0,70500.0,35250.0,23.5,2.0,0.0,0.0,0.0,2.0,2.0,1
V1620,E-Bike,29,38,6.0,187500.0,31250.0,20.833333333333332,2.0,4.0,0.0,0.0,3.0,5.0,1
V1621,E-Bike,61,59,6.0,133500.0,22250.0,14.833333333333334,6.0,1.0,3.0,1.0,3.0,6.0,1
V1622,E-Bike,93,68,7.0,208500.0,29785.714285714286,19.857142857142858,5.0,3.0,1.0,1.0,4.0,5.0,1
V1623,E-Bike,13,81,2.0,82500.0,41250.0,27.5,0.0,0.0,0.0,0.0,2.0,1.0,1
V1624,E-Bike,13,72,2.0,82500.0,41250.0,27.5,2.0,0.0,0.0,0.0,2.0,2.0,1
V1625,E-Bike,98,44,2.0,49500.0,24750.0,16.5,2.0,1.0,0.0,0.0,2.0,2.0,1
V1626,E-Bike,50,36,6.0,262500.0,43750.0,29.166666666666668,4.0,2.0,0.0,0.0,4.0,3.0,1
V1627,E-Bike,99,40,3.0,64500.0,21500.0,14.333333333333334,1.0,1.0,2.0,2.0,3.0,2.0,1
V1628,E-Bike,45,49,2.0,106500.0,53250.0,35.5,1.0,1.0,1.0,1.0,2.0,2.0,1
V1629,E-Bike,56,35,6.0,181500.0,30250.0,20.166666666666668,3.0,2.0,1.0,0.0,4.0,5.0,1
V1630,E-Bike,96,90,4.0,180000.0,45000.0,30.0,4.0,0.0,0.0,0.0,3.0,4.0,1
V1631,E-Bike,34,49,2.0,25500.0,12750.0,8.5,2.0,0.0,0.0,0.0,2.0,2.0,1
V1632,E-Bike,44,77,1.0,24000.0,24000.0,16.0,0.0,1.0,0.0,0.0,1.0,1.0,1
V1633,E-Bike,68,87,6.0,210000.0,35000.0,23.333333333333332,5.0,2.0,3.0,2.0,5.0,6.0,1
V1634,E-Bike,61,67,4.0,172500.0,43125.0,28.75,1.0,3.0,1.0,1.0,4.0,3.0,1
V1635,E-Bike,13,88,4.0,118500.0,29625.0,19.75,1.0,1.0,3.0,3.0,3.0,3.0,1
V1636,E-Bike,39,65,5.0,228000.0,45600.0,30.4,1.0,0.0,4.0,2.0,4.0,3.0,1
V1637,E-Bike,81,62,1.0,52500.0,52500.0,35.0,0.0,0.0,0.0,0.0,1.0,1.0,1
V1638,E-Bike,32,87,3.0,76500.0,25500.0,17.0,0.0,1.0,0.0,0.0,3.0,3.0,1
V1639,E-Bike,37,81,3.0,135000.0,45000.0,30.0,2.0,0.0,0.0,0.0,2.0,3.0,1
V1640,E-Bike,59,56,3.0,97500.0,32500.0,21.666666666666668,2.0,1.0,0.0,0.0,3.0,3.0,1
V1641,E-Bike,67,37,8.0,301500.0,37687.5,25.125,3.0,3.0,0.0,0.0,4.0,5.0,1
V1642,E-Bike,100,61,4.0,126000.0,31500.0,21.0,2.0,1.0,1.0,0.0,4.0,3.0,1
V1643,E-Bike,36,64,2.0,81000.0,40500.0,27.0,1.0,0.0,0.0,0.0,2.0,2.0,1
V1644,E-Bike,26,34,8.0,253500.0,31687.5,21.125,3.0,4.0,3.0,2.0,5.0,5.0,1
V1645,E-Bike,94,82,3.0,126000.0,42000.0,28.0,2.0,2.0,2.0,2.0,3.0,3.0,1
V1646,E-Bike,78,47,2.0,121500.0,60750.0,40.5,2.0,1.0,0.0,0.0,2.0,1.0,1
V1647,E-Bike,90,41,1.0,36000.0,36000.0,24.0,1.0,0.0,0.0,0.0,1.0,1.0,1
V1648,E-Bike,45,55,3.0,105000.0,35000.0,23.333333333333332,2.0,2.0,0.0,0.0,2.0,2.0,1
V1649,E-Bike,13,64,3.0,102000.0,34000.0,22.666666666666668,2.0,0.0,1.0,1.0,3.0,2.0,1
V1650,E-Bike,96,84,2.0,114000.0,57000.0,38.0,2.0,2.0,1.0,1.0,2.0,1.0,1
V1651,E-Bike,45,67,0.0,0.0,0.0,0.0,0.0,0.0,0.0,0.0,0.0,0.0,1
V1652,E-Bike,78,55,2.0,91500.0,45750.0,30.5,1.0,1.0,0.0,0.0,2.0,2.0,1
V1653,E-Bike,27,68,1.0,64500.0,64500.0,43.0,0.0,1.0,0.0,0.0,1.0,1.0,1
V1654,E-Bike,73,37,3.0,81000.0,27000.0,18.0,1.0,1.0,1.0,0.0,2.0,3.0,1
V1655,E-Bike,80,33,2.0,43500.0,21750.0,14.5,0.0,0.0,0.0,0.0,1.0,2.0,1
V1656,E-Bike,47,51,2.0,61500.0,30750.0,20.5,1.0,0.0,0.0,0.0,1.0,2.0,1
V1657,E-Bike,37,75,3.0,69000.0,23000.0,15.333333333333334,2.0,1.0,1.0,0.0,2.0,3.0,1
V1658,E-Bike,97,57,3.0,112500.0,37500.0,25.0,0.0,0.0,0.0,0.0,3.0,2.0,1
V1659,E-Bike,79,58,6.0,147000.0,24500.0,16.333333333333332,4.0,2.0,0.0,0.0,5.0,4.0,1
V1660,E-Bike,18,52,3.0,130500.0,43500.0,29.0,2.0,1.0,2.0,1.0,3.0,2.0,1
V1661,E-Bike,37,64,5.0,214500.0,42900.0,28.6,4.0,2.0,0.0,0.0,4.0,4.0,1
V1662,E-Bike,86,41,4.0,126000.0,31500.0,21.0,2.0,0.0,0.0,0.0,4.0,4.0,1
V1663,E-Bike,11,66,1.0,28500.0,28500.0,19.0,0.0,0.0,0.0,0.0,1.0,1.0,1
V1664,E-Bike,43,65,8.0,316500.0,39562.5,26.375,6.0,3.0,2.0,2.0,4.0,4.0,1
V1665,E-Bike,70,53,2.0,100500.0,50250.0,33.5,1.0,1.0,0.0,0.0,2.0,2.0,1
V1666,E-Bike,98,90,2.0,109500.0,54750.0,36.5,0.0,0.0,1.0,0.0,2.0,2.0,1
V1667,E-Bike,98,50,3.0,124500.0,41500.0,27.666666666666668,0.0,1.0,1.0,1.0,3.0,3.0,1
V1668,E-Bike,53,87,4.0,157500.0,39375.0,26.25,3.0,1.0,0.0,0.0,3.0,4.0,1
V1669,E-Bike,43,52,4.0,127500.0,31875.0,21.25,3.0,2.0,0.0,0.0,3.0,3.0,1
V1670,E-Bike,88,36,2.0,34500.0,17250.0,11.5,1.0,1.0,2.0,2.0,2.0,2.0,1
V1671,E-Bike,84,72,3.0,133500.0,44500.0,29.666666666666668,3.0,0.0,0.0,0.0,3.0,3.0,1
V1672,E-Bike,13,43,1.0,15000.0,15000.0,10.0,0.0,0.0,0.0,0.0,1.0,1.0,1
V1673,E-Bike,56,37,4.0,159000.0,39750.0,26.5,2.0,1.0,0.0,0.0,3.0,3.0,1
V1674,E-Bike,80,56,2.0,106500.0,53250.0,35.5,1.0,1.0,0.0,0.0,2.0,2.0,1
V1675,E-Bike,49,74,0.0,0.0,0.0,0.0,0.0,0.0,0.0,0.0,0.0,0.0,1
V1676,E-Bike,31,44,5.0,238500.0,47700.0,31.8,2.0,4.0,1.0,0.0,4.0,5.0,1
V1677,E-Bike,82,51,1.0,9000.0,9000.0,6.0,0.0,0.0,0.0,0.0,1.0,1.0,1
V1678,E-Bike,75,51,4.0,130500.0,32625.0,21.75,3.0,1.0,1.0,1.0,3.0,3.0,1
V1679,E-Bike,18,72,7.0,280500.0,40071.42857142857,26.714285714285715,2.0,2.0,1.0,0.0,5.0,4.0,1
V1680,E-Bike,29,57,4.0,181500.0,45375.0,30.25,0.0,2.0,1.0,1.0,4.0,3.0,1
V1681,E-Bike,22,83,5.0,144000.0,28800.0,19.2,4.0,1.0,2.0,0.0,5.0,3.0,1
V1682,E-Bike,10,38,2.0,123000.0,61500.0,41.0,1.0,0.0,1.0,0.0,2.0,2.0,1
V1683,E-Bike,62,70,2.0,31500.0,15750.0,10.5,1.0,1.0,2.0,1.0,2.0,2.0,1
V1684,E-Bike,49,68,2.0,69000.0,34500.0,23.0,1.0,0.0,1.0,1.0,2.0,2.0,1
V1685,E-Bike,84,45,1.0,64500.0,64500.0,43.0,0.0,0.0,0.0,0.0,1.0,1.0,1
V1686,E-Bike,94,89,2.0,69000.0,34500.0,23.0,1.0,1.0,1.0,0.0,2.0,2.0,1
V1687,E-Bike,78,32,1.0,13500.0,13500.0,9.0,0.0,1.0,0.0,0.0,1.0,1.0,1
V1688,E-Bike,79,76,2.0,49500.0,24750.0,16.5,1.0,2.0,0.0,0.0,2.0,2.0,1
V1689,E-Bike,96,46,3.0,136500.0,45500.0,30.333333333333332,0.0,0.0,0.0,0.0,3.0,3.0,1
V1690,E-Bike,57,45,1.0,16500.0,16500.0,11.0,0.0,0.0,0.0,0.0,1.0,1.0,1
V1691,E-Bike,62,44,1.0,28500.0,28500.0,19.0,1.0,0.0,1.0,0.0,1.0,1.0,1
V1692,E-Bike,99,73,2.0,76500.0,38250.0,25.5,1.0,0.0,1.0,0.0,1.0,2.0,1
V1693,E-Bike,100,43,5.0,172500.0,34500.0,23.0,3.0,0.0,0.0,0.0,3.0,4.0,1
V1694,E-Bike,86,32,3.0,156000.0,52000.0,34.666666666666664,0.0,1.0,1.0,0.0,3.0,2.0,1
V1695,E-Bike,56,51,5.0,198000.0,39600.0,26.4,4.0,1.0,2.0,2.0,3.0,4.0,1
V1696,E-Bike,52,31,3.0,82500.0,27500.0,18.333333333333332,3.0,0.0,2.0,1.0,3.0,3.0,1
V1697,E-Bike,78,57,3.0,100500.0,33500.0,22.333333333333332,2.0,2.0,0.0,0.0,2.0,3.0,1
V1698,E-Bike,63,78,1.0,10500.0,10500.0,7.0,1.0,0.0,0.0,0.0,1.0,1.0,1
V1699,E-Bike,62,74,3.0,171000.0,57000.0,38.0,0.0,0.0,1.0,0.0,2.0,3.0,1
V1700,E-Bike,41,63,1.0,48000.0,48000.0,32.0,0.0,0.0,0.0,0.0,1.0,1.0,1
V1701,E-Bike,39,30,2.0,61500.0,30750.0,20.5,1.0,2.0,0.0,0.0,2.0,2.0,0
V1702,E-Bike,38,56,3.0,124500.0,41500.0,27.666666666666668,2.0,2.0,1.0,0.0,1.0,2.0,1
V1703,E-Bike,95,79,2.0,94500.0,47250.0,31.5,1.0,1.0,0.0,0.0,2.0,2.0,1
V1704,E-Bike,26,38,3.0,120000.0,40000.0,26.666666666666668,0.0,1.0,0.0,0.0,3.0,3.0,1
V1705,E-Bike,52,77,2.0,106500.0,53250.0,35.5,2.0,0.0,0.0,0.0,2.0,2.0,1
V1706,E-Bike,73,79,1.0,12000.0,12000.0,8.0,1.0,0.0,0.0,0.0,1.0,1.0,1
V1707,E-Bike,55,88,4.0,153000.0,38250.0,25.5,2.0,0.0,0.0,0.0,3.0,3.0,1
V1708,E-Bike,22,80,6.0,240000.0,40000.0,26.666666666666668,4.0,0.0,1.0,1.0,5.0,3.0,1
V1709,E-Bike,43,75,2.0,70500.0,35250.0,23.5,0.0,1.0,0.0,0.0,2.0,2.0,1
V1710,E-Bike,87,44,2.0,66000.0,33000.0,22.0,1.0,1.0,0.0,0.0,2.0,2.0,1
V1711,E-Bike,27,78,4.0,99000.0,24750.0,16.5,4.0,0.0,1.0,1.0,3.0,4.0,1
V1712,E-Bike,45,80,2.0,85500.0,42750.0,28.5,1.0,0.0,1.0,0.0,2.0,2.0,1
V1713,E-Bike,97,41,2.0,54000.0,27000.0,18.0,2.0,0.0,0.0,0.0,2.0,2.0,1
V1714,E-Bike,71,90,4.0,142500.0,35625.0,23.75,2.0,2.0,0.0,0.0,3.0,3.0,1
V1715,E-Bike,54,56,5.0,231000.0,46200.0,30.8,3.0,0.0,1.0,0.0,3.0,3.0,1
V1716,E-Bike,86,51,2.0,36000.0,18000.0,12.0,0.0,0.0,0.0,0.0,2.0,2.0,1
V1717,E-Bike,60,67,3.0,45000.0,15000.0,10.0,1.0,1.0,1.0,0.0,2.0,2.0,1
V1718,E-Bike,58,55,4.0,127500.0,31875.0,21.25,1.0,1.0,3.0,0.0,4.0,3.0,1
V1719,E-Bike,70,32,3.0,141000.0,47000.0,31.333333333333332,1.0,1.0,1.0,0.0,3.0,3.0,1
V1720,E-Bike,76,37,4.0,177000.0,44250.0,29.5,1.0,3.0,1.0,0.0,4.0,4.0,1
V1721,E-Bike,83,38,1.0,19500.0,19500.0,13.0,0.0,0.0,0.0,0.0,1.0,1.0,1
V1722,E-Bike,84,60,8.0,262500.0,32812.5,21.875,6.0,0.0,1.0,0.0,4.0,4.0,1
V1723,E-Bike,95,83,4.0,166500.0,41625.0,27.75,2.0,1.0,2.0,2.0,3.0,3.0,1
V1724,E-Bike,17,68,4.0,151500.0,37875.0,25.25,2.0,0.0,2.0,0.0,4.0,4.0,1
V1725,E-Bike,40,70,4.0,117000.0,29250.0,19.5,2.0,1.0,0.0,0.0,4.0,3.0,1
V1726,E-Bike,82,44,3.0,115500.0,38500.0,25.666666666666668,3.0,3.0,1.0,1.0,2.0,2.0,1
V1727,E-Bike,26,88,8.0,282000.0,35250.0,23.5,4.0,2.0,3.0,2.0,5.0,4.0,1
V1728,E-Bike,28,55,3.0,82500.0,27500.0,18.333333333333332,2.0,1.0,0.0,0.0,2.0,3.0,1
V1729,E-Bike,13,33,1.0,42000.0,42000.0,28.0,0.0,0.0,1.0,0.0,1.0,1.0,1
V1730,E-Bike,67,33,2.0,25500.0,12750.0,8.5,0.0,0.0,0.0,0.0,2.0,1.0,1
V1731,E-Bike,93,51,5.0,247500.0,49500.0,33.0,3.0,2.0,1.0,1.0,4.0,5.0,1
V1732,E-Bike,48,56,7.0,222000.0,31714.285714285714,21.142857142857142,3.0,2.0,3.0,2.0,6.0,3.0,1
V1733,E-Bike,58,60,5.0,199500.0,39900.0,26.6,2.0,2.0,1.0,1.0,3.0,2.0,1
V1734,E-Bike,53,89,2.0,99000.0,49500.0,33.0,1.0,1.0,0.0,0.0,2.0,1.0,1
V1735,E-Bike,50,68,1.0,67500.0,67500.0,45.0,0.0,0.0,0.0,0.0,1.0,1.0,1
V1736,E-Bike,84,49,3.0,100500.0,33500.0,22.333333333333332,2.0,1.0,1.0,0.0,2.0,3.0,1
V1737,E-Bike,75,41,0.0,0.0,0.0,0.0,0.0,0.0,0.0,0.0,0.0,0.0,1
V1738,E-Bike,74,41,5.0,166500.0,33300.0,22.2,1.0,2.0,1.0,1.0,3.0,4.0,1
V1739,E-Bike,51,78,3.0,112500.0,37500.0,25.0,0.0,2.0,0.0,0.0,2.0,2.0,1
V1740,E-Bike,72,43,2.0,37500.0,18750.0,12.5,2.0,1.0,0.0,0.0,2.0,2.0,1
V1741,E-Bike,25,81,4.0,148500.0,37125.0,24.75,2.0,1.0,0.0,0.0,4.0,3.0,1
V1742,E-Bike,40,84,5.0,196500.0,39300.0,26.2,2.0,2.0,0.0,0.0,4.0,5.0,1
V1743,E-Bike,53,54,3.0,145500.0,48500.0,32.333333333333336,1.0,1.0,1.0,1.0,3.0,3.0,1
V1744,E-Bike,37,31,1.0,40500.0,40500.0,27.0,0.0,0.0,0.0,0.0,1.0,1.0,1
V1745,E-Bike,69,53,3.0,123000.0,41000.0,27.333333333333332,1.0,1.0,1.0,1.0,2.0,3.0,1
V1746,E-Bike,93,90,1.0,57000.0,57000.0,38.0,1.0,0.0,0.0,0.0,1.0,1.0,1
V1747,E-Bike,44,61,4.0,159000.0,39750.0,26.5,1.0,2.0,0.0,0.0,3.0,3.0,1
V1748,E-Bike,33,72,1.0,10500.0,10500.0,7.0,0.0,0.0,0.0,0.0,1.0,1.0,1
V1749,E-Bike,14,79,5.0,156000.0,31200.0,20.8,2.0,2.0,2.0,0.0,4.0,4.0,1
V1750,E-Bike,56,31,1.0,64500.0,64500.0,43.0,0.0,1.0,1.0,1.0,1.0,1.0,1
V1751,E-Bike,97,49,3.0,177000.0,59000.0,39.333333333333336,1.0,0.0,0.0,0.0,3.0,1.0,1
V1752,E-Bike,68,70,2.0,106500.0,53250.0,35.5,1.0,1.0,0.0,0.0,2.0,2.0,1
V1753,E-Bike,43,79,2.0,75000.0,37500.0,25.0,1.0,2.0,0.0,0.0,2.0,2.0,1
V1754,E-Bike,27,64,6.0,309000.0,51500.0,34.333333333333336,3.0,2.0,1.0,0.0,6.0,4.0,1
V1755,E-Bike,66,57,1.0,48000.0,48000.0,32.0,0.0,0.0,0.0,0.0,1.0,1.0,1
V1756,E-Bike,27,76,2.0,91500.0,45750.0,30.5,1.0,0.0,0.0,0.0,2.0,2.0,1
V1757,E-Bike,97,40,0.0,0.0,0.0,0.0,0.0,0.0,0.0,0.0,0.0,0.0,1
V1758,E-Bike,61,85,4.0,135000.0,33750.0,22.5,1.0,1.0,1.0,1.0,3.0,3.0,1
V1759,E-Bike,38,74,1.0,39000.0,39000.0,26.0,1.0,0.0,0.0,0.0,1.0,1.0,1
V1760,E-Bike,87,88,2.0,112500.0,56250.0,37.5,0.0,0.0,1.0,0.0,2.0,1.0,1
V1761,E-Bike,76,39,7.0,273000.0,39000.0,26.0,1.0,4.0,4.0,3.0,5.0,5.0,1
V1762,E-Bike,15,86,1.0,28500.0,28500.0,19.0,1.0,1.0,1.0,0.0,1.0,1.0,1
V1763,E-Bike,97,62,3.0,54000.0,18000.0,12.0,2.0,0.0,0.0,0.0,3.0,3.0,1
V1764,E-Bike,56,75,3.0,64500.0,21500.0,14.333333333333334,2.0,0.0,1.0,1.0,3.0,3.0,1
V1765,E-Bike,74,75,5.0,165000.0,33000.0,22.0,3.0,1.0,1.0,0.0,4.0,3.0,1
V1766,E-Bike,17,43,1.0,31500.0,31500.0,21.0,1.0,0.0,0.0,0.0,1.0,1.0,1
V1767,E-Bike,94,76,3.0,112500.0,37500.0,25.0,2.0,1.0,0.0,0.0,1.0,3.0,1
V1768,E-Bike,54,61,3.0,108000.0,36000.0,24.0,3.0,2.0,1.0,0.0,2.0,2.0,1
V1769,E-Bike,90,87,6.0,181500.0,30250.0,20.166666666666668,2.0,2.0,1.0,1.0,4.0,4.0,1
V1770,E-Bike,33,54,2.0,85500.0,42750.0,28.5,2.0,0.0,0.0,0.0,2.0,2.0,1
V1771,E-Bike,87,33,3.0,117000.0,39000.0,26.0,1.0,0.0,2.0,1.0,2.0,3.0,1
V1772,E-Bike,35,61,2.0,63000.0,31500.0,21.0,0.0,1.0,1.0,1.0,2.0,2.0,1
V1773,E-Bike,38,32,4.0,222000.0,55500.0,37.0,3.0,2.0,1.0,1.0,3.0,3.0,1
V1774,E-Bike,70,41,2.0,48000.0,24000.0,16.0,2.0,0.0,0.0,0.0,2.0,2.0,1
V1775,E-Bike,87,34,1.0,46500.0,46500.0,31.0,0.0,0.0,1.0,1.0,1.0,1.0,1
V1776,E-Bike,84,41,3.0,87000.0,29000.0,19.333333333333332,1.0,0.0,1.0,0.0,2.0,2.0,1
V1777,E-Bike,60,32,2.0,109500.0,54750.0,36.5,0.0,0.0,0.0,0.0,1.0,2.0,1
V1778,E-Bike,35,80,5.0,208500.0,41700.0,27.8,3.0,0.0,0.0,0.0,4.0,4.0,1
V1779,E-Bike,71,41,6.0,292500.0,48750.0,32.5,1.0,0.0,0.0,0.0,4.0,6.0,1
V1780,E-Bike,72,62,4.0,79500.0,19875.0,13.25,1.0,2.0,1.0,0.0,3.0,3.0,1
V1781,E-Bike,15,35,5.0,229500.0,45900.0,30.6,3.0,1.0,1.0,0.0,4.0,3.0,1
V1782,E-Bike,100,78,2.0,70500.0,35250.0,23.5,1.0,0.0,0.0,0.0,2.0,2.0,1
V1783,E-Bike,79,87,4.0,193500.0,48375.0,32.25,3.0,0.0,1.0,0.0,3.0,4.0,1
V1784,E-Bike,45,65,2.0,52500.0,26250.0,17.5,0.0,1.0,0.0,0.0,2.0,2.0,1
V1785,E-Bike,88,54,6.0,223500.0,37250.0,24.833333333333332,3.0,2.0,5.0,1.0,5.0,3.0,1
V1786,E-Bike,22,55,7.0,217500.0,31071.428571428572,20.714285714285715,5.0,3.0,1.0,0.0,5.0,4.0,1
V1787,E-Bike,44,78,1.0,27000.0,27000.0,18.0,1.0,0.0,1.0,1.0,1.0,1.0,1
V1788,E-Bike,12,36,1.0,18000.0,18000.0,12.0,0.0,0.0,1.0,0.0,1.0,1.0,1
V1789,E-Bike,84,70,1.0,24000.0,24000.0,16.0,0.0,0.0,0.0,0.0,1.0,1.0,1
V1790,E-Bike,82,51,2.0,99000.0,49500.0,33.0,1.0,1.0,0.0,0.0,2.0,2.0,1
V1791,E-Bike,25,47,3.0,127500.0,42500.0,28.333333333333332,2.0,1.0,0.0,0.0,1.0,1.0,1
V1792,E-Bike,33,50,1.0,63000.0,63000.0,42.0,0.0,1.0,0.0,0.0,1.0,1.0,1
V1793,E-Bike,37,43,3.0,133500.0,44500.0,29.666666666666668,0.0,2.0,1.0,0.0,3.0,3.0,1
V1794,E-Bike,68,32,3.0,115500.0,38500.0,25.666666666666668,2.0,1.0,0.0,0.0,3.0,2.0,1
V1795,E-Bike,21,82,3.0,108000.0,36000.0,24.0,1.0,0.0,0.0,0.0,2.0,3.0,1
V1796,E-Bike,65,81,6.0,216000.0,36000.0,24.0,5.0,3.0,2.0,0.0,5.0,4.0,1
V1797,E-Bike,51,42,2.0,67500.0,33750.0,22.5,1.0,2.0,0.0,0.0,2.0,2.0,1
V1798,E-Bike,93,61,4.0,139500.0,34875.0,23.25,0.0,1.0,1.0,1.0,2.0,3.0,1
V1799,E-Bike,13,54,6.0,210000.0,35000.0,23.333333333333332,4.0,2.0,1.0,0.0,5.0,4.0,1
V1800,E-Bike,77,55,2.0,58500.0,29250.0,19.5,1.0,1.0,0.0,0.0,1.0,2.0,1
V1801,E-Bike,48,71,3.0,163500.0,54500.0,36.333333333333336,1.0,1.0,1.0,0.0,1.0,3.0,1
V1802,E-Bike,45,90,2.0,64500.0,32250.0,21.5,1.0,0.0,1.0,1.0,1.0,2.0,1
V1803,E-Bike,22,87,3.0,54000.0,18000.0,12.0,0.0,1.0,1.0,0.0,2.0,2.0,1
V1804,E-Bike,64,32,7.0,198000.0,28285.714285714286,18.857142857142858,3.0,2.0,2.0,1.0,4.0,5.0,1
V1805,E-Bike,78,67,5.0,160500.0,32100.0,21.4,1.0,2.0,1.0,1.0,4.0,2.0,1
V1806,E-Bike,78,43,2.0,82500.0,41250.0,27.5,2.0,1.0,0.0,0.0,2.0,2.0,1
V1807,E-Bike,82,83,2.0,75000.0,37500.0,25.0,1.0,1.0,1.0,0.0,1.0,2.0,1
V1808,E-Bike,35,75,1.0,16500.0,16500.0,11.0,0.0,0.0,0.0,0.0,1.0,1.0,1
V1809,E-Bike,38,60,3.0,109500.0,36500.0,24.333333333333332,1.0,1.0,1.0,1.0,3.0,3.0,1
V1810,E-Bike,33,70,6.0,256500.0,42750.0,28.5,6.0,1.0,1.0,1.0,4.0,6.0,1
V1811,E-Bike,12,75,3.0,120000.0,40000.0,26.666666666666668,2.0,2.0,2.0,1.0,3.0,3.0,1
V1812,E-Bike,55,45,5.0,148500.0,29700.0,19.8,2.0,1.0,0.0,0.0,3.0,4.0,1
V1813,E-Bike,79,86,7.0,250500.0,35785.71428571428,23.857142857142858,2.0,3.0,0.0,0.0,4.0,6.0,1
V1814,E-Bike,80,65,3.0,136500.0,45500.0,30.333333333333332,1.0,1.0,0.0,0.0,2.0,3.0,1
V1815,E-Bike,64,48,1.0,27000.0,27000.0,18.0,0.0,0.0,0.0,0.0,1.0,1.0,1
V1816,E-Bike,15,34,1.0,39000.0,39000.0,26.0,1.0,0.0,0.0,0.0,1.0,1.0,1
V1817,E-Bike,14,69,1.0,43500.0,43500.0,29.0,1.0,0.0,0.0,0.0,1.0,1.0,1
V1818,E-Bike,13,65,4.0,142500.0,35625.0,23.75,3.0,2.0,2.0,1.0,4.0,3.0,1
V1819,E-Bike,50,36,3.0,123000.0,41000.0,27.333333333333332,1.0,2.0,0.0,0.0,2.0,3.0,1
V1820,E-Bike,33,73,2.0,88500.0,44250.0,29.5,0.0,0.0,1.0,1.0,2.0,2.0,1
V1821,E-Bike,45,89,1.0,19500.0,19500.0,13.0,0.0,0.0,0.0,0.0,1.0,1.0,1
V1822,E-Bike,29,77,2.0,46500.0,23250.0,15.5,1.0,0.0,0.0,0.0,2.0,1.0,1
V1823,E-Bike,77,52,6.0,235500.0,39250.0,26.166666666666668,3.0,1.0,2.0,1.0,5.0,4.0,1
V1824,E-Bike,47,88,5.0,139500.0,27900.0,18.6,0.0,3.0,2.0,1.0,4.0,3.0,1
V1825,E-Bike,84,58,4.0,205500.0,51375.0,34.25,2.0,1.0,2.0,0.0,4.0,3.0,1
V1826,E-Bike,90,40,1.0,28500.0,28500.0,19.0,0.0,0.0,0.0,0.0,1.0,1.0,1
V1827,E-Bike,53,34,4.0,111000.0,27750.0,18.5,2.0,2.0,1.0,0.0,3.0,4.0,1
V1828,E-Bike,39,45,3.0,145500.0,48500.0,32.333333333333336,1.0,1.0,0.0,0.0,3.0,2.0,1
V1829,E-Bike,72,66,3.0,81000.0,27000.0,18.0,2.0,2.0,1.0,1.0,3.0,3.0,1
V1830,E-Bike,96,83,0.0,0.0,0.0,0.0,0.0,0.0,0.0,0.0,0.0,0.0,1
V1831,E-Bike,51,40,2.0,130500.0,65250.0,43.5,2.0,1.0,1.0,1.0,2.0,2.0,1
V1832,E-Bike,84,73,2.0,27000.0,13500.0,9.0,2.0,0.0,1.0,1.0,2.0,2.0,1
V1833,E-Bike,80,37,5.0,162000.0,32400.0,21.6,3.0,0.0,2.0,1.0,3.0,4.0,1
V1834,E-Bike,74,79,1.0,42000.0,42000.0,28.0,0.0,1.0,0.0,0.0,1.0,1.0,1
V1835,E-Bike,80,45,6.0,295500.0,49250.0,32.833333333333336,3.0,3.0,3.0,1.0,4.0,3.0,1
V1836,E-Bike,97,89,4.0,169500.0,42375.0,28.25,0.0,1.0,1.0,1.0,3.0,4.0,1
V1837,E-Bike,76,36,7.0,265500.0,37928.57142857143,25.285714285714285,7.0,2.0,1.0,1.0,4.0,6.0,1
V1838,E-Bike,39,31,5.0,180000.0,36000.0,24.0,3.0,1.0,2.0,1.0,3.0,4.0,1
V1839,E-Bike,48,36,4.0,177000.0,44250.0,29.5,4.0,0.0,2.0,1.0,4.0,3.0,1
V1840,E-Bike,23,72,6.0,289500.0,48250.0,32.166666666666664,2.0,1.0,2.0,2.0,6.0,4.0,1
V1841,E-Bike,16,65,7.0,255000.0,36428.57142857143,24.285714285714285,2.0,2.0,2.0,0.0,4.0,4.0,1
V1842,E-Bike,36,48,6.0,192000.0,32000.0,21.333333333333332,3.0,2.0,0.0,0.0,3.0,4.0,1
V1843,E-Bike,10,81,0.0,0.0,0.0,0.0,0.0,0.0,0.0,0.0,0.0,0.0,1
V1844,E-Bike,71,67,0.0,0.0,0.0,0.0,0.0,0.0,0.0,0.0,0.0,0.0,1
V1845,E-Bike,48,66,3.0,135000.0,45000.0,30.0,3.0,3.0,0.0,0.0,2.0,2.0,1
V1846,E-Bike,15,48,4.0,145500.0,36375.0,24.25,1.0,0.0,0.0,0.0,2.0,4.0,1
V1847,E-Bike,23,38,5.0,127500.0,25500.0,17.0,3.0,2.0,1.0,1.0,5.0,5.0,1
V1848,E-Bike,58,81,2.0,58500.0,29250.0,19.5,2.0,0.0,0.0,0.0,2.0,2.0,1
V1849,E-Bike,43,86,2.0,84000.0,42000.0,28.0,1.0,0.0,0.0,0.0,2.0,1.0,1
V1850,E-Bike,69,84,3.0,178500.0,59500.0,39.666666666666664,1.0,0.0,2.0,0.0,3.0,3.0,1
V1851,Shuttle Bus,19,64,3.0,120000.0,40000.0,75.66666666666667,1.0,1.0,0.0,0.0,3.0,3.0,1
V1852,Shuttle Bus,13,53,9.0,360000.0,40000.0,68.22222222222223,2.0,4.0,0.0,0.0,3.0,5.0,1
V1853,Shuttle Bus,82,90,5.0,200000.0,40000.0,60.0,2.0,1.0,0.0,0.0,4.0,4.0,1
V1854,Shuttle Bus,93,34,10.0,400000.0,40000.0,59.8,5.0,4.0,3.0,2.0,7.0,6.0,1
V1855,Shuttle Bus,67,42,5.0,200000.0,40000.0,58.2,2.0,1.0,1.0,1.0,4.0,4.0,1
V1856,Shuttle Bus,57,58,5.0,200000.0,40000.0,60.2,2.0,1.0,1.0,0.0,2.0,5.0,1
V1857,Shuttle Bus,42,83,5.0,200000.0,40000.0,69.2,2.0,2.0,0.0,0.0,5.0,4.0,1
V1858,Shuttle Bus,73,82,5.0,200000.0,40000.0,54.0,1.0,1.0,1.0,1.0,4.0,4.0,1
V1859,Shuttle Bus,10,67,5.0,200000.0,40000.0,68.8,1.0,1.0,1.0,1.0,3.0,3.0,1
V1860,Shuttle Bus,34,72,3.0,120000.0,40000.0,51.333333333333336,1.0,1.0,0.0,0.0,2.0,2.0,1
V1861,Shuttle Bus,62,78,4.0,160000.0,40000.0,54.25,3.0,1.0,1.0,1.0,3.0,3.0,1
V1862,Shuttle Bus,48,74,5.0,200000.0,40000.0,64.0,3.0,1.0,2.0,1.0,4.0,4.0,1
V1863,Shuttle Bus,47,90,5.0,200000.0,40000.0,59.8,3.0,1.0,1.0,0.0,3.0,3.0,1
V1864,Shuttle Bus,30,75,4.0,160000.0,40000.0,52.25,1.0,0.0,0.0,0.0,4.0,3.0,1
V1865,Shuttle Bus,59,71,6.0,240000.0,40000.0,61.333333333333336,1.0,3.0,2.0,0.0,6.0,4.0,1
V1866,Shuttle Bus,14,41,9.0,360000.0,40000.0,54.55555555555556,6.0,3.0,1.0,1.0,6.0,5.0,1
V1867,Shuttle Bus,90,48,6.0,240000.0,40000.0,66.0,3.0,2.0,1.0,1.0,5.0,5.0,1
V1868,Shuttle Bus,41,65,12.0,480000.0,40000.0,52.833333333333336,5.0,4.0,1.0,1.0,6.0,7.0,1
V1869,Shuttle Bus,21,64,4.0,160000.0,40000.0,51.25,1.0,0.0,1.0,0.0,3.0,4.0,1
V1870,Shuttle Bus,80,33,6.0,240000.0,40000.0,62.0,3.0,2.0,0.0,0.0,5.0,5.0,1
V1871,Shuttle Bus,70,83,4.0,160000.0,40000.0,54.0,1.0,1.0,1.0,1.0,4.0,3.0,1
V1872,Shuttle Bus,10,77,8.0,320000.0,40000.0,62.125,4.0,2.0,0.0,0.0,7.0,6.0,1
V1873,Shuttle Bus,35,36,9.0,360000.0,40000.0,63.333333333333336,6.0,0.0,3.0,1.0,6.0,3.0,1
V1874,Shuttle Bus,95,44,4.0,160000.0,40000.0,65.25,1.0,0.0,1.0,1.0,2.0,3.0,1
V1875,Shuttle Bus,13,63,5.0,200000.0,40000.0,70.0,1.0,2.0,2.0,0.0,5.0,4.0,1
V1876,Shuttle Bus,12,41,6.0,240000.0,40000.0,56.166666666666664,1.0,0.0,1.0,1.0,5.0,4.0,1
V1877,Shuttle Bus,52,30,6.0,240000.0,40000.0,68.5,3.0,2.0,0.0,0.0,4.0,5.0,0
V1878,Shuttle Bus,74,76,8.0,320000.0,40000.0,66.0,5.0,3.0,4.0,1.0,4.0,6.0,1
V1879,Shuttle Bus,70,85,6.0,240000.0,40000.0,52.833333333333336,3.0,2.0,3.0,2.0,4.0,5.0,1
V1880,Shuttle Bus,98,43,5.0,200000.0,40000.0,62.8,1.0,1.0,0.0,0.0,2.0,4.0,1
V1881,Shuttle Bus,37,33,6.0,240000.0,40000.0,61.0,3.0,2.0,1.0,0.0,5.0,4.0,1
V1882,Shuttle Bus,97,77,8.0,320000.0,40000.0,65.875,3.0,2.0,1.0,0.0,4.0,5.0,1
V1883,Shuttle Bus,99,59,6.0,240000.0,40000.0,69.83333333333333,3.0,2.0,2.0,0.0,4.0,5.0,1
V1884,Shuttle Bus,87,76,8.0,320000.0,40000.0,65.625,1.0,3.0,4.0,2.0,5.0,6.0,1
V1885,Shuttle Bus,31,72,5.0,200000.0,40000.0,60.6,3.0,1.0,3.0,0.0,4.0,3.0,1
V1886,Shuttle Bus,16,75,8.0,320000.0,40000.0,65.625,4.0,3.0,2.0,1.0,5.0,5.0,1
V1887,Shuttle Bus,12,64,6.0,240000.0,40000.0,65.83333333333333,1.0,1.0,2.0,1.0,5.0,5.0,1
V1888,Shuttle Bus,92,41,0.0,0.0,0.0,0.0,0.0,0.0,0.0,0.0,0.0,0.0,1
V1889,Shuttle Bus,67,63,8.0,320000.0,40000.0,55.625,3.0,3.0,1.0,0.0,5.0,6.0,1
V1890,Shuttle Bus,98,56,6.0,240000.0,40000.0,63.333333333333336,4.0,3.0,1.0,1.0,5.0,6.0,1
V1891,Shuttle Bus,47,48,7.0,280000.0,40000.0,57.42857142857143,4.0,4.0,0.0,0.0,5.0,4.0,1
V1892,Shuttle Bus,39,45,4.0,160000.0,40000.0,58.75,1.0,2.0,0.0,0.0,3.0,3.0,1
V1893,Shuttle Bus,58,61,7.0,280000.0,40000.0,54.57142857142857,3.0,2.0,4.0,3.0,7.0,6.0,1
V1894,Shuttle Bus,73,50,3.0,120000.0,40000.0,47.0,1.0,1.0,2.0,0.0,2.0,3.0,1
V1895,Shuttle Bus,52,46,3.0,120000.0,40000.0,57.333333333333336,0.0,0.0,0.0,0.0,3.0,2.0,1
V1896,Shuttle Bus,54,35,5.0,200000.0,40000.0,58.0,3.0,1.0,0.0,0.0,3.0,4.0,1
V1897,Shuttle Bus,83,79,7.0,280000.0,40000.0,70.28571428571429,3.0,3.0,0.0,0.0,5.0,4.0,1
V1898,Shuttle Bus,81,69,3.0,120000.0,40000.0,75.0,1.0,1.0,1.0,1.0,3.0,3.0,1
V1899,Shuttle Bus,12,35,4.0,160000.0,40000.0,67.0,4.0,1.0,2.0,1.0,3.0,3.0,1
V1900,Shuttle Bus,89,72,7.0,280000.0,40000.0,70.71428571428571,5.0,0.0,1.0,1.0,5.0,5.0,1
V1901,Shuttle Bus,18,56,8.0,320000.0,40000.0,46.75,2.0,3.0,4.0,2.0,5.0,5.0,1
V1902,Shuttle Bus,27,81,5.0,200000.0,40000.0,67.4,3.0,3.0,0.0,0.0,4.0,4.0,1
V1903,Shuttle Bus,30,75,3.0,120000.0,40000.0,76.66666666666667,1.0,2.0,0.0,0.0,2.0,2.0,1
V1904,Shuttle Bus,89,54,6.0,240000.0,40000.0,58.5,0.0,1.0,1.0,0.0,5.0,5.0,1
V1905,Shuttle Bus,32,62,4.0,160000.0,40000.0,66.0,2.0,1.0,1.0,1.0,3.0,4.0,1
V1906,Shuttle Bus,13,34,12.0,480000.0,40000.0,60.833333333333336,10.0,1.0,1.0,1.0,6.0,6.0,1
V1907,Shuttle Bus,58,51,6.0,240000.0,40000.0,71.5,3.0,0.0,1.0,0.0,4.0,4.0,1
V1908,Shuttle Bus,38,50,3.0,120000.0,40000.0,36.0,3.0,2.0,1.0,1.0,3.0,3.0,1
V1909,Shuttle Bus,11,42,5.0,200000.0,40000.0,65.2,2.0,2.0,1.0,1.0,3.0,3.0,1
V1910,Shuttle Bus,97,86,8.0,320000.0,40000.0,60.125,5.0,2.0,1.0,1.0,6.0,6.0,1
V1911,Shuttle Bus,79,87,5.0,200000.0,40000.0,61.4,2.0,2.0,2.0,0.0,3.0,4.0,1
V1912,Shuttle Bus,75,40,8.0,320000.0,40000.0,64.625,3.0,4.0,0.0,0.0,6.0,5.0,1
V1913,Shuttle Bus,62,43,6.0,240000.0,40000.0,53.5,3.0,2.0,1.0,1.0,4.0,4.0,1
V1914,Shuttle Bus,66,79,8.0,320000.0,40000.0,59.25,3.0,1.0,2.0,1.0,5.0,5.0,1
V1915,Shuttle Bus,23,84,3.0,120000.0,40000.0,63.0,2.0,0.0,0.0,0.0,2.0,3.0,1
V1916,Shuttle Bus,63,71,6.0,240000.0,40000.0,48.5,1.0,3.0,3.0,3.0,5.0,5.0,1
V1917,Shuttle Bus,13,76,6.0,240000.0,40000.0,60.5,2.0,2.0,1.0,1.0,4.0,3.0,1
V1918,Shuttle Bus,61,43,5.0,200000.0,40000.0,45.0,4.0,3.0,1.0,1.0,3.0,3.0,1
V1919,Shuttle Bus,10,74,3.0,120000.0,40000.0,63.333333333333336,2.0,0.0,2.0,1.0,3.0,2.0,1
V1920,Shuttle Bus,65,48,11.0,440000.0,40000.0,67.36363636363636,8.0,2.0,2.0,1.0,6.0,5.0,1
V1921,Shuttle Bus,90,81,4.0,160000.0,40000.0,67.5,3.0,1.0,0.0,0.0,4.0,3.0,1
V1922,Shuttle Bus,98,39,8.0,320000.0,40000.0,70.25,2.0,2.0,1.0,1.0,5.0,6.0,1
V1923,Shuttle Bus,39,47,6.0,240000.0,40000.0,57.833333333333336,2.0,0.0,1.0,0.0,5.0,5.0,1
V1924,Shuttle Bus,40,59,4.0,160000.0,40000.0,59.0,1.0,1.0,0.0,0.0,4.0,2.0,1
V1925,Shuttle Bus,55,79,8.0,320000.0,40000.0,50.0,4.0,3.0,3.0,3.0,6.0,6.0,1
V1926,Shuttle Bus,97,79,9.0,360000.0,40000.0,67.66666666666667,3.0,4.0,1.0,0.0,6.0,6.0,1
V1927,Shuttle Bus,41,36,9.0,360000.0,40000.0,65.55555555555556,4.0,2.0,3.0,2.0,5.0,6.0,1
V1928,Shuttle Bus,39,34,7.0,280000.0,40000.0,58.857142857142854,4.0,1.0,1.0,0.0,6.0,5.0,1
V1929,Shuttle Bus,70,87,5.0,200000.0,40000.0,53.6,0.0,0.0,3.0,0.0,3.0,4.0,1
V1930,Shuttle Bus,75,49,5.0,200000.0,40000.0,71.8,0.0,1.0,0.0,0.0,4.0,3.0,1
V1931,Shuttle Bus,40,39,3.0,120000.0,40000.0,75.33333333333333,2.0,0.0,2.0,0.0,2.0,2.0,1
V1932,Shuttle Bus,36,52,5.0,200000.0,40000.0,62.0,2.0,0.0,2.0,1.0,4.0,4.0,1
V1933,Shuttle Bus,94,41,9.0,360000.0,40000.0,55.55555555555556,3.0,4.0,3.0,1.0,5.0,6.0,1
V1934,Shuttle Bus,36,74,2.0,80000.0,40000.0,55.5,2.0,0.0,0.0,0.0,2.0,2.0,1
V1935,Shuttle Bus,31,69,8.0,320000.0,40000.0,56.25,2.0,3.0,3.0,1.0,6.0,5.0,1
V1936,Shuttle Bus,74,68,3.0,120000.0,40000.0,48.333333333333336,0.0,2.0,0.0,0.0,3.0,3.0,1
V1937,Shuttle Bus,28,31,3.0,120000.0,40000.0,59.333333333333336,2.0,2.0,1.0,0.0,2.0,3.0,1
V1938,Shuttle Bus,66,67,4.0,160000.0,40000.0,71.0,1.0,1.0,1.0,0.0,4.0,2.0,1
V1939,Shuttle Bus,24,37,3.0,120000.0,40000.0,60.333333333333336,1.0,1.0,1.0,0.0,3.0,2.0,1
V1940,Shuttle Bus,47,69,4.0,160000.0,40000.0,71.75,2.0,1.0,0.0,0.0,2.0,4.0,1
V1941,Shuttle Bus,47,36,3.0,120000.0,40000.0,46.0,1.0,0.0,0.0,0.0,3.0,3.0,1
V1942,Shuttle Bus,91,35,7.0,280000.0,40000.0,48.142857142857146,2.0,2.0,2.0,1.0,5.0,5.0,1
V1943,Shuttle Bus,57,62,11.0,440000.0,40000.0,64.0909090909091,5.0,1.0,3.0,1.0,5.0,7.0,1
V1944,Shuttle Bus,80,44,3.0,120000.0,40000.0,58.666666666666664,1.0,2.0,2.0,1.0,2.0,3.0,1
V1945,Shuttle Bus,28,81,3.0,120000.0,40000.0,58.0,2.0,1.0,1.0,1.0,2.0,2.0,1
V1946,Shuttle Bus,67,38,3.0,120000.0,40000.0,46.666666666666664,1.0,1.0,2.0,0.0,3.0,3.0,1
V1947,Shuttle Bus,68,76,3.0,120000.0,40000.0,47.666666666666664,2.0,1.0,0.0,0.0,2.0,2.0,1
V1948,Shuttle Bus,26,79,5.0,200000.0,40000.0,62.4,4.0,1.0,1.0,1.0,4.0,4.0,1
V1949,Shuttle Bus,48,86,9.0,360000.0,40000.0,61.888888888888886,4.0,0.0,1.0,0.0,7.0,6.0,1
V1950,Shuttle Bus,53,70,4.0,160000.0,40000.0,62.0,1.0,1.0,0.0,0.0,3.0,3.0,1
V1951,Shuttle Bus,30,54,6.0,240000.0,40000.0,53.166666666666664,2.0,1.0,1.0,1.0,5.0,4.0,1
V1952,Shuttle Bus,59,65,6.0,240000.0,40000.0,59.166666666666664,4.0,2.0,0.0,0.0,4.0,5.0,1
V1953,Shuttle Bus,48,75,4.0,160000.0,40000.0,64.5,0.0,1.0,2.0,0.0,4.0,2.0,1
V1954,Shuttle Bus,37,69,7.0,280000.0,40000.0,66.57142857142857,1.0,2.0,2.0,0.0,5.0,5.0,1
V1955,Shuttle Bus,81,46,8.0,320000.0,40000.0,64.0,1.0,1.0,4.0,1.0,6.0,6.0,1
V1956,Shuttle Bus,17,41,4.0,160000.0,40000.0,57.75,1.0,2.0,1.0,1.0,2.0,4.0,1
V1957,Shuttle Bus,62,59,6.0,240000.0,40000.0,55.5,4.0,2.0,2.0,0.0,4.0,5.0,1
V1958,Shuttle Bus,57,41,8.0,320000.0,40000.0,66.25,4.0,4.0,0.0,0.0,6.0,6.0,1
V1959,Shuttle Bus,33,32,5.0,200000.0,40000.0,57.8,2.0,1.0,2.0,2.0,3.0,4.0,1
V1960,Shuttle Bus,17,32,5.0,200000.0,40000.0,71.6,2.0,1.0,0.0,0.0,5.0,3.0,1
V1961,Shuttle Bus,65,79,2.0,80000.0,40000.0,74.5,0.0,2.0,1.0,1.0,2.0,2.0,1
V1962,Shuttle Bus,99,79,9.0,360000.0,40000.0,68.55555555555556,4.0,1.0,1.0,0.0,5.0,5.0,1
V1963,Shuttle Bus,14,49,8.0,320000.0,40000.0,65.125,6.0,1.0,3.0,1.0,6.0,5.0,1
V1964,Shuttle Bus,80,80,7.0,280000.0,40000.0,62.42857142857143,3.0,1.0,1.0,0.0,5.0,5.0,1
V1965,Shuttle Bus,22,31,9.0,360000.0,40000.0,62.888888888888886,5.0,3.0,1.0,1.0,5.0,6.0,1
V1966,Shuttle Bus,59,82,7.0,280000.0,40000.0,58.142857142857146,3.0,1.0,2.0,2.0,4.0,5.0,1
V1967,Shuttle Bus,20,57,9.0,360000.0,40000.0,56.44444444444444,2.0,4.0,2.0,2.0,6.0,4.0,1
V1968,Shuttle Bus,22,59,6.0,240000.0,40000.0,63.166666666666664,1.0,1.0,1.0,1.0,4.0,5.0,1
V1969,Shuttle Bus,47,58,5.0,200000.0,40000.0,62.4,3.0,1.0,2.0,2.0,4.0,4.0,1
V1970,Shuttle Bus,83,36,2.0,80000.0,40000.0,59.0,2.0,0.0,2.0,0.0,2.0,2.0,1
V1971,Shuttle Bus,62,33,3.0,120000.0,40000.0,53.0,2.0,1.0,0.0,0.0,3.0,3.0,1
V1972,Shuttle Bus,44,87,4.0,160000.0,40000.0,67.5,0.0,2.0,1.0,0.0,3.0,3.0,1
V1973,Shuttle Bus,59,45,4.0,160000.0,40000.0,65.25,2.0,3.0,1.0,0.0,3.0,4.0,1
V1974,Shuttle Bus,45,78,12.0,480000.0,40000.0,60.166666666666664,4.0,3.0,2.0,1.0,6.0,5.0,1
V1975,Shuttle Bus,67,73,5.0,200000.0,40000.0,64.8,1.0,2.0,1.0,0.0,4.0,4.0,1
V1976,Shuttle Bus,35,71,12.0,480000.0,40000.0,57.5,6.0,5.0,2.0,1.0,7.0,7.0,1
V1977,Shuttle Bus,17,72,7.0,280000.0,40000.0,52.285714285714285,4.0,1.0,1.0,0.0,6.0,4.0,1
V1978,Shuttle Bus,24,50,6.0,240000.0,40000.0,61.0,1.0,1.0,1.0,1.0,6.0,4.0,1
V1979,Shuttle Bus,34,47,4.0,160000.0,40000.0,50.25,3.0,1.0,0.0,0.0,3.0,4.0,1
V1980,Shuttle Bus,16,37,2.0,80000.0,40000.0,42.5,0.0,0.0,0.0,0.0,1.0,2.0,1
V1981,Shuttle Bus,40,36,6.0,240000.0,40000.0,59.833333333333336,2.0,2.0,0.0,0.0,4.0,4.0,1
V1982,Shuttle Bus,26,71,6.0,240000.0,40000.0,47.333333333333336,3.0,3.0,2.0,1.0,4.0,3.0,1
V1983,Shuttle Bus,43,57,11.0,440000.0,40000.0,59.72727272727273,7.0,3.0,0.0,0.0,7.0,6.0,1
V1984,Shuttle Bus,29,69,0.0,0.0,0.0,0.0,0.0,0.0,0.0,0.0,0.0,0.0,1
V1985,Shuttle Bus,71,44,8.0,320000.0,40000.0,64.75,2.0,3.0,1.0,1.0,5.0,6.0,1
V1986,Shuttle Bus,45,71,4.0,160000.0,40000.0,72.75,2.0,2.0,0.0,0.0,3.0,3.0,1
V1987,Shuttle Bus,19,55,9.0,360000.0,40000.0,66.11111111111111,2.0,2.0,4.0,3.0,2.0,5.0,1
V1988,Shuttle Bus,78,63,5.0,200000.0,40000.0,42.8,3.0,0.0,1.0,0.0,2.0,4.0,1
V1989,Shuttle Bus,26,69,6.0,240000.0,40000.0,69.16666666666667,4.0,1.0,1.0,1.0,4.0,3.0,1
V1990,Shuttle Bus,96,47,7.0,280000.0,40000.0,59.0,3.0,0.0,5.0,2.0,5.0,5.0,1
V1991,Shuttle Bus,40,85,6.0,240000.0,40000.0,62.333333333333336,2.0,1.0,1.0,1.0,3.0,5.0,1
V1992,Shuttle Bus,77,81,8.0,320000.0,40000.0,70.875,3.0,0.0,3.0,3.0,6.0,5.0,1
V1993,Shuttle Bus,71,72,4.0,160000.0,40000.0,65.75,2.0,1.0,2.0,1.0,4.0,3.0,1
V1994,Shuttle Bus,69,39,5.0,200000.0,40000.0,66.6,2.0,1.0,2.0,1.0,4.0,3.0,1
V1995,Shuttle Bus,71,47,14.0,560000.0,40000.0,58.785714285714285,5.0,7.0,0.0,0.0,7.0,6.0,1
V1996,Shuttle Bus,48,44,5.0,200000.0,40000.0,56.4,4.0,4.0,2.0,2.0,4.0,3.0,1
V1997,Shuttle Bus,24,84,6.0,240000.0,40000.0,58.5,1.0,3.0,1.0,1.0,4.0,5.0,1
V1998,Shuttle Bus,50,74,8.0,320000.0,40000.0,62.375,3.0,1.0,0.0,0.0,5.0,5.0,1
V1999,Shuttle Bus,81,67,9.0,360000.0,40000.0,66.33333333333333,4.0,2.0,5.0,4.0,5.0,5.0,1
V2000,Shuttle Bus,73,34,8.0,320000.0,40000.0,57.75,5.0,1.0,0.0,0.0,3.0,4.0,1
V2001,Shuttle Bus,88,83,7.0,280000.0,40000.0,59.57142857142857,3.0,0.0,1.0,1.0,5.0,4.0,1
V2002,Shuttle Bus,15,80,5.0,200000.0,40000.0,75.0,2.0,0.0,0.0,0.0,4.0,5.0,1
V2003,Shuttle Bus,16,87,8.0,320000.0,40000.0,66.25,2.0,2.0,1.0,1.0,7.0,6.0,1
V2004,Shuttle Bus,24,46,14.0,560000.0,40000.0,58.142857142857146,7.0,2.0,4.0,3.0,8.0,7.0,1
V2005,Shuttle Bus,69,58,6.0,240000.0,40000.0,61.5,4.0,0.0,2.0,1.0,4.0,4.0,1
V2006,Shuttle Bus,65,90,10.0,400000.0,40000.0,69.6,5.0,3.0,2.0,1.0,7.0,7.0,1
V2007,Shuttle Bus,21,75,8.0,320000.0,40000.0,61.75,5.0,2.0,3.0,1.0,6.0,6.0,1
V2008,Shuttle Bus,28,60,2.0,80000.0,40000.0,49.0,1.0,1.0,0.0,0.0,1.0,2.0,1
V2009,Shuttle Bus,82,49,10.0,400000.0,40000.0,64.1,2.0,4.0,0.0,0.0,4.0,5.0,1
V2010,Shuttle Bus,11,62,9.0,360000.0,40000.0,52.888888888888886,6.0,3.0,3.0,0.0,7.0,5.0,1
V2011,Shuttle Bus,27,61,7.0,280000.0,40000.0,59.142857142857146,2.0,2.0,3.0,2.0,6.0,5.0,1
V2012,Shuttle Bus,93,80,8.0,320000.0,40000.0,63.75,4.0,2.0,1.0,1.0,3.0,5.0,1
V2013,Shuttle Bus,98,81,2.0,80000.0,40000.0,69.5,1.0,2.0,0.0,0.0,2.0,2.0,1
V2014,Shuttle Bus,26,87,3.0,120000.0,40000.0,75.33333333333333,0.0,1.0,0.0,0.0,2.0,2.0,1
V2015,Shuttle Bus,36,74,6.0,240000.0,40000.0,56.5,2.0,1.0,0.0,0.0,3.0,3.0,1
V2016,Shuttle Bus,89,49,5.0,200000.0,40000.0,76.2,3.0,0.0,1.0,1.0,3.0,4.0,1
V2017,Shuttle Bus,89,68,5.0,200000.0,40000.0,49.4,4.0,1.0,0.0,0.0,4.0,3.0,1
V2018,Shuttle Bus,42,82,2.0,80000.0,40000.0,62.5,1.0,0.0,0.0,0.0,2.0,1.0,1
V2019,Shuttle Bus,39,41,4.0,160000.0,40000.0,69.75,2.0,2.0,0.0,0.0,3.0,4.0,1
V2020,Shuttle Bus,16,55,8.0,320000.0,40000.0,54.875,4.0,4.0,1.0,1.0,6.0,6.0,1
V2021,Shuttle Bus,35,55,9.0,360000.0,40000.0,54.44444444444444,5.0,3.0,0.0,0.0,6.0,5.0,1
V2022,Shuttle Bus,48,72,2.0,80000.0,40000.0,54.0,1.0,0.0,0.0,0.0,2.0,2.0,1
V2023,Shuttle Bus,42,51,6.0,240000.0,40000.0,64.5,3.0,0.0,0.0,0.0,4.0,5.0,1
V2024,Shuttle Bus,89,50,5.0,200000.0,40000.0,54.2,3.0,2.0,3.0,1.0,5.0,3.0,1
V2025,Shuttle Bus,99,54,6.0,240000.0,40000.0,58.833333333333336,3.0,2.0,2.0,1.0,4.0,5.0,1
V2026,Shuttle Bus,96,72,9.0,360000.0,40000.0,60.22222222222222,4.0,5.0,2.0,1.0,6.0,6.0,1
V2027,Shuttle Bus,12,41,6.0,240000.0,40000.0,59.5,3.0,1.0,1.0,1.0,5.0,4.0,1
V2028,Shuttle Bus,76,57,2.0,80000.0,40000.0,38.0,1.0,0.0,0.0,0.0,2.0,2.0,1
V2029,Shuttle Bus,100,65,4.0,160000.0,40000.0,56.0,2.0,1.0,3.0,1.0,4.0,4.0,1
V2030,Shuttle Bus,11,31,4.0,160000.0,40000.0,61.75,2.0,1.0,2.0,0.0,3.0,4.0,1
V2031,Shuttle Bus,88,47,9.0,360000.0,40000.0,55.77777777777778,5.0,5.0,2.0,1.0,5.0,5.0,1
V2032,Shuttle Bus,98,54,10.0,400000.0,40000.0,53.8,6.0,2.0,4.0,2.0,5.0,7.0,1
V2033,Shuttle Bus,75,67,5.0,200000.0,40000.0,59.8,3.0,1.0,1.0,0.0,4.0,4.0,1
V2034,Shuttle Bus,73,49,8.0,320000.0,40000.0,62.875,6.0,3.0,0.0,0.0,5.0,5.0,1
V2035,Shuttle Bus,26,70,4.0,160000.0,40000.0,48.0,0.0,1.0,0.0,0.0,4.0,4.0,1
V2036,Shuttle Bus,60,88,6.0,240000.0,40000.0,70.0,5.0,1.0,1.0,1.0,5.0,4.0,1
V2037,Shuttle Bus,24,30,7.0,280000.0,40000.0,50.42857142857143,2.0,3.0,1.0,1.0,5.0,5.0,1
V2038,Shuttle Bus,92,85,5.0,200000.0,40000.0,46.0,2.0,1.0,1.0,0.0,3.0,4.0,1
V2039,Shuttle Bus,99,63,10.0,400000.0,40000.0,62.9,5.0,4.0,2.0,1.0,5.0,7.0,1
V2040,Shuttle Bus,32,59,11.0,440000.0,40000.0,60.18181818181818,3.0,3.0,5.0,2.0,7.0,6.0,1
V2041,Shuttle Bus,17,77,8.0,320000.0,40000.0,70.0,4.0,3.0,1.0,1.0,5.0,6.0,1
V2042,Shuttle Bus,22,70,4.0,160000.0,40000.0,69.25,1.0,0.0,1.0,0.0,2.0,3.0,1
V2043,Shuttle Bus,83,43,3.0,120000.0,40000.0,45.666666666666664,1.0,1.0,1.0,1.0,2.0,3.0,1
V2044,Shuttle Bus,10,78,7.0,280000.0,40000.0,68.14285714285714,5.0,2.0,1.0,1.0,5.0,5.0,1
V2045,Shuttle Bus,81,33,8.0,320000.0,40000.0,54.875,6.0,2.0,5.0,4.0,5.0,6.0,1
V2046,Shuttle Bus,18,80,3.0,120000.0,40000.0,41.0,1.0,1.0,1.0,1.0,2.0,3.0,1
V2047,Shuttle Bus,82,47,9.0,360000.0,40000.0,58.44444444444444,5.0,4.0,3.0,0.0,5.0,5.0,1
V2048,Shuttle Bus,41,31,12.0,480000.0,40000.0,63.916666666666664,5.0,1.0,3.0,1.0,5.0,7.0,1
V2049,Shuttle Bus,25,81,8.0,320000.0,40000.0,58.875,3.0,1.0,2.0,0.0,4.0,4.0,1
V2050,Shuttle Bus,47,84,9.0,360000.0,40000.0,48.0,6.0,0.0,3.0,2.0,7.0,5.0,1
V2051,Shuttle Bus,96,49,6.0,240000.0,40000.0,63.166666666666664,3.0,0.0,1.0,1.0,5.0,4.0,1
V2052,Shuttle Bus,88,44,6.0,240000.0,40000.0,67.33333333333333,4.0,2.0,1.0,0.0,5.0,4.0,1
V2053,Shuttle Bus,100,32,4.0,160000.0,40000.0,40.75,2.0,1.0,3.0,1.0,4.0,4.0,1
V2054,Shuttle Bus,79,39,9.0,360000.0,40000.0,60.44444444444444,4.0,2.0,3.0,1.0,6.0,5.0,1
V2055,Shuttle Bus,20,41,9.0,360000.0,40000.0,60.44444444444444,5.0,1.0,0.0,0.0,6.0,6.0,1
V2056,Shuttle Bus,41,56,8.0,320000.0,40000.0,45.25,6.0,3.0,2.0,0.0,5.0,6.0,1
V2057,Shuttle Bus,60,55,5.0,200000.0,40000.0,62.0,1.0,1.0,1.0,1.0,3.0,4.0,1
V2058,Shuttle Bus,98,78,9.0,360000.0,40000.0,53.77777777777778,2.0,2.0,0.0,0.0,6.0,7.0,1
V2059,Shuttle Bus,58,90,2.0,80000.0,40000.0,57.5,2.0,0.0,1.0,0.0,2.0,1.0,1
V2060,Shuttle Bus,94,51,10.0,400000.0,40000.0,59.5,5.0,4.0,2.0,1.0,6.0,7.0,1
V2061,Shuttle Bus,12,35,4.0,160000.0,40000.0,59.0,2.0,3.0,0.0,0.0,3.0,3.0,1
V2062,Shuttle Bus,61,79,5.0,200000.0,40000.0,73.6,3.0,2.0,1.0,1.0,5.0,4.0,1
V2063,Shuttle Bus,12,53,6.0,240000.0,40000.0,66.83333333333333,4.0,1.0,1.0,0.0,4.0,4.0,1
V2064,Shuttle Bus,23,47,7.0,280000.0,40000.0,69.0,4.0,2.0,0.0,0.0,6.0,3.0,1
V2065,Shuttle Bus,74,48,6.0,240000.0,40000.0,58.833333333333336,3.0,2.0,0.0,0.0,4.0,6.0,1
V2066,Shuttle Bus,60,63,7.0,280000.0,40000.0,49.857142857142854,3.0,3.0,3.0,1.0,5.0,7.0,1
V2067,Shuttle Bus,37,54,4.0,160000.0,40000.0,67.25,2.0,2.0,2.0,1.0,4.0,3.0,1
V2068,Shuttle Bus,75,50,5.0,200000.0,40000.0,57.2,2.0,1.0,1.0,1.0,3.0,5.0,1
V2069,Shuttle Bus,66,32,8.0,320000.0,40000.0,62.375,6.0,5.0,3.0,1.0,6.0,7.0,1
V2070,Shuttle Bus,30,55,4.0,160000.0,40000.0,78.75,2.0,0.0,0.0,0.0,3.0,4.0,1
V2071,Shuttle Bus,90,42,4.0,160000.0,40000.0,62.75,1.0,1.0,0.0,0.0,2.0,3.0,1
V2072,Shuttle Bus,18,66,12.0,480000.0,40000.0,54.083333333333336,7.0,4.0,1.0,1.0,5.0,7.0,1
V2073,Shuttle Bus,85,35,11.0,440000.0,40000.0,61.72727272727273,5.0,3.0,3.0,1.0,5.0,6.0,1
V2074,Shuttle Bus,24,59,2.0,80000.0,40000.0,73.5,1.0,0.0,0.0,0.0,2.0,2.0,1
V2075,Shuttle Bus,73,63,1.0,40000.0,40000.0,66.0,1.0,0.0,0.0,0.0,1.0,1.0,1
V2076,Shuttle Bus,28,44,2.0,80000.0,40000.0,68.5,0.0,0.0,1.0,0.0,2.0,1.0,1
V2077,Shuttle Bus,21,36,4.0,160000.0,40000.0,55.75,1.0,0.0,1.0,1.0,3.0,3.0,1
V2078,Shuttle Bus,68,63,4.0,160000.0,40000.0,53.25,2.0,0.0,1.0,0.0,4.0,4.0,1
V2079,Shuttle Bus,61,45,5.0,200000.0,40000.0,66.8,2.0,2.0,1.0,1.0,3.0,4.0,1
V2080,Shuttle Bus,92,78,5.0,200000.0,40000.0,75.4,3.0,3.0,2.0,1.0,3.0,5.0,1
V2081,Shuttle Bus,66,67,5.0,200000.0,40000.0,62.8,3.0,3.0,1.0,0.0,4.0,4.0,1
V2082,Shuttle Bus,51,83,7.0,280000.0,40000.0,57.857142857142854,3.0,3.0,0.0,0.0,5.0,5.0,1
V2083,Shuttle Bus,19,60,7.0,280000.0,40000.0,58.714285714285715,1.0,3.0,2.0,1.0,6.0,5.0,1
V2084,Shuttle Bus,22,48,2.0,80000.0,40000.0,71.0,1.0,0.0,0.0,0.0,2.0,2.0,1
V2085,Shuttle Bus,99,45,5.0,200000.0,40000.0,63.6,0.0,2.0,0.0,0.0,3.0,3.0,1
V2086,Shuttle Bus,71,47,5.0,200000.0,40000.0,68.4,1.0,1.0,0.0,0.0,4.0,3.0,1
V2087,Shuttle Bus,39,57,3.0,120000.0,40000.0,47.333333333333336,1.0,1.0,2.0,1.0,3.0,3.0,1
V2088,Shuttle Bus,81,80,7.0,280000.0,40000.0,66.0,2.0,2.0,1.0,1.0,5.0,4.0,1
V2089,Shuttle Bus,42,41,8.0,320000.0,40000.0,58.125,3.0,1.0,1.0,0.0,6.0,5.0,1
V2090,Shuttle Bus,61,78,6.0,240000.0,40000.0,54.333333333333336,2.0,2.0,0.0,0.0,6.0,4.0,1
V2091,Shuttle Bus,91,90,7.0,280000.0,40000.0,72.14285714285714,4.0,0.0,0.0,0.0,5.0,5.0,1
V2092,Shuttle Bus,100,59,7.0,280000.0,40000.0,59.285714285714285,3.0,1.0,0.0,0.0,4.0,4.0,1
V2093,Shuttle Bus,87,66,6.0,240000.0,40000.0,55.0,1.0,2.0,1.0,0.0,4.0,4.0,1
V2094,Shuttle Bus,86,83,3.0,120000.0,40000.0,60.333333333333336,2.0,1.0,1.0,1.0,2.0,3.0,1
V2095,Shuttle Bus,31,85,6.0,240000.0,40000.0,58.666666666666664,2.0,1.0,1.0,1.0,4.0,5.0,1
V2096,Shuttle Bus,92,54,4.0,160000.0,40000.0,53.0,2.0,1.0,0.0,0.0,3.0,3.0,1
V2097,Shuttle Bus,85,58,3.0,120000.0,40000.0,67.0,1.0,0.0,0.0,0.0,3.0,2.0,1
V2098,Shuttle Bus,74,44,8.0,320000.0,40000.0,52.25,5.0,3.0,0.0,0.0,6.0,5.0,1
V2099,Shuttle Bus,69,47,7.0,280000.0,40000.0,64.71428571428571,4.0,1.0,0.0,0.0,6.0,4.0,1
V2100,Shuttle Bus,45,50,9.0,360000.0,40000.0,64.77777777777777,5.0,5.0,1.0,1.0,6.0,7.0,1
