VehicleID,Type,Battery_Level_Pct,Days_Since_Maintenance,Trip_Count,Total_Revenue,Predicted_Action_Probability,Predicted_Action_Label,Maintenance_Risk_Level,Recommended_Action
V2100,Shuttle Bus,45,50,9.0,360000.0,0.9999994526561538,1,Critical,Immediate charge/maintenance before next deployment
V0001,E-Bike,46,38,2.0,60000.0,0.9999994526561538,1,Critical,Immediate charge/maintenance before next deployment
V0002,E-Bike,23,58,2.0,97500.0,0.9999994526561538,1,Critical,Immediate charge/maintenance before next deployment
V0003,E-Bike,33,43,1.0,7500.0,0.9999994526561538,1,Critical,Immediate charge/maintenance before next deployment
V2084,Shuttle Bus,22,48,2.0,80000.0,0.9999994526561538,1,Critical,Immediate charge/maintenance before next deployment
V2083,Shuttle Bus,19,60,7.0,280000.0,0.9999994526561538,1,Critical,Immediate charge/maintenance before next deployment
V2082,Shuttle Bus,51,83,7.0,280000.0,0.9999994526561538,1,Critical,Immediate charge/maintenance before next deployment
V2081,Shuttle Bus,66,67,5.0,200000.0,0.9999994526561538,1,Critical,Immediate charge/maintenance before next deployment
V2080,Shuttle Bus,92,78,5.0,200000.0,0.9999994526561538,1,Critical,Immediate charge/maintenance before next deployment
V2079,Shuttle Bus,61,45,5.0,200000.0,0.9999994526561538,1,Critical,Immediate charge/maintenance before next deployment
V2078,Shuttle Bus,68,63,4.0,160000.0,0.9999994526561538,1,Critical,Immediate charge/maintenance before next deployment
V2077,Shuttle Bus,21,36,4.0,160000.0,0.9999994526561538,1,Critical,Immediate charge/maintenance before next deployment
V2076,Shuttle Bus,28,44,2.0,80000.0,0.9999994526561538,1,Critical,Immediate charge/maintenance before next deployment
V2075,Shuttle Bus,73,63,1.0,40000.0,0.9999994526561538,1,Critical,Immediate charge/maintenance before next deployment
V2074,Shuttle Bus,24,59,2.0,80000.0,0.9999994526561538,1,Critical,Immediate charge/maintenance before next deployment
V2073,Shuttle Bus,85,35,11.0,440000.0,0.9999994526561538,1,Critical,Immediate charge/maintenance before next deployment
V2072,Shuttle Bus,18,66,12.0,480000.0,0.9999994526561538,1,Critical,Immediate charge/maintenance before next deployment
V2071,Shuttle Bus,90,42,4.0,160000.0,0.9999994526561538,1,Critical,Immediate charge/maintenance before next deployment
V2070,Shuttle Bus,30,55,4.0,160000.0,0.9999994526561538,1,Critical,Immediate charge/maintenance before next deployment
V2069,Shuttle Bus,66,32,8.0,320000.0,0.9999994526561538,1,Critical,Immediate charge/maintenance before next deployment
V0036,E-Bike,92,71,2.0,81000.0,0.9999994526561538,1,Critical,Immediate charge/maintenance before next deployment
V0035,E-Bike,20,75,2.0,79500.0,0.9999994526561538,1,Critical,Immediate charge/maintenance before next deployment
V0034,E-Bike,28,48,4.0,153000.0,0.9999994526561538,1,Critical,Immediate charge/maintenance before next deployment
V0033,E-Bike,56,39,4.0,90000.0,0.9999994526561538,1,Critical,Immediate charge/maintenance before next deployment
V0032,E-Bike,54,33,3.0,66000.0,0.9999994526561538,1,Critical,Immediate charge/maintenance before next deployment
V0031,E-Bike,45,53,3.0,117000.0,0.9999994526561538,1,Critical,Immediate charge/maintenance before next deployment
V0030,E-Bike,96,78,4.0,109500.0,0.9999994526561538,1,Critical,Immediate charge/maintenance before next deployment
V0029,E-Bike,10,45,1.0,60000.0,0.9999994526561538,1,Critical,Immediate charge/maintenance before next deployment
V0028,E-Bike,100,75,3.0,136500.0,0.9999994526561538,1,Critical,Immediate charge/maintenance before next deployment
V0027,E-Bike,43,50,2.0,94500.0,0.9999994526561538,1,Critical,Immediate charge/maintenance before next deployment
V0026,E-Bike,47,69,4.0,192000.0,0.9999994526561538,1,Critical,Immediate charge/maintenance before next deployment
V0025,E-Bike,83,47,2.0,73500.0,0.9999994526561538,1,Critical,Immediate charge/maintenance before next deployment
V0024,E-Bike,64,66,1.0,7500.0,0.9999994526561538,1,Critical,Immediate charge/maintenance before next deployment
V0023,E-Bike,28,88,7.0,237000.0,0.9999994526561538,1,Critical,Immediate charge/maintenance before next deployment
V0022,E-Bike,28,48,7.0,193500.0,0.9999994526561538,1,Critical,Immediate charge/maintenance before next deployment
V0021,E-Bike,39,70,1.0,37500.0,0.9999994526561538,1,Critical,Immediate charge/maintenance before next deployment
V0052,E-Bike,78,48,2.0,69000.0,0.9999994526561538,1,Critical,Immediate charge/maintenance before next deployment
V0051,E-Bike,76,51,4.0,157500.0,0.9999994526561538,1,Critical,Immediate charge/maintenance before next deployment
V0050,E-Bike,76,58,2.0,88500.0,0.9999994526561538,1,Critical,Immediate charge/maintenance before next deployment
V0049,E-Bike,56,42,4.0,130500.0,0.9999994526561538,1,Critical,Immediate charge/maintenance before next deployment
V0048,E-Bike,73,68,2.0,96000.0,0.9999994526561538,1,Critical,Immediate charge/maintenance before next deployment
V0047,E-Bike,42,73,2.0,63000.0,0.9999994526561538,1,Critical,Immediate charge/maintenance before next deployment
V0046,E-Bike,82,39,6.0,166500.0,0.9999994526561538,1,Critical,Immediate charge/maintenance before next deployment
V0045,E-Bike,74,41,4.0,159000.0,0.9999994526561538,1,Critical,Immediate charge/maintenance before next deployment
V0044,E-Bike,22,70,8.0,334500.0,0.9999994526561538,1,Critical,Immediate charge/maintenance before next deployment
V0043,E-Bike,77,78,3.0,162000.0,0.9999994526561538,1,Critical,Immediate charge/maintenance before next deployment
V0042,E-Bike,84,55,1.0,30000.0,0.9999994526561538,1,Critical,Immediate charge/maintenance before next deployment
V0041,E-Bike,27,32,5.0,267000.0,0.9999994526561538,1,Critical,Immediate charge/maintenance before next deployment
V0040,E-Bike,82,41,2.0,82500.0,0.9999994526561538,1,Critical,Immediate charge/maintenance before next deployment
V0039,E-Bike,96,54,4.0,118500.0,0.9999994526561538,1,Critical,Immediate charge/maintenance before next deployment
V0038,E-Bike,59,52,7.0,222000.0,0.9999994526561538,1,Critical,Immediate charge/maintenance before next deployment
V0037,E-Bike,61,35,4.0,93000.0,0.9999994526561538,1,Critical,Immediate charge/maintenance before next deployment
V0068,E-Bike,35,65,3.0,85500.0,0.9999994526561538,1,Critical,Immediate charge/maintenance before next deployment
V0066,E-Bike,91,66,2.0,85500.0,0.9999994526561538,1,Critical,Immediate charge/maintenance before next deployment
V0065,E-Bike,16,60,2.0,54000.0,0.9999994526561538,1,Critical,Immediate charge/maintenance before next deployment
V0064,E-Bike,60,66,2.0,117000.0,0.9999994526561538,1,Critical,Immediate charge/maintenance before next deployment
V0063,E-Bike,33,85,6.0,246000.0,0.9999994526561538,1,Critical,Immediate charge/maintenance before next deployment
V0062,E-Bike,91,87,5.0,184500.0,0.9999994526561538,1,Critical,Immediate charge/maintenance before next deployment
V0061,E-Bike,77,40,4.0,127500.0,0.9999994526561538,1,Critical,Immediate charge/maintenance before next deployment
V0060,E-Bike,84,85,4.0,159000.0,0.9999994526561538,1,Critical,Immediate charge/maintenance before next deployment
V0059,E-Bike,10,57,5.0,157500.0,0.9999994526561538,1,Critical,Immediate charge/maintenance before next deployment
V0058,E-Bike,98,34,5.0,237000.0,0.9999994526561538,1,Critical,Immediate charge/maintenance before next deployment
V0057,E-Bike,73,63,5.0,199500.0,0.9999994526561538,1,Critical,Immediate charge/maintenance before next deployment
V0056,E-Bike,66,40,7.0,267000.0,0.9999994526561538,1,Critical,Immediate charge/maintenance before next deployment
V0055,E-Bike,10,60,2.0,57000.0,0.9999994526561538,1,Critical,Immediate charge/maintenance before next deployment
V0054,E-Bike,94,69,2.0,70500.0,0.9999994526561538,1,Critical,Immediate charge/maintenance before next deployment
V0053,E-Bike,69,63,2.0,76500.0,0.9999994526561538,1,Critical,Immediate charge/maintenance before next deployment
V0084,E-Bike,83,47,4.0,126000.0,0.9999994526561538,1,Critical,Immediate charge/maintenance before next deployment
V0083,E-Bike,92,58,5.0,178500.0,0.9999994526561538,1,Critical,Immediate charge/maintenance before next deployment
V0082,E-Bike,71,55,4.0,151500.0,0.9999994526561538,1,Critical,Immediate charge/maintenance before next deployment
V0081,E-Bike,93,73,2.0,51000.0,0.9999994526561538,1,Critical,Immediate charge/maintenance before next deployment
V0080,E-Bike,23,41,5.0,184500.0,0.9999994526561538,1,Critical,Immediate charge/maintenance before next deployment
V0079,E-Bike,53,43,4.0,100500.0,0.9999994526561538,1,Critical,Immediate charge/maintenance before next deployment
V0078,E-Bike,60,50,8.0,282000.0,0.9999994526561538,1,Critical,Immediate charge/maintenance before next deployment
V0077,E-Bike,64,73,4.0,160500.0,0.9999994526561538,1,Critical,Immediate charge/maintenance before next deployment
V0076,E-Bike,29,88,3.0,112500.0,0.9999994526561538,1,Critical,Immediate charge/maintenance before next deployment
V0075,E-Bike,71,38,3.0,132000.0,0.9999994526561538,1,Critical,Immediate charge/maintenance before next deployment
V0074,E-Bike,83,61,1.0,36000.0,0.9999994526561538,1,Critical,Immediate charge/maintenance before next deployment
V0073,E-Bike,73,77,3.0,147000.0,0.9999994526561538,1,Critical,Immediate charge/maintenance before next deployment
V0072,E-Bike,66,53,7.0,310500.0,0.9999994526561538,1,Critical,Immediate charge/maintenance before next deployment
V0071,E-Bike,59,66,1.0,55500.0,0.9999994526561538,1,Critical,Immediate charge/maintenance before next deployment
V0070,E-Bike,68,40,1.0,52500.0,0.9999994526561538,1,Critical,Immediate charge/maintenance before next deployment
V0069,E-Bike,90,73,3.0,115500.0,0.9999994526561538,1,Critical,Immediate charge/maintenance before next deployment
V0100,E-Bike,14,78,2.0,78000.0,0.9999994526561538,1,Critical,Immediate charge/maintenance before next deployment
V0099,E-Bike,36,65,0.0,0.0,0.9999994526561538,1,Critical,Immediate charge/maintenance before next deployment
V0098,E-Bike,71,86,2.0,73500.0,0.9999994526561538,1,Critical,Immediate charge/maintenance before next deployment
V0097,E-Bike,71,79,4.0,148500.0,0.9999994526561538,1,Critical,Immediate charge/maintenance before next deployment
V0096,E-Bike,27,83,1.0,10500.0,0.9999994526561538,1,Critical,Immediate charge/maintenance before next deployment
V0095,E-Bike,12,85,2.0,66000.0,0.9999994526561538,1,Critical,Immediate charge/maintenance before next deployment
V0094,E-Bike,14,53,1.0,31500.0,0.9999994526561538,1,Critical,Immediate charge/maintenance before next deployment
V0093,E-Bike,14,74,6.0,144000.0,0.9999994526561538,1,Critical,Immediate charge/maintenance before next deployment
V0092,E-Bike,31,42,5.0,181500.0,0.9999994526561538,1,Critical,Immediate charge/maintenance before next deployment
V0091,E-Bike,51,63,2.0,76500.0,0.9999994526561538,1,Critical,Immediate charge/maintenance before next deployment
V0090,E-Bike,70,47,1.0,57000.0,0.9999994526561538,1,Critical,Immediate charge/maintenance before next deployment
V0089,E-Bike,63,54,1.0,21000.0,0.9999994526561538,1,Critical,Immediate charge/maintenance before next deployment
V0088,E-Bike,100,85,2.0,88500.0,0.9999994526561538,1,Critical,Immediate charge/maintenance before next deployment
V0087,E-Bike,84,43,3.0,81000.0,0.9999994526561538,1,Critical,Immediate charge/maintenance before next deployment
V0086,E-Bike,65,53,2.0,100500.0,0.9999994526561538,1,Critical,Immediate charge/maintenance before next deployment
V0085,E-Bike,52,88,3.0,154500.0,0.9999994526561538,1,Critical,Immediate charge/maintenance before next deployment
V0116,E-Bike,37,88,1.0,61500.0,0.9999994526561538,1,Critical,Immediate charge/maintenance before next deployment
V0113,E-Bike,55,72,4.0,112500.0,0.9999994526561538,1,Critical,Immediate charge/maintenance before next deployment
V0112,E-Bike,63,78,4.0,97500.0,0.9999994526561538,1,Critical,Immediate charge/maintenance before next deployment
V0111,E-Bike,98,80,2.0,106500.0,0.9999994526561538,1,Critical,Immediate charge/maintenance before next deployment
V0110,E-Bike,23,89,3.0,184500.0,0.9999994526561538,1,Critical,Immediate charge/maintenance before next deployment
V0109,E-Bike,100,57,3.0,112500.0,0.9999994526561538,1,Critical,Immediate charge/maintenance before next deployment
V0108,E-Bike,19,87,5.0,135000.0,0.9999994526561538,1,Critical,Immediate charge/maintenance before next deployment
V0107,E-Bike,99,65,4.0,102000.0,0.9999994526561538,1,Critical,Immediate charge/maintenance before next deployment
V0106,E-Bike,54,75,4.0,127500.0,0.9999994526561538,1,Critical,Immediate charge/maintenance before next deployment
V0105,E-Bike,73,33,3.0,138000.0,0.9999994526561538,1,Critical,Immediate charge/maintenance before next deployment
V0104,E-Bike,63,74,2.0,121500.0,0.9999994526561538,1,Critical,Immediate charge/maintenance before next deployment
V0103,E-Bike,67,78,6.0,267000.0,0.9999994526561538,1,Critical,Immediate charge/maintenance before next deployment
V0102,E-Bike,17,73,5.0,226500.0,0.9999994526561538,1,Critical,Immediate charge/maintenance before next deployment
V0101,E-Bike,42,62,2.0,82500.0,0.9999994526561538,1,Critical,Immediate charge/maintenance before next deployment
V0132,E-Bike,70,57,1.0,51000.0,0.9999994526561538,1,Critical,Immediate charge/maintenance before next deployment
V0131,E-Bike,40,59,3.0,114000.0,0.9999994526561538,1,Critical,Immediate charge/maintenance before next deployment
V0130,E-Bike,31,62,4.0,195000.0,0.9999994526561538,1,Critical,Immediate charge/maintenance before next deployment
V0129,E-Bike,65,44,3.0,121500.0,0.9999994526561538,1,Critical,Immediate charge/maintenance before next deployment
V0128,E-Bike,61,63,5.0,105000.0,0.9999994526561538,1,Critical,Immediate charge/maintenance before next deployment
V0127,E-Bike,61,83,6.0,199500.0,0.9999994526561538,1,Critical,Immediate charge/maintenance before next deployment
V0126,E-Bike,10,41,3.0,117000.0,0.9999994526561538,1,Critical,Immediate charge/maintenance before next deployment
V0125,E-Bike,53,52,2.0,91500.0,0.9999994526561538,1,Critical,Immediate charge/maintenance before next deployment
V0124,E-Bike,93,83,2.0,76500.0,0.9999994526561538,1,Critical,Immediate charge/maintenance before next deployment
V0123,E-Bike,85,86,5.0,192000.0,0.9999994526561538,1,Critical,Immediate charge/maintenance before next deployment
V0122,E-Bike,84,84,5.0,189000.0,0.9999994526561538,1,Critical,Immediate charge/maintenance before next deployment
V0121,E-Bike,43,37,5.0,163500.0,0.9999994526561538,1,Critical,Immediate charge/maintenance before next deployment
V0120,E-Bike,46,69,6.0,288000.0,0.9999994526561538,1,Critical,Immediate charge/maintenance before next deployment
V0119,E-Bike,65,36,1.0,31500.0,0.9999994526561538,1,Critical,Immediate charge/maintenance before next deployment
V0118,E-Bike,25,68,4.0,166500.0,0.9999994526561538,1,Critical,Immediate charge/maintenance before next deployment
V0117,E-Bike,66,85,3.0,136500.0,0.9999994526561538,1,Critical,Immediate charge/maintenance before next deployment
V0148,E-Bike,82,38,6.0,190500.0,0.9999994526561538,1,Critical,Immediate charge/maintenance before next deployment
V0147,E-Bike,93,38,5.0,229500.0,0.9999994526561538,1,Critical,Immediate charge/maintenance before next deployment
V0146,E-Bike,90,77,7.0,189000.0,0.9999994526561538,1,Critical,Immediate charge/maintenance before next deployment
V0145,E-Bike,68,47,5.0,225000.0,0.9999994526561538,1,Critical,Immediate charge/maintenance before next deployment
V0144,E-Bike,63,84,2.0,54000.0,0.9999994526561538,1,Critical,Immediate charge/maintenance before next deployment
V0143,E-Bike,78,39,3.0,171000.0,0.9999994526561538,1,Critical,Immediate charge/maintenance before next deployment
V0142,E-Bike,91,38,3.0,115500.0,0.9999994526561538,1,Critical,Immediate charge/maintenance before next deployment
V0141,E-Bike,29,44,4.0,108000.0,0.9999994526561538,1,Critical,Immediate charge/maintenance before next deployment
V0140,E-Bike,68,69,3.0,100500.0,0.9999994526561538,1,Critical,Immediate charge/maintenance before next deployment
V0139,E-Bike,94,66,4.0,169500.0,0.9999994526561538,1,Critical,Immediate charge/maintenance before next deployment
V0138,E-Bike,61,60,4.0,99000.0,0.9999994526561538,1,Critical,Immediate charge/maintenance before next deployment
V0137,E-Bike,65,51,1.0,49500.0,0.9999994526561538,1,Critical,Immediate charge/maintenance before next deployment
V0136,E-Bike,24,62,5.0,193500.0,0.9999994526561538,1,Critical,Immediate charge/maintenance before next deployment
V0135,E-Bike,83,54,6.0,256500.0,0.9999994526561538,1,Critical,Immediate charge/maintenance before next deployment
V0134,E-Bike,66,59,2.0,81000.0,0.9999994526561538,1,Critical,Immediate charge/maintenance before next deployment
V0133,E-Bike,34,66,0.0,0.0,0.9999994526561538,1,Critical,Immediate charge/maintenance before next deployment
V0164,E-Bike,63,44,4.0,156000.0,0.9999994526561538,1,Critical,Immediate charge/maintenance before next deployment
V0163,E-Bike,92,84,1.0,40500.0,0.9999994526561538,1,Critical,Immediate charge/maintenance before next deployment
V0162,E-Bike,19,70,2.0,70500.0,0.9999994526561538,1,Critical,Immediate charge/maintenance before next deployment
V0161,E-Bike,99,31,3.0,118500.0,0.9999994526561538,1,Critical,Immediate charge/maintenance before next deployment
V0160,E-Bike,39,43,4.0,181500.0,0.9999994526561538,1,Critical,Immediate charge/maintenance before next deployment
V0159,E-Bike,87,61,3.0,51000.0,0.9999994526561538,1,Critical,Immediate charge/maintenance before next deployment
V0158,E-Bike,24,58,4.0,177000.0,0.9999994526561538,1,Critical,Immediate charge/maintenance before next deployment
V0157,E-Bike,67,55,2.0,94500.0,0.9999994526561538,1,Critical,Immediate charge/maintenance before next deployment
V0156,E-Bike,41,56,7.0,252000.0,0.9999994526561538,1,Critical,Immediate charge/maintenance before next deployment
V0155,E-Bike,51,36,4.0,177000.0,0.9999994526561538,1,Critical,Immediate charge/maintenance before next deployment
V0154,E-Bike,13,72,3.0,108000.0,0.9999994526561538,1,Critical,Immediate charge/maintenance before next deployment
V0153,E-Bike,94,71,1.0,10500.0,0.9999994526561538,1,Critical,Immediate charge/maintenance before next deployment
V0152,E-Bike,43,62,10.0,364500.0,0.9999994526561538,1,Critical,Immediate charge/maintenance before next deployment
V0151,E-Bike,94,32,5.0,169500.0,0.9999994526561538,1,Critical,Immediate charge/maintenance before next deployment
V0150,E-Bike,53,47,3.0,79500.0,0.9999994526561538,1,Critical,Immediate charge/maintenance before next deployment
V0149,E-Bike,64,83,2.0,103500.0,0.9999994526561538,1,Critical,Immediate charge/maintenance before next deployment
V0180,E-Bike,22,71,3.0,70500.0,0.9999994526561538,1,Critical,Immediate charge/maintenance before next deployment
V0179,E-Bike,67,90,3.0,112500.0,0.9999994526561538,1,Critical,Immediate charge/maintenance before next deployment
V0178,E-Bike,75,71,1.0,22500.0,0.9999994526561538,1,Critical,Immediate charge/maintenance before next deployment
V0177,E-Bike,21,48,9.0,348000.0,0.9999994526561538,1,Critical,Immediate charge/maintenance before next deployment
V0176,E-Bike,16,87,1.0,7500.0,0.9999994526561538,1,Critical,Immediate charge/maintenance before next deployment
V0175,E-Bike,97,60,6.0,292500.0,0.9999994526561538,1,Critical,Immediate charge/maintenance before next deployment
V0174,E-Bike,42,57,5.0,147000.0,0.9999994526561538,1,Critical,Immediate charge/maintenance before next deployment
V0173,E-Bike,88,73,3.0,76500.0,0.9999994526561538,1,Critical,Immediate charge/maintenance before next deployment
V0172,E-Bike,55,85,0.0,0.0,0.9999994526561538,1,Critical,Immediate charge/maintenance before next deployment
V0171,E-Bike,97,60,3.0,106500.0,0.9999994526561538,1,Critical,Immediate charge/maintenance before next deployment
V0170,E-Bike,61,53,2.0,70500.0,0.9999994526561538,1,Critical,Immediate charge/maintenance before next deployment
V0169,E-Bike,68,56,2.0,84000.0,0.9999994526561538,1,Critical,Immediate charge/maintenance before next deployment
V0168,E-Bike,19,55,0.0,0.0,0.9999994526561538,1,Critical,Immediate charge/maintenance before next deployment
V0167,E-Bike,59,74,4.0,124500.0,0.9999994526561538,1,Critical,Immediate charge/maintenance before next deployment
V0166,E-Bike,56,62,2.0,46500.0,0.9999994526561538,1,Critical,Immediate charge/maintenance before next deployment
V0165,E-Bike,45,34,5.0,235500.0,0.9999994526561538,1,Critical,Immediate charge/maintenance before next deployment
V0196,E-Bike,18,89,4.0,177000.0,0.9999994526561538,1,Critical,Immediate charge/maintenance before next deployment
V0195,E-Bike,98,64,2.0,45000.0,0.9999994526561538,1,Critical,Immediate charge/maintenance before next deployment
V0194,E-Bike,81,38,3.0,87000.0,0.9999994526561538,1,Critical,Immediate charge/maintenance before next deployment
V0193,E-Bike,77,33,4.0,183000.0,0.9999994526561538,1,Critical,Immediate charge/maintenance before next deployment
V0192,E-Bike,62,74,7.0,238500.0,0.9999994526561538,1,Critical,Immediate charge/maintenance before next deployment
V0191,E-Bike,60,69,1.0,46500.0,0.9999994526561538,1,Critical,Immediate charge/maintenance before next deployment
V0190,E-Bike,65,43,6.0,255000.0,0.9999994526561538,1,Critical,Immediate charge/maintenance before next deployment
V0189,E-Bike,87,60,5.0,174000.0,0.9999994526561538,1,Critical,Immediate charge/maintenance before next deployment
V0188,E-Bike,33,69,3.0,172500.0,0.9999994526561538,1,Critical,Immediate charge/maintenance before next deployment
V0187,E-Bike,45,35,0.0,0.0,0.9999994526561538,1,Critical,Immediate charge/maintenance before next deployment
V0186,E-Bike,93,57,3.0,126000.0,0.9999994526561538,1,Critical,Immediate charge/maintenance before next deployment
V0185,E-Bike,51,69,2.0,81000.0,0.9999994526561538,1,Critical,Immediate charge/maintenance before next deployment
V0184,E-Bike,52,51,1.0,19500.0,0.9999994526561538,1,Critical,Immediate charge/maintenance before next deployment
V0183,E-Bike,13,73,5.0,162000.0,0.9999994526561538,1,Critical,Immediate charge/maintenance before next deployment
V0182,E-Bike,61,32,1.0,42000.0,0.9999994526561538,1,Critical,Immediate charge/maintenance before next deployment
V0181,E-Bike,84,64,3.0,133500.0,0.9999994526561538,1,Critical,Immediate charge/maintenance before next deployment
V0212,E-Bike,26,56,0.0,0.0,0.9999994526561538,1,Critical,Immediate charge/maintenance before next deployment
V0211,E-Bike,23,76,3.0,97500.0,0.9999994526561538,1,Critical,Immediate charge/maintenance before next deployment
V0210,E-Bike,35,83,2.0,87000.0,0.9999994526561538,1,Critical,Immediate charge/maintenance before next deployment
V0209,E-Bike,49,39,2.0,70500.0,0.9999994526561538,1,Critical,Immediate charge/maintenance before next deployment
V0208,E-Bike,68,90,2.0,78000.0,0.9999994526561538,1,Critical,Immediate charge/maintenance before next deployment
V0207,E-Bike,21,73,4.0,177000.0,0.9999994526561538,1,Critical,Immediate charge/maintenance before next deployment
V0206,E-Bike,75,70,4.0,156000.0,0.9999994526561538,1,Critical,Immediate charge/maintenance before next deployment
V0205,E-Bike,34,72,3.0,57000.0,0.9999994526561538,1,Critical,Immediate charge/maintenance before next deployment
V0204,E-Bike,37,40,7.0,271500.0,0.9999994526561538,1,Critical,Immediate charge/maintenance before next deployment
V0203,E-Bike,97,84,1.0,21000.0,0.9999994526561538,1,Critical,Immediate charge/maintenance before next deployment
V0202,E-Bike,92,59,3.0,97500.0,0.9999994526561538,1,Critical,Immediate charge/maintenance before next deployment
V0201,E-Bike,46,64,3.0,106500.0,0.9999994526561538,1,Critical,Immediate charge/maintenance before next deployment
V0200,E-Bike,68,42,6.0,193500.0,0.9999994526561538,1,Critical,Immediate charge/maintenance before next deployment
V0199,E-Bike,75,41,4.0,99000.0,0.9999994526561538,1,Critical,Immediate charge/maintenance before next deployment
V0198,E-Bike,17,48,2.0,115500.0,0.9999994526561538,1,Critical,Immediate charge/maintenance before next deployment
V0197,E-Bike,35,43,7.0,237000.0,0.9999994526561538,1,Critical,Immediate charge/maintenance before next deployment
V0228,E-Bike,36,36,6.0,190500.0,0.9999994526561538,1,Critical,Immediate charge/maintenance before next deployment
V0227,E-Bike,85,69,6.0,219000.0,0.9999994526561538,1,Critical,Immediate charge/maintenance before next deployment
V0226,E-Bike,59,63,4.0,159000.0,0.9999994526561538,1,Critical,Immediate charge/maintenance before next deployment
V0225,E-Bike,55,52,5.0,127500.0,0.9999994526561538,1,Critical,Immediate charge/maintenance before next deployment
V0224,E-Bike,58,68,1.0,24000.0,0.9999994526561538,1,Critical,Immediate charge/maintenance before next deployment
V0223,E-Bike,87,36,3.0,174000.0,0.9999994526561538,1,Critical,Immediate charge/maintenance before next deployment
V0221,E-Bike,51,64,4.0,129000.0,0.9999994526561538,1,Critical,Immediate charge/maintenance before next deployment
V0220,E-Bike,15,78,4.0,108000.0,0.9999994526561538,1,Critical,Immediate charge/maintenance before next deployment
V0219,E-Bike,57,63,4.0,153000.0,0.9999994526561538,1,Critical,Immediate charge/maintenance before next deployment
V0218,E-Bike,61,62,0.0,0.0,0.9999994526561538,1,Critical,Immediate charge/maintenance before next deployment
V0217,E-Bike,98,42,6.0,165000.0,0.9999994526561538,1,Critical,Immediate charge/maintenance before next deployment
V0216,E-Bike,30,72,3.0,52500.0,0.9999994526561538,1,Critical,Immediate charge/maintenance before next deployment
V0215,E-Bike,73,59,2.0,28500.0,0.9999994526561538,1,Critical,Immediate charge/maintenance before next deployment
V0214,E-Bike,97,83,3.0,126000.0,0.9999994526561538,1,Critical,Immediate charge/maintenance before next deployment
V0213,E-Bike,60,33,5.0,163500.0,0.9999994526561538,1,Critical,Immediate charge/maintenance before next deployment
V0244,E-Bike,31,50,1.0,42000.0,0.9999994526561538,1,Critical,Immediate charge/maintenance before next deployment
V0243,E-Bike,53,70,4.0,132000.0,0.9999994526561538,1,Critical,Immediate charge/maintenance before next deployment
V0242,E-Bike,74,44,1.0,37500.0,0.9999994526561538,1,Critical,Immediate charge/maintenance before next deployment
V0241,E-Bike,36,57,2.0,67500.0,0.9999994526561538,1,Critical,Immediate charge/maintenance before next deployment
V0240,E-Bike,46,78,1.0,28500.0,0.9999994526561538,1,Critical,Immediate charge/maintenance before next deployment
V0239,E-Bike,59,72,3.0,100500.0,0.9999994526561538,1,Critical,Immediate charge/maintenance before next deployment
V0238,E-Bike,23,88,4.0,121500.0,0.9999994526561538,1,Critical,Immediate charge/maintenance before next deployment
V0237,E-Bike,81,57,3.0,151500.0,0.9999994526561538,1,Critical,Immediate charge/maintenance before next deployment
V0236,E-Bike,42,73,7.0,277500.0,0.9999994526561538,1,Critical,Immediate charge/maintenance before next deployment
V0235,E-Bike,61,44,3.0,135000.0,0.9999994526561538,1,Critical,Immediate charge/maintenance before next deployment
V0234,E-Bike,80,31,4.0,150000.0,0.9999994526561538,1,Critical,Immediate charge/maintenance before next deployment
V0233,E-Bike,40,85,2.0,60000.0,0.9999994526561538,1,Critical,Immediate charge/maintenance before next deployment
V0232,E-Bike,66,60,2.0,91500.0,0.9999994526561538,1,Critical,Immediate charge/maintenance before next deployment
V0231,E-Bike,22,67,2.0,48000.0,0.9999994526561538,1,Critical,Immediate charge/maintenance before next deployment
V0230,E-Bike,33,62,6.0,219000.0,0.9999994526561538,1,Critical,Immediate charge/maintenance before next deployment
V0229,E-Bike,80,65,4.0,118500.0,0.9999994526561538,1,Critical,Immediate charge/maintenance before next deployment
V0260,E-Bike,36,65,5.0,123000.0,0.9999994526561538,1,Critical,Immediate charge/maintenance before next deployment
V0259,E-Bike,55,60,6.0,247500.0,0.9999994526561538,1,Critical,Immediate charge/maintenance before next deployment
V0258,E-Bike,81,77,5.0,237000.0,0.9999994526561538,1,Critical,Immediate charge/maintenance before next deployment
V0257,E-Bike,82,54,4.0,139500.0,0.9999994526561538,1,Critical,Immediate charge/maintenance before next deployment
V0256,E-Bike,81,42,5.0,193500.0,0.9999994526561538,1,Critical,Immediate charge/maintenance before next deployment
V0255,E-Bike,70,85,2.0,79500.0,0.9999994526561538,1,Critical,Immediate charge/maintenance before next deployment
V0254,E-Bike,75,90,3.0,124500.0,0.9999994526561538,1,Critical,Immediate charge/maintenance before next deployment
V0253,E-Bike,73,36,4.0,154500.0,0.9999994526561538,1,Critical,Immediate charge/maintenance before next deployment
V0252,E-Bike,53,33,3.0,106500.0,0.9999994526561538,1,Critical,Immediate charge/maintenance before next deployment
V0251,E-Bike,25,67,6.0,234000.0,0.9999994526561538,1,Critical,Immediate charge/maintenance before next deployment
V0250,E-Bike,54,38,1.0,48000.0,0.9999994526561538,1,Critical,Immediate charge/maintenance before next deployment
V0249,E-Bike,68,84,2.0,28500.0,0.9999994526561538,1,Critical,Immediate charge/maintenance before next deployment
V0248,E-Bike,40,80,4.0,138000.0,0.9999994526561538,1,Critical,Immediate charge/maintenance before next deployment
V0247,E-Bike,34,39,6.0,127500.0,0.9999994526561538,1,Critical,Immediate charge/maintenance before next deployment
V0246,E-Bike,84,78,7.0,342000.0,0.9999994526561538,1,Critical,Immediate charge/maintenance before next deployment
V0245,E-Bike,14,49,5.0,81000.0,0.9999994526561538,1,Critical,Immediate charge/maintenance before next deployment
V0276,E-Bike,21,40,5.0,139500.0,0.9999994526561538,1,Critical,Immediate charge/maintenance before next deployment
V0275,E-Bike,45,66,2.0,57000.0,0.9999994526561538,1,Critical,Immediate charge/maintenance before next deployment
V0273,E-Bike,49,86,2.0,60000.0,0.9999994526561538,1,Critical,Immediate charge/maintenance before next deployment
V0272,E-Bike,48,65,4.0,145500.0,0.9999994526561538,1,Critical,Immediate charge/maintenance before next deployment
V0271,E-Bike,34,77,3.0,121500.0,0.9999994526561538,1,Critical,Immediate charge/maintenance before next deployment
V0270,E-Bike,14,84,6.0,237000.0,0.9999994526561538,1,Critical,Immediate charge/maintenance before next deployment
V0269,E-Bike,62,78,3.0,148500.0,0.9999994526561538,1,Critical,Immediate charge/maintenance before next deployment
V0268,E-Bike,97,61,0.0,0.0,0.9999994526561538,1,Critical,Immediate charge/maintenance before next deployment
V0267,E-Bike,98,87,5.0,172500.0,0.9999994526561538,1,Critical,Immediate charge/maintenance before next deployment
V0266,E-Bike,46,50,2.0,75000.0,0.9999994526561538,1,Critical,Immediate charge/maintenance before next deployment
V0265,E-Bike,27,77,6.0,222000.0,0.9999994526561538,1,Critical,Immediate charge/maintenance before next deployment
V0264,E-Bike,64,38,4.0,106500.0,0.9999994526561538,1,Critical,Immediate charge/maintenance before next deployment
V0263,E-Bike,22,53,2.0,63000.0,0.9999994526561538,1,Critical,Immediate charge/maintenance before next deployment
V0262,E-Bike,45,74,3.0,102000.0,0.9999994526561538,1,Critical,Immediate charge/maintenance before next deployment
V0261,E-Bike,35,40,10.0,382500.0,0.9999994526561538,1,Critical,Immediate charge/maintenance before next deployment
V0291,E-Bike,35,84,3.0,154500.0,0.9999994526561538,1,Critical,Immediate charge/maintenance before next deployment
V0290,E-Bike,13,85,1.0,54000.0,0.9999994526561538,1,Critical,Immediate charge/maintenance before next deployment
V0289,E-Bike,34,81,0.0,0.0,0.9999994526561538,1,Critical,Immediate charge/maintenance before next deployment
V0288,E-Bike,84,88,2.0,121500.0,0.9999994526561538,1,Critical,Immediate charge/maintenance before next deployment
V0287,E-Bike,70,88,6.0,154500.0,0.9999994526561538,1,Critical,Immediate charge/maintenance before next deployment
V0286,E-Bike,84,64,4.0,208500.0,0.9999994526561538,1,Critical,Immediate charge/maintenance before next deployment
V0285,E-Bike,75,64,2.0,81000.0,0.9999994526561538,1,Critical,Immediate charge/maintenance before next deployment
V0284,E-Bike,43,56,1.0,16500.0,0.9999994526561538,1,Critical,Immediate charge/maintenance before next deployment
V0283,E-Bike,27,74,5.0,156000.0,0.9999994526561538,1,Critical,Immediate charge/maintenance before next deployment
V0282,E-Bike,76,54,1.0,21000.0,0.9999994526561538,1,Critical,Immediate charge/maintenance before next deployment
V0281,E-Bike,66,36,0.0,0.0,0.9999994526561538,1,Critical,Immediate charge/maintenance before next deployment
V0280,E-Bike,38,80,9.0,247500.0,0.9999994526561538,1,Critical,Immediate charge/maintenance before next deployment
V0279,E-Bike,42,36,3.0,90000.0,0.9999994526561538,1,Critical,Immediate charge/maintenance before next deployment
V0278,E-Bike,69,85,5.0,162000.0,0.9999994526561538,1,Critical,Immediate charge/maintenance before next deployment
V0277,E-Bike,78,64,3.0,73500.0,0.9999994526561538,1,Critical,Immediate charge/maintenance before next deployment
V0308,E-Bike,71,37,4.0,142500.0,0.9999994526561538,1,Critical,Immediate charge/maintenance before next deployment
V0307,E-Bike,53,50,4.0,199500.0,0.9999994526561538,1,Critical,Immediate charge/maintenance before next deployment
V0306,E-Bike,85,74,4.0,156000.0,0.9999994526561538,1,Critical,Immediate charge/maintenance before next deployment
V0305,E-Bike,78,63,3.0,114000.0,0.9999994526561538,1,Critical,Immediate charge/maintenance before next deployment
V0304,E-Bike,99,35,3.0,99000.0,0.9999994526561538,1,Critical,Immediate charge/maintenance before next deployment
V0303,E-Bike,30,31,6.0,213000.0,0.9999994526561538,1,Critical,Immediate charge/maintenance before next deployment
V0302,E-Bike,46,58,2.0,72000.0,0.9999994526561538,1,Critical,Immediate charge/maintenance before next deployment
V0301,E-Bike,10,61,8.0,208500.0,0.9999994526561538,1,Critical,Immediate charge/maintenance before next deployment
V0300,E-Bike,71,58,1.0,21000.0,0.9999994526561538,1,Critical,Immediate charge/maintenance before next deployment
V0299,E-Bike,57,74,2.0,97500.0,0.9999994526561538,1,Critical,Immediate charge/maintenance before next deployment
V0298,E-Bike,17,64,2.0,112500.0,0.9999994526561538,1,Critical,Immediate charge/maintenance before next deployment
V0297,E-Bike,92,74,4.0,145500.0,0.9999994526561538,1,Critical,Immediate charge/maintenance before next deployment
V0296,E-Bike,73,59,2.0,69000.0,0.9999994526561538,1,Critical,Immediate charge/maintenance before next deployment
V0295,E-Bike,63,65,2.0,73500.0,0.9999994526561538,1,Critical,Immediate charge/maintenance before next deployment
V0294,E-Bike,93,81,2.0,66000.0,0.9999994526561538,1,Critical,Immediate charge/maintenance before next deployment
V0293,E-Bike,25,59,1.0,52500.0,0.9999994526561538,1,Critical,Immediate charge/maintenance before next deployment
V0324,E-Bike,96,46,1.0,24000.0,0.9999994526561538,1,Critical,Immediate charge/maintenance before next deployment
V0323,E-Bike,48,87,3.0,141000.0,0.9999994526561538,1,Critical,Immediate charge/maintenance before next deployment
V0322,E-Bike,84,43,2.0,93000.0,0.9999994526561538,1,Critical,Immediate charge/maintenance before next deployment
V0321,E-Bike,39,66,1.0,9000.0,0.9999994526561538,1,Critical,Immediate charge/maintenance before next deployment
V0320,E-Bike,76,73,3.0,157500.0,0.9999994526561538,1,Critical,Immediate charge/maintenance before next deployment
V0319,E-Bike,15,70,6.0,283500.0,0.9999994526561538,1,Critical,Immediate charge/maintenance before next deployment
V0318,E-Bike,73,56,3.0,69000.0,0.9999994526561538,1,Critical,Immediate charge/maintenance before next deployment
V0317,E-Bike,50,73,2.0,79500.0,0.9999994526561538,1,Critical,Immediate charge/maintenance before next deployment
V0316,E-Bike,56,50,5.0,192000.0,0.9999994526561538,1,Critical,Immediate charge/maintenance before next deployment
V0315,E-Bike,79,33,8.0,276000.0,0.9999994526561538,1,Critical,Immediate charge/maintenance before next deployment
V0314,E-Bike,16,45,4.0,132000.0,0.9999994526561538,1,Critical,Immediate charge/maintenance before next deployment
V0313,E-Bike,19,57,1.0,67500.0,0.9999994526561538,1,Critical,Immediate charge/maintenance before next deployment
V0312,E-Bike,17,46,3.0,60000.0,0.9999994526561538,1,Critical,Immediate charge/maintenance before next deployment
V0311,E-Bike,39,70,4.0,172500.0,0.9999994526561538,1,Critical,Immediate charge/maintenance before next deployment
V0310,E-Bike,57,31,2.0,24000.0,0.9999994526561538,1,Critical,Immediate charge/maintenance before next deployment
V0309,E-Bike,38,40,6.0,199500.0,0.9999994526561538,1,Critical,Immediate charge/maintenance before next deployment
V0340,E-Bike,17,37,0.0,0.0,0.9999994526561538,1,Critical,Immediate charge/maintenance before next deployment
V0339,E-Bike,61,36,1.0,13500.0,0.9999994526561538,1,Critical,Immediate charge/maintenance before next deployment
V0338,E-Bike,71,52,2.0,108000.0,0.9999994526561538,1,Critical,Immediate charge/maintenance before next deployment
V0337,E-Bike,88,59,6.0,189000.0,0.9999994526561538,1,Critical,Immediate charge/maintenance before next deployment
V0336,E-Bike,55,74,3.0,142500.0,0.9999994526561538,1,Critical,Immediate charge/maintenance before next deployment
V0335,E-Bike,84,66,3.0,97500.0,0.9999994526561538,1,Critical,Immediate charge/maintenance before next deployment
V0334,E-Bike,84,44,2.0,66000.0,0.9999994526561538,1,Critical,Immediate charge/maintenance before next deployment
V0333,E-Bike,35,39,1.0,33000.0,0.9999994526561538,1,Critical,Immediate charge/maintenance before next deployment
V0332,E-Bike,61,76,4.0,171000.0,0.9999994526561538,1,Critical,Immediate charge/maintenance before next deployment
V0331,E-Bike,91,71,8.0,270000.0,0.9999994526561538,1,Critical,Immediate charge/maintenance before next deployment
V0329,E-Bike,37,35,4.0,127500.0,0.9999994526561538,1,Critical,Immediate charge/maintenance before next deployment
V0328,E-Bike,47,57,4.0,130500.0,0.9999994526561538,1,Critical,Immediate charge/maintenance before next deployment
V0327,E-Bike,68,72,5.0,175500.0,0.9999994526561538,1,Critical,Immediate charge/maintenance before next deployment
V0326,E-Bike,61,73,3.0,126000.0,0.9999994526561538,1,Critical,Immediate charge/maintenance before next deployment
V0325,E-Bike,86,88,4.0,123000.0,0.9999994526561538,1,Critical,Immediate charge/maintenance before next deployment
V0356,E-Bike,70,79,4.0,151500.0,0.9999994526561538,1,Critical,Immediate charge/maintenance before next deployment
V0355,E-Bike,71,64,3.0,145500.0,0.9999994526561538,1,Critical,Immediate charge/maintenance before next deployment
V0354,E-Bike,90,43,5.0,132000.0,0.9999994526561538,1,Critical,Immediate charge/maintenance before next deployment
V0353,E-Bike,62,73,2.0,42000.0,0.9999994526561538,1,Critical,Immediate charge/maintenance before next deployment
V0352,E-Bike,59,75,5.0,168000.0,0.9999994526561538,1,Critical,Immediate charge/maintenance before next deployment
V0351,E-Bike,46,81,1.0,33000.0,0.9999994526561538,1,Critical,Immediate charge/maintenance before next deployment
V0350,E-Bike,84,31,2.0,78000.0,0.9999994526561538,1,Critical,Immediate charge/maintenance before next deployment
V0348,E-Bike,93,73,2.0,76500.0,0.9999994526561538,1,Critical,Immediate charge/maintenance before next deployment
V0347,E-Bike,86,86,7.0,231000.0,0.9999994526561538,1,Critical,Immediate charge/maintenance before next deployment
V0346,E-Bike,55,50,3.0,73500.0,0.9999994526561538,1,Critical,Immediate charge/maintenance before next deployment
V0345,E-Bike,81,75,2.0,34500.0,0.9999994526561538,1,Critical,Immediate charge/maintenance before next deployment
V0344,E-Bike,75,62,3.0,43500.0,0.9999994526561538,1,Critical,Immediate charge/maintenance before next deployment
V0343,E-Bike,96,80,2.0,99000.0,0.9999994526561538,1,Critical,Immediate charge/maintenance before next deployment
V0342,E-Bike,36,79,3.0,127500.0,0.9999994526561538,1,Critical,Immediate charge/maintenance before next deployment
V0341,E-Bike,56,76,3.0,129000.0,0.9999994526561538,1,Critical,Immediate charge/maintenance before next deployment
V0372,E-Bike,84,77,2.0,54000.0,0.9999994526561538,1,Critical,Immediate charge/maintenance before next deployment
V0371,E-Bike,84,44,2.0,93000.0,0.9999994526561538,1,Critical,Immediate charge/maintenance before next deployment
V0370,E-Bike,98,70,4.0,193500.0,0.9999994526561538,1,Critical,Immediate charge/maintenance before next deployment
V0369,E-Bike,92,51,4.0,129000.0,0.9999994526561538,1,Critical,Immediate charge/maintenance before next deployment
V0368,E-Bike,54,88,1.0,31500.0,0.9999994526561538,1,Critical,Immediate charge/maintenance before next deployment
V0367,E-Bike,46,61,2.0,90000.0,0.9999994526561538,1,Critical,Immediate charge/maintenance before next deployment
V0366,E-Bike,36,74,3.0,82500.0,0.9999994526561538,1,Critical,Immediate charge/maintenance before next deployment
V0365,E-Bike,20,47,6.0,211500.0,0.9999994526561538,1,Critical,Immediate charge/maintenance before next deployment
V0364,E-Bike,13,46,1.0,19500.0,0.9999994526561538,1,Critical,Immediate charge/maintenance before next deployment
V0363,E-Bike,41,53,5.0,210000.0,0.9999994526561538,1,Critical,Immediate charge/maintenance before next deployment
V0362,E-Bike,95,41,2.0,99000.0,0.9999994526561538,1,Critical,Immediate charge/maintenance before next deployment
V0361,E-Bike,60,32,1.0,51000.0,0.9999994526561538,1,Critical,Immediate charge/maintenance before next deployment
V0360,E-Bike,62,83,4.0,126000.0,0.9999994526561538,1,Critical,Immediate charge/maintenance before next deployment
V0359,E-Bike,40,59,4.0,123000.0,0.9999994526561538,1,Critical,Immediate charge/maintenance before next deployment
V0358,E-Bike,14,47,4.0,177000.0,0.9999994526561538,1,Critical,Immediate charge/maintenance before next deployment
V0357,E-Bike,85,38,2.0,87000.0,0.9999994526561538,1,Critical,Immediate charge/maintenance before next deployment
V0388,E-Bike,66,34,2.0,46500.0,0.9999994526561538,1,Critical,Immediate charge/maintenance before next deployment
V0387,E-Bike,78,89,6.0,220500.0,0.9999994526561538,1,Critical,Immediate charge/maintenance before next deployment
V0386,E-Bike,63,78,0.0,0.0,0.9999994526561538,1,Critical,Immediate charge/maintenance before next deployment
V0385,E-Bike,18,84,1.0,10500.0,0.9999994526561538,1,Critical,Immediate charge/maintenance before next deployment
V0384,E-Bike,78,87,2.0,61500.0,0.9999994526561538,1,Critical,Immediate charge/maintenance before next deployment
V0383,E-Bike,95,82,4.0,204000.0,0.9999994526561538,1,Critical,Immediate charge/maintenance before next deployment
V0382,E-Bike,11,39,3.0,162000.0,0.9999994526561538,1,Critical,Immediate charge/maintenance before next deployment
V0381,E-Bike,15,55,6.0,241500.0,0.9999994526561538,1,Critical,Immediate charge/maintenance before next deployment
V0380,E-Bike,85,42,1.0,27000.0,0.9999994526561538,1,Critical,Immediate charge/maintenance before next deployment
V0379,E-Bike,78,40,4.0,106500.0,0.9999994526561538,1,Critical,Immediate charge/maintenance before next deployment
V0378,E-Bike,48,62,2.0,72000.0,0.9999994526561538,1,Critical,Immediate charge/maintenance before next deployment
V0377,E-Bike,80,84,2.0,81000.0,0.9999994526561538,1,Critical,Immediate charge/maintenance before next deployment
V0376,E-Bike,85,40,5.0,186000.0,0.9999994526561538,1,Critical,Immediate charge/maintenance before next deployment
V0375,E-Bike,97,68,6.0,196500.0,0.9999994526561538,1,Critical,Immediate charge/maintenance before next deployment
V0374,E-Bike,66,71,2.0,78000.0,0.9999994526561538,1,Critical,Immediate charge/maintenance before next deployment
V0373,E-Bike,11,85,2.0,72000.0,0.9999994526561538,1,Critical,Immediate charge/maintenance before next deployment
V0404,E-Bike,22,74,1.0,36000.0,0.9999994526561538,1,Critical,Immediate charge/maintenance before next deployment
V0403,E-Bike,60,53,1.0,46500.0,0.9999994526561538,1,Critical,Immediate charge/maintenance before next deployment
V0402,E-Bike,97,60,1.0,60000.0,0.9999994526561538,1,Critical,Immediate charge/maintenance before next deployment
V0401,E-Bike,72,74,2.0,64500.0,0.9999994526561538,1,Critical,Immediate charge/maintenance before next deployment
V0400,E-Bike,92,31,3.0,181500.0,0.9999994526561538,1,Critical,Immediate charge/maintenance before next deployment
V0399,E-Bike,43,81,6.0,189000.0,0.9999994526561538,1,Critical,Immediate charge/maintenance before next deployment
V0398,E-Bike,29,80,4.0,157500.0,0.9999994526561538,1,Critical,Immediate charge/maintenance before next deployment
V0397,E-Bike,60,49,1.0,19500.0,0.9999994526561538,1,Critical,Immediate charge/maintenance before next deployment
V0396,E-Bike,37,65,5.0,252000.0,0.9999994526561538,1,Critical,Immediate charge/maintenance before next deployment
V0395,E-Bike,75,53,3.0,114000.0,0.9999994526561538,1,Critical,Immediate charge/maintenance before next deployment
V0394,E-Bike,63,90,2.0,118500.0,0.9999994526561538,1,Critical,Immediate charge/maintenance before next deployment
V0393,E-Bike,99,84,6.0,273000.0,0.9999994526561538,1,Critical,Immediate charge/maintenance before next deployment
V0392,E-Bike,84,75,5.0,129000.0,0.9999994526561538,1,Critical,Immediate charge/maintenance before next deployment
V0391,E-Bike,70,32,3.0,84000.0,0.9999994526561538,1,Critical,Immediate charge/maintenance before next deployment
V0390,E-Bike,19,70,4.0,135000.0,0.9999994526561538,1,Critical,Immediate charge/maintenance before next deployment
V0389,E-Bike,64,62,3.0,94500.0,0.9999994526561538,1,Critical,Immediate charge/maintenance before next deployment
V0420,E-Bike,79,48,2.0,64500.0,0.9999994526561538,1,Critical,Immediate charge/maintenance before next deployment
V0419,E-Bike,73,42,7.0,324000.0,0.9999994526561538,1,Critical,Immediate charge/maintenance before next deployment
V0418,E-Bike,60,53,5.0,255000.0,0.9999994526561538,1,Critical,Immediate charge/maintenance before next deployment
V0417,E-Bike,14,55,4.0,154500.0,0.9999994526561538,1,Critical,Immediate charge/maintenance before next deployment
V0416,E-Bike,70,83,6.0,268500.0,0.9999994526561538,1,Critical,Immediate charge/maintenance before next deployment
V0415,E-Bike,74,37,1.0,33000.0,0.9999994526561538,1,Critical,Immediate charge/maintenance before next deployment
V0414,E-Bike,50,44,0.0,0.0,0.9999994526561538,1,Critical,Immediate charge/maintenance before next deployment
V0412,E-Bike,29,34,2.0,78000.0,0.9999994526561538,1,Critical,Immediate charge/maintenance before next deployment
V0411,E-Bike,49,90,1.0,28500.0,0.9999994526561538,1,Critical,Immediate charge/maintenance before next deployment
V0410,E-Bike,50,75,5.0,241500.0,0.9999994526561538,1,Critical,Immediate charge/maintenance before next deployment
V0409,E-Bike,29,52,4.0,174000.0,0.9999994526561538,1,Critical,Immediate charge/maintenance before next deployment
V0408,E-Bike,85,74,2.0,75000.0,0.9999994526561538,1,Critical,Immediate charge/maintenance before next deployment
V0407,E-Bike,19,72,3.0,85500.0,0.9999994526561538,1,Critical,Immediate charge/maintenance before next deployment
V0406,E-Bike,58,75,3.0,88500.0,0.9999994526561538,1,Critical,Immediate charge/maintenance before next deployment
V0405,E-Bike,34,38,4.0,121500.0,0.9999994526561538,1,Critical,Immediate charge/maintenance before next deployment
V0436,E-Bike,100,37,1.0,19500.0,0.9999994526561538,1,Critical,Immediate charge/maintenance before next deployment
V0435,E-Bike,18,31,2.0,93000.0,0.9999994526561538,1,Critical,Immediate charge/maintenance before next deployment
V0434,E-Bike,33,86,4.0,97500.0,0.9999994526561538,1,Critical,Immediate charge/maintenance before next deployment
V0433,E-Bike,88,54,4.0,190500.0,0.9999994526561538,1,Critical,Immediate charge/maintenance before next deployment
V0432,E-Bike,92,73,2.0,27000.0,0.9999994526561538,1,Critical,Immediate charge/maintenance before next deployment
V0431,E-Bike,66,82,2.0,124500.0,0.9999994526561538,1,Critical,Immediate charge/maintenance before next deployment
V0430,E-Bike,29,49,4.0,148500.0,0.9999994526561538,1,Critical,Immediate charge/maintenance before next deployment
V0429,E-Bike,10,49,0.0,0.0,0.9999994526561538,1,Critical,Immediate charge/maintenance before next deployment
V0428,E-Bike,73,81,1.0,15000.0,0.9999994526561538,1,Critical,Immediate charge/maintenance before next deployment
V0427,E-Bike,90,60,4.0,198000.0,0.9999994526561538,1,Critical,Immediate charge/maintenance before next deployment
V0426,E-Bike,13,49,2.0,54000.0,0.9999994526561538,1,Critical,Immediate charge/maintenance before next deployment
V0425,E-Bike,65,31,6.0,189000.0,0.9999994526561538,1,Critical,Immediate charge/maintenance before next deployment
V0424,E-Bike,99,37,2.0,75000.0,0.9999994526561538,1,Critical,Immediate charge/maintenance before next deployment
V0423,E-Bike,99,72,1.0,48000.0,0.9999994526561538,1,Critical,Immediate charge/maintenance before next deployment
V0422,E-Bike,37,40,2.0,93000.0,0.9999994526561538,1,Critical,Immediate charge/maintenance before next deployment
V0421,E-Bike,99,85,6.0,271500.0,0.9999994526561538,1,Critical,Immediate charge/maintenance before next deployment
V0452,E-Bike,89,56,7.0,256500.0,0.9999994526561538,1,Critical,Immediate charge/maintenance before next deployment
V0451,E-Bike,28,72,1.0,10500.0,0.9999994526561538,1,Critical,Immediate charge/maintenance before next deployment
V0450,E-Bike,64,53,3.0,151500.0,0.9999994526561538,1,Critical,Immediate charge/maintenance before next deployment
V0449,E-Bike,13,40,3.0,156000.0,0.9999994526561538,1,Critical,Immediate charge/maintenance before next deployment
V0448,E-Bike,31,82,4.0,148500.0,0.9999994526561538,1,Critical,Immediate charge/maintenance before next deployment
V0447,E-Bike,16,39,4.0,109500.0,0.9999994526561538,1,Critical,Immediate charge/maintenance before next deployment
V0446,E-Bike,37,36,1.0,30000.0,0.9999994526561538,1,Critical,Immediate charge/maintenance before next deployment
V0445,E-Bike,74,54,6.0,177000.0,0.9999994526561538,1,Critical,Immediate charge/maintenance before next deployment
V0444,E-Bike,94,39,3.0,174000.0,0.9999994526561538,1,Critical,Immediate charge/maintenance before next deployment
V0443,E-Bike,91,43,6.0,181500.0,0.9999994526561538,1,Critical,Immediate charge/maintenance before next deployment
V0442,E-Bike,88,42,5.0,219000.0,0.9999994526561538,1,Critical,Immediate charge/maintenance before next deployment
V0441,E-Bike,53,52,4.0,147000.0,0.9999994526561538,1,Critical,Immediate charge/maintenance before next deployment
V0440,E-Bike,85,89,3.0,121500.0,0.9999994526561538,1,Critical,Immediate charge/maintenance before next deployment
V0439,E-Bike,93,80,7.0,274500.0,0.9999994526561538,1,Critical,Immediate charge/maintenance before next deployment
V0438,E-Bike,85,78,7.0,289500.0,0.9999994526561538,1,Critical,Immediate charge/maintenance before next deployment
V0437,E-Bike,48,58,5.0,187500.0,0.9999994526561538,1,Critical,Immediate charge/maintenance before next deployment
V0468,E-Bike,24,84,1.0,45000.0,0.9999994526561538,1,Critical,Immediate charge/maintenance before next deployment
V0467,E-Bike,71,71,4.0,120000.0,0.9999994526561538,1,Critical,Immediate charge/maintenance before next deployment
V0466,E-Bike,32,50,5.0,181500.0,0.9999994526561538,1,Critical,Immediate charge/maintenance before next deployment
V0465,E-Bike,78,89,7.0,256500.0,0.9999994526561538,1,Critical,Immediate charge/maintenance before next deployment
V0464,E-Bike,38,59,4.0,187500.0,0.9999994526561538,1,Critical,Immediate charge/maintenance before next deployment
V0463,E-Bike,59,54,4.0,124500.0,0.9999994526561538,1,Critical,Immediate charge/maintenance before next deployment
V0462,E-Bike,27,82,5.0,138000.0,0.9999994526561538,1,Critical,Immediate charge/maintenance before next deployment
V0461,E-Bike,83,78,0.0,0.0,0.9999994526561538,1,Critical,Immediate charge/maintenance before next deployment
V0460,E-Bike,63,66,1.0,18000.0,0.9999994526561538,1,Critical,Immediate charge/maintenance before next deployment
V0459,E-Bike,98,46,3.0,136500.0,0.9999994526561538,1,Critical,Immediate charge/maintenance before next deployment
V0458,E-Bike,100,67,3.0,108000.0,0.9999994526561538,1,Critical,Immediate charge/maintenance before next deployment
V0457,E-Bike,58,56,4.0,118500.0,0.9999994526561538,1,Critical,Immediate charge/maintenance before next deployment
V0456,E-Bike,60,42,0.0,0.0,0.9999994526561538,1,Critical,Immediate charge/maintenance before next deployment
V0454,E-Bike,91,47,2.0,118500.0,0.9999994526561538,1,Critical,Immediate charge/maintenance before next deployment
V0453,E-Bike,25,40,2.0,84000.0,0.9999994526561538,1,Critical,Immediate charge/maintenance before next deployment
V0484,E-Bike,68,72,2.0,79500.0,0.9999994526561538,1,Critical,Immediate charge/maintenance before next deployment
V0483,E-Bike,37,65,3.0,103500.0,0.9999994526561538,1,Critical,Immediate charge/maintenance before next deployment
V0482,E-Bike,53,57,5.0,184500.0,0.9999994526561538,1,Critical,Immediate charge/maintenance before next deployment
V0481,E-Bike,93,54,4.0,120000.0,0.9999994526561538,1,Critical,Immediate charge/maintenance before next deployment
V0480,E-Bike,15,38,5.0,223500.0,0.9999994526561538,1,Critical,Immediate charge/maintenance before next deployment
V0479,E-Bike,47,40,3.0,124500.0,0.9999994526561538,1,Critical,Immediate charge/maintenance before next deployment
V0478,E-Bike,57,51,8.0,229500.0,0.9999994526561538,1,Critical,Immediate charge/maintenance before next deployment
V0477,E-Bike,54,62,1.0,58500.0,0.9999994526561538,1,Critical,Immediate charge/maintenance before next deployment
V0476,E-Bike,33,66,2.0,82500.0,0.9999994526561538,1,Critical,Immediate charge/maintenance before next deployment
V0475,E-Bike,60,51,1.0,60000.0,0.9999994526561538,1,Critical,Immediate charge/maintenance before next deployment
V0474,E-Bike,36,68,4.0,160500.0,0.9999994526561538,1,Critical,Immediate charge/maintenance before next deployment
V0473,E-Bike,43,57,4.0,115500.0,0.9999994526561538,1,Critical,Immediate charge/maintenance before next deployment
V0472,E-Bike,50,47,7.0,348000.0,0.9999994526561538,1,Critical,Immediate charge/maintenance before next deployment
V0471,E-Bike,66,66,1.0,7500.0,0.9999994526561538,1,Critical,Immediate charge/maintenance before next deployment
V0470,E-Bike,65,90,2.0,96000.0,0.9999994526561538,1,Critical,Immediate charge/maintenance before next deployment
V0469,E-Bike,61,68,5.0,208500.0,0.9999994526561538,1,Critical,Immediate charge/maintenance before next deployment
V0500,E-Bike,61,90,2.0,34500.0,0.9999994526561538,1,Critical,Immediate charge/maintenance before next deployment
V0499,E-Bike,21,87,3.0,52500.0,0.9999994526561538,1,Critical,Immediate charge/maintenance before next deployment
V0498,E-Bike,60,87,7.0,330000.0,0.9999994526561538,1,Critical,Immediate charge/maintenance before next deployment
V0497,E-Bike,10,59,1.0,49500.0,0.9999994526561538,1,Critical,Immediate charge/maintenance before next deployment
V0496,E-Bike,97,45,7.0,165000.0,0.9999994526561538,1,Critical,Immediate charge/maintenance before next deployment
V0495,E-Bike,46,78,3.0,112500.0,0.9999994526561538,1,Critical,Immediate charge/maintenance before next deployment
V0494,E-Bike,72,46,2.0,70500.0,0.9999994526561538,1,Critical,Immediate charge/maintenance before next deployment
V0493,E-Bike,59,55,5.0,207000.0,0.9999994526561538,1,Critical,Immediate charge/maintenance before next deployment
V0492,E-Bike,87,42,2.0,84000.0,0.9999994526561538,1,Critical,Immediate charge/maintenance before next deployment
V0491,E-Bike,77,54,2.0,25500.0,0.9999994526561538,1,Critical,Immediate charge/maintenance before next deployment
V0490,E-Bike,68,52,2.0,75000.0,0.9999994526561538,1,Critical,Immediate charge/maintenance before next deployment
V0489,E-Bike,11,31,0.0,0.0,0.9999994526561538,1,Critical,Immediate charge/maintenance before next deployment
V0488,E-Bike,26,88,4.0,165000.0,0.9999994526561538,1,Critical,Immediate charge/maintenance before next deployment
V0487,E-Bike,24,71,0.0,0.0,0.9999994526561538,1,Critical,Immediate charge/maintenance before next deployment
V0486,E-Bike,57,37,5.0,252000.0,0.9999994526561538,1,Critical,Immediate charge/maintenance before next deployment
V0485,E-Bike,43,79,4.0,132000.0,0.9999994526561538,1,Critical,Immediate charge/maintenance before next deployment
V0516,E-Bike,54,51,2.0,63000.0,0.9999994526561538,1,Critical,Immediate charge/maintenance before next deployment
V0515,E-Bike,36,56,4.0,196500.0,0.9999994526561538,1,Critical,Immediate charge/maintenance before next deployment
V0514,E-Bike,25,39,2.0,66000.0,0.9999994526561538,1,Critical,Immediate charge/maintenance before next deployment
V0513,E-Bike,98,60,1.0,24000.0,0.9999994526561538,1,Critical,Immediate charge/maintenance before next deployment
V0512,E-Bike,37,63,2.0,25500.0,0.9999994526561538,1,Critical,Immediate charge/maintenance before next deployment
V0511,E-Bike,32,31,2.0,84000.0,0.9999994526561538,1,Critical,Immediate charge/maintenance before next deployment
V0510,E-Bike,19,31,4.0,168000.0,0.9999994526561538,1,Critical,Immediate charge/maintenance before next deployment
V0509,E-Bike,91,32,2.0,115500.0,0.9999994526561538,1,Critical,Immediate charge/maintenance before next deployment
V0508,E-Bike,35,38,5.0,168000.0,0.9999994526561538,1,Critical,Immediate charge/maintenance before next deployment
V0507,E-Bike,11,61,3.0,150000.0,0.9999994526561538,1,Critical,Immediate charge/maintenance before next deployment
V0506,E-Bike,66,59,5.0,256500.0,0.9999994526561538,1,Critical,Immediate charge/maintenance before next deployment
V0505,E-Bike,48,83,4.0,136500.0,0.9999994526561538,1,Critical,Immediate charge/maintenance before next deployment
V0504,E-Bike,20,75,3.0,142500.0,0.9999994526561538,1,Critical,Immediate charge/maintenance before next deployment
V0503,E-Bike,69,89,2.0,49500.0,0.9999994526561538,1,Critical,Immediate charge/maintenance before next deployment
V0502,E-Bike,54,89,2.0,73500.0,0.9999994526561538,1,Critical,Immediate charge/maintenance before next deployment
V0501,E-Bike,26,90,1.0,34500.0,0.9999994526561538,1,Critical,Immediate charge/maintenance before next deployment
V0532,E-Bike,40,31,3.0,105000.0,0.9999994526561538,1,Critical,Immediate charge/maintenance before next deployment
V0530,E-Bike,79,65,7.0,243000.0,0.9999994526561538,1,Critical,Immediate charge/maintenance before next deployment
V0529,E-Bike,77,61,5.0,214500.0,0.9999994526561538,1,Critical,Immediate charge/maintenance before next deployment
V0528,E-Bike,94,81,5.0,198000.0,0.9999994526561538,1,Critical,Immediate charge/maintenance before next deployment
V0527,E-Bike,48,63,3.0,132000.0,0.9999994526561538,1,Critical,Immediate charge/maintenance before next deployment
V0526,E-Bike,74,72,2.0,45000.0,0.9999994526561538,1,Critical,Immediate charge/maintenance before next deployment
V0525,E-Bike,82,72,3.0,154500.0,0.9999994526561538,1,Critical,Immediate charge/maintenance before next deployment
V0524,E-Bike,29,90,4.0,195000.0,0.9999994526561538,1,Critical,Immediate charge/maintenance before next deployment
V0523,E-Bike,31,31,5.0,190500.0,0.9999994526561538,1,Critical,Immediate charge/maintenance before next deployment
V0522,E-Bike,33,51,4.0,178500.0,0.9999994526561538,1,Critical,Immediate charge/maintenance before next deployment
V0521,E-Bike,82,37,4.0,118500.0,0.9999994526561538,1,Critical,Immediate charge/maintenance before next deployment
V0520,E-Bike,75,40,1.0,31500.0,0.9999994526561538,1,Critical,Immediate charge/maintenance before next deployment
V0519,E-Bike,15,39,2.0,85500.0,0.9999994526561538,1,Critical,Immediate charge/maintenance before next deployment
V0518,E-Bike,99,79,1.0,55500.0,0.9999994526561538,1,Critical,Immediate charge/maintenance before next deployment
V0517,E-Bike,47,72,4.0,145500.0,0.9999994526561538,1,Critical,Immediate charge/maintenance before next deployment
V0548,E-Bike,26,87,4.0,160500.0,0.9999994526561538,1,Critical,Immediate charge/maintenance before next deployment
V0547,E-Bike,92,38,0.0,0.0,0.9999994526561538,1,Critical,Immediate charge/maintenance before next deployment
V0546,E-Bike,86,69,0.0,0.0,0.9999994526561538,1,Critical,Immediate charge/maintenance before next deployment
V0545,E-Bike,60,72,3.0,70500.0,0.9999994526561538,1,Critical,Immediate charge/maintenance before next deployment
V0544,E-Bike,80,70,4.0,178500.0,0.9999994526561538,1,Critical,Immediate charge/maintenance before next deployment
V0543,E-Bike,92,87,5.0,184500.0,0.9999994526561538,1,Critical,Immediate charge/maintenance before next deployment
V0542,E-Bike,98,71,6.0,225000.0,0.9999994526561538,1,Critical,Immediate charge/maintenance before next deployment
V0541,E-Bike,17,85,2.0,75000.0,0.9999994526561538,1,Critical,Immediate charge/maintenance before next deployment
V0540,E-Bike,18,80,2.0,84000.0,0.9999994526561538,1,Critical,Immediate charge/maintenance before next deployment
V0539,E-Bike,38,78,8.0,373500.0,0.9999994526561538,1,Critical,Immediate charge/maintenance before next deployment
V0538,E-Bike,48,69,2.0,46500.0,0.9999994526561538,1,Critical,Immediate charge/maintenance before next deployment
V0537,E-Bike,40,42,1.0,52500.0,0.9999994526561538,1,Critical,Immediate charge/maintenance before next deployment
V0536,E-Bike,52,85,3.0,132000.0,0.9999994526561538,1,Critical,Immediate charge/maintenance before next deployment
V0535,E-Bike,83,48,6.0,202500.0,0.9999994526561538,1,Critical,Immediate charge/maintenance before next deployment
V0534,E-Bike,34,82,2.0,63000.0,0.9999994526561538,1,Critical,Immediate charge/maintenance before next deployment
V0533,E-Bike,79,66,2.0,85500.0,0.9999994526561538,1,Critical,Immediate charge/maintenance before next deployment
V0564,E-Bike,57,35,5.0,216000.0,0.9999994526561538,1,Critical,Immediate charge/maintenance before next deployment
V0563,E-Bike,81,68,7.0,300000.0,0.9999994526561538,1,Critical,Immediate charge/maintenance before next deployment
V0562,E-Bike,64,47,1.0,22500.0,0.9999994526561538,1,Critical,Immediate charge/maintenance before next deployment
V0561,E-Bike,50,78,7.0,253500.0,0.9999994526561538,1,Critical,Immediate charge/maintenance before next deployment
V0560,E-Bike,13,41,3.0,111000.0,0.9999994526561538,1,Critical,Immediate charge/maintenance before next deployment
V0559,E-Bike,17,77,3.0,97500.0,0.9999994526561538,1,Critical,Immediate charge/maintenance before next deployment
V0558,E-Bike,29,50,1.0,48000.0,0.9999994526561538,1,Critical,Immediate charge/maintenance before next deployment
V0557,E-Bike,23,81,5.0,184500.0,0.9999994526561538,1,Critical,Immediate charge/maintenance before next deployment
V0556,E-Bike,54,41,2.0,36000.0,0.9999994526561538,1,Critical,Immediate charge/maintenance before next deployment
V0555,E-Bike,53,75,5.0,243000.0,0.9999994526561538,1,Critical,Immediate charge/maintenance before next deployment
V0554,E-Bike,13,71,3.0,139500.0,0.9999994526561538,1,Critical,Immediate charge/maintenance before next deployment
V0553,E-Bike,94,34,4.0,139500.0,0.9999994526561538,1,Critical,Immediate charge/maintenance before next deployment
V0552,E-Bike,54,42,6.0,318000.0,0.9999994526561538,1,Critical,Immediate charge/maintenance before next deployment
V0551,E-Bike,56,80,3.0,109500.0,0.9999994526561538,1,Critical,Immediate charge/maintenance before next deployment
V0550,E-Bike,83,40,4.0,142500.0,0.9999994526561538,1,Critical,Immediate charge/maintenance before next deployment
V0549,E-Bike,17,64,3.0,93000.0,0.9999994526561538,1,Critical,Immediate charge/maintenance before next deployment
V0580,E-Bike,38,88,4.0,180000.0,0.9999994526561538,1,Critical,Immediate charge/maintenance before next deployment
V0579,E-Bike,27,46,8.0,301500.0,0.9999994526561538,1,Critical,Immediate charge/maintenance before next deployment
V0578,E-Bike,61,87,3.0,105000.0,0.9999994526561538,1,Critical,Immediate charge/maintenance before next deployment
V0577,E-Bike,84,54,3.0,81000.0,0.9999994526561538,1,Critical,Immediate charge/maintenance before next deployment
V0576,E-Bike,20,65,2.0,85500.0,0.9999994526561538,1,Critical,Immediate charge/maintenance before next deployment
V0575,E-Bike,26,61,3.0,94500.0,0.9999994526561538,1,Critical,Immediate charge/maintenance before next deployment
V0574,E-Bike,56,84,3.0,115500.0,0.9999994526561538,1,Critical,Immediate charge/maintenance before next deployment
V0573,E-Bike,26,31,1.0,64500.0,0.9999994526561538,1,Critical,Immediate charge/maintenance before next deployment
V0572,E-Bike,15,86,3.0,151500.0,0.9999994526561538,1,Critical,Immediate charge/maintenance before next deployment
V0571,E-Bike,48,76,1.0,40500.0,0.9999994526561538,1,Critical,Immediate charge/maintenance before next deployment
V0570,E-Bike,11,67,3.0,115500.0,0.9999994526561538,1,Critical,Immediate charge/maintenance before next deployment
V0569,E-Bike,35,39,4.0,78000.0,0.9999994526561538,1,Critical,Immediate charge/maintenance before next deployment
V0568,E-Bike,86,61,3.0,97500.0,0.9999994526561538,1,Critical,Immediate charge/maintenance before next deployment
V0567,E-Bike,75,60,2.0,117000.0,0.9999994526561538,1,Critical,Immediate charge/maintenance before next deployment
V0566,E-Bike,59,74,6.0,243000.0,0.9999994526561538,1,Critical,Immediate charge/maintenance before next deployment
V0565,E-Bike,82,51,4.0,124500.0,0.9999994526561538,1,Critical,Immediate charge/maintenance before next deployment
V0596,E-Bike,93,58,2.0,88500.0,0.9999994526561538,1,Critical,Immediate charge/maintenance before next deployment
V0595,E-Bike,24,55,4.0,100500.0,0.9999994526561538,1,Critical,Immediate charge/maintenance before next deployment
V0594,E-Bike,37,32,4.0,175500.0,0.9999994526561538,1,Critical,Immediate charge/maintenance before next deployment
V0593,E-Bike,94,31,1.0,25500.0,0.9999994526561538,1,Critical,Immediate charge/maintenance before next deployment
V0592,E-Bike,25,78,2.0,28500.0,0.9999994526561538,1,Critical,Immediate charge/maintenance before next deployment
V0590,E-Bike,18,72,2.0,109500.0,0.9999994526561538,1,Critical,Immediate charge/maintenance before next deployment
V0589,E-Bike,65,90,5.0,141000.0,0.9999994526561538,1,Critical,Immediate charge/maintenance before next deployment
V0588,E-Bike,54,89,1.0,67500.0,0.9999994526561538,1,Critical,Immediate charge/maintenance before next deployment
V0587,E-Bike,67,51,3.0,93000.0,0.9999994526561538,1,Critical,Immediate charge/maintenance before next deployment
V0586,E-Bike,42,47,2.0,75000.0,0.9999994526561538,1,Critical,Immediate charge/maintenance before next deployment
V0585,E-Bike,63,82,3.0,76500.0,0.9999994526561538,1,Critical,Immediate charge/maintenance before next deployment
V0584,E-Bike,12,57,6.0,247500.0,0.9999994526561538,1,Critical,Immediate charge/maintenance before next deployment
V0583,E-Bike,54,67,3.0,150000.0,0.9999994526561538,1,Critical,Immediate charge/maintenance before next deployment
V0582,E-Bike,73,49,2.0,96000.0,0.9999994526561538,1,Critical,Immediate charge/maintenance before next deployment
V0581,E-Bike,52,73,2.0,114000.0,0.9999994526561538,1,Critical,Immediate charge/maintenance before next deployment
V0612,E-Bike,71,88,5.0,120000.0,0.9999994526561538,1,Critical,Immediate charge/maintenance before next deployment
V0611,E-Bike,72,82,3.0,132000.0,0.9999994526561538,1,Critical,Immediate charge/maintenance before next deployment
V0610,E-Bike,74,64,3.0,93000.0,0.9999994526561538,1,Critical,Immediate charge/maintenance before next deployment
V0609,E-Bike,97,60,3.0,111000.0,0.9999994526561538,1,Critical,Immediate charge/maintenance before next deployment
V0608,E-Bike,62,89,5.0,183000.0,0.9999994526561538,1,Critical,Immediate charge/maintenance before next deployment
V0607,E-Bike,85,56,1.0,30000.0,0.9999994526561538,1,Critical,Immediate charge/maintenance before next deployment
V0606,E-Bike,60,66,1.0,57000.0,0.9999994526561538,1,Critical,Immediate charge/maintenance before next deployment
V0605,E-Bike,98,62,2.0,94500.0,0.9999994526561538,1,Critical,Immediate charge/maintenance before next deployment
V0604,E-Bike,35,32,4.0,160500.0,0.9999994526561538,1,Critical,Immediate charge/maintenance before next deployment
V0603,E-Bike,97,72,4.0,169500.0,0.9999994526561538,1,Critical,Immediate charge/maintenance before next deployment
V0602,E-Bike,53,51,3.0,88500.0,0.9999994526561538,1,Critical,Immediate charge/maintenance before next deployment
V0601,E-Bike,47,82,3.0,139500.0,0.9999994526561538,1,Critical,Immediate charge/maintenance before next deployment
V0600,E-Bike,73,33,3.0,108000.0,0.9999994526561538,1,Critical,Immediate charge/maintenance before next deployment
V0599,E-Bike,71,56,2.0,114000.0,0.9999994526561538,1,Critical,Immediate charge/maintenance before next deployment
V0598,E-Bike,94,50,3.0,100500.0,0.9999994526561538,1,Critical,Immediate charge/maintenance before next deployment
V0597,E-Bike,78,89,1.0,40500.0,0.9999994526561538,1,Critical,Immediate charge/maintenance before next deployment
V0628,E-Bike,29,89,2.0,57000.0,0.9999994526561538,1,Critical,Immediate charge/maintenance before next deployment
V0627,E-Bike,13,62,5.0,183000.0,0.9999994526561538,1,Critical,Immediate charge/maintenance before next deployment
V0626,E-Bike,84,38,2.0,43500.0,0.9999994526561538,1,Critical,Immediate charge/maintenance before next deployment
V0625,E-Bike,76,57,4.0,139500.0,0.9999994526561538,1,Critical,Immediate charge/maintenance before next deployment
V0624,E-Bike,39,62,3.0,166500.0,0.9999994526561538,1,Critical,Immediate charge/maintenance before next deployment
V0623,E-Bike,92,43,4.0,127500.0,0.9999994526561538,1,Critical,Immediate charge/maintenance before next deployment
V0622,E-Bike,23,86,2.0,37500.0,0.9999994526561538,1,Critical,Immediate charge/maintenance before next deployment
V0621,E-Bike,98,85,4.0,154500.0,0.9999994526561538,1,Critical,Immediate charge/maintenance before next deployment
V0620,E-Bike,21,80,2.0,76500.0,0.9999994526561538,1,Critical,Immediate charge/maintenance before next deployment
V0619,E-Bike,11,57,4.0,133500.0,0.9999994526561538,1,Critical,Immediate charge/maintenance before next deployment
V0618,E-Bike,65,55,3.0,108000.0,0.9999994526561538,1,Critical,Immediate charge/maintenance before next deployment
V0617,E-Bike,58,69,7.0,273000.0,0.9999994526561538,1,Critical,Immediate charge/maintenance before next deployment
V0616,E-Bike,100,43,2.0,121500.0,0.9999994526561538,1,Critical,Immediate charge/maintenance before next deployment
V0615,E-Bike,82,38,3.0,120000.0,0.9999994526561538,1,Critical,Immediate charge/maintenance before next deployment
V0614,E-Bike,45,38,6.0,153000.0,0.9999994526561538,1,Critical,Immediate charge/maintenance before next deployment
V0613,E-Bike,25,90,2.0,43500.0,0.9999994526561538,1,Critical,Immediate charge/maintenance before next deployment
V0644,E-Bike,47,43,0.0,0.0,0.9999994526561538,1,Critical,Immediate charge/maintenance before next deployment
V0643,E-Bike,13,43,5.0,247500.0,0.9999994526561538,1,Critical,Immediate charge/maintenance before next deployment
V0642,E-Bike,26,87,2.0,69000.0,0.9999994526561538,1,Critical,Immediate charge/maintenance before next deployment
V0641,E-Bike,95,41,2.0,66000.0,0.9999994526561538,1,Critical,Immediate charge/maintenance before next deployment
V0640,E-Bike,54,35,3.0,120000.0,0.9999994526561538,1,Critical,Immediate charge/maintenance before next deployment
V0639,E-Bike,17,80,3.0,79500.0,0.9999994526561538,1,Critical,Immediate charge/maintenance before next deployment
V0638,E-Bike,28,64,3.0,108000.0,0.9999994526561538,1,Critical,Immediate charge/maintenance before next deployment
V0637,E-Bike,53,83,5.0,166500.0,0.9999994526561538,1,Critical,Immediate charge/maintenance before next deployment
V0636,E-Bike,76,85,4.0,99000.0,0.9999994526561538,1,Critical,Immediate charge/maintenance before next deployment
V0635,E-Bike,52,35,2.0,63000.0,0.9999994526561538,1,Critical,Immediate charge/maintenance before next deployment
V0634,E-Bike,26,75,1.0,24000.0,0.9999994526561538,1,Critical,Immediate charge/maintenance before next deployment
V0633,E-Bike,56,46,3.0,142500.0,0.9999994526561538,1,Critical,Immediate charge/maintenance before next deployment
V0632,E-Bike,75,50,6.0,204000.0,0.9999994526561538,1,Critical,Immediate charge/maintenance before next deployment
V0631,E-Bike,39,61,4.0,181500.0,0.9999994526561538,1,Critical,Immediate charge/maintenance before next deployment
V0630,E-Bike,46,51,2.0,25500.0,0.9999994526561538,1,Critical,Immediate charge/maintenance before next deployment
V0629,E-Bike,88,85,5.0,115500.0,0.9999994526561538,1,Critical,Immediate charge/maintenance before next deployment
V0660,E-Bike,74,51,3.0,99000.0,0.9999994526561538,1,Critical,Immediate charge/maintenance before next deployment
V0659,E-Bike,55,55,5.0,147000.0,0.9999994526561538,1,Critical,Immediate charge/maintenance before next deployment
V0658,E-Bike,24,60,4.0,126000.0,0.9999994526561538,1,Critical,Immediate charge/maintenance before next deployment
V0657,E-Bike,42,57,2.0,100500.0,0.9999994526561538,1,Critical,Immediate charge/maintenance before next deployment
V0656,E-Bike,84,73,6.0,211500.0,0.9999994526561538,1,Critical,Immediate charge/maintenance before next deployment
V0655,E-Bike,89,79,2.0,27000.0,0.9999994526561538,1,Critical,Immediate charge/maintenance before next deployment
V0654,E-Bike,93,66,2.0,79500.0,0.9999994526561538,1,Critical,Immediate charge/maintenance before next deployment
V0653,E-Bike,39,84,5.0,213000.0,0.9999994526561538,1,Critical,Immediate charge/maintenance before next deployment
V0652,E-Bike,19,67,1.0,18000.0,0.9999994526561538,1,Critical,Immediate charge/maintenance before next deployment
V0651,E-Bike,77,72,2.0,43500.0,0.9999994526561538,1,Critical,Immediate charge/maintenance before next deployment
V0650,E-Bike,30,88,5.0,220500.0,0.9999994526561538,1,Critical,Immediate charge/maintenance before next deployment
V0649,E-Bike,32,39,7.0,339000.0,0.9999994526561538,1,Critical,Immediate charge/maintenance before next deployment
V0648,E-Bike,53,75,2.0,28500.0,0.9999994526561538,1,Critical,Immediate charge/maintenance before next deployment
V0647,E-Bike,42,64,3.0,129000.0,0.9999994526561538,1,Critical,Immediate charge/maintenance before next deployment
V0646,E-Bike,19,37,3.0,132000.0,0.9999994526561538,1,Critical,Immediate charge/maintenance before next deployment
V0645,E-Bike,63,60,3.0,124500.0,0.9999994526561538,1,Critical,Immediate charge/maintenance before next deployment
V0676,E-Bike,14,74,2.0,94500.0,0.9999994526561538,1,Critical,Immediate charge/maintenance before next deployment
V0675,E-Bike,76,62,7.0,234000.0,0.9999994526561538,1,Critical,Immediate charge/maintenance before next deployment
V0674,E-Bike,55,87,3.0,136500.0,0.9999994526561538,1,Critical,Immediate charge/maintenance before next deployment
V0673,E-Bike,21,74,3.0,151500.0,0.9999994526561538,1,Critical,Immediate charge/maintenance before next deployment
V0672,E-Bike,15,37,1.0,66000.0,0.9999994526561538,1,Critical,Immediate charge/maintenance before next deployment
V0671,E-Bike,31,56,3.0,121500.0,0.9999994526561538,1,Critical,Immediate charge/maintenance before next deployment
V0670,E-Bike,94,45,3.0,135000.0,0.9999994526561538,1,Critical,Immediate charge/maintenance before next deployment
V0669,E-Bike,45,55,1.0,19500.0,0.9999994526561538,1,Critical,Immediate charge/maintenance before next deployment
V0668,E-Bike,60,43,6.0,229500.0,0.9999994526561538,1,Critical,Immediate charge/maintenance before next deployment
V0667,E-Bike,96,72,1.0,48000.0,0.9999994526561538,1,Critical,Immediate charge/maintenance before next deployment
V0666,E-Bike,79,61,5.0,237000.0,0.9999994526561538,1,Critical,Immediate charge/maintenance before next deployment
V0665,E-Bike,88,35,2.0,90000.0,0.9999994526561538,1,Critical,Immediate charge/maintenance before next deployment
V0664,E-Bike,22,38,3.0,36000.0,0.9999994526561538,1,Critical,Immediate charge/maintenance before next deployment
V0663,E-Bike,93,90,3.0,178500.0,0.9999994526561538,1,Critical,Immediate charge/maintenance before next deployment
V0662,E-Bike,98,61,5.0,171000.0,0.9999994526561538,1,Critical,Immediate charge/maintenance before next deployment
V0661,E-Bike,27,46,2.0,99000.0,0.9999994526561538,1,Critical,Immediate charge/maintenance before next deployment
V0692,E-Bike,55,78,3.0,123000.0,0.9999994526561538,1,Critical,Immediate charge/maintenance before next deployment
V0691,E-Bike,79,77,3.0,138000.0,0.9999994526561538,1,Critical,Immediate charge/maintenance before next deployment
V0690,E-Bike,69,88,4.0,190500.0,0.9999994526561538,1,Critical,Immediate charge/maintenance before next deployment
V0689,E-Bike,79,71,2.0,93000.0,0.9999994526561538,1,Critical,Immediate charge/maintenance before next deployment
V0688,E-Bike,63,61,0.0,0.0,0.9999994526561538,1,Critical,Immediate charge/maintenance before next deployment
V0687,E-Bike,45,57,1.0,36000.0,0.9999994526561538,1,Critical,Immediate charge/maintenance before next deployment
V0686,E-Bike,29,46,4.0,85500.0,0.9999994526561538,1,Critical,Immediate charge/maintenance before next deployment
V0685,E-Bike,90,38,2.0,82500.0,0.9999994526561538,1,Critical,Immediate charge/maintenance before next deployment
V0684,E-Bike,24,55,2.0,111000.0,0.9999994526561538,1,Critical,Immediate charge/maintenance before next deployment
V0683,E-Bike,47,35,2.0,90000.0,0.9999994526561538,1,Critical,Immediate charge/maintenance before next deployment
V0682,E-Bike,14,74,3.0,54000.0,0.9999994526561538,1,Critical,Immediate charge/maintenance before next deployment
V0681,E-Bike,83,59,5.0,226500.0,0.9999994526561538,1,Critical,Immediate charge/maintenance before next deployment
V0680,E-Bike,58,38,4.0,159000.0,0.9999994526561538,1,Critical,Immediate charge/maintenance before next deployment
V0679,E-Bike,45,50,6.0,186000.0,0.9999994526561538,1,Critical,Immediate charge/maintenance before next deployment
V0678,E-Bike,70,48,2.0,75000.0,0.9999994526561538,1,Critical,Immediate charge/maintenance before next deployment
V0677,E-Bike,12,34,6.0,229500.0,0.9999994526561538,1,Critical,Immediate charge/maintenance before next deployment
V0708,E-Bike,45,37,4.0,139500.0,0.9999994526561538,1,Critical,Immediate charge/maintenance before next deployment
V0707,E-Bike,40,62,4.0,171000.0,0.9999994526561538,1,Critical,Immediate charge/maintenance before next deployment
V0706,E-Bike,22,33,2.0,69000.0,0.9999994526561538,1,Critical,Immediate charge/maintenance before next deployment
V0705,E-Bike,59,57,1.0,57000.0,0.9999994526561538,1,Critical,Immediate charge/maintenance before next deployment
V0704,E-Bike,84,41,2.0,43500.0,0.9999994526561538,1,Critical,Immediate charge/maintenance before next deployment
V0703,E-Bike,53,53,1.0,33000.0,0.9999994526561538,1,Critical,Immediate charge/maintenance before next deployment
V0702,E-Bike,24,44,5.0,151500.0,0.9999994526561538,1,Critical,Immediate charge/maintenance before next deployment
V0701,E-Bike,94,71,1.0,33000.0,0.9999994526561538,1,Critical,Immediate charge/maintenance before next deployment
V0700,E-Bike,91,46,4.0,130500.0,0.9999994526561538,1,Critical,Immediate charge/maintenance before next deployment
V0699,E-Bike,33,73,1.0,61500.0,0.9999994526561538,1,Critical,Immediate charge/maintenance before next deployment
V0698,E-Bike,61,51,1.0,40500.0,0.9999994526561538,1,Critical,Immediate charge/maintenance before next deployment
V0697,E-Bike,34,90,6.0,292500.0,0.9999994526561538,1,Critical,Immediate charge/maintenance before next deployment
V0696,E-Bike,10,44,3.0,115500.0,0.9999994526561538,1,Critical,Immediate charge/maintenance before next deployment
V0695,E-Bike,18,43,8.0,345000.0,0.9999994526561538,1,Critical,Immediate charge/maintenance before next deployment
V0694,E-Bike,48,44,4.0,127500.0,0.9999994526561538,1,Critical,Immediate charge/maintenance before next deployment
V0693,E-Bike,13,38,3.0,130500.0,0.9999994526561538,1,Critical,Immediate charge/maintenance before next deployment
V0724,E-Bike,65,51,4.0,117000.0,0.9999994526561538,1,Critical,Immediate charge/maintenance before next deployment
V0723,E-Bike,68,83,3.0,193500.0,0.9999994526561538,1,Critical,Immediate charge/maintenance before next deployment
V0722,E-Bike,72,69,3.0,87000.0,0.9999994526561538,1,Critical,Immediate charge/maintenance before next deployment
V0721,E-Bike,32,70,3.0,147000.0,0.9999994526561538,1,Critical,Immediate charge/maintenance before next deployment
V0720,E-Bike,35,82,5.0,99000.0,0.9999994526561538,1,Critical,Immediate charge/maintenance before next deployment
V0719,E-Bike,27,55,2.0,73500.0,0.9999994526561538,1,Critical,Immediate charge/maintenance before next deployment
V0718,E-Bike,89,40,5.0,159000.0,0.9999994526561538,1,Critical,Immediate charge/maintenance before next deployment
V0717,E-Bike,27,57,2.0,66000.0,0.9999994526561538,1,Critical,Immediate charge/maintenance before next deployment
V0716,E-Bike,37,65,3.0,106500.0,0.9999994526561538,1,Critical,Immediate charge/maintenance before next deployment
V0715,E-Bike,71,46,5.0,148500.0,0.9999994526561538,1,Critical,Immediate charge/maintenance before next deployment
V0714,E-Bike,20,38,1.0,31500.0,0.9999994526561538,1,Critical,Immediate charge/maintenance before next deployment
V0713,E-Bike,88,85,5.0,234000.0,0.9999994526561538,1,Critical,Immediate charge/maintenance before next deployment
V0712,E-Bike,40,31,3.0,129000.0,0.9999994526561538,1,Critical,Immediate charge/maintenance before next deployment
V0711,E-Bike,24,78,7.0,268500.0,0.9999994526561538,1,Critical,Immediate charge/maintenance before next deployment
V0710,E-Bike,45,73,2.0,58500.0,0.9999994526561538,1,Critical,Immediate charge/maintenance before next deployment
V0709,E-Bike,24,64,4.0,180000.0,0.9999994526561538,1,Critical,Immediate charge/maintenance before next deployment
V0740,E-Bike,100,48,3.0,78000.0,0.9999994526561538,1,Critical,Immediate charge/maintenance before next deployment
V0739,E-Bike,99,48,5.0,172500.0,0.9999994526561538,1,Critical,Immediate charge/maintenance before next deployment
V0738,E-Bike,66,45,1.0,27000.0,0.9999994526561538,1,Critical,Immediate charge/maintenance before next deployment
V0737,E-Bike,98,43,3.0,91500.0,0.9999994526561538,1,Critical,Immediate charge/maintenance before next deployment
V0736,E-Bike,88,65,1.0,28500.0,0.9999994526561538,1,Critical,Immediate charge/maintenance before next deployment
V0735,E-Bike,36,71,3.0,115500.0,0.9999994526561538,1,Critical,Immediate charge/maintenance before next deployment
V0734,E-Bike,24,70,5.0,102000.0,0.9999994526561538,1,Critical,Immediate charge/maintenance before next deployment
V0733,E-Bike,98,45,4.0,141000.0,0.9999994526561538,1,Critical,Immediate charge/maintenance before next deployment
V0732,E-Bike,26,31,0.0,0.0,0.9999994526561538,1,Critical,Immediate charge/maintenance before next deployment
V0731,E-Bike,21,56,3.0,118500.0,0.9999994526561538,1,Critical,Immediate charge/maintenance before next deployment
V0730,E-Bike,86,42,3.0,118500.0,0.9999994526561538,1,Critical,Immediate charge/maintenance before next deployment
V0729,E-Bike,81,78,5.0,178500.0,0.9999994526561538,1,Critical,Immediate charge/maintenance before next deployment
V0728,E-Bike,23,84,4.0,117000.0,0.9999994526561538,1,Critical,Immediate charge/maintenance before next deployment
V0727,E-Bike,56,56,6.0,172500.0,0.9999994526561538,1,Critical,Immediate charge/maintenance before next deployment
V0726,E-Bike,85,81,0.0,0.0,0.9999994526561538,1,Critical,Immediate charge/maintenance before next deployment
V0725,E-Bike,19,45,5.0,171000.0,0.9999994526561538,1,Critical,Immediate charge/maintenance before next deployment
V0756,E-Bike,77,47,4.0,172500.0,0.9999994526561538,1,Critical,Immediate charge/maintenance before next deployment
V0755,E-Bike,60,58,2.0,70500.0,0.9999994526561538,1,Critical,Immediate charge/maintenance before next deployment
V0754,E-Bike,36,86,3.0,168000.0,0.9999994526561538,1,Critical,Immediate charge/maintenance before next deployment
V0753,E-Bike,29,62,3.0,106500.0,0.9999994526561538,1,Critical,Immediate charge/maintenance before next deployment
V0752,E-Bike,74,57,2.0,40500.0,0.9999994526561538,1,Critical,Immediate charge/maintenance before next deployment
V0751,E-Bike,85,68,3.0,117000.0,0.9999994526561538,1,Critical,Immediate charge/maintenance before next deployment
V0750,E-Bike,73,90,1.0,55500.0,0.9999994526561538,1,Critical,Immediate charge/maintenance before next deployment
V0749,E-Bike,28,67,3.0,145500.0,0.9999994526561538,1,Critical,Immediate charge/maintenance before next deployment
V0748,E-Bike,92,90,3.0,100500.0,0.9999994526561538,1,Critical,Immediate charge/maintenance before next deployment
V0747,E-Bike,23,33,2.0,78000.0,0.9999994526561538,1,Critical,Immediate charge/maintenance before next deployment
V0746,E-Bike,99,42,3.0,163500.0,0.9999994526561538,1,Critical,Immediate charge/maintenance before next deployment
V0745,E-Bike,64,88,3.0,96000.0,0.9999994526561538,1,Critical,Immediate charge/maintenance before next deployment
V0744,E-Bike,92,54,3.0,93000.0,0.9999994526561538,1,Critical,Immediate charge/maintenance before next deployment
V0743,E-Bike,23,47,4.0,177000.0,0.9999994526561538,1,Critical,Immediate charge/maintenance before next deployment
V0742,E-Bike,32,38,6.0,255000.0,0.9999994526561538,1,Critical,Immediate charge/maintenance before next deployment
V0741,E-Bike,47,89,4.0,195000.0,0.9999994526561538,1,Critical,Immediate charge/maintenance before next deployment
V0772,E-Bike,11,51,2.0,39000.0,0.9999994526561538,1,Critical,Immediate charge/maintenance before next deployment
V0771,E-Bike,36,87,1.0,15000.0,0.9999994526561538,1,Critical,Immediate charge/maintenance before next deployment
V0770,E-Bike,56,45,4.0,187500.0,0.9999994526561538,1,Critical,Immediate charge/maintenance before next deployment
V0769,E-Bike,55,74,3.0,136500.0,0.9999994526561538,1,Critical,Immediate charge/maintenance before next deployment
V0768,E-Bike,51,74,4.0,175500.0,0.9999994526561538,1,Critical,Immediate charge/maintenance before next deployment
V0767,E-Bike,78,32,3.0,126000.0,0.9999994526561538,1,Critical,Immediate charge/maintenance before next deployment
V0766,E-Bike,81,88,1.0,58500.0,0.9999994526561538,1,Critical,Immediate charge/maintenance before next deployment
V0765,E-Bike,66,77,6.0,259500.0,0.9999994526561538,1,Critical,Immediate charge/maintenance before next deployment
V0764,E-Bike,38,85,0.0,0.0,0.9999994526561538,1,Critical,Immediate charge/maintenance before next deployment
V0763,E-Bike,80,49,1.0,67500.0,0.9999994526561538,1,Critical,Immediate charge/maintenance before next deployment
V0762,E-Bike,52,51,3.0,70500.0,0.9999994526561538,1,Critical,Immediate charge/maintenance before next deployment
V0761,E-Bike,79,73,2.0,93000.0,0.9999994526561538,1,Critical,Immediate charge/maintenance before next deployment
V0760,E-Bike,77,34,5.0,186000.0,0.9999994526561538,1,Critical,Immediate charge/maintenance before next deployment
V0759,E-Bike,34,51,7.0,303000.0,0.9999994526561538,1,Critical,Immediate charge/maintenance before next deployment
V0758,E-Bike,11,76,4.0,130500.0,0.9999994526561538,1,Critical,Immediate charge/maintenance before next deployment
V0757,E-Bike,49,80,2.0,76500.0,0.9999994526561538,1,Critical,Immediate charge/maintenance before next deployment
V0788,E-Bike,29,58,5.0,199500.0,0.9999994526561538,1,Critical,Immediate charge/maintenance before next deployment
V0787,E-Bike,19,52,5.0,240000.0,0.9999994526561538,1,Critical,Immediate charge/maintenance before next deployment
V0786,E-Bike,83,43,2.0,66000.0,0.9999994526561538,1,Critical,Immediate charge/maintenance before next deployment
V0785,E-Bike,41,42,2.0,27000.0,0.9999994526561538,1,Critical,Immediate charge/maintenance before next deployment
V0784,E-Bike,11,69,2.0,79500.0,0.9999994526561538,1,Critical,Immediate charge/maintenance before next deployment
V0783,E-Bike,86,82,4.0,136500.0,0.9999994526561538,1,Critical,Immediate charge/maintenance before next deployment
V0782,E-Bike,17,60,1.0,43500.0,0.9999994526561538,1,Critical,Immediate charge/maintenance before next deployment
V0781,E-Bike,20,73,2.0,66000.0,0.9999994526561538,1,Critical,Immediate charge/maintenance before next deployment
V0780,E-Bike,94,33,1.0,46500.0,0.9999994526561538,1,Critical,Immediate charge/maintenance before next deployment
V0779,E-Bike,45,55,1.0,9000.0,0.9999994526561538,1,Critical,Immediate charge/maintenance before next deployment
V0778,E-Bike,27,74,4.0,159000.0,0.9999994526561538,1,Critical,Immediate charge/maintenance before next deployment
V0777,E-Bike,11,66,2.0,39000.0,0.9999994526561538,1,Critical,Immediate charge/maintenance before next deployment
V0776,E-Bike,42,46,10.0,450000.0,0.9999994526561538,1,Critical,Immediate charge/maintenance before next deployment
V0775,E-Bike,25,66,4.0,127500.0,0.9999994526561538,1,Critical,Immediate charge/maintenance before next deployment
V0774,E-Bike,78,73,4.0,241500.0,0.9999994526561538,1,Critical,Immediate charge/maintenance before next deployment
V0773,E-Bike,35,85,1.0,48000.0,0.9999994526561538,1,Critical,Immediate charge/maintenance before next deployment
V0804,E-Bike,12,84,3.0,45000.0,0.9999994526561538,1,Critical,Immediate charge/maintenance before next deployment
V0803,E-Bike,67,69,6.0,246000.0,0.9999994526561538,1,Critical,Immediate charge/maintenance before next deployment
V0802,E-Bike,25,32,3.0,82500.0,0.9999994526561538,1,Critical,Immediate charge/maintenance before next deployment
V0801,E-Bike,80,57,4.0,139500.0,0.9999994526561538,1,Critical,Immediate charge/maintenance before next deployment
V0800,E-Bike,66,44,2.0,81000.0,0.9999994526561538,1,Critical,Immediate charge/maintenance before next deployment
V0799,E-Bike,76,71,6.0,267000.0,0.9999994526561538,1,Critical,Immediate charge/maintenance before next deployment
V0798,E-Bike,15,71,3.0,151500.0,0.9999994526561538,1,Critical,Immediate charge/maintenance before next deployment
V0797,E-Bike,57,63,6.0,235500.0,0.9999994526561538,1,Critical,Immediate charge/maintenance before next deployment
V0796,E-Bike,23,51,1.0,15000.0,0.9999994526561538,1,Critical,Immediate charge/maintenance before next deployment
V0795,E-Bike,43,89,6.0,183000.0,0.9999994526561538,1,Critical,Immediate charge/maintenance before next deployment
V0794,E-Bike,96,85,1.0,9000.0,0.9999994526561538,1,Critical,Immediate charge/maintenance before next deployment
V0793,E-Bike,74,32,4.0,120000.0,0.9999994526561538,1,Critical,Immediate charge/maintenance before next deployment
V0792,E-Bike,23,49,3.0,97500.0,0.9999994526561538,1,Critical,Immediate charge/maintenance before next deployment
V0791,E-Bike,18,32,3.0,96000.0,0.9999994526561538,1,Critical,Immediate charge/maintenance before next deployment
V0790,E-Bike,93,65,3.0,133500.0,0.9999994526561538,1,Critical,Immediate charge/maintenance before next deployment
V0789,E-Bike,84,50,6.0,154500.0,0.9999994526561538,1,Critical,Immediate charge/maintenance before next deployment
V0820,E-Bike,54,55,6.0,181500.0,0.9999994526561538,1,Critical,Immediate charge/maintenance before next deployment
V0819,E-Bike,13,43,9.0,313500.0,0.9999994526561538,1,Critical,Immediate charge/maintenance before next deployment
V0818,E-Bike,32,46,6.0,198000.0,0.9999994526561538,1,Critical,Immediate charge/maintenance before next deployment
V0817,E-Bike,67,54,2.0,96000.0,0.9999994526561538,1,Critical,Immediate charge/maintenance before next deployment
V0816,E-Bike,79,39,1.0,49500.0,0.9999994526561538,1,Critical,Immediate charge/maintenance before next deployment
V0815,E-Bike,61,42,6.0,177000.0,0.9999994526561538,1,Critical,Immediate charge/maintenance before next deployment
V0814,E-Bike,21,75,2.0,96000.0,0.9999994526561538,1,Critical,Immediate charge/maintenance before next deployment
V0813,E-Bike,46,42,4.0,181500.0,0.9999994526561538,1,Critical,Immediate charge/maintenance before next deployment
V0812,E-Bike,48,64,1.0,52500.0,0.9999994526561538,1,Critical,Immediate charge/maintenance before next deployment
V0811,E-Bike,68,86,4.0,144000.0,0.9999994526561538,1,Critical,Immediate charge/maintenance before next deployment
V0810,E-Bike,33,44,5.0,204000.0,0.9999994526561538,1,Critical,Immediate charge/maintenance before next deployment
V0809,E-Bike,75,54,1.0,18000.0,0.9999994526561538,1,Critical,Immediate charge/maintenance before next deployment
V0808,E-Bike,67,65,4.0,111000.0,0.9999994526561538,1,Critical,Immediate charge/maintenance before next deployment
V0807,E-Bike,62,54,2.0,85500.0,0.9999994526561538,1,Critical,Immediate charge/maintenance before next deployment
V0806,E-Bike,94,80,2.0,67500.0,0.9999994526561538,1,Critical,Immediate charge/maintenance before next deployment
V0805,E-Bike,71,71,2.0,102000.0,0.9999994526561538,1,Critical,Immediate charge/maintenance before next deployment
V0836,E-Bike,37,35,6.0,240000.0,0.9999994526561538,1,Critical,Immediate charge/maintenance before next deployment
V0835,E-Bike,36,79,4.0,178500.0,0.9999994526561538,1,Critical,Immediate charge/maintenance before next deployment
V0834,E-Bike,58,86,3.0,100500.0,0.9999994526561538,1,Critical,Immediate charge/maintenance before next deployment
V0833,E-Bike,69,77,7.0,183000.0,0.9999994526561538,1,Critical,Immediate charge/maintenance before next deployment
V0832,E-Bike,11,47,3.0,102000.0,0.9999994526561538,1,Critical,Immediate charge/maintenance before next deployment
V0831,E-Bike,39,34,7.0,237000.0,0.9999994526561538,1,Critical,Immediate charge/maintenance before next deployment
V0830,E-Bike,93,62,4.0,109500.0,0.9999994526561538,1,Critical,Immediate charge/maintenance before next deployment
V0829,E-Bike,12,63,0.0,0.0,0.9999994526561538,1,Critical,Immediate charge/maintenance before next deployment
V0828,E-Bike,98,66,2.0,49500.0,0.9999994526561538,1,Critical,Immediate charge/maintenance before next deployment
V0827,E-Bike,46,40,2.0,54000.0,0.9999994526561538,1,Critical,Immediate charge/maintenance before next deployment
V0826,E-Bike,66,55,1.0,52500.0,0.9999994526561538,1,Critical,Immediate charge/maintenance before next deployment
V0825,E-Bike,82,57,2.0,52500.0,0.9999994526561538,1,Critical,Immediate charge/maintenance before next deployment
V0824,E-Bike,89,90,4.0,123000.0,0.9999994526561538,1,Critical,Immediate charge/maintenance before next deployment
V0823,E-Bike,68,68,2.0,55500.0,0.9999994526561538,1,Critical,Immediate charge/maintenance before next deployment
V0822,E-Bike,34,37,4.0,195000.0,0.9999994526561538,1,Critical,Immediate charge/maintenance before next deployment
V0821,E-Bike,37,75,3.0,148500.0,0.9999994526561538,1,Critical,Immediate charge/maintenance before next deployment
V0852,E-Bike,53,86,5.0,235500.0,0.9999994526561538,1,Critical,Immediate charge/maintenance before next deployment
V0851,E-Bike,76,74,2.0,69000.0,0.9999994526561538,1,Critical,Immediate charge/maintenance before next deployment
V0850,E-Bike,97,44,3.0,138000.0,0.9999994526561538,1,Critical,Immediate charge/maintenance before next deployment
V0849,E-Bike,46,49,6.0,204000.0,0.9999994526561538,1,Critical,Immediate charge/maintenance before next deployment
V0848,E-Bike,36,79,4.0,223500.0,0.9999994526561538,1,Critical,Immediate charge/maintenance before next deployment
V0847,E-Bike,73,44,1.0,16500.0,0.9999994526561538,1,Critical,Immediate charge/maintenance before next deployment
V0846,E-Bike,21,33,6.0,181500.0,0.9999994526561538,1,Critical,Immediate charge/maintenance before next deployment
V0845,E-Bike,17,39,3.0,144000.0,0.9999994526561538,1,Critical,Immediate charge/maintenance before next deployment
V0844,E-Bike,61,33,4.0,190500.0,0.9999994526561538,1,Critical,Immediate charge/maintenance before next deployment
V0843,E-Bike,94,69,1.0,37500.0,0.9999994526561538,1,Critical,Immediate charge/maintenance before next deployment
V0842,E-Bike,84,68,1.0,10500.0,0.9999994526561538,1,Critical,Immediate charge/maintenance before next deployment
V0841,E-Bike,51,37,0.0,0.0,0.9999994526561538,1,Critical,Immediate charge/maintenance before next deployment
V0840,E-Bike,34,67,3.0,102000.0,0.9999994526561538,1,Critical,Immediate charge/maintenance before next deployment
V0839,E-Bike,12,41,0.0,0.0,0.9999994526561538,1,Critical,Immediate charge/maintenance before next deployment
V0838,E-Bike,74,31,1.0,13500.0,0.9999994526561538,1,Critical,Immediate charge/maintenance before next deployment
V0837,E-Bike,82,82,5.0,219000.0,0.9999994526561538,1,Critical,Immediate charge/maintenance before next deployment
V0868,E-Bike,78,62,3.0,55500.0,0.9999994526561538,1,Critical,Immediate charge/maintenance before next deployment
V0867,E-Bike,100,51,2.0,82500.0,0.9999994526561538,1,Critical,Immediate charge/maintenance before next deployment
V0866,E-Bike,64,40,4.0,202500.0,0.9999994526561538,1,Critical,Immediate charge/maintenance before next deployment
V0865,E-Bike,22,53,8.0,324000.0,0.9999994526561538,1,Critical,Immediate charge/maintenance before next deployment
V0864,E-Bike,10,47,3.0,94500.0,0.9999994526561538,1,Critical,Immediate charge/maintenance before next deployment
V0863,E-Bike,31,58,4.0,129000.0,0.9999994526561538,1,Critical,Immediate charge/maintenance before next deployment
V0862,E-Bike,60,65,1.0,19500.0,0.9999994526561538,1,Critical,Immediate charge/maintenance before next deployment
V0861,E-Bike,79,58,3.0,97500.0,0.9999994526561538,1,Critical,Immediate charge/maintenance before next deployment
V0860,E-Bike,26,53,2.0,58500.0,0.9999994526561538,1,Critical,Immediate charge/maintenance before next deployment
V0859,E-Bike,71,53,4.0,81000.0,0.9999994526561538,1,Critical,Immediate charge/maintenance before next deployment
V0858,E-Bike,14,74,3.0,94500.0,0.9999994526561538,1,Critical,Immediate charge/maintenance before next deployment
V0857,E-Bike,71,53,2.0,28500.0,0.9999994526561538,1,Critical,Immediate charge/maintenance before next deployment
V0856,E-Bike,73,54,4.0,193500.0,0.9999994526561538,1,Critical,Immediate charge/maintenance before next deployment
V0855,E-Bike,29,83,5.0,159000.0,0.9999994526561538,1,Critical,Immediate charge/maintenance before next deployment
V0854,E-Bike,54,82,2.0,112500.0,0.9999994526561538,1,Critical,Immediate charge/maintenance before next deployment
V0853,E-Bike,86,88,2.0,79500.0,0.9999994526561538,1,Critical,Immediate charge/maintenance before next deployment
V0884,E-Bike,99,43,3.0,72000.0,0.9999994526561538,1,Critical,Immediate charge/maintenance before next deployment
V0883,E-Bike,63,39,6.0,223500.0,0.9999994526561538,1,Critical,Immediate charge/maintenance before next deployment
V0881,E-Bike,15,62,5.0,195000.0,0.9999994526561538,1,Critical,Immediate charge/maintenance before next deployment
V0880,E-Bike,57,33,3.0,130500.0,0.9999994526561538,1,Critical,Immediate charge/maintenance before next deployment
V0879,E-Bike,21,34,2.0,27000.0,0.9999994526561538,1,Critical,Immediate charge/maintenance before next deployment
V0878,E-Bike,73,44,3.0,139500.0,0.9999994526561538,1,Critical,Immediate charge/maintenance before next deployment
V0877,E-Bike,44,64,1.0,43500.0,0.9999994526561538,1,Critical,Immediate charge/maintenance before next deployment
V0876,E-Bike,75,57,3.0,121500.0,0.9999994526561538,1,Critical,Immediate charge/maintenance before next deployment
V0875,E-Bike,67,65,3.0,123000.0,0.9999994526561538,1,Critical,Immediate charge/maintenance before next deployment
V0874,E-Bike,83,40,2.0,48000.0,0.9999994526561538,1,Critical,Immediate charge/maintenance before next deployment
V0873,E-Bike,68,86,2.0,27000.0,0.9999994526561538,1,Critical,Immediate charge/maintenance before next deployment
V0872,E-Bike,89,59,5.0,187500.0,0.9999994526561538,1,Critical,Immediate charge/maintenance before next deployment
V0871,E-Bike,23,54,2.0,94500.0,0.9999994526561538,1,Critical,Immediate charge/maintenance before next deployment
V0870,E-Bike,18,60,6.0,291000.0,0.9999994526561538,1,Critical,Immediate charge/maintenance before next deployment
V0869,E-Bike,55,82,0.0,0.0,0.9999994526561538,1,Critical,Immediate charge/maintenance before next deployment
V0900,E-Bike,28,54,2.0,69000.0,0.9999994526561538,1,Critical,Immediate charge/maintenance before next deployment
V0899,E-Bike,86,78,4.0,204000.0,0.9999994526561538,1,Critical,Immediate charge/maintenance before next deployment
V0898,E-Bike,95,40,3.0,99000.0,0.9999994526561538,1,Critical,Immediate charge/maintenance before next deployment
V0897,E-Bike,27,84,5.0,184500.0,0.9999994526561538,1,Critical,Immediate charge/maintenance before next deployment
V0896,E-Bike,27,70,1.0,67500.0,0.9999994526561538,1,Critical,Immediate charge/maintenance before next deployment
V0895,E-Bike,33,62,0.0,0.0,0.9999994526561538,1,Critical,Immediate charge/maintenance before next deployment
V0894,E-Bike,60,83,1.0,22500.0,0.9999994526561538,1,Critical,Immediate charge/maintenance before next deployment
V0893,E-Bike,83,64,1.0,13500.0,0.9999994526561538,1,Critical,Immediate charge/maintenance before next deployment
V0892,E-Bike,83,31,3.0,112500.0,0.9999994526561538,1,Critical,Immediate charge/maintenance before next deployment
V0891,E-Bike,29,70,1.0,31500.0,0.9999994526561538,1,Critical,Immediate charge/maintenance before next deployment
V0890,E-Bike,54,88,3.0,172500.0,0.9999994526561538,1,Critical,Immediate charge/maintenance before next deployment
V0889,E-Bike,57,36,2.0,90000.0,0.9999994526561538,1,Critical,Immediate charge/maintenance before next deployment
V0888,E-Bike,40,51,3.0,114000.0,0.9999994526561538,1,Critical,Immediate charge/maintenance before next deployment
V0887,E-Bike,41,34,3.0,132000.0,0.9999994526561538,1,Critical,Immediate charge/maintenance before next deployment
V0886,E-Bike,22,86,4.0,226500.0,0.9999994526561538,1,Critical,Immediate charge/maintenance before next deployment
V0885,E-Bike,96,57,3.0,132000.0,0.9999994526561538,1,Critical,Immediate charge/maintenance before next deployment
V0916,E-Bike,63,65,4.0,91500.0,0.9999994526561538,1,Critical,Immediate charge/maintenance before next deployment
V0915,E-Bike,92,78,5.0,211500.0,0.9999994526561538,1,Critical,Immediate charge/maintenance before next deployment
V0914,E-Bike,12,66,4.0,139500.0,0.9999994526561538,1,Critical,Immediate charge/maintenance before next deployment
V0913,E-Bike,46,58,3.0,133500.0,0.9999994526561538,1,Critical,Immediate charge/maintenance before next deployment
V0912,E-Bike,79,51,2.0,46500.0,0.9999994526561538,1,Critical,Immediate charge/maintenance before next deployment
V0911,E-Bike,81,31,5.0,228000.0,0.9999994526561538,1,Critical,Immediate charge/maintenance before next deployment
V0910,E-Bike,22,79,3.0,106500.0,0.9999994526561538,1,Critical,Immediate charge/maintenance before next deployment
V0909,E-Bike,100,32,4.0,196500.0,0.9999994526561538,1,Critical,Immediate charge/maintenance before next deployment
V0908,E-Bike,52,69,4.0,75000.0,0.9999994526561538,1,Critical,Immediate charge/maintenance before next deployment
V0907,E-Bike,26,83,4.0,111000.0,0.9999994526561538,1,Critical,Immediate charge/maintenance before next deployment
V0906,E-Bike,38,59,4.0,148500.0,0.9999994526561538,1,Critical,Immediate charge/maintenance before next deployment
V0905,E-Bike,98,63,2.0,64500.0,0.9999994526561538,1,Critical,Immediate charge/maintenance before next deployment
V0904,E-Bike,30,65,5.0,250500.0,0.9999994526561538,1,Critical,Immediate charge/maintenance before next deployment
V0903,E-Bike,11,64,5.0,208500.0,0.9999994526561538,1,Critical,Immediate charge/maintenance before next deployment
V0902,E-Bike,76,68,7.0,289500.0,0.9999994526561538,1,Critical,Immediate charge/maintenance before next deployment
V0901,E-Bike,23,60,1.0,46500.0,0.9999994526561538,1,Critical,Immediate charge/maintenance before next deployment
V0932,E-Bike,63,58,4.0,121500.0,0.9999994526561538,1,Critical,Immediate charge/maintenance before next deployment
V0931,E-Bike,90,75,3.0,103500.0,0.9999994526561538,1,Critical,Immediate charge/maintenance before next deployment
V0930,E-Bike,100,62,2.0,25500.0,0.9999994526561538,1,Critical,Immediate charge/maintenance before next deployment
V0929,E-Bike,71,54,2.0,51000.0,0.9999994526561538,1,Critical,Immediate charge/maintenance before next deployment
V0928,E-Bike,12,49,7.0,339000.0,0.9999994526561538,1,Critical,Immediate charge/maintenance before next deployment
V0927,E-Bike,13,50,3.0,147000.0,0.9999994526561538,1,Critical,Immediate charge/maintenance before next deployment
V0926,E-Bike,47,45,6.0,205500.0,0.9999994526561538,1,Critical,Immediate charge/maintenance before next deployment
V0925,E-Bike,89,59,2.0,96000.0,0.9999994526561538,1,Critical,Immediate charge/maintenance before next deployment
V0924,E-Bike,56,47,4.0,118500.0,0.9999994526561538,1,Critical,Immediate charge/maintenance before next deployment
V0923,E-Bike,39,51,2.0,67500.0,0.9999994526561538,1,Critical,Immediate charge/maintenance before next deployment
V0922,E-Bike,36,62,4.0,210000.0,0.9999994526561538,1,Critical,Immediate charge/maintenance before next deployment
V0921,E-Bike,69,70,1.0,19500.0,0.9999994526561538,1,Critical,Immediate charge/maintenance before next deployment
V0920,E-Bike,38,76,1.0,48000.0,0.9999994526561538,1,Critical,Immediate charge/maintenance before next deployment
V0919,E-Bike,56,32,4.0,120000.0,0.9999994526561538,1,Critical,Immediate charge/maintenance before next deployment
V0918,E-Bike,95,32,3.0,69000.0,0.9999994526561538,1,Critical,Immediate charge/maintenance before next deployment
V0917,E-Bike,75,50,3.0,81000.0,0.9999994526561538,1,Critical,Immediate charge/maintenance before next deployment
V0948,E-Bike,40,69,0.0,0.0,0.9999994526561538,1,Critical,Immediate charge/maintenance before next deployment
V0947,E-Bike,95,66,2.0,36000.0,0.9999994526561538,1,Critical,Immediate charge/maintenance before next deployment
V0946,E-Bike,23,32,3.0,97500.0,0.9999994526561538,1,Critical,Immediate charge/maintenance before next deployment
V0945,E-Bike,68,32,2.0,100500.0,0.9999994526561538,1,Critical,Immediate charge/maintenance before next deployment
V0944,E-Bike,90,73,2.0,106500.0,0.9999994526561538,1,Critical,Immediate charge/maintenance before next deployment
V0943,E-Bike,81,83,2.0,127500.0,0.9999994526561538,1,Critical,Immediate charge/maintenance before next deployment
V0942,E-Bike,21,50,3.0,66000.0,0.9999994526561538,1,Critical,Immediate charge/maintenance before next deployment
V0941,E-Bike,74,61,3.0,141000.0,0.9999994526561538,1,Critical,Immediate charge/maintenance before next deployment
V0940,E-Bike,60,54,1.0,19500.0,0.9999994526561538,1,Critical,Immediate charge/maintenance before next deployment
V0939,E-Bike,70,59,4.0,204000.0,0.9999994526561538,1,Critical,Immediate charge/maintenance before next deployment
V0938,E-Bike,37,57,1.0,67500.0,0.9999994526561538,1,Critical,Immediate charge/maintenance before next deployment
V0937,E-Bike,50,57,4.0,163500.0,0.9999994526561538,1,Critical,Immediate charge/maintenance before next deployment
V0936,E-Bike,27,67,3.0,108000.0,0.9999994526561538,1,Critical,Immediate charge/maintenance before next deployment
V0935,E-Bike,78,82,4.0,66000.0,0.9999994526561538,1,Critical,Immediate charge/maintenance before next deployment
V0934,E-Bike,10,39,0.0,0.0,0.9999994526561538,1,Critical,Immediate charge/maintenance before next deployment
V0933,E-Bike,87,42,4.0,196500.0,0.9999994526561538,1,Critical,Immediate charge/maintenance before next deployment
V0964,E-Bike,100,36,4.0,160500.0,0.9999994526561538,1,Critical,Immediate charge/maintenance before next deployment
V0963,E-Bike,62,48,5.0,187500.0,0.9999994526561538,1,Critical,Immediate charge/maintenance before next deployment
V0962,E-Bike,98,46,2.0,109500.0,0.9999994526561538,1,Critical,Immediate charge/maintenance before next deployment
V0961,E-Bike,97,78,1.0,30000.0,0.9999994526561538,1,Critical,Immediate charge/maintenance before next deployment
V0960,E-Bike,11,57,3.0,81000.0,0.9999994526561538,1,Critical,Immediate charge/maintenance before next deployment
V0959,E-Bike,100,51,4.0,159000.0,0.9999994526561538,1,Critical,Immediate charge/maintenance before next deployment
V0958,E-Bike,14,31,5.0,205500.0,0.9999994526561538,1,Critical,Immediate charge/maintenance before next deployment
V0957,E-Bike,35,39,3.0,103500.0,0.9999994526561538,1,Critical,Immediate charge/maintenance before next deployment
V0956,E-Bike,86,52,4.0,195000.0,0.9999994526561538,1,Critical,Immediate charge/maintenance before next deployment
V0955,E-Bike,29,47,5.0,150000.0,0.9999994526561538,1,Critical,Immediate charge/maintenance before next deployment
V0954,E-Bike,12,35,1.0,12000.0,0.9999994526561538,1,Critical,Immediate charge/maintenance before next deployment
V0953,E-Bike,83,40,4.0,205500.0,0.9999994526561538,1,Critical,Immediate charge/maintenance before next deployment
V0952,E-Bike,80,89,2.0,48000.0,0.9999994526561538,1,Critical,Immediate charge/maintenance before next deployment
V0951,E-Bike,46,32,3.0,99000.0,0.9999994526561538,1,Critical,Immediate charge/maintenance before next deployment
V0950,E-Bike,27,41,1.0,28500.0,0.9999994526561538,1,Critical,Immediate charge/maintenance before next deployment
V0949,E-Bike,35,40,7.0,273000.0,0.9999994526561538,1,Critical,Immediate charge/maintenance before next deployment
V0980,E-Bike,84,85,5.0,175500.0,0.9999994526561538,1,Critical,Immediate charge/maintenance before next deployment
V0979,E-Bike,13,54,7.0,259500.0,0.9999994526561538,1,Critical,Immediate charge/maintenance before next deployment
V0978,E-Bike,97,61,3.0,118500.0,0.9999994526561538,1,Critical,Immediate charge/maintenance before next deployment
V0977,E-Bike,86,50,7.0,277500.0,0.9999994526561538,1,Critical,Immediate charge/maintenance before next deployment
V0976,E-Bike,69,49,5.0,244500.0,0.9999994526561538,1,Critical,Immediate charge/maintenance before next deployment
V0975,E-Bike,10,68,1.0,25500.0,0.9999994526561538,1,Critical,Immediate charge/maintenance before next deployment
V0974,E-Bike,35,33,4.0,120000.0,0.9999994526561538,1,Critical,Immediate charge/maintenance before next deployment
V0973,E-Bike,34,34,3.0,94500.0,0.9999994526561538,1,Critical,Immediate charge/maintenance before next deployment
V0972,E-Bike,86,53,3.0,177000.0,0.9999994526561538,1,Critical,Immediate charge/maintenance before next deployment
V0971,E-Bike,59,75,5.0,201000.0,0.9999994526561538,1,Critical,Immediate charge/maintenance before next deployment
V0970,E-Bike,96,55,2.0,76500.0,0.9999994526561538,1,Critical,Immediate charge/maintenance before next deployment
V0969,E-Bike,77,82,1.0,58500.0,0.9999994526561538,1,Critical,Immediate charge/maintenance before next deployment
V0968,E-Bike,24,87,1.0,9000.0,0.9999994526561538,1,Critical,Immediate charge/maintenance before next deployment
V0967,E-Bike,84,64,6.0,189000.0,0.9999994526561538,1,Critical,Immediate charge/maintenance before next deployment
V0966,E-Bike,63,38,4.0,172500.0,0.9999994526561538,1,Critical,Immediate charge/maintenance before next deployment
V0965,E-Bike,11,85,5.0,136500.0,0.9999994526561538,1,Critical,Immediate charge/maintenance before next deployment
V0996,E-Bike,24,59,3.0,117000.0,0.9999994526561538,1,Critical,Immediate charge/maintenance before next deployment
V0995,E-Bike,96,82,3.0,97500.0,0.9999994526561538,1,Critical,Immediate charge/maintenance before next deployment
V0994,E-Bike,80,80,3.0,58500.0,0.9999994526561538,1,Critical,Immediate charge/maintenance before next deployment
V0993,E-Bike,77,84,3.0,96000.0,0.9999994526561538,1,Critical,Immediate charge/maintenance before next deployment
V0992,E-Bike,86,83,6.0,289500.0,0.9999994526561538,1,Critical,Immediate charge/maintenance before next deployment
V0991,E-Bike,89,62,3.0,78000.0,0.9999994526561538,1,Critical,Immediate charge/maintenance before next deployment
V0990,E-Bike,59,40,4.0,135000.0,0.9999994526561538,1,Critical,Immediate charge/maintenance before next deployment
V0989,E-Bike,69,43,2.0,69000.0,0.9999994526561538,1,Critical,Immediate charge/maintenance before next deployment
V0988,E-Bike,84,51,2.0,72000.0,0.9999994526561538,1,Critical,Immediate charge/maintenance before next deployment
V0987,E-Bike,94,79,4.0,160500.0,0.9999994526561538,1,Critical,Immediate charge/maintenance before next deployment
V0986,E-Bike,18,78,5.0,139500.0,0.9999994526561538,1,Critical,Immediate charge/maintenance before next deployment
V0985,E-Bike,82,76,4.0,130500.0,0.9999994526561538,1,Critical,Immediate charge/maintenance before next deployment
V0984,E-Bike,54,80,3.0,121500.0,0.9999994526561538,1,Critical,Immediate charge/maintenance before next deployment
V0983,E-Bike,74,66,4.0,123000.0,0.9999994526561538,1,Critical,Immediate charge/maintenance before next deployment
V0982,E-Bike,72,90,5.0,147000.0,0.9999994526561538,1,Critical,Immediate charge/maintenance before next deployment
V0981,E-Bike,33,56,1.0,30000.0,0.9999994526561538,1,Critical,Immediate charge/maintenance before next deployment
V1012,E-Bike,71,56,5.0,177000.0,0.9999994526561538,1,Critical,Immediate charge/maintenance before next deployment
V1011,E-Bike,89,41,1.0,58500.0,0.9999994526561538,1,Critical,Immediate charge/maintenance before next deployment
V1010,E-Bike,14,35,2.0,82500.0,0.9999994526561538,1,Critical,Immediate charge/maintenance before next deployment
V1009,E-Bike,100,60,3.0,120000.0,0.9999994526561538,1,Critical,Immediate charge/maintenance before next deployment
V1008,E-Bike,35,89,4.0,186000.0,0.9999994526561538,1,Critical,Immediate charge/maintenance before next deployment
V1007,E-Bike,52,32,3.0,66000.0,0.9999994526561538,1,Critical,Immediate charge/maintenance before next deployment
V1006,E-Bike,46,55,2.0,69000.0,0.9999994526561538,1,Critical,Immediate charge/maintenance before next deployment
V1005,E-Bike,95,56,2.0,72000.0,0.9999994526561538,1,Critical,Immediate charge/maintenance before next deployment
V1004,E-Bike,76,90,3.0,96000.0,0.9999994526561538,1,Critical,Immediate charge/maintenance before next deployment
V1003,E-Bike,31,90,4.0,112500.0,0.9999994526561538,1,Critical,Immediate charge/maintenance before next deployment
V1002,E-Bike,34,62,0.0,0.0,0.9999994526561538,1,Critical,Immediate charge/maintenance before next deployment
V1001,E-Bike,98,68,3.0,94500.0,0.9999994526561538,1,Critical,Immediate charge/maintenance before next deployment
V1000,E-Bike,56,78,4.0,196500.0,0.9999994526561538,1,Critical,Immediate charge/maintenance before next deployment
V0999,E-Bike,23,83,5.0,235500.0,0.9999994526561538,1,Critical,Immediate charge/maintenance before next deployment
V0998,E-Bike,73,90,3.0,106500.0,0.9999994526561538,1,Critical,Immediate charge/maintenance before next deployment
V0997,E-Bike,19,84,3.0,124500.0,0.9999994526561538,1,Critical,Immediate charge/maintenance before next deployment
V1028,E-Bike,21,45,4.0,118500.0,0.9999994526561538,1,Critical,Immediate charge/maintenance before next deployment
V1027,E-Bike,17,53,6.0,262500.0,0.9999994526561538,1,Critical,Immediate charge/maintenance before next deployment
V1026,E-Bike,15,76,3.0,99000.0,0.9999994526561538,1,Critical,Immediate charge/maintenance before next deployment
V1025,E-Bike,36,78,4.0,145500.0,0.9999994526561538,1,Critical,Immediate charge/maintenance before next deployment
V1024,E-Bike,65,77,2.0,34500.0,0.9999994526561538,1,Critical,Immediate charge/maintenance before next deployment
V1023,E-Bike,10,83,4.0,136500.0,0.9999994526561538,1,Critical,Immediate charge/maintenance before next deployment
V1022,E-Bike,25,47,3.0,75000.0,0.9999994526561538,1,Critical,Immediate charge/maintenance before next deployment
V1021,E-Bike,35,72,1.0,57000.0,0.9999994526561538,1,Critical,Immediate charge/maintenance before next deployment
V1020,E-Bike,76,33,3.0,117000.0,0.9999994526561538,1,Critical,Immediate charge/maintenance before next deployment
V1019,E-Bike,80,39,2.0,55500.0,0.9999994526561538,1,Critical,Immediate charge/maintenance before next deployment
V1018,E-Bike,86,42,6.0,301500.0,0.9999994526561538,1,Critical,Immediate charge/maintenance before next deployment
V1017,E-Bike,68,59,3.0,90000.0,0.9999994526561538,1,Critical,Immediate charge/maintenance before next deployment
V1016,E-Bike,69,58,3.0,69000.0,0.9999994526561538,1,Critical,Immediate charge/maintenance before next deployment
V1015,E-Bike,74,66,4.0,117000.0,0.9999994526561538,1,Critical,Immediate charge/maintenance before next deployment
V1014,E-Bike,78,76,5.0,187500.0,0.9999994526561538,1,Critical,Immediate charge/maintenance before next deployment
V1013,E-Bike,49,54,2.0,43500.0,0.9999994526561538,1,Critical,Immediate charge/maintenance before next deployment
V1044,E-Bike,77,66,3.0,144000.0,0.9999994526561538,1,Critical,Immediate charge/maintenance before next deployment
V1043,E-Bike,29,62,6.0,190500.0,0.9999994526561538,1,Critical,Immediate charge/maintenance before next deployment
V1042,E-Bike,51,60,4.0,198000.0,0.9999994526561538,1,Critical,Immediate charge/maintenance before next deployment
V1041,E-Bike,76,67,1.0,21000.0,0.9999994526561538,1,Critical,Immediate charge/maintenance before next deployment
V1040,E-Bike,68,60,1.0,22500.0,0.9999994526561538,1,Critical,Immediate charge/maintenance before next deployment
V1039,E-Bike,56,55,1.0,25500.0,0.9999994526561538,1,Critical,Immediate charge/maintenance before next deployment
V1038,E-Bike,42,84,0.0,0.0,0.9999994526561538,1,Critical,Immediate charge/maintenance before next deployment
V1037,E-Bike,24,83,3.0,129000.0,0.9999994526561538,1,Critical,Immediate charge/maintenance before next deployment
V1036,E-Bike,32,60,4.0,169500.0,0.9999994526561538,1,Critical,Immediate charge/maintenance before next deployment
V1035,E-Bike,20,38,0.0,0.0,0.9999994526561538,1,Critical,Immediate charge/maintenance before next deployment
V1034,E-Bike,66,31,3.0,63000.0,0.9999994526561538,1,Critical,Immediate charge/maintenance before next deployment
V1033,E-Bike,77,59,3.0,112500.0,0.9999994526561538,1,Critical,Immediate charge/maintenance before next deployment
V1032,E-Bike,57,77,3.0,108000.0,0.9999994526561538,1,Critical,Immediate charge/maintenance before next deployment
V1031,E-Bike,23,71,4.0,87000.0,0.9999994526561538,1,Critical,Immediate charge/maintenance before next deployment
V1030,E-Bike,74,62,4.0,144000.0,0.9999994526561538,1,Critical,Immediate charge/maintenance before next deployment
V1029,E-Bike,10,82,2.0,27000.0,0.9999994526561538,1,Critical,Immediate charge/maintenance before next deployment
V1060,E-Bike,11,70,4.0,150000.0,0.9999994526561538,1,Critical,Immediate charge/maintenance before next deployment
V1059,E-Bike,96,36,5.0,169500.0,0.9999994526561538,1,Critical,Immediate charge/maintenance before next deployment
V1058,E-Bike,46,90,4.0,123000.0,0.9999994526561538,1,Critical,Immediate charge/maintenance before next deployment
V1057,E-Bike,81,79,2.0,66000.0,0.9999994526561538,1,Critical,Immediate charge/maintenance before next deployment
V1056,E-Bike,57,61,3.0,123000.0,0.9999994526561538,1,Critical,Immediate charge/maintenance before next deployment
V1055,E-Bike,62,42,1.0,16500.0,0.9999994526561538,1,Critical,Immediate charge/maintenance before next deployment
V1054,E-Bike,58,32,3.0,93000.0,0.9999994526561538,1,Critical,Immediate charge/maintenance before next deployment
V1053,E-Bike,16,77,1.0,30000.0,0.9999994526561538,1,Critical,Immediate charge/maintenance before next deployment
V1051,E-Bike,80,89,6.0,180000.0,0.9999994526561538,1,Critical,Immediate charge/maintenance before next deployment
V1050,E-Bike,82,52,2.0,76500.0,0.9999994526561538,1,Critical,Immediate charge/maintenance before next deployment
V1049,E-Bike,86,83,8.0,331500.0,0.9999994526561538,1,Critical,Immediate charge/maintenance before next deployment
V1048,E-Bike,84,53,1.0,7500.0,0.9999994526561538,1,Critical,Immediate charge/maintenance before next deployment
V1047,E-Bike,47,67,2.0,55500.0,0.9999994526561538,1,Critical,Immediate charge/maintenance before next deployment
V1046,E-Bike,18,86,3.0,127500.0,0.9999994526561538,1,Critical,Immediate charge/maintenance before next deployment
V1045,E-Bike,40,47,5.0,174000.0,0.9999994526561538,1,Critical,Immediate charge/maintenance before next deployment
V1076,E-Bike,19,68,3.0,88500.0,0.9999994526561538,1,Critical,Immediate charge/maintenance before next deployment
V1075,E-Bike,83,69,2.0,78000.0,0.9999994526561538,1,Critical,Immediate charge/maintenance before next deployment
V1074,E-Bike,22,74,2.0,108000.0,0.9999994526561538,1,Critical,Immediate charge/maintenance before next deployment
V1073,E-Bike,27,48,5.0,145500.0,0.9999994526561538,1,Critical,Immediate charge/maintenance before next deployment
V1072,E-Bike,54,85,2.0,88500.0,0.9999994526561538,1,Critical,Immediate charge/maintenance before next deployment
V1071,E-Bike,91,77,3.0,87000.0,0.9999994526561538,1,Critical,Immediate charge/maintenance before next deployment
V1070,E-Bike,54,76,1.0,30000.0,0.9999994526561538,1,Critical,Immediate charge/maintenance before next deployment
V1069,E-Bike,74,72,0.0,0.0,0.9999994526561538,1,Critical,Immediate charge/maintenance before next deployment
V1068,E-Bike,59,65,3.0,156000.0,0.9999994526561538,1,Critical,Immediate charge/maintenance before next deployment
V1067,E-Bike,99,73,6.0,111000.0,0.9999994526561538,1,Critical,Immediate charge/maintenance before next deployment
V1066,E-Bike,60,46,7.0,298500.0,0.9999994526561538,1,Critical,Immediate charge/maintenance before next deployment
V1065,E-Bike,67,84,4.0,177000.0,0.9999994526561538,1,Critical,Immediate charge/maintenance before next deployment
V1064,E-Bike,69,56,3.0,64500.0,0.9999994526561538,1,Critical,Immediate charge/maintenance before next deployment
V1063,E-Bike,81,63,6.0,268500.0,0.9999994526561538,1,Critical,Immediate charge/maintenance before next deployment
V1062,E-Bike,37,53,4.0,157500.0,0.9999994526561538,1,Critical,Immediate charge/maintenance before next deployment
V1092,E-Bike,85,44,4.0,145500.0,0.9999994526561538,1,Critical,Immediate charge/maintenance before next deployment
V1090,E-Bike,62,83,2.0,130500.0,0.9999994526561538,1,Critical,Immediate charge/maintenance before next deployment
V1089,E-Bike,40,49,5.0,187500.0,0.9999994526561538,1,Critical,Immediate charge/maintenance before next deployment
V1088,E-Bike,21,42,1.0,46500.0,0.9999994526561538,1,Critical,Immediate charge/maintenance before next deployment
V1087,E-Bike,79,75,3.0,100500.0,0.9999994526561538,1,Critical,Immediate charge/maintenance before next deployment
V1085,E-Bike,42,57,4.0,157500.0,0.9999994526561538,1,Critical,Immediate charge/maintenance before next deployment
V1084,E-Bike,14,84,1.0,43500.0,0.9999994526561538,1,Critical,Immediate charge/maintenance before next deployment
V1083,E-Bike,26,62,5.0,139500.0,0.9999994526561538,1,Critical,Immediate charge/maintenance before next deployment
V1082,E-Bike,25,52,4.0,121500.0,0.9999994526561538,1,Critical,Immediate charge/maintenance before next deployment
V1081,E-Bike,39,49,3.0,96000.0,0.9999994526561538,1,Critical,Immediate charge/maintenance before next deployment
V1080,E-Bike,66,62,3.0,142500.0,0.9999994526561538,1,Critical,Immediate charge/maintenance before next deployment
V1079,E-Bike,77,59,7.0,217500.0,0.9999994526561538,1,Critical,Immediate charge/maintenance before next deployment
V1078,E-Bike,51,51,3.0,178500.0,0.9999994526561538,1,Critical,Immediate charge/maintenance before next deployment
V1077,E-Bike,46,52,4.0,213000.0,0.9999994526561538,1,Critical,Immediate charge/maintenance before next deployment
V2068,Shuttle Bus,75,50,5.0,200000.0,0.9999994526561538,1,Critical,Immediate charge/maintenance before next deployment
V2067,Shuttle Bus,37,54,4.0,160000.0,0.9999994526561538,1,Critical,Immediate charge/maintenance before next deployment
V2066,Shuttle Bus,60,63,7.0,280000.0,0.9999994526561538,1,Critical,Immediate charge/maintenance before next deployment
V2065,Shuttle Bus,74,48,6.0,240000.0,0.9999994526561538,1,Critical,Immediate charge/maintenance before next deployment
V2064,Shuttle Bus,23,47,7.0,280000.0,0.9999994526561538,1,Critical,Immediate charge/maintenance before next deployment
V2063,Shuttle Bus,12,53,6.0,240000.0,0.9999994526561538,1,Critical,Immediate charge/maintenance before next deployment
V2062,Shuttle Bus,61,79,5.0,200000.0,0.9999994526561538,1,Critical,Immediate charge/maintenance before next deployment
V2061,Shuttle Bus,12,35,4.0,160000.0,0.9999994526561538,1,Critical,Immediate charge/maintenance before next deployment
V2060,Shuttle Bus,94,51,10.0,400000.0,0.9999994526561538,1,Critical,Immediate charge/maintenance before next deployment
V2059,Shuttle Bus,58,90,2.0,80000.0,0.9999994526561538,1,Critical,Immediate charge/maintenance before next deployment
V2058,Shuttle Bus,98,78,9.0,360000.0,0.9999994526561538,1,Critical,Immediate charge/maintenance before next deployment
V2057,Shuttle Bus,60,55,5.0,200000.0,0.9999994526561538,1,Critical,Immediate charge/maintenance before next deployment
V2056,Shuttle Bus,41,56,8.0,320000.0,0.9999994526561538,1,Critical,Immediate charge/maintenance before next deployment
V2055,Shuttle Bus,20,41,9.0,360000.0,0.9999994526561538,1,Critical,Immediate charge/maintenance before next deployment
V2054,Shuttle Bus,79,39,9.0,360000.0,0.9999994526561538,1,Critical,Immediate charge/maintenance before next deployment
V2053,Shuttle Bus,100,32,4.0,160000.0,0.9999994526561538,1,Critical,Immediate charge/maintenance before next deployment
V1108,E-Bike,19,86,2.0,46500.0,0.9999994526561538,1,Critical,Immediate charge/maintenance before next deployment
V1107,E-Bike,64,77,3.0,108000.0,0.9999994526561538,1,Critical,Immediate charge/maintenance before next deployment
V1106,E-Bike,34,79,6.0,198000.0,0.9999994526561538,1,Critical,Immediate charge/maintenance before next deployment
V1105,E-Bike,70,75,4.0,171000.0,0.9999994526561538,1,Critical,Immediate charge/maintenance before next deployment
V1104,E-Bike,50,80,2.0,84000.0,0.9999994526561538,1,Critical,Immediate charge/maintenance before next deployment
V1103,E-Bike,14,78,5.0,210000.0,0.9999994526561538,1,Critical,Immediate charge/maintenance before next deployment
V1102,E-Bike,25,87,4.0,90000.0,0.9999994526561538,1,Critical,Immediate charge/maintenance before next deployment
V1101,E-Bike,96,43,5.0,166500.0,0.9999994526561538,1,Critical,Immediate charge/maintenance before next deployment
V1100,E-Bike,79,82,2.0,61500.0,0.9999994526561538,1,Critical,Immediate charge/maintenance before next deployment
V1099,E-Bike,11,47,2.0,61500.0,0.9999994526561538,1,Critical,Immediate charge/maintenance before next deployment
V1098,E-Bike,27,71,3.0,139500.0,0.9999994526561538,1,Critical,Immediate charge/maintenance before next deployment
V1097,E-Bike,71,68,5.0,202500.0,0.9999994526561538,1,Critical,Immediate charge/maintenance before next deployment
V1096,E-Bike,54,38,0.0,0.0,0.9999994526561538,1,Critical,Immediate charge/maintenance before next deployment
V1095,E-Bike,67,61,4.0,186000.0,0.9999994526561538,1,Critical,Immediate charge/maintenance before next deployment
V1094,E-Bike,35,43,6.0,307500.0,0.9999994526561538,1,Critical,Immediate charge/maintenance before next deployment
V1093,E-Bike,54,31,5.0,145500.0,0.9999994526561538,1,Critical,Immediate charge/maintenance before next deployment
V1124,E-Bike,46,38,2.0,115500.0,0.9999994526561538,1,Critical,Immediate charge/maintenance before next deployment
V1123,E-Bike,91,73,3.0,147000.0,0.9999994526561538,1,Critical,Immediate charge/maintenance before next deployment
V1122,E-Bike,92,43,3.0,130500.0,0.9999994526561538,1,Critical,Immediate charge/maintenance before next deployment
V1121,E-Bike,58,73,3.0,132000.0,0.9999994526561538,1,Critical,Immediate charge/maintenance before next deployment
V1120,E-Bike,38,54,2.0,78000.0,0.9999994526561538,1,Critical,Immediate charge/maintenance before next deployment
V1119,E-Bike,31,51,3.0,91500.0,0.9999994526561538,1,Critical,Immediate charge/maintenance before next deployment
V1118,E-Bike,82,88,2.0,103500.0,0.9999994526561538,1,Critical,Immediate charge/maintenance before next deployment
V1117,E-Bike,89,45,7.0,207000.0,0.9999994526561538,1,Critical,Immediate charge/maintenance before next deployment
V1116,E-Bike,87,32,3.0,57000.0,0.9999994526561538,1,Critical,Immediate charge/maintenance before next deployment
V1115,E-Bike,61,41,2.0,90000.0,0.9999994526561538,1,Critical,Immediate charge/maintenance before next deployment
V1114,E-Bike,47,44,0.0,0.0,0.9999994526561538,1,Critical,Immediate charge/maintenance before next deployment
V1113,E-Bike,28,78,3.0,91500.0,0.9999994526561538,1,Critical,Immediate charge/maintenance before next deployment
V1112,E-Bike,19,85,6.0,217500.0,0.9999994526561538,1,Critical,Immediate charge/maintenance before next deployment
V1111,E-Bike,40,52,2.0,90000.0,0.9999994526561538,1,Critical,Immediate charge/maintenance before next deployment
V1110,E-Bike,97,82,1.0,34500.0,0.9999994526561538,1,Critical,Immediate charge/maintenance before next deployment
V1109,E-Bike,28,90,4.0,147000.0,0.9999994526561538,1,Critical,Immediate charge/maintenance before next deployment
V1140,E-Bike,66,79,2.0,45000.0,0.9999994526561538,1,Critical,Immediate charge/maintenance before next deployment
V1139,E-Bike,98,86,1.0,40500.0,0.9999994526561538,1,Critical,Immediate charge/maintenance before next deployment
V1138,E-Bike,57,72,2.0,48000.0,0.9999994526561538,1,Critical,Immediate charge/maintenance before next deployment
V1137,E-Bike,37,36,3.0,97500.0,0.9999994526561538,1,Critical,Immediate charge/maintenance before next deployment
V1136,E-Bike,95,48,4.0,184500.0,0.9999994526561538,1,Critical,Immediate charge/maintenance before next deployment
V1135,E-Bike,88,80,3.0,148500.0,0.9999994526561538,1,Critical,Immediate charge/maintenance before next deployment
V1134,E-Bike,78,89,4.0,135000.0,0.9999994526561538,1,Critical,Immediate charge/maintenance before next deployment
V1133,E-Bike,19,73,5.0,234000.0,0.9999994526561538,1,Critical,Immediate charge/maintenance before next deployment
V1131,E-Bike,30,52,3.0,142500.0,0.9999994526561538,1,Critical,Immediate charge/maintenance before next deployment
V1130,E-Bike,70,88,5.0,220500.0,0.9999994526561538,1,Critical,Immediate charge/maintenance before next deployment
V1129,E-Bike,77,43,3.0,124500.0,0.9999994526561538,1,Critical,Immediate charge/maintenance before next deployment
V1128,E-Bike,44,65,2.0,34500.0,0.9999994526561538,1,Critical,Immediate charge/maintenance before next deployment
V1127,E-Bike,87,40,0.0,0.0,0.9999994526561538,1,Critical,Immediate charge/maintenance before next deployment
V1126,E-Bike,47,58,6.0,213000.0,0.9999994526561538,1,Critical,Immediate charge/maintenance before next deployment
V1125,E-Bike,25,52,1.0,67500.0,0.9999994526561538,1,Critical,Immediate charge/maintenance before next deployment
V1156,E-Bike,39,32,0.0,0.0,0.9999994526561538,1,Critical,Immediate charge/maintenance before next deployment
V1155,E-Bike,70,36,1.0,13500.0,0.9999994526561538,1,Critical,Immediate charge/maintenance before next deployment
V1154,E-Bike,28,47,3.0,157500.0,0.9999994526561538,1,Critical,Immediate charge/maintenance before next deployment
V1153,E-Bike,26,55,5.0,207000.0,0.9999994526561538,1,Critical,Immediate charge/maintenance before next deployment
V1152,E-Bike,56,37,2.0,81000.0,0.9999994526561538,1,Critical,Immediate charge/maintenance before next deployment
V1151,E-Bike,73,64,4.0,120000.0,0.9999994526561538,1,Critical,Immediate charge/maintenance before next deployment
V1150,E-Bike,77,83,6.0,270000.0,0.9999994526561538,1,Critical,Immediate charge/maintenance before next deployment
V1149,E-Bike,31,89,3.0,111000.0,0.9999994526561538,1,Critical,Immediate charge/maintenance before next deployment
V1148,E-Bike,35,78,7.0,271500.0,0.9999994526561538,1,Critical,Immediate charge/maintenance before next deployment
V1147,E-Bike,65,31,2.0,55500.0,0.9999994526561538,1,Critical,Immediate charge/maintenance before next deployment
V1146,E-Bike,28,35,2.0,73500.0,0.9999994526561538,1,Critical,Immediate charge/maintenance before next deployment
V1145,E-Bike,57,66,4.0,174000.0,0.9999994526561538,1,Critical,Immediate charge/maintenance before next deployment
V1144,E-Bike,85,33,5.0,238500.0,0.9999994526561538,1,Critical,Immediate charge/maintenance before next deployment
V1143,E-Bike,84,62,5.0,178500.0,0.9999994526561538,1,Critical,Immediate charge/maintenance before next deployment
V1142,E-Bike,31,38,4.0,154500.0,0.9999994526561538,1,Critical,Immediate charge/maintenance before next deployment
V1141,E-Bike,58,64,1.0,30000.0,0.9999994526561538,1,Critical,Immediate charge/maintenance before next deployment
V1172,E-Bike,67,58,4.0,169500.0,0.9999994526561538,1,Critical,Immediate charge/maintenance before next deployment
V1171,E-Bike,95,64,4.0,154500.0,0.9999994526561538,1,Critical,Immediate charge/maintenance before next deployment
V1170,E-Bike,96,51,6.0,154500.0,0.9999994526561538,1,Critical,Immediate charge/maintenance before next deployment
V1169,E-Bike,35,48,4.0,192000.0,0.9999994526561538,1,Critical,Immediate charge/maintenance before next deployment
V1168,E-Bike,73,31,5.0,240000.0,0.9999994526561538,1,Critical,Immediate charge/maintenance before next deployment
V1167,E-Bike,56,50,6.0,156000.0,0.9999994526561538,1,Critical,Immediate charge/maintenance before next deployment
V1166,E-Bike,97,46,4.0,156000.0,0.9999994526561538,1,Critical,Immediate charge/maintenance before next deployment
V1165,E-Bike,82,45,0.0,0.0,0.9999994526561538,1,Critical,Immediate charge/maintenance before next deployment
V1164,E-Bike,28,38,2.0,61500.0,0.9999994526561538,1,Critical,Immediate charge/maintenance before next deployment
V1163,E-Bike,27,82,0.0,0.0,0.9999994526561538,1,Critical,Immediate charge/maintenance before next deployment
V1162,E-Bike,11,70,3.0,66000.0,0.9999994526561538,1,Critical,Immediate charge/maintenance before next deployment
V1161,E-Bike,97,88,0.0,0.0,0.9999994526561538,1,Critical,Immediate charge/maintenance before next deployment
V1160,E-Bike,97,63,4.0,187500.0,0.9999994526561538,1,Critical,Immediate charge/maintenance before next deployment
V1159,E-Bike,77,74,3.0,178500.0,0.9999994526561538,1,Critical,Immediate charge/maintenance before next deployment
V1158,E-Bike,94,47,1.0,25500.0,0.9999994526561538,1,Critical,Immediate charge/maintenance before next deployment
V1157,E-Bike,34,33,2.0,69000.0,0.9999994526561538,1,Critical,Immediate charge/maintenance before next deployment
V1188,E-Bike,84,64,5.0,214500.0,0.9999994526561538,1,Critical,Immediate charge/maintenance before next deployment
V1187,E-Bike,40,62,4.0,75000.0,0.9999994526561538,1,Critical,Immediate charge/maintenance before next deployment
V1186,E-Bike,52,72,3.0,54000.0,0.9999994526561538,1,Critical,Immediate charge/maintenance before next deployment
V1185,E-Bike,90,82,2.0,105000.0,0.9999994526561538,1,Critical,Immediate charge/maintenance before next deployment
V1184,E-Bike,47,31,8.0,382500.0,0.9999994526561538,1,Critical,Immediate charge/maintenance before next deployment
V1183,E-Bike,62,43,4.0,168000.0,0.9999994526561538,1,Critical,Immediate charge/maintenance before next deployment
V1182,E-Bike,74,38,4.0,156000.0,0.9999994526561538,1,Critical,Immediate charge/maintenance before next deployment
V1181,E-Bike,57,68,5.0,153000.0,0.9999994526561538,1,Critical,Immediate charge/maintenance before next deployment
V1179,E-Bike,85,32,1.0,39000.0,0.9999994526561538,1,Critical,Immediate charge/maintenance before next deployment
V1178,E-Bike,82,86,5.0,136500.0,0.9999994526561538,1,Critical,Immediate charge/maintenance before next deployment
V1176,E-Bike,55,90,4.0,139500.0,0.9999994526561538,1,Critical,Immediate charge/maintenance before next deployment
V1175,E-Bike,60,57,2.0,102000.0,0.9999994526561538,1,Critical,Immediate charge/maintenance before next deployment
V1174,E-Bike,85,77,2.0,99000.0,0.9999994526561538,1,Critical,Immediate charge/maintenance before next deployment
V1173,E-Bike,29,64,3.0,144000.0,0.9999994526561538,1,Critical,Immediate charge/maintenance before next deployment
V1204,E-Bike,94,68,4.0,177000.0,0.9999994526561538,1,Critical,Immediate charge/maintenance before next deployment
V1203,E-Bike,63,33,1.0,46500.0,0.9999994526561538,1,Critical,Immediate charge/maintenance before next deployment
V1202,E-Bike,48,50,4.0,135000.0,0.9999994526561538,1,Critical,Immediate charge/maintenance before next deployment
V1201,E-Bike,52,62,3.0,132000.0,0.9999994526561538,1,Critical,Immediate charge/maintenance before next deployment
V1200,E-Bike,92,68,3.0,88500.0,0.9999994526561538,1,Critical,Immediate charge/maintenance before next deployment
V1199,E-Bike,57,45,3.0,148500.0,0.9999994526561538,1,Critical,Immediate charge/maintenance before next deployment
V1198,E-Bike,20,44,4.0,130500.0,0.9999994526561538,1,Critical,Immediate charge/maintenance before next deployment
V1197,E-Bike,41,31,4.0,153000.0,0.9999994526561538,1,Critical,Immediate charge/maintenance before next deployment
V1196,E-Bike,90,58,2.0,123000.0,0.9999994526561538,1,Critical,Immediate charge/maintenance before next deployment
V1195,E-Bike,17,80,4.0,144000.0,0.9999994526561538,1,Critical,Immediate charge/maintenance before next deployment
V1194,E-Bike,81,49,2.0,76500.0,0.9999994526561538,1,Critical,Immediate charge/maintenance before next deployment
V1193,E-Bike,84,44,3.0,114000.0,0.9999994526561538,1,Critical,Immediate charge/maintenance before next deployment
V1192,E-Bike,99,53,4.0,207000.0,0.9999994526561538,1,Critical,Immediate charge/maintenance before next deployment
V1191,E-Bike,50,72,1.0,34500.0,0.9999994526561538,1,Critical,Immediate charge/maintenance before next deployment
V1190,E-Bike,61,52,4.0,136500.0,0.9999994526561538,1,Critical,Immediate charge/maintenance before next deployment
V1189,E-Bike,43,71,3.0,133500.0,0.9999994526561538,1,Critical,Immediate charge/maintenance before next deployment
V1220,E-Bike,39,71,4.0,133500.0,0.9999994526561538,1,Critical,Immediate charge/maintenance before next deployment
V1219,E-Bike,67,32,0.0,0.0,0.9999994526561538,1,Critical,Immediate charge/maintenance before next deployment
V1218,E-Bike,24,44,6.0,282000.0,0.9999994526561538,1,Critical,Immediate charge/maintenance before next deployment
V1217,E-Bike,54,84,2.0,46500.0,0.9999994526561538,1,Critical,Immediate charge/maintenance before next deployment
V1216,E-Bike,44,33,1.0,43500.0,0.9999994526561538,1,Critical,Immediate charge/maintenance before next deployment
V1215,E-Bike,98,77,2.0,97500.0,0.9999994526561538,1,Critical,Immediate charge/maintenance before next deployment
V1214,E-Bike,55,65,3.0,94500.0,0.9999994526561538,1,Critical,Immediate charge/maintenance before next deployment
V1213,E-Bike,91,72,2.0,112500.0,0.9999994526561538,1,Critical,Immediate charge/maintenance before next deployment
V1212,E-Bike,62,58,1.0,37500.0,0.9999994526561538,1,Critical,Immediate charge/maintenance before next deployment
V1211,E-Bike,92,60,2.0,55500.0,0.9999994526561538,1,Critical,Immediate charge/maintenance before next deployment
V1210,E-Bike,13,50,1.0,7500.0,0.9999994526561538,1,Critical,Immediate charge/maintenance before next deployment
V1209,E-Bike,71,31,3.0,75000.0,0.9999994526561538,1,Critical,Immediate charge/maintenance before next deployment
V1208,E-Bike,12,79,3.0,136500.0,0.9999994526561538,1,Critical,Immediate charge/maintenance before next deployment
V1207,E-Bike,34,34,3.0,81000.0,0.9999994526561538,1,Critical,Immediate charge/maintenance before next deployment
V1206,E-Bike,37,86,1.0,28500.0,0.9999994526561538,1,Critical,Immediate charge/maintenance before next deployment
V1205,E-Bike,84,50,3.0,154500.0,0.9999994526561538,1,Critical,Immediate charge/maintenance before next deployment
V1236,E-Bike,28,32,6.0,228000.0,0.9999994526561538,1,Critical,Immediate charge/maintenance before next deployment
V1235,E-Bike,67,45,3.0,139500.0,0.9999994526561538,1,Critical,Immediate charge/maintenance before next deployment
V1234,E-Bike,46,64,2.0,91500.0,0.9999994526561538,1,Critical,Immediate charge/maintenance before next deployment
V1233,E-Bike,34,59,4.0,136500.0,0.9999994526561538,1,Critical,Immediate charge/maintenance before next deployment
V1232,E-Bike,12,78,3.0,48000.0,0.9999994526561538,1,Critical,Immediate charge/maintenance before next deployment
V1231,E-Bike,14,36,2.0,94500.0,0.9999994526561538,1,Critical,Immediate charge/maintenance before next deployment
V1230,E-Bike,77,49,1.0,54000.0,0.9999994526561538,1,Critical,Immediate charge/maintenance before next deployment
V1229,E-Bike,97,31,2.0,69000.0,0.9999994526561538,1,Critical,Immediate charge/maintenance before next deployment
V1228,E-Bike,52,67,1.0,7500.0,0.9999994526561538,1,Critical,Immediate charge/maintenance before next deployment
V1227,E-Bike,35,56,5.0,171000.0,0.9999994526561538,1,Critical,Immediate charge/maintenance before next deployment
V1226,E-Bike,52,77,2.0,73500.0,0.9999994526561538,1,Critical,Immediate charge/maintenance before next deployment
V1225,E-Bike,94,73,2.0,66000.0,0.9999994526561538,1,Critical,Immediate charge/maintenance before next deployment
V1224,E-Bike,67,78,5.0,144000.0,0.9999994526561538,1,Critical,Immediate charge/maintenance before next deployment
V1223,E-Bike,41,74,4.0,204000.0,0.9999994526561538,1,Critical,Immediate charge/maintenance before next deployment
V1222,E-Bike,46,45,3.0,115500.0,0.9999994526561538,1,Critical,Immediate charge/maintenance before next deployment
V1221,E-Bike,86,39,3.0,154500.0,0.9999994526561538,1,Critical,Immediate charge/maintenance before next deployment
V1252,E-Bike,95,84,3.0,148500.0,0.9999994526561538,1,Critical,Immediate charge/maintenance before next deployment
V1251,E-Bike,63,82,5.0,190500.0,0.9999994526561538,1,Critical,Immediate charge/maintenance before next deployment
V1250,E-Bike,91,70,2.0,55500.0,0.9999994526561538,1,Critical,Immediate charge/maintenance before next deployment
V1249,E-Bike,81,77,6.0,250500.0,0.9999994526561538,1,Critical,Immediate charge/maintenance before next deployment
V1248,E-Bike,63,46,4.0,63000.0,0.9999994526561538,1,Critical,Immediate charge/maintenance before next deployment
V1247,E-Bike,61,43,5.0,151500.0,0.9999994526561538,1,Critical,Immediate charge/maintenance before next deployment
V1246,E-Bike,86,70,3.0,132000.0,0.9999994526561538,1,Critical,Immediate charge/maintenance before next deployment
V1245,E-Bike,75,33,4.0,96000.0,0.9999994526561538,1,Critical,Immediate charge/maintenance before next deployment
V1244,E-Bike,43,33,5.0,165000.0,0.9999994526561538,1,Critical,Immediate charge/maintenance before next deployment
V1243,E-Bike,31,59,5.0,169500.0,0.9999994526561538,1,Critical,Immediate charge/maintenance before next deployment
V1242,E-Bike,24,83,2.0,94500.0,0.9999994526561538,1,Critical,Immediate charge/maintenance before next deployment
V1241,E-Bike,83,36,3.0,100500.0,0.9999994526561538,1,Critical,Immediate charge/maintenance before next deployment
V1240,E-Bike,83,89,3.0,105000.0,0.9999994526561538,1,Critical,Immediate charge/maintenance before next deployment
V1239,E-Bike,92,42,5.0,141000.0,0.9999994526561538,1,Critical,Immediate charge/maintenance before next deployment
V1238,E-Bike,41,35,3.0,118500.0,0.9999994526561538,1,Critical,Immediate charge/maintenance before next deployment
V1237,E-Bike,11,85,2.0,99000.0,0.9999994526561538,1,Critical,Immediate charge/maintenance before next deployment
V1268,E-Bike,36,31,5.0,222000.0,0.9999994526561538,1,Critical,Immediate charge/maintenance before next deployment
V1267,E-Bike,24,81,3.0,99000.0,0.9999994526561538,1,Critical,Immediate charge/maintenance before next deployment
V1266,E-Bike,96,76,3.0,66000.0,0.9999994526561538,1,Critical,Immediate charge/maintenance before next deployment
V1265,E-Bike,78,70,5.0,115500.0,0.9999994526561538,1,Critical,Immediate charge/maintenance before next deployment
V1264,E-Bike,16,76,3.0,102000.0,0.9999994526561538,1,Critical,Immediate charge/maintenance before next deployment
V1263,E-Bike,60,74,4.0,151500.0,0.9999994526561538,1,Critical,Immediate charge/maintenance before next deployment
V1262,E-Bike,67,34,3.0,78000.0,0.9999994526561538,1,Critical,Immediate charge/maintenance before next deployment
V1261,E-Bike,38,74,0.0,0.0,0.9999994526561538,1,Critical,Immediate charge/maintenance before next deployment
V1260,E-Bike,60,32,7.0,172500.0,0.9999994526561538,1,Critical,Immediate charge/maintenance before next deployment
V1259,E-Bike,10,55,3.0,103500.0,0.9999994526561538,1,Critical,Immediate charge/maintenance before next deployment
V1258,E-Bike,62,54,3.0,90000.0,0.9999994526561538,1,Critical,Immediate charge/maintenance before next deployment
V1257,E-Bike,50,85,3.0,100500.0,0.9999994526561538,1,Critical,Immediate charge/maintenance before next deployment
V1256,E-Bike,10,50,4.0,163500.0,0.9999994526561538,1,Critical,Immediate charge/maintenance before next deployment
V1255,E-Bike,37,34,1.0,9000.0,0.9999994526561538,1,Critical,Immediate charge/maintenance before next deployment
V1254,E-Bike,73,75,2.0,69000.0,0.9999994526561538,1,Critical,Immediate charge/maintenance before next deployment
V1253,E-Bike,97,78,5.0,184500.0,0.9999994526561538,1,Critical,Immediate charge/maintenance before next deployment
V1284,E-Bike,70,68,4.0,106500.0,0.9999994526561538,1,Critical,Immediate charge/maintenance before next deployment
V1283,E-Bike,93,58,3.0,88500.0,0.9999994526561538,1,Critical,Immediate charge/maintenance before next deployment
V1282,E-Bike,57,64,4.0,129000.0,0.9999994526561538,1,Critical,Immediate charge/maintenance before next deployment
V1281,E-Bike,66,81,1.0,9000.0,0.9999994526561538,1,Critical,Immediate charge/maintenance before next deployment
V1280,E-Bike,22,31,6.0,321000.0,0.9999994526561538,1,Critical,Immediate charge/maintenance before next deployment
V1279,E-Bike,10,41,3.0,99000.0,0.9999994526561538,1,Critical,Immediate charge/maintenance before next deployment
V1278,E-Bike,63,54,1.0,61500.0,0.9999994526561538,1,Critical,Immediate charge/maintenance before next deployment
V1277,E-Bike,22,72,3.0,84000.0,0.9999994526561538,1,Critical,Immediate charge/maintenance before next deployment
V1276,E-Bike,89,38,2.0,69000.0,0.9999994526561538,1,Critical,Immediate charge/maintenance before next deployment
V1275,E-Bike,51,66,3.0,88500.0,0.9999994526561538,1,Critical,Immediate charge/maintenance before next deployment
V1274,E-Bike,62,57,2.0,48000.0,0.9999994526561538,1,Critical,Immediate charge/maintenance before next deployment
V1273,E-Bike,11,71,7.0,238500.0,0.9999994526561538,1,Critical,Immediate charge/maintenance before next deployment
V1272,E-Bike,21,66,4.0,141000.0,0.9999994526561538,1,Critical,Immediate charge/maintenance before next deployment
V1271,E-Bike,81,48,6.0,201000.0,0.9999994526561538,1,Critical,Immediate charge/maintenance before next deployment
V1270,E-Bike,68,47,4.0,145500.0,0.9999994526561538,1,Critical,Immediate charge/maintenance before next deployment
V1269,E-Bike,70,79,1.0,37500.0,0.9999994526561538,1,Critical,Immediate charge/maintenance before next deployment
V1300,E-Bike,38,46,4.0,94500.0,0.9999994526561538,1,Critical,Immediate charge/maintenance before next deployment
V1299,E-Bike,15,42,3.0,153000.0,0.9999994526561538,1,Critical,Immediate charge/maintenance before next deployment
V1298,E-Bike,53,56,1.0,58500.0,0.9999994526561538,1,Critical,Immediate charge/maintenance before next deployment
V1297,E-Bike,49,88,4.0,174000.0,0.9999994526561538,1,Critical,Immediate charge/maintenance before next deployment
V1296,E-Bike,94,58,2.0,82500.0,0.9999994526561538,1,Critical,Immediate charge/maintenance before next deployment
V1295,E-Bike,19,34,2.0,105000.0,0.9999994526561538,1,Critical,Immediate charge/maintenance before next deployment
V1294,E-Bike,50,55,5.0,217500.0,0.9999994526561538,1,Critical,Immediate charge/maintenance before next deployment
V1293,E-Bike,12,37,3.0,96000.0,0.9999994526561538,1,Critical,Immediate charge/maintenance before next deployment
V1292,E-Bike,39,52,3.0,156000.0,0.9999994526561538,1,Critical,Immediate charge/maintenance before next deployment
V1291,E-Bike,91,76,2.0,84000.0,0.9999994526561538,1,Critical,Immediate charge/maintenance before next deployment
V1290,E-Bike,70,54,4.0,181500.0,0.9999994526561538,1,Critical,Immediate charge/maintenance before next deployment
V1289,E-Bike,75,33,3.0,82500.0,0.9999994526561538,1,Critical,Immediate charge/maintenance before next deployment
V1288,E-Bike,38,40,4.0,145500.0,0.9999994526561538,1,Critical,Immediate charge/maintenance before next deployment
V1287,E-Bike,11,74,5.0,204000.0,0.9999994526561538,1,Critical,Immediate charge/maintenance before next deployment
V1286,E-Bike,42,39,1.0,19500.0,0.9999994526561538,1,Critical,Immediate charge/maintenance before next deployment
V1285,E-Bike,49,89,3.0,124500.0,0.9999994526561538,1,Critical,Immediate charge/maintenance before next deployment
V1316,E-Bike,55,77,5.0,201000.0,0.9999994526561538,1,Critical,Immediate charge/maintenance before next deployment
V1315,E-Bike,49,43,1.0,27000.0,0.9999994526561538,1,Critical,Immediate charge/maintenance before next deployment
V1314,E-Bike,81,33,5.0,205500.0,0.9999994526561538,1,Critical,Immediate charge/maintenance before next deployment
V1313,E-Bike,67,59,8.0,216000.0,0.9999994526561538,1,Critical,Immediate charge/maintenance before next deployment
V1312,E-Bike,36,46,1.0,49500.0,0.9999994526561538,1,Critical,Immediate charge/maintenance before next deployment
V1311,E-Bike,57,62,5.0,223500.0,0.9999994526561538,1,Critical,Immediate charge/maintenance before next deployment
V1310,E-Bike,29,73,5.0,195000.0,0.9999994526561538,1,Critical,Immediate charge/maintenance before next deployment
V1309,E-Bike,86,50,3.0,142500.0,0.9999994526561538,1,Critical,Immediate charge/maintenance before next deployment
V1308,E-Bike,37,49,1.0,57000.0,0.9999994526561538,1,Critical,Immediate charge/maintenance before next deployment
V1307,E-Bike,64,90,3.0,63000.0,0.9999994526561538,1,Critical,Immediate charge/maintenance before next deployment
V1306,E-Bike,15,42,7.0,186000.0,0.9999994526561538,1,Critical,Immediate charge/maintenance before next deployment
V1305,E-Bike,88,45,5.0,154500.0,0.9999994526561538,1,Critical,Immediate charge/maintenance before next deployment
V1304,E-Bike,53,80,2.0,91500.0,0.9999994526561538,1,Critical,Immediate charge/maintenance before next deployment
V1303,E-Bike,43,75,1.0,24000.0,0.9999994526561538,1,Critical,Immediate charge/maintenance before next deployment
V1302,E-Bike,64,37,4.0,202500.0,0.9999994526561538,1,Critical,Immediate charge/maintenance before next deployment
V1301,E-Bike,71,63,3.0,123000.0,0.9999994526561538,1,Critical,Immediate charge/maintenance before next deployment
V1332,E-Bike,80,61,5.0,153000.0,0.9999994526561538,1,Critical,Immediate charge/maintenance before next deployment
V1331,E-Bike,13,69,4.0,154500.0,0.9999994526561538,1,Critical,Immediate charge/maintenance before next deployment
V1330,E-Bike,47,64,3.0,138000.0,0.9999994526561538,1,Critical,Immediate charge/maintenance before next deployment
V1329,E-Bike,83,57,5.0,130500.0,0.9999994526561538,1,Critical,Immediate charge/maintenance before next deployment
V1328,E-Bike,69,53,3.0,64500.0,0.9999994526561538,1,Critical,Immediate charge/maintenance before next deployment
V1326,E-Bike,57,47,5.0,217500.0,0.9999994526561538,1,Critical,Immediate charge/maintenance before next deployment
V1325,E-Bike,32,54,3.0,96000.0,0.9999994526561538,1,Critical,Immediate charge/maintenance before next deployment
V1324,E-Bike,22,81,4.0,124500.0,0.9999994526561538,1,Critical,Immediate charge/maintenance before next deployment
V1323,E-Bike,26,58,4.0,169500.0,0.9999994526561538,1,Critical,Immediate charge/maintenance before next deployment
V1322,E-Bike,95,52,4.0,160500.0,0.9999994526561538,1,Critical,Immediate charge/maintenance before next deployment
V1321,E-Bike,24,52,2.0,78000.0,0.9999994526561538,1,Critical,Immediate charge/maintenance before next deployment
V1320,E-Bike,29,70,2.0,103500.0,0.9999994526561538,1,Critical,Immediate charge/maintenance before next deployment
V1319,E-Bike,44,69,4.0,192000.0,0.9999994526561538,1,Critical,Immediate charge/maintenance before next deployment
V1318,E-Bike,87,64,2.0,54000.0,0.9999994526561538,1,Critical,Immediate charge/maintenance before next deployment
V1317,E-Bike,55,59,3.0,81000.0,0.9999994526561538,1,Critical,Immediate charge/maintenance before next deployment
V1348,E-Bike,86,56,1.0,39000.0,0.9999994526561538,1,Critical,Immediate charge/maintenance before next deployment
V1347,E-Bike,19,80,2.0,106500.0,0.9999994526561538,1,Critical,Immediate charge/maintenance before next deployment
V1346,E-Bike,84,54,2.0,100500.0,0.9999994526561538,1,Critical,Immediate charge/maintenance before next deployment
V1345,E-Bike,56,32,0.0,0.0,0.9999994526561538,1,Critical,Immediate charge/maintenance before next deployment
V1344,E-Bike,63,45,2.0,54000.0,0.9999994526561538,1,Critical,Immediate charge/maintenance before next deployment
V1343,E-Bike,66,70,3.0,123000.0,0.9999994526561538,1,Critical,Immediate charge/maintenance before next deployment
V1342,E-Bike,93,52,3.0,75000.0,0.9999994526561538,1,Critical,Immediate charge/maintenance before next deployment
V1341,E-Bike,85,83,4.0,148500.0,0.9999994526561538,1,Critical,Immediate charge/maintenance before next deployment
V1340,E-Bike,27,64,5.0,247500.0,0.9999994526561538,1,Critical,Immediate charge/maintenance before next deployment
V1339,E-Bike,13,31,5.0,192000.0,0.9999994526561538,1,Critical,Immediate charge/maintenance before next deployment
V1338,E-Bike,45,43,8.0,354000.0,0.9999994526561538,1,Critical,Immediate charge/maintenance before next deployment
V1337,E-Bike,27,86,4.0,192000.0,0.9999994526561538,1,Critical,Immediate charge/maintenance before next deployment
V1336,E-Bike,82,67,2.0,121500.0,0.9999994526561538,1,Critical,Immediate charge/maintenance before next deployment
V1335,E-Bike,44,69,1.0,22500.0,0.9999994526561538,1,Critical,Immediate charge/maintenance before next deployment
V1334,E-Bike,80,76,4.0,165000.0,0.9999994526561538,1,Critical,Immediate charge/maintenance before next deployment
V1333,E-Bike,62,90,4.0,150000.0,0.9999994526561538,1,Critical,Immediate charge/maintenance before next deployment
V1364,E-Bike,41,45,3.0,136500.0,0.9999994526561538,1,Critical,Immediate charge/maintenance before next deployment
V1363,E-Bike,46,48,0.0,0.0,0.9999994526561538,1,Critical,Immediate charge/maintenance before next deployment
V1362,E-Bike,77,64,3.0,133500.0,0.9999994526561538,1,Critical,Immediate charge/maintenance before next deployment
V1361,E-Bike,43,31,3.0,63000.0,0.9999994526561538,1,Critical,Immediate charge/maintenance before next deployment
V1360,E-Bike,25,81,2.0,25500.0,0.9999994526561538,1,Critical,Immediate charge/maintenance before next deployment
V1359,E-Bike,77,36,4.0,150000.0,0.9999994526561538,1,Critical,Immediate charge/maintenance before next deployment
V1358,E-Bike,63,61,2.0,69000.0,0.9999994526561538,1,Critical,Immediate charge/maintenance before next deployment
V1357,E-Bike,52,81,4.0,93000.0,0.9999994526561538,1,Critical,Immediate charge/maintenance before next deployment
V1356,E-Bike,98,33,9.0,276000.0,0.9999994526561538,1,Critical,Immediate charge/maintenance before next deployment
V1355,E-Bike,66,82,4.0,181500.0,0.9999994526561538,1,Critical,Immediate charge/maintenance before next deployment
V1354,E-Bike,54,74,5.0,220500.0,0.9999994526561538,1,Critical,Immediate charge/maintenance before next deployment
V1353,E-Bike,82,90,5.0,198000.0,0.9999994526561538,1,Critical,Immediate charge/maintenance before next deployment
V1352,E-Bike,20,62,2.0,84000.0,0.9999994526561538,1,Critical,Immediate charge/maintenance before next deployment
V1351,E-Bike,69,90,1.0,46500.0,0.9999994526561538,1,Critical,Immediate charge/maintenance before next deployment
V1350,E-Bike,64,80,7.0,295500.0,0.9999994526561538,1,Critical,Immediate charge/maintenance before next deployment
V1349,E-Bike,93,44,2.0,96000.0,0.9999994526561538,1,Critical,Immediate charge/maintenance before next deployment
V1380,E-Bike,75,72,1.0,37500.0,0.9999994526561538,1,Critical,Immediate charge/maintenance before next deployment
V1379,E-Bike,32,86,1.0,43500.0,0.9999994526561538,1,Critical,Immediate charge/maintenance before next deployment
V1378,E-Bike,62,79,2.0,78000.0,0.9999994526561538,1,Critical,Immediate charge/maintenance before next deployment
V1377,E-Bike,49,36,2.0,48000.0,0.9999994526561538,1,Critical,Immediate charge/maintenance before next deployment
V1376,E-Bike,30,65,2.0,57000.0,0.9999994526561538,1,Critical,Immediate charge/maintenance before next deployment
V1375,E-Bike,19,77,0.0,0.0,0.9999994526561538,1,Critical,Immediate charge/maintenance before next deployment
V1374,E-Bike,14,65,5.0,160500.0,0.9999994526561538,1,Critical,Immediate charge/maintenance before next deployment
V1373,E-Bike,38,38,3.0,145500.0,0.9999994526561538,1,Critical,Immediate charge/maintenance before next deployment
V1372,E-Bike,36,43,5.0,175500.0,0.9999994526561538,1,Critical,Immediate charge/maintenance before next deployment
V1371,E-Bike,34,86,3.0,132000.0,0.9999994526561538,1,Critical,Immediate charge/maintenance before next deployment
V1370,E-Bike,27,89,4.0,159000.0,0.9999994526561538,1,Critical,Immediate charge/maintenance before next deployment
V1369,E-Bike,27,53,3.0,160500.0,0.9999994526561538,1,Critical,Immediate charge/maintenance before next deployment
V1368,E-Bike,28,73,5.0,162000.0,0.9999994526561538,1,Critical,Immediate charge/maintenance before next deployment
V1367,E-Bike,38,76,5.0,174000.0,0.9999994526561538,1,Critical,Immediate charge/maintenance before next deployment
V1366,E-Bike,15,50,4.0,144000.0,0.9999994526561538,1,Critical,Immediate charge/maintenance before next deployment
V1365,E-Bike,21,44,2.0,85500.0,0.9999994526561538,1,Critical,Immediate charge/maintenance before next deployment
V1396,E-Bike,19,36,0.0,0.0,0.9999994526561538,1,Critical,Immediate charge/maintenance before next deployment
V1395,E-Bike,80,70,4.0,183000.0,0.9999994526561538,1,Critical,Immediate charge/maintenance before next deployment
V1394,E-Bike,39,64,2.0,46500.0,0.9999994526561538,1,Critical,Immediate charge/maintenance before next deployment
V1393,E-Bike,63,76,2.0,75000.0,0.9999994526561538,1,Critical,Immediate charge/maintenance before next deployment
V1392,E-Bike,43,89,5.0,132000.0,0.9999994526561538,1,Critical,Immediate charge/maintenance before next deployment
V1391,E-Bike,46,32,5.0,147000.0,0.9999994526561538,1,Critical,Immediate charge/maintenance before next deployment
V1390,E-Bike,51,50,2.0,72000.0,0.9999994526561538,1,Critical,Immediate charge/maintenance before next deployment
V1388,E-Bike,58,35,1.0,51000.0,0.9999994526561538,1,Critical,Immediate charge/maintenance before next deployment
V1386,E-Bike,31,57,4.0,135000.0,0.9999994526561538,1,Critical,Immediate charge/maintenance before next deployment
V1385,E-Bike,35,76,1.0,21000.0,0.9999994526561538,1,Critical,Immediate charge/maintenance before next deployment
V1384,E-Bike,14,45,4.0,195000.0,0.9999994526561538,1,Critical,Immediate charge/maintenance before next deployment
V1383,E-Bike,74,73,4.0,100500.0,0.9999994526561538,1,Critical,Immediate charge/maintenance before next deployment
V1382,E-Bike,95,79,5.0,151500.0,0.9999994526561538,1,Critical,Immediate charge/maintenance before next deployment
V1381,E-Bike,43,34,3.0,96000.0,0.9999994526561538,1,Critical,Immediate charge/maintenance before next deployment
V1412,E-Bike,53,73,4.0,180000.0,0.9999994526561538,1,Critical,Immediate charge/maintenance before next deployment
V1411,E-Bike,15,61,6.0,255000.0,0.9999994526561538,1,Critical,Immediate charge/maintenance before next deployment
V1410,E-Bike,27,56,7.0,201000.0,0.9999994526561538,1,Critical,Immediate charge/maintenance before next deployment
V1409,E-Bike,37,39,3.0,96000.0,0.9999994526561538,1,Critical,Immediate charge/maintenance before next deployment
V1408,E-Bike,95,74,4.0,177000.0,0.9999994526561538,1,Critical,Immediate charge/maintenance before next deployment
V1407,E-Bike,83,79,7.0,232500.0,0.9999994526561538,1,Critical,Immediate charge/maintenance before next deployment
V1406,E-Bike,94,82,6.0,270000.0,0.9999994526561538,1,Critical,Immediate charge/maintenance before next deployment
V1405,E-Bike,73,35,4.0,159000.0,0.9999994526561538,1,Critical,Immediate charge/maintenance before next deployment
V1404,E-Bike,22,70,5.0,180000.0,0.9999994526561538,1,Critical,Immediate charge/maintenance before next deployment
V1403,E-Bike,97,67,3.0,100500.0,0.9999994526561538,1,Critical,Immediate charge/maintenance before next deployment
V1402,E-Bike,12,64,4.0,93000.0,0.9999994526561538,1,Critical,Immediate charge/maintenance before next deployment
V1401,E-Bike,29,39,5.0,150000.0,0.9999994526561538,1,Critical,Immediate charge/maintenance before next deployment
V1400,E-Bike,85,45,2.0,66000.0,0.9999994526561538,1,Critical,Immediate charge/maintenance before next deployment
V1399,E-Bike,80,71,2.0,88500.0,0.9999994526561538,1,Critical,Immediate charge/maintenance before next deployment
V1398,E-Bike,76,48,1.0,63000.0,0.9999994526561538,1,Critical,Immediate charge/maintenance before next deployment
V1397,E-Bike,62,58,3.0,91500.0,0.9999994526561538,1,Critical,Immediate charge/maintenance before next deployment
V1428,E-Bike,81,82,4.0,181500.0,0.9999994526561538,1,Critical,Immediate charge/maintenance before next deployment
V1427,E-Bike,40,80,5.0,244500.0,0.9999994526561538,1,Critical,Immediate charge/maintenance before next deployment
V1426,E-Bike,60,47,1.0,64500.0,0.9999994526561538,1,Critical,Immediate charge/maintenance before next deployment
V1425,E-Bike,34,81,4.0,174000.0,0.9999994526561538,1,Critical,Immediate charge/maintenance before next deployment
V1424,E-Bike,65,33,3.0,37500.0,0.9999994526561538,1,Critical,Immediate charge/maintenance before next deployment
V1423,E-Bike,45,81,2.0,94500.0,0.9999994526561538,1,Critical,Immediate charge/maintenance before next deployment
V1422,E-Bike,64,61,3.0,148500.0,0.9999994526561538,1,Critical,Immediate charge/maintenance before next deployment
V1421,E-Bike,42,34,3.0,157500.0,0.9999994526561538,1,Critical,Immediate charge/maintenance before next deployment
V1420,E-Bike,68,68,4.0,142500.0,0.9999994526561538,1,Critical,Immediate charge/maintenance before next deployment
V1419,E-Bike,26,87,3.0,160500.0,0.9999994526561538,1,Critical,Immediate charge/maintenance before next deployment
V1418,E-Bike,15,77,6.0,291000.0,0.9999994526561538,1,Critical,Immediate charge/maintenance before next deployment
V1417,E-Bike,69,58,9.0,279000.0,0.9999994526561538,1,Critical,Immediate charge/maintenance before next deployment
V1416,E-Bike,38,81,3.0,117000.0,0.9999994526561538,1,Critical,Immediate charge/maintenance before next deployment
V1415,E-Bike,71,64,2.0,82500.0,0.9999994526561538,1,Critical,Immediate charge/maintenance before next deployment
V1414,E-Bike,57,35,2.0,60000.0,0.9999994526561538,1,Critical,Immediate charge/maintenance before next deployment
V1413,E-Bike,52,52,2.0,129000.0,0.9999994526561538,1,Critical,Immediate charge/maintenance before next deployment
V1444,E-Bike,56,43,7.0,304500.0,0.9999994526561538,1,Critical,Immediate charge/maintenance before next deployment
V1443,E-Bike,25,33,5.0,193500.0,0.9999994526561538,1,Critical,Immediate charge/maintenance before next deployment
V1441,E-Bike,93,60,5.0,232500.0,0.9999994526561538,1,Critical,Immediate charge/maintenance before next deployment
V1440,E-Bike,54,72,3.0,111000.0,0.9999994526561538,1,Critical,Immediate charge/maintenance before next deployment
V1439,E-Bike,61,69,6.0,229500.0,0.9999994526561538,1,Critical,Immediate charge/maintenance before next deployment
V1438,E-Bike,36,35,2.0,51000.0,0.9999994526561538,1,Critical,Immediate charge/maintenance before next deployment
V1437,E-Bike,22,69,2.0,42000.0,0.9999994526561538,1,Critical,Immediate charge/maintenance before next deployment
V1436,E-Bike,78,60,5.0,184500.0,0.9999994526561538,1,Critical,Immediate charge/maintenance before next deployment
V1435,E-Bike,19,70,6.0,223500.0,0.9999994526561538,1,Critical,Immediate charge/maintenance before next deployment
V1434,E-Bike,53,33,2.0,97500.0,0.9999994526561538,1,Critical,Immediate charge/maintenance before next deployment
V1433,E-Bike,74,74,3.0,163500.0,0.9999994526561538,1,Critical,Immediate charge/maintenance before next deployment
V1432,E-Bike,29,49,3.0,94500.0,0.9999994526561538,1,Critical,Immediate charge/maintenance before next deployment
V1430,E-Bike,81,66,2.0,33000.0,0.9999994526561538,1,Critical,Immediate charge/maintenance before next deployment
V1429,E-Bike,60,75,6.0,229500.0,0.9999994526561538,1,Critical,Immediate charge/maintenance before next deployment
V1460,E-Bike,15,79,6.0,213000.0,0.9999994526561538,1,Critical,Immediate charge/maintenance before next deployment
V1459,E-Bike,37,32,1.0,66000.0,0.9999994526561538,1,Critical,Immediate charge/maintenance before next deployment
V1458,E-Bike,97,38,3.0,99000.0,0.9999994526561538,1,Critical,Immediate charge/maintenance before next deployment
V1457,E-Bike,51,49,3.0,114000.0,0.9999994526561538,1,Critical,Immediate charge/maintenance before next deployment
V1456,E-Bike,75,52,2.0,70500.0,0.9999994526561538,1,Critical,Immediate charge/maintenance before next deployment
V1455,E-Bike,60,58,3.0,129000.0,0.9999994526561538,1,Critical,Immediate charge/maintenance before next deployment
V1454,E-Bike,50,63,3.0,75000.0,0.9999994526561538,1,Critical,Immediate charge/maintenance before next deployment
V1453,E-Bike,51,39,3.0,132000.0,0.9999994526561538,1,Critical,Immediate charge/maintenance before next deployment
V1452,E-Bike,73,62,5.0,106500.0,0.9999994526561538,1,Critical,Immediate charge/maintenance before next deployment
V1451,E-Bike,58,31,3.0,76500.0,0.9999994526561538,1,Critical,Immediate charge/maintenance before next deployment
V1450,E-Bike,11,63,3.0,141000.0,0.9999994526561538,1,Critical,Immediate charge/maintenance before next deployment
V1449,E-Bike,64,63,4.0,123000.0,0.9999994526561538,1,Critical,Immediate charge/maintenance before next deployment
V1448,E-Bike,100,64,3.0,81000.0,0.9999994526561538,1,Critical,Immediate charge/maintenance before next deployment
V1447,E-Bike,18,74,3.0,151500.0,0.9999994526561538,1,Critical,Immediate charge/maintenance before next deployment
V1446,E-Bike,30,62,6.0,202500.0,0.9999994526561538,1,Critical,Immediate charge/maintenance before next deployment
V1445,E-Bike,30,74,1.0,48000.0,0.9999994526561538,1,Critical,Immediate charge/maintenance before next deployment
V1476,E-Bike,35,61,6.0,241500.0,0.9999994526561538,1,Critical,Immediate charge/maintenance before next deployment
V1475,E-Bike,54,82,6.0,144000.0,0.9999994526561538,1,Critical,Immediate charge/maintenance before next deployment
V1473,E-Bike,96,38,4.0,118500.0,0.9999994526561538,1,Critical,Immediate charge/maintenance before next deployment
V1472,E-Bike,81,71,0.0,0.0,0.9999994526561538,1,Critical,Immediate charge/maintenance before next deployment
V1471,E-Bike,68,62,1.0,13500.0,0.9999994526561538,1,Critical,Immediate charge/maintenance before next deployment
V1470,E-Bike,42,61,5.0,217500.0,0.9999994526561538,1,Critical,Immediate charge/maintenance before next deployment
V1469,E-Bike,69,90,4.0,88500.0,0.9999994526561538,1,Critical,Immediate charge/maintenance before next deployment
V1468,E-Bike,79,73,2.0,109500.0,0.9999994526561538,1,Critical,Immediate charge/maintenance before next deployment
V1467,E-Bike,23,85,2.0,87000.0,0.9999994526561538,1,Critical,Immediate charge/maintenance before next deployment
V1466,E-Bike,86,34,4.0,168000.0,0.9999994526561538,1,Critical,Immediate charge/maintenance before next deployment
V1465,E-Bike,68,61,4.0,163500.0,0.9999994526561538,1,Critical,Immediate charge/maintenance before next deployment
V1464,E-Bike,24,42,2.0,93000.0,0.9999994526561538,1,Critical,Immediate charge/maintenance before next deployment
V1463,E-Bike,62,63,2.0,111000.0,0.9999994526561538,1,Critical,Immediate charge/maintenance before next deployment
V1462,E-Bike,39,72,2.0,51000.0,0.9999994526561538,1,Critical,Immediate charge/maintenance before next deployment
V1461,E-Bike,68,89,2.0,73500.0,0.9999994526561538,1,Critical,Immediate charge/maintenance before next deployment
V1492,E-Bike,80,47,5.0,162000.0,0.9999994526561538,1,Critical,Immediate charge/maintenance before next deployment
V1491,E-Bike,38,86,2.0,126000.0,0.9999994526561538,1,Critical,Immediate charge/maintenance before next deployment
V1490,E-Bike,18,69,0.0,0.0,0.9999994526561538,1,Critical,Immediate charge/maintenance before next deployment
V1489,E-Bike,27,61,3.0,126000.0,0.9999994526561538,1,Critical,Immediate charge/maintenance before next deployment
V1488,E-Bike,71,41,1.0,42000.0,0.9999994526561538,1,Critical,Immediate charge/maintenance before next deployment
V1487,E-Bike,85,69,5.0,277500.0,0.9999994526561538,1,Critical,Immediate charge/maintenance before next deployment
V1486,E-Bike,44,58,3.0,82500.0,0.9999994526561538,1,Critical,Immediate charge/maintenance before next deployment
V1485,E-Bike,47,40,1.0,46500.0,0.9999994526561538,1,Critical,Immediate charge/maintenance before next deployment
V1484,E-Bike,68,70,3.0,163500.0,0.9999994526561538,1,Critical,Immediate charge/maintenance before next deployment
V1483,E-Bike,13,51,2.0,52500.0,0.9999994526561538,1,Critical,Immediate charge/maintenance before next deployment
V1482,E-Bike,76,88,6.0,213000.0,0.9999994526561538,1,Critical,Immediate charge/maintenance before next deployment
V1481,E-Bike,88,69,0.0,0.0,0.9999994526561538,1,Critical,Immediate charge/maintenance before next deployment
V1480,E-Bike,94,57,6.0,298500.0,0.9999994526561538,1,Critical,Immediate charge/maintenance before next deployment
V1479,E-Bike,30,56,3.0,124500.0,0.9999994526561538,1,Critical,Immediate charge/maintenance before next deployment
V1478,E-Bike,40,65,3.0,108000.0,0.9999994526561538,1,Critical,Immediate charge/maintenance before next deployment
V1477,E-Bike,68,41,0.0,0.0,0.9999994526561538,1,Critical,Immediate charge/maintenance before next deployment
V1508,E-Bike,55,40,3.0,144000.0,0.9999994526561538,1,Critical,Immediate charge/maintenance before next deployment
V1507,E-Bike,17,66,3.0,136500.0,0.9999994526561538,1,Critical,Immediate charge/maintenance before next deployment
V1506,E-Bike,35,33,2.0,40500.0,0.9999994526561538,1,Critical,Immediate charge/maintenance before next deployment
V1505,E-Bike,84,46,1.0,9000.0,0.9999994526561538,1,Critical,Immediate charge/maintenance before next deployment
V1504,E-Bike,59,87,6.0,151500.0,0.9999994526561538,1,Critical,Immediate charge/maintenance before next deployment
V1503,E-Bike,92,42,2.0,18000.0,0.9999994526561538,1,Critical,Immediate charge/maintenance before next deployment
V1502,E-Bike,16,42,3.0,58500.0,0.9999994526561538,1,Critical,Immediate charge/maintenance before next deployment
V1501,E-Bike,68,77,2.0,58500.0,0.9999994526561538,1,Critical,Immediate charge/maintenance before next deployment
V1500,E-Bike,65,79,1.0,63000.0,0.9999994526561538,1,Critical,Immediate charge/maintenance before next deployment
V1499,E-Bike,23,84,4.0,189000.0,0.9999994526561538,1,Critical,Immediate charge/maintenance before next deployment
V1498,E-Bike,78,42,3.0,88500.0,0.9999994526561538,1,Critical,Immediate charge/maintenance before next deployment
V1497,E-Bike,80,84,2.0,34500.0,0.9999994526561538,1,Critical,Immediate charge/maintenance before next deployment
V1496,E-Bike,64,72,4.0,96000.0,0.9999994526561538,1,Critical,Immediate charge/maintenance before next deployment
V1495,E-Bike,72,89,3.0,72000.0,0.9999994526561538,1,Critical,Immediate charge/maintenance before next deployment
V1494,E-Bike,100,75,2.0,91500.0,0.9999994526561538,1,Critical,Immediate charge/maintenance before next deployment
V1493,E-Bike,75,43,1.0,25500.0,0.9999994526561538,1,Critical,Immediate charge/maintenance before next deployment
V1524,E-Bike,13,52,1.0,42000.0,0.9999994526561538,1,Critical,Immediate charge/maintenance before next deployment
V1523,E-Bike,20,41,7.0,304500.0,0.9999994526561538,1,Critical,Immediate charge/maintenance before next deployment
V1522,E-Bike,96,89,4.0,196500.0,0.9999994526561538,1,Critical,Immediate charge/maintenance before next deployment
V1521,E-Bike,32,33,2.0,126000.0,0.9999994526561538,1,Critical,Immediate charge/maintenance before next deployment
V1520,E-Bike,100,37,3.0,78000.0,0.9999994526561538,1,Critical,Immediate charge/maintenance before next deployment
V1519,E-Bike,33,68,3.0,81000.0,0.9999994526561538,1,Critical,Immediate charge/maintenance before next deployment
V1518,E-Bike,10,63,4.0,153000.0,0.9999994526561538,1,Critical,Immediate charge/maintenance before next deployment
V1517,E-Bike,31,89,4.0,163500.0,0.9999994526561538,1,Critical,Immediate charge/maintenance before next deployment
V1516,E-Bike,76,57,2.0,72000.0,0.9999994526561538,1,Critical,Immediate charge/maintenance before next deployment
V1515,E-Bike,30,34,5.0,186000.0,0.9999994526561538,1,Critical,Immediate charge/maintenance before next deployment
V1514,E-Bike,44,72,4.0,148500.0,0.9999994526561538,1,Critical,Immediate charge/maintenance before next deployment
V1513,E-Bike,46,73,2.0,52500.0,0.9999994526561538,1,Critical,Immediate charge/maintenance before next deployment
V1512,E-Bike,49,40,3.0,103500.0,0.9999994526561538,1,Critical,Immediate charge/maintenance before next deployment
V1511,E-Bike,28,83,5.0,255000.0,0.9999994526561538,1,Critical,Immediate charge/maintenance before next deployment
V1510,E-Bike,16,55,4.0,105000.0,0.9999994526561538,1,Critical,Immediate charge/maintenance before next deployment
V1509,E-Bike,17,66,3.0,144000.0,0.9999994526561538,1,Critical,Immediate charge/maintenance before next deployment
V1540,E-Bike,88,58,3.0,108000.0,0.9999994526561538,1,Critical,Immediate charge/maintenance before next deployment
V1539,E-Bike,97,42,2.0,73500.0,0.9999994526561538,1,Critical,Immediate charge/maintenance before next deployment
V1538,E-Bike,82,42,2.0,43500.0,0.9999994526561538,1,Critical,Immediate charge/maintenance before next deployment
V1537,E-Bike,16,70,3.0,111000.0,0.9999994526561538,1,Critical,Immediate charge/maintenance before next deployment
V1536,E-Bike,94,61,4.0,115500.0,0.9999994526561538,1,Critical,Immediate charge/maintenance before next deployment
V1535,E-Bike,98,88,2.0,64500.0,0.9999994526561538,1,Critical,Immediate charge/maintenance before next deployment
V1534,E-Bike,28,53,8.0,301500.0,0.9999994526561538,1,Critical,Immediate charge/maintenance before next deployment
V1533,E-Bike,28,52,3.0,148500.0,0.9999994526561538,1,Critical,Immediate charge/maintenance before next deployment
V1532,E-Bike,42,50,2.0,63000.0,0.9999994526561538,1,Critical,Immediate charge/maintenance before next deployment
V1531,E-Bike,31,61,7.0,292500.0,0.9999994526561538,1,Critical,Immediate charge/maintenance before next deployment
V1530,E-Bike,42,69,0.0,0.0,0.9999994526561538,1,Critical,Immediate charge/maintenance before next deployment
V1529,E-Bike,42,52,1.0,10500.0,0.9999994526561538,1,Critical,Immediate charge/maintenance before next deployment
V1528,E-Bike,53,45,4.0,196500.0,0.9999994526561538,1,Critical,Immediate charge/maintenance before next deployment
V1527,E-Bike,60,31,2.0,66000.0,0.9999994526561538,1,Critical,Immediate charge/maintenance before next deployment
V1526,E-Bike,43,54,3.0,120000.0,0.9999994526561538,1,Critical,Immediate charge/maintenance before next deployment
V1525,E-Bike,49,90,1.0,10500.0,0.9999994526561538,1,Critical,Immediate charge/maintenance before next deployment
V1556,E-Bike,70,78,4.0,144000.0,0.9999994526561538,1,Critical,Immediate charge/maintenance before next deployment
V1555,E-Bike,67,84,3.0,118500.0,0.9999994526561538,1,Critical,Immediate charge/maintenance before next deployment
V1554,E-Bike,46,86,5.0,220500.0,0.9999994526561538,1,Critical,Immediate charge/maintenance before next deployment
V1553,E-Bike,19,69,2.0,67500.0,0.9999994526561538,1,Critical,Immediate charge/maintenance before next deployment
V1552,E-Bike,40,59,5.0,175500.0,0.9999994526561538,1,Critical,Immediate charge/maintenance before next deployment
V1551,E-Bike,88,80,7.0,361500.0,0.9999994526561538,1,Critical,Immediate charge/maintenance before next deployment
V1550,E-Bike,57,90,4.0,184500.0,0.9999994526561538,1,Critical,Immediate charge/maintenance before next deployment
V1549,E-Bike,16,42,4.0,192000.0,0.9999994526561538,1,Critical,Immediate charge/maintenance before next deployment
V1548,E-Bike,41,85,0.0,0.0,0.9999994526561538,1,Critical,Immediate charge/maintenance before next deployment
V1547,E-Bike,99,33,2.0,52500.0,0.9999994526561538,1,Critical,Immediate charge/maintenance before next deployment
V1546,E-Bike,75,57,0.0,0.0,0.9999994526561538,1,Critical,Immediate charge/maintenance before next deployment
V1545,E-Bike,14,32,5.0,187500.0,0.9999994526561538,1,Critical,Immediate charge/maintenance before next deployment
V1544,E-Bike,13,49,4.0,162000.0,0.9999994526561538,1,Critical,Immediate charge/maintenance before next deployment
V1543,E-Bike,85,72,3.0,142500.0,0.9999994526561538,1,Critical,Immediate charge/maintenance before next deployment
V1542,E-Bike,25,90,5.0,172500.0,0.9999994526561538,1,Critical,Immediate charge/maintenance before next deployment
V1541,E-Bike,85,86,2.0,48000.0,0.9999994526561538,1,Critical,Immediate charge/maintenance before next deployment
V1572,E-Bike,45,35,2.0,121500.0,0.9999994526561538,1,Critical,Immediate charge/maintenance before next deployment
V1571,E-Bike,33,86,4.0,114000.0,0.9999994526561538,1,Critical,Immediate charge/maintenance before next deployment
V1570,E-Bike,47,56,2.0,60000.0,0.9999994526561538,1,Critical,Immediate charge/maintenance before next deployment
V1569,E-Bike,63,76,3.0,69000.0,0.9999994526561538,1,Critical,Immediate charge/maintenance before next deployment
V1568,E-Bike,18,54,2.0,45000.0,0.9999994526561538,1,Critical,Immediate charge/maintenance before next deployment
V1567,E-Bike,52,34,4.0,139500.0,0.9999994526561538,1,Critical,Immediate charge/maintenance before next deployment
V1566,E-Bike,47,53,5.0,151500.0,0.9999994526561538,1,Critical,Immediate charge/maintenance before next deployment
V1565,E-Bike,93,74,5.0,213000.0,0.9999994526561538,1,Critical,Immediate charge/maintenance before next deployment
V1564,E-Bike,76,76,5.0,144000.0,0.9999994526561538,1,Critical,Immediate charge/maintenance before next deployment
V1563,E-Bike,83,67,2.0,19500.0,0.9999994526561538,1,Critical,Immediate charge/maintenance before next deployment
V1562,E-Bike,66,89,3.0,163500.0,0.9999994526561538,1,Critical,Immediate charge/maintenance before next deployment
V1561,E-Bike,79,36,0.0,0.0,0.9999994526561538,1,Critical,Immediate charge/maintenance before next deployment
V1560,E-Bike,52,69,3.0,91500.0,0.9999994526561538,1,Critical,Immediate charge/maintenance before next deployment
V1558,E-Bike,50,50,2.0,61500.0,0.9999994526561538,1,Critical,Immediate charge/maintenance before next deployment
V1557,E-Bike,100,72,4.0,159000.0,0.9999994526561538,1,Critical,Immediate charge/maintenance before next deployment
V1588,E-Bike,51,66,4.0,109500.0,0.9999994526561538,1,Critical,Immediate charge/maintenance before next deployment
V1587,E-Bike,43,46,1.0,37500.0,0.9999994526561538,1,Critical,Immediate charge/maintenance before next deployment
V1586,E-Bike,91,68,5.0,208500.0,0.9999994526561538,1,Critical,Immediate charge/maintenance before next deployment
V1585,E-Bike,47,72,2.0,85500.0,0.9999994526561538,1,Critical,Immediate charge/maintenance before next deployment
V1584,E-Bike,42,71,1.0,7500.0,0.9999994526561538,1,Critical,Immediate charge/maintenance before next deployment
V1583,E-Bike,69,67,1.0,30000.0,0.9999994526561538,1,Critical,Immediate charge/maintenance before next deployment
V1582,E-Bike,68,38,5.0,178500.0,0.9999994526561538,1,Critical,Immediate charge/maintenance before next deployment
V1581,E-Bike,27,45,3.0,73500.0,0.9999994526561538,1,Critical,Immediate charge/maintenance before next deployment
V1580,E-Bike,86,80,4.0,168000.0,0.9999994526561538,1,Critical,Immediate charge/maintenance before next deployment
V1579,E-Bike,53,83,0.0,0.0,0.9999994526561538,1,Critical,Immediate charge/maintenance before next deployment
V1578,E-Bike,89,54,3.0,126000.0,0.9999994526561538,1,Critical,Immediate charge/maintenance before next deployment
V1577,E-Bike,98,70,2.0,118500.0,0.9999994526561538,1,Critical,Immediate charge/maintenance before next deployment
V1576,E-Bike,61,44,4.0,88500.0,0.9999994526561538,1,Critical,Immediate charge/maintenance before next deployment
V1575,E-Bike,29,88,3.0,118500.0,0.9999994526561538,1,Critical,Immediate charge/maintenance before next deployment
V1574,E-Bike,100,49,2.0,103500.0,0.9999994526561538,1,Critical,Immediate charge/maintenance before next deployment
V1573,E-Bike,17,60,5.0,150000.0,0.9999994526561538,1,Critical,Immediate charge/maintenance before next deployment
V1604,E-Bike,36,83,3.0,112500.0,0.9999994526561538,1,Critical,Immediate charge/maintenance before next deployment
V1603,E-Bike,30,40,1.0,49500.0,0.9999994526561538,1,Critical,Immediate charge/maintenance before next deployment
V1602,E-Bike,26,31,2.0,66000.0,0.9999994526561538,1,Critical,Immediate charge/maintenance before next deployment
V1601,E-Bike,87,84,1.0,7500.0,0.9999994526561538,1,Critical,Immediate charge/maintenance before next deployment
V1600,E-Bike,65,69,4.0,213000.0,0.9999994526561538,1,Critical,Immediate charge/maintenance before next deployment
V1599,E-Bike,82,55,1.0,66000.0,0.9999994526561538,1,Critical,Immediate charge/maintenance before next deployment
V1598,E-Bike,47,72,3.0,58500.0,0.9999994526561538,1,Critical,Immediate charge/maintenance before next deployment
V1597,E-Bike,46,89,2.0,66000.0,0.9999994526561538,1,Critical,Immediate charge/maintenance before next deployment
V1596,E-Bike,17,74,2.0,93000.0,0.9999994526561538,1,Critical,Immediate charge/maintenance before next deployment
V1595,E-Bike,30,73,3.0,124500.0,0.9999994526561538,1,Critical,Immediate charge/maintenance before next deployment
V1594,E-Bike,77,52,3.0,55500.0,0.9999994526561538,1,Critical,Immediate charge/maintenance before next deployment
V1593,E-Bike,66,46,3.0,136500.0,0.9999994526561538,1,Critical,Immediate charge/maintenance before next deployment
V1592,E-Bike,39,55,3.0,133500.0,0.9999994526561538,1,Critical,Immediate charge/maintenance before next deployment
V1591,E-Bike,22,48,2.0,76500.0,0.9999994526561538,1,Critical,Immediate charge/maintenance before next deployment
V1590,E-Bike,65,70,3.0,93000.0,0.9999994526561538,1,Critical,Immediate charge/maintenance before next deployment
V1589,E-Bike,21,48,1.0,51000.0,0.9999994526561538,1,Critical,Immediate charge/maintenance before next deployment
V1620,E-Bike,29,38,6.0,187500.0,0.9999994526561538,1,Critical,Immediate charge/maintenance before next deployment
V1619,E-Bike,48,71,2.0,70500.0,0.9999994526561538,1,Critical,Immediate charge/maintenance before next deployment
V1618,E-Bike,34,84,3.0,127500.0,0.9999994526561538,1,Critical,Immediate charge/maintenance before next deployment
V1617,E-Bike,21,36,4.0,183000.0,0.9999994526561538,1,Critical,Immediate charge/maintenance before next deployment
V1616,E-Bike,65,70,4.0,93000.0,0.9999994526561538,1,Critical,Immediate charge/maintenance before next deployment
V1615,E-Bike,29,57,3.0,144000.0,0.9999994526561538,1,Critical,Immediate charge/maintenance before next deployment
V1613,E-Bike,72,65,6.0,241500.0,0.9999994526561538,1,Critical,Immediate charge/maintenance before next deployment
V1612,E-Bike,82,35,1.0,13500.0,0.9999994526561538,1,Critical,Immediate charge/maintenance before next deployment
V1611,E-Bike,62,61,5.0,190500.0,0.9999994526561538,1,Critical,Immediate charge/maintenance before next deployment
V1610,E-Bike,67,45,1.0,54000.0,0.9999994526561538,1,Critical,Immediate charge/maintenance before next deployment
V1609,E-Bike,67,88,1.0,24000.0,0.9999994526561538,1,Critical,Immediate charge/maintenance before next deployment
V1608,E-Bike,83,32,3.0,127500.0,0.9999994526561538,1,Critical,Immediate charge/maintenance before next deployment
V1607,E-Bike,98,58,3.0,81000.0,0.9999994526561538,1,Critical,Immediate charge/maintenance before next deployment
V1606,E-Bike,73,51,4.0,139500.0,0.9999994526561538,1,Critical,Immediate charge/maintenance before next deployment
V1605,E-Bike,40,53,2.0,25500.0,0.9999994526561538,1,Critical,Immediate charge/maintenance before next deployment
V1636,E-Bike,39,65,5.0,228000.0,0.9999994526561538,1,Critical,Immediate charge/maintenance before next deployment
V1635,E-Bike,13,88,4.0,118500.0,0.9999994526561538,1,Critical,Immediate charge/maintenance before next deployment
V1634,E-Bike,61,67,4.0,172500.0,0.9999994526561538,1,Critical,Immediate charge/maintenance before next deployment
V1633,E-Bike,68,87,6.0,210000.0,0.9999994526561538,1,Critical,Immediate charge/maintenance before next deployment
V1632,E-Bike,44,77,1.0,24000.0,0.9999994526561538,1,Critical,Immediate charge/maintenance before next deployment
V1631,E-Bike,34,49,2.0,25500.0,0.9999994526561538,1,Critical,Immediate charge/maintenance before next deployment
V1630,E-Bike,96,90,4.0,180000.0,0.9999994526561538,1,Critical,Immediate charge/maintenance before next deployment
V1629,E-Bike,56,35,6.0,181500.0,0.9999994526561538,1,Critical,Immediate charge/maintenance before next deployment
V1628,E-Bike,45,49,2.0,106500.0,0.9999994526561538,1,Critical,Immediate charge/maintenance before next deployment
V1627,E-Bike,99,40,3.0,64500.0,0.9999994526561538,1,Critical,Immediate charge/maintenance before next deployment
V1626,E-Bike,50,36,6.0,262500.0,0.9999994526561538,1,Critical,Immediate charge/maintenance before next deployment
V1625,E-Bike,98,44,2.0,49500.0,0.9999994526561538,1,Critical,Immediate charge/maintenance before next deployment
V1624,E-Bike,13,72,2.0,82500.0,0.9999994526561538,1,Critical,Immediate charge/maintenance before next deployment
V1623,E-Bike,13,81,2.0,82500.0,0.9999994526561538,1,Critical,Immediate charge/maintenance before next deployment
V1622,E-Bike,93,68,7.0,208500.0,0.9999994526561538,1,Critical,Immediate charge/maintenance before next deployment
V1621,E-Bike,61,59,6.0,133500.0,0.9999994526561538,1,Critical,Immediate charge/maintenance before next deployment
V1652,E-Bike,78,55,2.0,91500.0,0.9999994526561538,1,Critical,Immediate charge/maintenance before next deployment
V1651,E-Bike,45,67,0.0,0.0,0.9999994526561538,1,Critical,Immediate charge/maintenance before next deployment
V1650,E-Bike,96,84,2.0,114000.0,0.9999994526561538,1,Critical,Immediate charge/maintenance before next deployment
V1649,E-Bike,13,64,3.0,102000.0,0.9999994526561538,1,Critical,Immediate charge/maintenance before next deployment
V1648,E-Bike,45,55,3.0,105000.0,0.9999994526561538,1,Critical,Immediate charge/maintenance before next deployment
V1647,E-Bike,90,41,1.0,36000.0,0.9999994526561538,1,Critical,Immediate charge/maintenance before next deployment
V1646,E-Bike,78,47,2.0,121500.0,0.9999994526561538,1,Critical,Immediate charge/maintenance before next deployment
V1645,E-Bike,94,82,3.0,126000.0,0.9999994526561538,1,Critical,Immediate charge/maintenance before next deployment
V1644,E-Bike,26,34,8.0,253500.0,0.9999994526561538,1,Critical,Immediate charge/maintenance before next deployment
V1643,E-Bike,36,64,2.0,81000.0,0.9999994526561538,1,Critical,Immediate charge/maintenance before next deployment
V1642,E-Bike,100,61,4.0,126000.0,0.9999994526561538,1,Critical,Immediate charge/maintenance before next deployment
V1641,E-Bike,67,37,8.0,301500.0,0.9999994526561538,1,Critical,Immediate charge/maintenance before next deployment
V1640,E-Bike,59,56,3.0,97500.0,0.9999994526561538,1,Critical,Immediate charge/maintenance before next deployment
V1639,E-Bike,37,81,3.0,135000.0,0.9999994526561538,1,Critical,Immediate charge/maintenance before next deployment
V1638,E-Bike,32,87,3.0,76500.0,0.9999994526561538,1,Critical,Immediate charge/maintenance before next deployment
V1637,E-Bike,81,62,1.0,52500.0,0.9999994526561538,1,Critical,Immediate charge/maintenance before next deployment
V1668,E-Bike,53,87,4.0,157500.0,0.9999994526561538,1,Critical,Immediate charge/maintenance before next deployment
V1667,E-Bike,98,50,3.0,124500.0,0.9999994526561538,1,Critical,Immediate charge/maintenance before next deployment
V1666,E-Bike,98,90,2.0,109500.0,0.9999994526561538,1,Critical,Immediate charge/maintenance before next deployment
V1665,E-Bike,70,53,2.0,100500.0,0.9999994526561538,1,Critical,Immediate charge/maintenance before next deployment
V1664,E-Bike,43,65,8.0,316500.0,0.9999994526561538,1,Critical,Immediate charge/maintenance before next deployment
V1663,E-Bike,11,66,1.0,28500.0,0.9999994526561538,1,Critical,Immediate charge/maintenance before next deployment
V1662,E-Bike,86,41,4.0,126000.0,0.9999994526561538,1,Critical,Immediate charge/maintenance before next deployment
V1661,E-Bike,37,64,5.0,214500.0,0.9999994526561538,1,Critical,Immediate charge/maintenance before next deployment
V1660,E-Bike,18,52,3.0,130500.0,0.9999994526561538,1,Critical,Immediate charge/maintenance before next deployment
V1659,E-Bike,79,58,6.0,147000.0,0.9999994526561538,1,Critical,Immediate charge/maintenance before next deployment
V1658,E-Bike,97,57,3.0,112500.0,0.9999994526561538,1,Critical,Immediate charge/maintenance before next deployment
V1657,E-Bike,37,75,3.0,69000.0,0.9999994526561538,1,Critical,Immediate charge/maintenance before next deployment
V1656,E-Bike,47,51,2.0,61500.0,0.9999994526561538,1,Critical,Immediate charge/maintenance before next deployment
V1655,E-Bike,80,33,2.0,43500.0,0.9999994526561538,1,Critical,Immediate charge/maintenance before next deployment
V1654,E-Bike,73,37,3.0,81000.0,0.9999994526561538,1,Critical,Immediate charge/maintenance before next deployment
V1653,E-Bike,27,68,1.0,64500.0,0.9999994526561538,1,Critical,Immediate charge/maintenance before next deployment
V1684,E-Bike,49,68,2.0,69000.0,0.9999994526561538,1,Critical,Immediate charge/maintenance before next deployment
V1683,E-Bike,62,70,2.0,31500.0,0.9999994526561538,1,Critical,Immediate charge/maintenance before next deployment
V1682,E-Bike,10,38,2.0,123000.0,0.9999994526561538,1,Critical,Immediate charge/maintenance before next deployment
V1681,E-Bike,22,83,5.0,144000.0,0.9999994526561538,1,Critical,Immediate charge/maintenance before next deployment
V1680,E-Bike,29,57,4.0,181500.0,0.9999994526561538,1,Critical,Immediate charge/maintenance before next deployment
V1679,E-Bike,18,72,7.0,280500.0,0.9999994526561538,1,Critical,Immediate charge/maintenance before next deployment
V1678,E-Bike,75,51,4.0,130500.0,0.9999994526561538,1,Critical,Immediate charge/maintenance before next deployment
V1677,E-Bike,82,51,1.0,9000.0,0.9999994526561538,1,Critical,Immediate charge/maintenance before next deployment
V1676,E-Bike,31,44,5.0,238500.0,0.9999994526561538,1,Critical,Immediate charge/maintenance before next deployment
V1675,E-Bike,49,74,0.0,0.0,0.9999994526561538,1,Critical,Immediate charge/maintenance before next deployment
V1674,E-Bike,80,56,2.0,106500.0,0.9999994526561538,1,Critical,Immediate charge/maintenance before next deployment
V1673,E-Bike,56,37,4.0,159000.0,0.9999994526561538,1,Critical,Immediate charge/maintenance before next deployment
V1672,E-Bike,13,43,1.0,15000.0,0.9999994526561538,1,Critical,Immediate charge/maintenance before next deployment
V1671,E-Bike,84,72,3.0,133500.0,0.9999994526561538,1,Critical,Immediate charge/maintenance before next deployment
V1670,E-Bike,88,36,2.0,34500.0,0.9999994526561538,1,Critical,Immediate charge/maintenance before next deployment
V1669,E-Bike,43,52,4.0,127500.0,0.9999994526561538,1,Critical,Immediate charge/maintenance before next deployment
V1700,E-Bike,41,63,1.0,48000.0,0.9999994526561538,1,Critical,Immediate charge/maintenance before next deployment
V1699,E-Bike,62,74,3.0,171000.0,0.9999994526561538,1,Critical,Immediate charge/maintenance before next deployment
V1698,E-Bike,63,78,1.0,10500.0,0.9999994526561538,1,Critical,Immediate charge/maintenance before next deployment
V1697,E-Bike,78,57,3.0,100500.0,0.9999994526561538,1,Critical,Immediate charge/maintenance before next deployment
V1696,E-Bike,52,31,3.0,82500.0,0.9999994526561538,1,Critical,Immediate charge/maintenance before next deployment
V1695,E-Bike,56,51,5.0,198000.0,0.9999994526561538,1,Critical,Immediate charge/maintenance before next deployment
V1694,E-Bike,86,32,3.0,156000.0,0.9999994526561538,1,Critical,Immediate charge/maintenance before next deployment
V1693,E-Bike,100,43,5.0,172500.0,0.9999994526561538,1,Critical,Immediate charge/maintenance before next deployment
V1692,E-Bike,99,73,2.0,76500.0,0.9999994526561538,1,Critical,Immediate charge/maintenance before next deployment
V1691,E-Bike,62,44,1.0,28500.0,0.9999994526561538,1,Critical,Immediate charge/maintenance before next deployment
V1690,E-Bike,57,45,1.0,16500.0,0.9999994526561538,1,Critical,Immediate charge/maintenance before next deployment
V1689,E-Bike,96,46,3.0,136500.0,0.9999994526561538,1,Critical,Immediate charge/maintenance before next deployment
V1688,E-Bike,79,76,2.0,49500.0,0.9999994526561538,1,Critical,Immediate charge/maintenance before next deployment
V1687,E-Bike,78,32,1.0,13500.0,0.9999994526561538,1,Critical,Immediate charge/maintenance before next deployment
V1686,E-Bike,94,89,2.0,69000.0,0.9999994526561538,1,Critical,Immediate charge/maintenance before next deployment
V1685,E-Bike,84,45,1.0,64500.0,0.9999994526561538,1,Critical,Immediate charge/maintenance before next deployment
V1716,E-Bike,86,51,2.0,36000.0,0.9999994526561538,1,Critical,Immediate charge/maintenance before next deployment
V1715,E-Bike,54,56,5.0,231000.0,0.9999994526561538,1,Critical,Immediate charge/maintenance before next deployment
V1714,E-Bike,71,90,4.0,142500.0,0.9999994526561538,1,Critical,Immediate charge/maintenance before next deployment
V1713,E-Bike,97,41,2.0,54000.0,0.9999994526561538,1,Critical,Immediate charge/maintenance before next deployment
V1712,E-Bike,45,80,2.0,85500.0,0.9999994526561538,1,Critical,Immediate charge/maintenance before next deployment
V1711,E-Bike,27,78,4.0,99000.0,0.9999994526561538,1,Critical,Immediate charge/maintenance before next deployment
V1710,E-Bike,87,44,2.0,66000.0,0.9999994526561538,1,Critical,Immediate charge/maintenance before next deployment
V1709,E-Bike,43,75,2.0,70500.0,0.9999994526561538,1,Critical,Immediate charge/maintenance before next deployment
V1708,E-Bike,22,80,6.0,240000.0,0.9999994526561538,1,Critical,Immediate charge/maintenance before next deployment
V1707,E-Bike,55,88,4.0,153000.0,0.9999994526561538,1,Critical,Immediate charge/maintenance before next deployment
V1706,E-Bike,73,79,1.0,12000.0,0.9999994526561538,1,Critical,Immediate charge/maintenance before next deployment
V1705,E-Bike,52,77,2.0,106500.0,0.9999994526561538,1,Critical,Immediate charge/maintenance before next deployment
V1704,E-Bike,26,38,3.0,120000.0,0.9999994526561538,1,Critical,Immediate charge/maintenance before next deployment
V1703,E-Bike,95,79,2.0,94500.0,0.9999994526561538,1,Critical,Immediate charge/maintenance before next deployment
V1702,E-Bike,38,56,3.0,124500.0,0.9999994526561538,1,Critical,Immediate charge/maintenance before next deployment
V1732,E-Bike,48,56,7.0,222000.0,0.9999994526561538,1,Critical,Immediate charge/maintenance before next deployment
V1731,E-Bike,93,51,5.0,247500.0,0.9999994526561538,1,Critical,Immediate charge/maintenance before next deployment
V1730,E-Bike,67,33,2.0,25500.0,0.9999994526561538,1,Critical,Immediate charge/maintenance before next deployment
V1729,E-Bike,13,33,1.0,42000.0,0.9999994526561538,1,Critical,Immediate charge/maintenance before next deployment
V1728,E-Bike,28,55,3.0,82500.0,0.9999994526561538,1,Critical,Immediate charge/maintenance before next deployment
V1727,E-Bike,26,88,8.0,282000.0,0.9999994526561538,1,Critical,Immediate charge/maintenance before next deployment
V1726,E-Bike,82,44,3.0,115500.0,0.9999994526561538,1,Critical,Immediate charge/maintenance before next deployment
V1725,E-Bike,40,70,4.0,117000.0,0.9999994526561538,1,Critical,Immediate charge/maintenance before next deployment
V1724,E-Bike,17,68,4.0,151500.0,0.9999994526561538,1,Critical,Immediate charge/maintenance before next deployment
V1723,E-Bike,95,83,4.0,166500.0,0.9999994526561538,1,Critical,Immediate charge/maintenance before next deployment
V1722,E-Bike,84,60,8.0,262500.0,0.9999994526561538,1,Critical,Immediate charge/maintenance before next deployment
V1721,E-Bike,83,38,1.0,19500.0,0.9999994526561538,1,Critical,Immediate charge/maintenance before next deployment
V1720,E-Bike,76,37,4.0,177000.0,0.9999994526561538,1,Critical,Immediate charge/maintenance before next deployment
V1719,E-Bike,70,32,3.0,141000.0,0.9999994526561538,1,Critical,Immediate charge/maintenance before next deployment
V1718,E-Bike,58,55,4.0,127500.0,0.9999994526561538,1,Critical,Immediate charge/maintenance before next deployment
V1717,E-Bike,60,67,3.0,45000.0,0.9999994526561538,1,Critical,Immediate charge/maintenance before next deployment
V1748,E-Bike,33,72,1.0,10500.0,0.9999994526561538,1,Critical,Immediate charge/maintenance before next deployment
V1747,E-Bike,44,61,4.0,159000.0,0.9999994526561538,1,Critical,Immediate charge/maintenance before next deployment
V1746,E-Bike,93,90,1.0,57000.0,0.9999994526561538,1,Critical,Immediate charge/maintenance before next deployment
V1745,E-Bike,69,53,3.0,123000.0,0.9999994526561538,1,Critical,Immediate charge/maintenance before next deployment
V1744,E-Bike,37,31,1.0,40500.0,0.9999994526561538,1,Critical,Immediate charge/maintenance before next deployment
V1743,E-Bike,53,54,3.0,145500.0,0.9999994526561538,1,Critical,Immediate charge/maintenance before next deployment
V1742,E-Bike,40,84,5.0,196500.0,0.9999994526561538,1,Critical,Immediate charge/maintenance before next deployment
V1741,E-Bike,25,81,4.0,148500.0,0.9999994526561538,1,Critical,Immediate charge/maintenance before next deployment
V1740,E-Bike,72,43,2.0,37500.0,0.9999994526561538,1,Critical,Immediate charge/maintenance before next deployment
V1739,E-Bike,51,78,3.0,112500.0,0.9999994526561538,1,Critical,Immediate charge/maintenance before next deployment
V1738,E-Bike,74,41,5.0,166500.0,0.9999994526561538,1,Critical,Immediate charge/maintenance before next deployment
V1737,E-Bike,75,41,0.0,0.0,0.9999994526561538,1,Critical,Immediate charge/maintenance before next deployment
V1736,E-Bike,84,49,3.0,100500.0,0.9999994526561538,1,Critical,Immediate charge/maintenance before next deployment
V1735,E-Bike,50,68,1.0,67500.0,0.9999994526561538,1,Critical,Immediate charge/maintenance before next deployment
V1734,E-Bike,53,89,2.0,99000.0,0.9999994526561538,1,Critical,Immediate charge/maintenance before next deployment
V1733,E-Bike,58,60,5.0,199500.0,0.9999994526561538,1,Critical,Immediate charge/maintenance before next deployment
V1764,E-Bike,56,75,3.0,64500.0,0.9999994526561538,1,Critical,Immediate charge/maintenance before next deployment
V1763,E-Bike,97,62,3.0,54000.0,0.9999994526561538,1,Critical,Immediate charge/maintenance before next deployment
V1762,E-Bike,15,86,1.0,28500.0,0.9999994526561538,1,Critical,Immediate charge/maintenance before next deployment
V1761,E-Bike,76,39,7.0,273000.0,0.9999994526561538,1,Critical,Immediate charge/maintenance before next deployment
V1760,E-Bike,87,88,2.0,112500.0,0.9999994526561538,1,Critical,Immediate charge/maintenance before next deployment
V1759,E-Bike,38,74,1.0,39000.0,0.9999994526561538,1,Critical,Immediate charge/maintenance before next deployment
V1758,E-Bike,61,85,4.0,135000.0,0.9999994526561538,1,Critical,Immediate charge/maintenance before next deployment
V1757,E-Bike,97,40,0.0,0.0,0.9999994526561538,1,Critical,Immediate charge/maintenance before next deployment
V1756,E-Bike,27,76,2.0,91500.0,0.9999994526561538,1,Critical,Immediate charge/maintenance before next deployment
V1755,E-Bike,66,57,1.0,48000.0,0.9999994526561538,1,Critical,Immediate charge/maintenance before next deployment
V1754,E-Bike,27,64,6.0,309000.0,0.9999994526561538,1,Critical,Immediate charge/maintenance before next deployment
V1753,E-Bike,43,79,2.0,75000.0,0.9999994526561538,1,Critical,Immediate charge/maintenance before next deployment
V1752,E-Bike,68,70,2.0,106500.0,0.9999994526561538,1,Critical,Immediate charge/maintenance before next deployment
V1751,E-Bike,97,49,3.0,177000.0,0.9999994526561538,1,Critical,Immediate charge/maintenance before next deployment
V1750,E-Bike,56,31,1.0,64500.0,0.9999994526561538,1,Critical,Immediate charge/maintenance before next deployment
V1749,E-Bike,14,79,5.0,156000.0,0.9999994526561538,1,Critical,Immediate charge/maintenance before next deployment
V1780,E-Bike,72,62,4.0,79500.0,0.9999994526561538,1,Critical,Immediate charge/maintenance before next deployment
V1779,E-Bike,71,41,6.0,292500.0,0.9999994526561538,1,Critical,Immediate charge/maintenance before next deployment
V1778,E-Bike,35,80,5.0,208500.0,0.9999994526561538,1,Critical,Immediate charge/maintenance before next deployment
V1777,E-Bike,60,32,2.0,109500.0,0.9999994526561538,1,Critical,Immediate charge/maintenance before next deployment
V1776,E-Bike,84,41,3.0,87000.0,0.9999994526561538,1,Critical,Immediate charge/maintenance before next deployment
V1775,E-Bike,87,34,1.0,46500.0,0.9999994526561538,1,Critical,Immediate charge/maintenance before next deployment
V1774,E-Bike,70,41,2.0,48000.0,0.9999994526561538,1,Critical,Immediate charge/maintenance before next deployment
V1773,E-Bike,38,32,4.0,222000.0,0.9999994526561538,1,Critical,Immediate charge/maintenance before next deployment
V1772,E-Bike,35,61,2.0,63000.0,0.9999994526561538,1,Critical,Immediate charge/maintenance before next deployment
V1771,E-Bike,87,33,3.0,117000.0,0.9999994526561538,1,Critical,Immediate charge/maintenance before next deployment
V1770,E-Bike,33,54,2.0,85500.0,0.9999994526561538,1,Critical,Immediate charge/maintenance before next deployment
V1769,E-Bike,90,87,6.0,181500.0,0.9999994526561538,1,Critical,Immediate charge/maintenance before next deployment
V1768,E-Bike,54,61,3.0,108000.0,0.9999994526561538,1,Critical,Immediate charge/maintenance before next deployment
V1767,E-Bike,94,76,3.0,112500.0,0.9999994526561538,1,Critical,Immediate charge/maintenance before next deployment
V1766,E-Bike,17,43,1.0,31500.0,0.9999994526561538,1,Critical,Immediate charge/maintenance before next deployment
V1765,E-Bike,74,75,5.0,165000.0,0.9999994526561538,1,Critical,Immediate charge/maintenance before next deployment
V1796,E-Bike,65,81,6.0,216000.0,0.9999994526561538,1,Critical,Immediate charge/maintenance before next deployment
V1795,E-Bike,21,82,3.0,108000.0,0.9999994526561538,1,Critical,Immediate charge/maintenance before next deployment
V1794,E-Bike,68,32,3.0,115500.0,0.9999994526561538,1,Critical,Immediate charge/maintenance before next deployment
V1793,E-Bike,37,43,3.0,133500.0,0.9999994526561538,1,Critical,Immediate charge/maintenance before next deployment
V1792,E-Bike,33,50,1.0,63000.0,0.9999994526561538,1,Critical,Immediate charge/maintenance before next deployment
V1791,E-Bike,25,47,3.0,127500.0,0.9999994526561538,1,Critical,Immediate charge/maintenance before next deployment
V1790,E-Bike,82,51,2.0,99000.0,0.9999994526561538,1,Critical,Immediate charge/maintenance before next deployment
V1789,E-Bike,84,70,1.0,24000.0,0.9999994526561538,1,Critical,Immediate charge/maintenance before next deployment
V1788,E-Bike,12,36,1.0,18000.0,0.9999994526561538,1,Critical,Immediate charge/maintenance before next deployment
V1787,E-Bike,44,78,1.0,27000.0,0.9999994526561538,1,Critical,Immediate charge/maintenance before next deployment
V1786,E-Bike,22,55,7.0,217500.0,0.9999994526561538,1,Critical,Immediate charge/maintenance before next deployment
V1785,E-Bike,88,54,6.0,223500.0,0.9999994526561538,1,Critical,Immediate charge/maintenance before next deployment
V1784,E-Bike,45,65,2.0,52500.0,0.9999994526561538,1,Critical,Immediate charge/maintenance before next deployment
V1783,E-Bike,79,87,4.0,193500.0,0.9999994526561538,1,Critical,Immediate charge/maintenance before next deployment
V1782,E-Bike,100,78,2.0,70500.0,0.9999994526561538,1,Critical,Immediate charge/maintenance before next deployment
V1781,E-Bike,15,35,5.0,229500.0,0.9999994526561538,1,Critical,Immediate charge/maintenance before next deployment
V1812,E-Bike,55,45,5.0,148500.0,0.9999994526561538,1,Critical,Immediate charge/maintenance before next deployment
V1811,E-Bike,12,75,3.0,120000.0,0.9999994526561538,1,Critical,Immediate charge/maintenance before next deployment
V1810,E-Bike,33,70,6.0,256500.0,0.9999994526561538,1,Critical,Immediate charge/maintenance before next deployment
V1809,E-Bike,38,60,3.0,109500.0,0.9999994526561538,1,Critical,Immediate charge/maintenance before next deployment
V1808,E-Bike,35,75,1.0,16500.0,0.9999994526561538,1,Critical,Immediate charge/maintenance before next deployment
V1807,E-Bike,82,83,2.0,75000.0,0.9999994526561538,1,Critical,Immediate charge/maintenance before next deployment
V1806,E-Bike,78,43,2.0,82500.0,0.9999994526561538,1,Critical,Immediate charge/maintenance before next deployment
V1805,E-Bike,78,67,5.0,160500.0,0.9999994526561538,1,Critical,Immediate charge/maintenance before next deployment
V1804,E-Bike,64,32,7.0,198000.0,0.9999994526561538,1,Critical,Immediate charge/maintenance before next deployment
V1803,E-Bike,22,87,3.0,54000.0,0.9999994526561538,1,Critical,Immediate charge/maintenance before next deployment
V1802,E-Bike,45,90,2.0,64500.0,0.9999994526561538,1,Critical,Immediate charge/maintenance before next deployment
V1801,E-Bike,48,71,3.0,163500.0,0.9999994526561538,1,Critical,Immediate charge/maintenance before next deployment
V1800,E-Bike,77,55,2.0,58500.0,0.9999994526561538,1,Critical,Immediate charge/maintenance before next deployment
V1799,E-Bike,13,54,6.0,210000.0,0.9999994526561538,1,Critical,Immediate charge/maintenance before next deployment
V1798,E-Bike,93,61,4.0,139500.0,0.9999994526561538,1,Critical,Immediate charge/maintenance before next deployment
V1797,E-Bike,51,42,2.0,67500.0,0.9999994526561538,1,Critical,Immediate charge/maintenance before next deployment
V1828,E-Bike,39,45,3.0,145500.0,0.9999994526561538,1,Critical,Immediate charge/maintenance before next deployment
V1827,E-Bike,53,34,4.0,111000.0,0.9999994526561538,1,Critical,Immediate charge/maintenance before next deployment
V1826,E-Bike,90,40,1.0,28500.0,0.9999994526561538,1,Critical,Immediate charge/maintenance before next deployment
V1825,E-Bike,84,58,4.0,205500.0,0.9999994526561538,1,Critical,Immediate charge/maintenance before next deployment
V1824,E-Bike,47,88,5.0,139500.0,0.9999994526561538,1,Critical,Immediate charge/maintenance before next deployment
V1823,E-Bike,77,52,6.0,235500.0,0.9999994526561538,1,Critical,Immediate charge/maintenance before next deployment
V1822,E-Bike,29,77,2.0,46500.0,0.9999994526561538,1,Critical,Immediate charge/maintenance before next deployment
V1821,E-Bike,45,89,1.0,19500.0,0.9999994526561538,1,Critical,Immediate charge/maintenance before next deployment
V1820,E-Bike,33,73,2.0,88500.0,0.9999994526561538,1,Critical,Immediate charge/maintenance before next deployment
V1819,E-Bike,50,36,3.0,123000.0,0.9999994526561538,1,Critical,Immediate charge/maintenance before next deployment
V1818,E-Bike,13,65,4.0,142500.0,0.9999994526561538,1,Critical,Immediate charge/maintenance before next deployment
V1817,E-Bike,14,69,1.0,43500.0,0.9999994526561538,1,Critical,Immediate charge/maintenance before next deployment
V1816,E-Bike,15,34,1.0,39000.0,0.9999994526561538,1,Critical,Immediate charge/maintenance before next deployment
V1815,E-Bike,64,48,1.0,27000.0,0.9999994526561538,1,Critical,Immediate charge/maintenance before next deployment
V1814,E-Bike,80,65,3.0,136500.0,0.9999994526561538,1,Critical,Immediate charge/maintenance before next deployment
V1813,E-Bike,79,86,7.0,250500.0,0.9999994526561538,1,Critical,Immediate charge/maintenance before next deployment
V1844,E-Bike,71,67,0.0,0.0,0.9999994526561538,1,Critical,Immediate charge/maintenance before next deployment
V1843,E-Bike,10,81,0.0,0.0,0.9999994526561538,1,Critical,Immediate charge/maintenance before next deployment
V1842,E-Bike,36,48,6.0,192000.0,0.9999994526561538,1,Critical,Immediate charge/maintenance before next deployment
V1841,E-Bike,16,65,7.0,255000.0,0.9999994526561538,1,Critical,Immediate charge/maintenance before next deployment
V1840,E-Bike,23,72,6.0,289500.0,0.9999994526561538,1,Critical,Immediate charge/maintenance before next deployment
V1839,E-Bike,48,36,4.0,177000.0,0.9999994526561538,1,Critical,Immediate charge/maintenance before next deployment
V1838,E-Bike,39,31,5.0,180000.0,0.9999994526561538,1,Critical,Immediate charge/maintenance before next deployment
V1837,E-Bike,76,36,7.0,265500.0,0.9999994526561538,1,Critical,Immediate charge/maintenance before next deployment
V1836,E-Bike,97,89,4.0,169500.0,0.9999994526561538,1,Critical,Immediate charge/maintenance before next deployment
V1835,E-Bike,80,45,6.0,295500.0,0.9999994526561538,1,Critical,Immediate charge/maintenance before next deployment
V1834,E-Bike,74,79,1.0,42000.0,0.9999994526561538,1,Critical,Immediate charge/maintenance before next deployment
V1833,E-Bike,80,37,5.0,162000.0,0.9999994526561538,1,Critical,Immediate charge/maintenance before next deployment
V1832,E-Bike,84,73,2.0,27000.0,0.9999994526561538,1,Critical,Immediate charge/maintenance before next deployment
V1831,E-Bike,51,40,2.0,130500.0,0.9999994526561538,1,Critical,Immediate charge/maintenance before next deployment
V1830,E-Bike,96,83,0.0,0.0,0.9999994526561538,1,Critical,Immediate charge/maintenance before next deployment
V1829,E-Bike,72,66,3.0,81000.0,0.9999994526561538,1,Critical,Immediate charge/maintenance before next deployment
V1860,Shuttle Bus,34,72,3.0,120000.0,0.9999994526561538,1,Critical,Immediate charge/maintenance before next deployment
V1859,Shuttle Bus,10,67,5.0,200000.0,0.9999994526561538,1,Critical,Immediate charge/maintenance before next deployment
V1858,Shuttle Bus,73,82,5.0,200000.0,0.9999994526561538,1,Critical,Immediate charge/maintenance before next deployment
V1857,Shuttle Bus,42,83,5.0,200000.0,0.9999994526561538,1,Critical,Immediate charge/maintenance before next deployment
V1856,Shuttle Bus,57,58,5.0,200000.0,0.9999994526561538,1,Critical,Immediate charge/maintenance before next deployment
V1855,Shuttle Bus,67,42,5.0,200000.0,0.9999994526561538,1,Critical,Immediate charge/maintenance before next deployment
V1854,Shuttle Bus,93,34,10.0,400000.0,0.9999994526561538,1,Critical,Immediate charge/maintenance before next deployment
V1853,Shuttle Bus,82,90,5.0,200000.0,0.9999994526561538,1,Critical,Immediate charge/maintenance before next deployment
V1852,Shuttle Bus,13,53,9.0,360000.0,0.9999994526561538,1,Critical,Immediate charge/maintenance before next deployment
V1851,Shuttle Bus,19,64,3.0,120000.0,0.9999994526561538,1,Critical,Immediate charge/maintenance before next deployment
V1850,E-Bike,69,84,3.0,178500.0,0.9999994526561538,1,Critical,Immediate charge/maintenance before next deployment
V1849,E-Bike,43,86,2.0,84000.0,0.9999994526561538,1,Critical,Immediate charge/maintenance before next deployment
V1848,E-Bike,58,81,2.0,58500.0,0.9999994526561538,1,Critical,Immediate charge/maintenance before next deployment
V1847,E-Bike,23,38,5.0,127500.0,0.9999994526561538,1,Critical,Immediate charge/maintenance before next deployment
V1846,E-Bike,15,48,4.0,145500.0,0.9999994526561538,1,Critical,Immediate charge/maintenance before next deployment
V1845,E-Bike,48,66,3.0,135000.0,0.9999994526561538,1,Critical,Immediate charge/maintenance before next deployment
V1876,Shuttle Bus,12,41,6.0,240000.0,0.9999994526561538,1,Critical,Immediate charge/maintenance before next deployment
V1875,Shuttle Bus,13,63,5.0,200000.0,0.9999994526561538,1,Critical,Immediate charge/maintenance before next deployment
V1874,Shuttle Bus,95,44,4.0,160000.0,0.9999994526561538,1,Critical,Immediate charge/maintenance before next deployment
V1873,Shuttle Bus,35,36,9.0,360000.0,0.9999994526561538,1,Critical,Immediate charge/maintenance before next deployment
V1872,Shuttle Bus,10,77,8.0,320000.0,0.9999994526561538,1,Critical,Immediate charge/maintenance before next deployment
V1871,Shuttle Bus,70,83,4.0,160000.0,0.9999994526561538,1,Critical,Immediate charge/maintenance before next deployment
V1870,Shuttle Bus,80,33,6.0,240000.0,0.9999994526561538,1,Critical,Immediate charge/maintenance before next deployment
V1869,Shuttle Bus,21,64,4.0,160000.0,0.9999994526561538,1,Critical,Immediate charge/maintenance before next deployment
V1868,Shuttle Bus,41,65,12.0,480000.0,0.9999994526561538,1,Critical,Immediate charge/maintenance before next deployment
V1867,Shuttle Bus,90,48,6.0,240000.0,0.9999994526561538,1,Critical,Immediate charge/maintenance before next deployment
V1866,Shuttle Bus,14,41,9.0,360000.0,0.9999994526561538,1,Critical,Immediate charge/maintenance before next deployment
V1865,Shuttle Bus,59,71,6.0,240000.0,0.9999994526561538,1,Critical,Immediate charge/maintenance before next deployment
V1864,Shuttle Bus,30,75,4.0,160000.0,0.9999994526561538,1,Critical,Immediate charge/maintenance before next deployment
V1863,Shuttle Bus,47,90,5.0,200000.0,0.9999994526561538,1,Critical,Immediate charge/maintenance before next deployment
V1862,Shuttle Bus,48,74,5.0,200000.0,0.9999994526561538,1,Critical,Immediate charge/maintenance before next deployment
V1861,Shuttle Bus,62,78,4.0,160000.0,0.9999994526561538,1,Critical,Immediate charge/maintenance before next deployment
V1892,Shuttle Bus,39,45,4.0,160000.0,0.9999994526561538,1,Critical,Immediate charge/maintenance before next deployment
V1891,Shuttle Bus,47,48,7.0,280000.0,0.9999994526561538,1,Critical,Immediate charge/maintenance before next deployment
V1890,Shuttle Bus,98,56,6.0,240000.0,0.9999994526561538,1,Critical,Immediate charge/maintenance before next deployment
V1889,Shuttle Bus,67,63,8.0,320000.0,0.9999994526561538,1,Critical,Immediate charge/maintenance before next deployment
V1888,Shuttle Bus,92,41,0.0,0.0,0.9999994526561538,1,Critical,Immediate charge/maintenance before next deployment
V1887,Shuttle Bus,12,64,6.0,240000.0,0.9999994526561538,1,Critical,Immediate charge/maintenance before next deployment
V1886,Shuttle Bus,16,75,8.0,320000.0,0.9999994526561538,1,Critical,Immediate charge/maintenance before next deployment
V1885,Shuttle Bus,31,72,5.0,200000.0,0.9999994526561538,1,Critical,Immediate charge/maintenance before next deployment
V1884,Shuttle Bus,87,76,8.0,320000.0,0.9999994526561538,1,Critical,Immediate charge/maintenance before next deployment
V1883,Shuttle Bus,99,59,6.0,240000.0,0.9999994526561538,1,Critical,Immediate charge/maintenance before next deployment
V1882,Shuttle Bus,97,77,8.0,320000.0,0.9999994526561538,1,Critical,Immediate charge/maintenance before next deployment
V1881,Shuttle Bus,37,33,6.0,240000.0,0.9999994526561538,1,Critical,Immediate charge/maintenance before next deployment
V1880,Shuttle Bus,98,43,5.0,200000.0,0.9999994526561538,1,Critical,Immediate charge/maintenance before next deployment
V1879,Shuttle Bus,70,85,6.0,240000.0,0.9999994526561538,1,Critical,Immediate charge/maintenance before next deployment
V1878,Shuttle Bus,74,76,8.0,320000.0,0.9999994526561538,1,Critical,Immediate charge/maintenance before next deployment
V1908,Shuttle Bus,38,50,3.0,120000.0,0.9999994526561538,1,Critical,Immediate charge/maintenance before next deployment
V1907,Shuttle Bus,58,51,6.0,240000.0,0.9999994526561538,1,Critical,Immediate charge/maintenance before next deployment
V1906,Shuttle Bus,13,34,12.0,480000.0,0.9999994526561538,1,Critical,Immediate charge/maintenance before next deployment
V1905,Shuttle Bus,32,62,4.0,160000.0,0.9999994526561538,1,Critical,Immediate charge/maintenance before next deployment
V1904,Shuttle Bus,89,54,6.0,240000.0,0.9999994526561538,1,Critical,Immediate charge/maintenance before next deployment
V1903,Shuttle Bus,30,75,3.0,120000.0,0.9999994526561538,1,Critical,Immediate charge/maintenance before next deployment
V1902,Shuttle Bus,27,81,5.0,200000.0,0.9999994526561538,1,Critical,Immediate charge/maintenance before next deployment
V1901,Shuttle Bus,18,56,8.0,320000.0,0.9999994526561538,1,Critical,Immediate charge/maintenance before next deployment
V1900,Shuttle Bus,89,72,7.0,280000.0,0.9999994526561538,1,Critical,Immediate charge/maintenance before next deployment
V1899,Shuttle Bus,12,35,4.0,160000.0,0.9999994526561538,1,Critical,Immediate charge/maintenance before next deployment
V1898,Shuttle Bus,81,69,3.0,120000.0,0.9999994526561538,1,Critical,Immediate charge/maintenance before next deployment
V1897,Shuttle Bus,83,79,7.0,280000.0,0.9999994526561538,1,Critical,Immediate charge/maintenance before next deployment
V1896,Shuttle Bus,54,35,5.0,200000.0,0.9999994526561538,1,Critical,Immediate charge/maintenance before next deployment
V1895,Shuttle Bus,52,46,3.0,120000.0,0.9999994526561538,1,Critical,Immediate charge/maintenance before next deployment
V1894,Shuttle Bus,73,50,3.0,120000.0,0.9999994526561538,1,Critical,Immediate charge/maintenance before next deployment
V1893,Shuttle Bus,58,61,7.0,280000.0,0.9999994526561538,1,Critical,Immediate charge/maintenance before next deployment
V1924,Shuttle Bus,40,59,4.0,160000.0,0.9999994526561538,1,Critical,Immediate charge/maintenance before next deployment
V1923,Shuttle Bus,39,47,6.0,240000.0,0.9999994526561538,1,Critical,Immediate charge/maintenance before next deployment
V1922,Shuttle Bus,98,39,8.0,320000.0,0.9999994526561538,1,Critical,Immediate charge/maintenance before next deployment
V1921,Shuttle Bus,90,81,4.0,160000.0,0.9999994526561538,1,Critical,Immediate charge/maintenance before next deployment
V1920,Shuttle Bus,65,48,11.0,440000.0,0.9999994526561538,1,Critical,Immediate charge/maintenance before next deployment
V1919,Shuttle Bus,10,74,3.0,120000.0,0.9999994526561538,1,Critical,Immediate charge/maintenance before next deployment
V1918,Shuttle Bus,61,43,5.0,200000.0,0.9999994526561538,1,Critical,Immediate charge/maintenance before next deployment
V1917,Shuttle Bus,13,76,6.0,240000.0,0.9999994526561538,1,Critical,Immediate charge/maintenance before next deployment
V1916,Shuttle Bus,63,71,6.0,240000.0,0.9999994526561538,1,Critical,Immediate charge/maintenance before next deployment
V1915,Shuttle Bus,23,84,3.0,120000.0,0.9999994526561538,1,Critical,Immediate charge/maintenance before next deployment
V1914,Shuttle Bus,66,79,8.0,320000.0,0.9999994526561538,1,Critical,Immediate charge/maintenance before next deployment
V1913,Shuttle Bus,62,43,6.0,240000.0,0.9999994526561538,1,Critical,Immediate charge/maintenance before next deployment
V1912,Shuttle Bus,75,40,8.0,320000.0,0.9999994526561538,1,Critical,Immediate charge/maintenance before next deployment
V1911,Shuttle Bus,79,87,5.0,200000.0,0.9999994526561538,1,Critical,Immediate charge/maintenance before next deployment
V1910,Shuttle Bus,97,86,8.0,320000.0,0.9999994526561538,1,Critical,Immediate charge/maintenance before next deployment
V1909,Shuttle Bus,11,42,5.0,200000.0,0.9999994526561538,1,Critical,Immediate charge/maintenance before next deployment
V1940,Shuttle Bus,47,69,4.0,160000.0,0.9999994526561538,1,Critical,Immediate charge/maintenance before next deployment
V1939,Shuttle Bus,24,37,3.0,120000.0,0.9999994526561538,1,Critical,Immediate charge/maintenance before next deployment
V1938,Shuttle Bus,66,67,4.0,160000.0,0.9999994526561538,1,Critical,Immediate charge/maintenance before next deployment
V1937,Shuttle Bus,28,31,3.0,120000.0,0.9999994526561538,1,Critical,Immediate charge/maintenance before next deployment
V1936,Shuttle Bus,74,68,3.0,120000.0,0.9999994526561538,1,Critical,Immediate charge/maintenance before next deployment
V1935,Shuttle Bus,31,69,8.0,320000.0,0.9999994526561538,1,Critical,Immediate charge/maintenance before next deployment
V1934,Shuttle Bus,36,74,2.0,80000.0,0.9999994526561538,1,Critical,Immediate charge/maintenance before next deployment
V1933,Shuttle Bus,94,41,9.0,360000.0,0.9999994526561538,1,Critical,Immediate charge/maintenance before next deployment
V1932,Shuttle Bus,36,52,5.0,200000.0,0.9999994526561538,1,Critical,Immediate charge/maintenance before next deployment
V1931,Shuttle Bus,40,39,3.0,120000.0,0.9999994526561538,1,Critical,Immediate charge/maintenance before next deployment
V1930,Shuttle Bus,75,49,5.0,200000.0,0.9999994526561538,1,Critical,Immediate charge/maintenance before next deployment
V1929,Shuttle Bus,70,87,5.0,200000.0,0.9999994526561538,1,Critical,Immediate charge/maintenance before next deployment
V1928,Shuttle Bus,39,34,7.0,280000.0,0.9999994526561538,1,Critical,Immediate charge/maintenance before next deployment
V1927,Shuttle Bus,41,36,9.0,360000.0,0.9999994526561538,1,Critical,Immediate charge/maintenance before next deployment
V1926,Shuttle Bus,97,79,9.0,360000.0,0.9999994526561538,1,Critical,Immediate charge/maintenance before next deployment
V1925,Shuttle Bus,55,79,8.0,320000.0,0.9999994526561538,1,Critical,Immediate charge/maintenance before next deployment
V1956,Shuttle Bus,17,41,4.0,160000.0,0.9999994526561538,1,Critical,Immediate charge/maintenance before next deployment
V1955,Shuttle Bus,81,46,8.0,320000.0,0.9999994526561538,1,Critical,Immediate charge/maintenance before next deployment
V1954,Shuttle Bus,37,69,7.0,280000.0,0.9999994526561538,1,Critical,Immediate charge/maintenance before next deployment
V1953,Shuttle Bus,48,75,4.0,160000.0,0.9999994526561538,1,Critical,Immediate charge/maintenance before next deployment
V1952,Shuttle Bus,59,65,6.0,240000.0,0.9999994526561538,1,Critical,Immediate charge/maintenance before next deployment
V1951,Shuttle Bus,30,54,6.0,240000.0,0.9999994526561538,1,Critical,Immediate charge/maintenance before next deployment
V1950,Shuttle Bus,53,70,4.0,160000.0,0.9999994526561538,1,Critical,Immediate charge/maintenance before next deployment
V1949,Shuttle Bus,48,86,9.0,360000.0,0.9999994526561538,1,Critical,Immediate charge/maintenance before next deployment
V1948,Shuttle Bus,26,79,5.0,200000.0,0.9999994526561538,1,Critical,Immediate charge/maintenance before next deployment
V1947,Shuttle Bus,68,76,3.0,120000.0,0.9999994526561538,1,Critical,Immediate charge/maintenance before next deployment
V1946,Shuttle Bus,67,38,3.0,120000.0,0.9999994526561538,1,Critical,Immediate charge/maintenance before next deployment
V1945,Shuttle Bus,28,81,3.0,120000.0,0.9999994526561538,1,Critical,Immediate charge/maintenance before next deployment
V1944,Shuttle Bus,80,44,3.0,120000.0,0.9999994526561538,1,Critical,Immediate charge/maintenance before next deployment
V1943,Shuttle Bus,57,62,11.0,440000.0,0.9999994526561538,1,Critical,Immediate charge/maintenance before next deployment
V1942,Shuttle Bus,91,35,7.0,280000.0,0.9999994526561538,1,Critical,Immediate charge/maintenance before next deployment
V1941,Shuttle Bus,47,36,3.0,120000.0,0.9999994526561538,1,Critical,Immediate charge/maintenance before next deployment
V1972,Shuttle Bus,44,87,4.0,160000.0,0.9999994526561538,1,Critical,Immediate charge/maintenance before next deployment
V1971,Shuttle Bus,62,33,3.0,120000.0,0.9999994526561538,1,Critical,Immediate charge/maintenance before next deployment
V1970,Shuttle Bus,83,36,2.0,80000.0,0.9999994526561538,1,Critical,Immediate charge/maintenance before next deployment
V1969,Shuttle Bus,47,58,5.0,200000.0,0.9999994526561538,1,Critical,Immediate charge/maintenance before next deployment
V1968,Shuttle Bus,22,59,6.0,240000.0,0.9999994526561538,1,Critical,Immediate charge/maintenance before next deployment
V1967,Shuttle Bus,20,57,9.0,360000.0,0.9999994526561538,1,Critical,Immediate charge/maintenance before next deployment
V1966,Shuttle Bus,59,82,7.0,280000.0,0.9999994526561538,1,Critical,Immediate charge/maintenance before next deployment
V1965,Shuttle Bus,22,31,9.0,360000.0,0.9999994526561538,1,Critical,Immediate charge/maintenance before next deployment
V1964,Shuttle Bus,80,80,7.0,280000.0,0.9999994526561538,1,Critical,Immediate charge/maintenance before next deployment
V1963,Shuttle Bus,14,49,8.0,320000.0,0.9999994526561538,1,Critical,Immediate charge/maintenance before next deployment
V1962,Shuttle Bus,99,79,9.0,360000.0,0.9999994526561538,1,Critical,Immediate charge/maintenance before next deployment
V1961,Shuttle Bus,65,79,2.0,80000.0,0.9999994526561538,1,Critical,Immediate charge/maintenance before next deployment
V1960,Shuttle Bus,17,32,5.0,200000.0,0.9999994526561538,1,Critical,Immediate charge/maintenance before next deployment
V1959,Shuttle Bus,33,32,5.0,200000.0,0.9999994526561538,1,Critical,Immediate charge/maintenance before next deployment
V1958,Shuttle Bus,57,41,8.0,320000.0,0.9999994526561538,1,Critical,Immediate charge/maintenance before next deployment
V1957,Shuttle Bus,62,59,6.0,240000.0,0.9999994526561538,1,Critical,Immediate charge/maintenance before next deployment
V1988,Shuttle Bus,78,63,5.0,200000.0,0.9999994526561538,1,Critical,Immediate charge/maintenance before next deployment
V1987,Shuttle Bus,19,55,9.0,360000.0,0.9999994526561538,1,Critical,Immediate charge/maintenance before next deployment
V1986,Shuttle Bus,45,71,4.0,160000.0,0.9999994526561538,1,Critical,Immediate charge/maintenance before next deployment
V1985,Shuttle Bus,71,44,8.0,320000.0,0.9999994526561538,1,Critical,Immediate charge/maintenance before next deployment
V1984,Shuttle Bus,29,69,0.0,0.0,0.9999994526561538,1,Critical,Immediate charge/maintenance before next deployment
V1983,Shuttle Bus,43,57,11.0,440000.0,0.9999994526561538,1,Critical,Immediate charge/maintenance before next deployment
V1982,Shuttle Bus,26,71,6.0,240000.0,0.9999994526561538,1,Critical,Immediate charge/maintenance before next deployment
V1981,Shuttle Bus,40,36,6.0,240000.0,0.9999994526561538,1,Critical,Immediate charge/maintenance before next deployment
V1980,Shuttle Bus,16,37,2.0,80000.0,0.9999994526561538,1,Critical,Immediate charge/maintenance before next deployment
V1979,Shuttle Bus,34,47,4.0,160000.0,0.9999994526561538,1,Critical,Immediate charge/maintenance before next deployment
V1978,Shuttle Bus,24,50,6.0,240000.0,0.9999994526561538,1,Critical,Immediate charge/maintenance before next deployment
V1977,Shuttle Bus,17,72,7.0,280000.0,0.9999994526561538,1,Critical,Immediate charge/maintenance before next deployment
V1976,Shuttle Bus,35,71,12.0,480000.0,0.9999994526561538,1,Critical,Immediate charge/maintenance before next deployment
V1975,Shuttle Bus,67,73,5.0,200000.0,0.9999994526561538,1,Critical,Immediate charge/maintenance before next deployment
V1974,Shuttle Bus,45,78,12.0,480000.0,0.9999994526561538,1,Critical,Immediate charge/maintenance before next deployment
V1973,Shuttle Bus,59,45,4.0,160000.0,0.9999994526561538,1,Critical,Immediate charge/maintenance before next deployment
V2004,Shuttle Bus,24,46,14.0,560000.0,0.9999994526561538,1,Critical,Immediate charge/maintenance before next deployment
V2003,Shuttle Bus,16,87,8.0,320000.0,0.9999994526561538,1,Critical,Immediate charge/maintenance before next deployment
V2002,Shuttle Bus,15,80,5.0,200000.0,0.9999994526561538,1,Critical,Immediate charge/maintenance before next deployment
V2001,Shuttle Bus,88,83,7.0,280000.0,0.9999994526561538,1,Critical,Immediate charge/maintenance before next deployment
V2000,Shuttle Bus,73,34,8.0,320000.0,0.9999994526561538,1,Critical,Immediate charge/maintenance before next deployment
V1999,Shuttle Bus,81,67,9.0,360000.0,0.9999994526561538,1,Critical,Immediate charge/maintenance before next deployment
V1998,Shuttle Bus,50,74,8.0,320000.0,0.9999994526561538,1,Critical,Immediate charge/maintenance before next deployment
V1997,Shuttle Bus,24,84,6.0,240000.0,0.9999994526561538,1,Critical,Immediate charge/maintenance before next deployment
V1996,Shuttle Bus,48,44,5.0,200000.0,0.9999994526561538,1,Critical,Immediate charge/maintenance before next deployment
V1995,Shuttle Bus,71,47,14.0,560000.0,0.9999994526561538,1,Critical,Immediate charge/maintenance before next deployment
V1994,Shuttle Bus,69,39,5.0,200000.0,0.9999994526561538,1,Critical,Immediate charge/maintenance before next deployment
V1993,Shuttle Bus,71,72,4.0,160000.0,0.9999994526561538,1,Critical,Immediate charge/maintenance before next deployment
V1992,Shuttle Bus,77,81,8.0,320000.0,0.9999994526561538,1,Critical,Immediate charge/maintenance before next deployment
V1991,Shuttle Bus,40,85,6.0,240000.0,0.9999994526561538,1,Critical,Immediate charge/maintenance before next deployment
V1990,Shuttle Bus,96,47,7.0,280000.0,0.9999994526561538,1,Critical,Immediate charge/maintenance before next deployment
V1989,Shuttle Bus,26,69,6.0,240000.0,0.9999994526561538,1,Critical,Immediate charge/maintenance before next deployment
V2020,Shuttle Bus,16,55,8.0,320000.0,0.9999994526561538,1,Critical,Immediate charge/maintenance before next deployment
V2019,Shuttle Bus,39,41,4.0,160000.0,0.9999994526561538,1,Critical,Immediate charge/maintenance before next deployment
V2018,Shuttle Bus,42,82,2.0,80000.0,0.9999994526561538,1,Critical,Immediate charge/maintenance before next deployment
V2017,Shuttle Bus,89,68,5.0,200000.0,0.9999994526561538,1,Critical,Immediate charge/maintenance before next deployment
V2016,Shuttle Bus,89,49,5.0,200000.0,0.9999994526561538,1,Critical,Immediate charge/maintenance before next deployment
V2015,Shuttle Bus,36,74,6.0,240000.0,0.9999994526561538,1,Critical,Immediate charge/maintenance before next deployment
V2014,Shuttle Bus,26,87,3.0,120000.0,0.9999994526561538,1,Critical,Immediate charge/maintenance before next deployment
V2013,Shuttle Bus,98,81,2.0,80000.0,0.9999994526561538,1,Critical,Immediate charge/maintenance before next deployment
V2012,Shuttle Bus,93,80,8.0,320000.0,0.9999994526561538,1,Critical,Immediate charge/maintenance before next deployment
V2011,Shuttle Bus,27,61,7.0,280000.0,0.9999994526561538,1,Critical,Immediate charge/maintenance before next deployment
V2010,Shuttle Bus,11,62,9.0,360000.0,0.9999994526561538,1,Critical,Immediate charge/maintenance before next deployment
V2009,Shuttle Bus,82,49,10.0,400000.0,0.9999994526561538,1,Critical,Immediate charge/maintenance before next deployment
V2008,Shuttle Bus,28,60,2.0,80000.0,0.9999994526561538,1,Critical,Immediate charge/maintenance before next deployment
V2007,Shuttle Bus,21,75,8.0,320000.0,0.9999994526561538,1,Critical,Immediate charge/maintenance before next deployment
V2006,Shuttle Bus,65,90,10.0,400000.0,0.9999994526561538,1,Critical,Immediate charge/maintenance before next deployment
V2005,Shuttle Bus,69,58,6.0,240000.0,0.9999994526561538,1,Critical,Immediate charge/maintenance before next deployment
V2036,Shuttle Bus,60,88,6.0,240000.0,0.9999994526561538,1,Critical,Immediate charge/maintenance before next deployment
V2035,Shuttle Bus,26,70,4.0,160000.0,0.9999994526561538,1,Critical,Immediate charge/maintenance before next deployment
V2034,Shuttle Bus,73,49,8.0,320000.0,0.9999994526561538,1,Critical,Immediate charge/maintenance before next deployment
V2033,Shuttle Bus,75,67,5.0,200000.0,0.9999994526561538,1,Critical,Immediate charge/maintenance before next deployment
V2032,Shuttle Bus,98,54,10.0,400000.0,0.9999994526561538,1,Critical,Immediate charge/maintenance before next deployment
V2031,Shuttle Bus,88,47,9.0,360000.0,0.9999994526561538,1,Critical,Immediate charge/maintenance before next deployment
V2030,Shuttle Bus,11,31,4.0,160000.0,0.9999994526561538,1,Critical,Immediate charge/maintenance before next deployment
V2029,Shuttle Bus,100,65,4.0,160000.0,0.9999994526561538,1,Critical,Immediate charge/maintenance before next deployment
V2028,Shuttle Bus,76,57,2.0,80000.0,0.9999994526561538,1,Critical,Immediate charge/maintenance before next deployment
V2027,Shuttle Bus,12,41,6.0,240000.0,0.9999994526561538,1,Critical,Immediate charge/maintenance before next deployment
V2026,Shuttle Bus,96,72,9.0,360000.0,0.9999994526561538,1,Critical,Immediate charge/maintenance before next deployment
V2025,Shuttle Bus,99,54,6.0,240000.0,0.9999994526561538,1,Critical,Immediate charge/maintenance before next deployment
V2024,Shuttle Bus,89,50,5.0,200000.0,0.9999994526561538,1,Critical,Immediate charge/maintenance before next deployment
V2023,Shuttle Bus,42,51,6.0,240000.0,0.9999994526561538,1,Critical,Immediate charge/maintenance before next deployment
V2022,Shuttle Bus,48,72,2.0,80000.0,0.9999994526561538,1,Critical,Immediate charge/maintenance before next deployment
V2021,Shuttle Bus,35,55,9.0,360000.0,0.9999994526561538,1,Critical,Immediate charge/maintenance before next deployment
V2052,Shuttle Bus,88,44,6.0,240000.0,0.9999994526561538,1,Critical,Immediate charge/maintenance before next deployment
V2051,Shuttle Bus,96,49,6.0,240000.0,0.9999994526561538,1,Critical,Immediate charge/maintenance before next deployment
V2050,Shuttle Bus,47,84,9.0,360000.0,0.9999994526561538,1,Critical,Immediate charge/maintenance before next deployment
V2049,Shuttle Bus,25,81,8.0,320000.0,0.9999994526561538,1,Critical,Immediate charge/maintenance before next deployment
V2048,Shuttle Bus,41,31,12.0,480000.0,0.9999994526561538,1,Critical,Immediate charge/maintenance before next deployment
V2047,Shuttle Bus,82,47,9.0,360000.0,0.9999994526561538,1,Critical,Immediate charge/maintenance before next deployment
V2046,Shuttle Bus,18,80,3.0,120000.0,0.9999994526561538,1,Critical,Immediate charge/maintenance before next deployment
V2045,Shuttle Bus,81,33,8.0,320000.0,0.9999994526561538,1,Critical,Immediate charge/maintenance before next deployment
V2044,Shuttle Bus,10,78,7.0,280000.0,0.9999994526561538,1,Critical,Immediate charge/maintenance before next deployment
V2043,Shuttle Bus,83,43,3.0,120000.0,0.9999994526561538,1,Critical,Immediate charge/maintenance before next deployment
V2042,Shuttle Bus,22,70,4.0,160000.0,0.9999994526561538,1,Critical,Immediate charge/maintenance before next deployment
V2041,Shuttle Bus,17,77,8.0,320000.0,0.9999994526561538,1,Critical,Immediate charge/maintenance before next deployment
V2040,Shuttle Bus,32,59,11.0,440000.0,0.9999994526561538,1,Critical,Immediate charge/maintenance before next deployment
V2039,Shuttle Bus,99,63,10.0,400000.0,0.9999994526561538,1,Critical,Immediate charge/maintenance before next deployment
V2038,Shuttle Bus,92,85,5.0,200000.0,0.9999994526561538,1,Critical,Immediate charge/maintenance before next deployment
V0004,E-Bike,35,34,4.0,162000.0,0.9999994526561538,1,Critical,Immediate charge/maintenance before next deployment
V2099,Shuttle Bus,69,47,7.0,280000.0,0.9999994526561538,1,Critical,Immediate charge/maintenance before next deployment
V2098,Shuttle Bus,74,44,8.0,320000.0,0.9999994526561538,1,Critical,Immediate charge/maintenance before next deployment
V2097,Shuttle Bus,85,58,3.0,120000.0,0.9999994526561538,1,Critical,Immediate charge/maintenance before next deployment
V2096,Shuttle Bus,92,54,4.0,160000.0,0.9999994526561538,1,Critical,Immediate charge/maintenance before next deployment
V2095,Shuttle Bus,31,85,6.0,240000.0,0.9999994526561538,1,Critical,Immediate charge/maintenance before next deployment
V2094,Shuttle Bus,86,83,3.0,120000.0,0.9999994526561538,1,Critical,Immediate charge/maintenance before next deployment
V2093,Shuttle Bus,87,66,6.0,240000.0,0.9999994526561538,1,Critical,Immediate charge/maintenance before next deployment
V2092,Shuttle Bus,100,59,7.0,280000.0,0.9999994526561538,1,Critical,Immediate charge/maintenance before next deployment
V2091,Shuttle Bus,91,90,7.0,280000.0,0.9999994526561538,1,Critical,Immediate charge/maintenance before next deployment
V2090,Shuttle Bus,61,78,6.0,240000.0,0.9999994526561538,1,Critical,Immediate charge/maintenance before next deployment
V2089,Shuttle Bus,42,41,8.0,320000.0,0.9999994526561538,1,Critical,Immediate charge/maintenance before next deployment
V2088,Shuttle Bus,81,80,7.0,280000.0,0.9999994526561538,1,Critical,Immediate charge/maintenance before next deployment
V2087,Shuttle Bus,39,57,3.0,120000.0,0.9999994526561538,1,Critical,Immediate charge/maintenance before next deployment
V2086,Shuttle Bus,71,47,5.0,200000.0,0.9999994526561538,1,Critical,Immediate charge/maintenance before next deployment
V2085,Shuttle Bus,99,45,5.0,200000.0,0.9999994526561538,1,Critical,Immediate charge/maintenance before next deployment
V0020,E-Bike,54,65,4.0,181500.0,0.9999994526561538,1,Critical,Immediate charge/maintenance before next deployment
V0019,E-Bike,98,87,3.0,117000.0,0.9999994526561538,1,Critical,Immediate charge/maintenance before next deployment
V0018,E-Bike,15,64,4.0,108000.0,0.9999994526561538,1,Critical,Immediate charge/maintenance before next deployment
V0017,E-Bike,63,76,7.0,252000.0,0.9999994526561538,1,Critical,Immediate charge/maintenance before next deployment
V0016,E-Bike,100,77,2.0,67500.0,0.9999994526561538,1,Critical,Immediate charge/maintenance before next deployment
V0015,E-Bike,66,48,4.0,129000.0,0.9999994526561538,1,Critical,Immediate charge/maintenance before next deployment
V0014,E-Bike,18,55,2.0,61500.0,0.9999994526561538,1,Critical,Immediate charge/maintenance before next deployment
V0013,E-Bike,35,77,1.0,34500.0,0.9999994526561538,1,Critical,Immediate charge/maintenance before next deployment
V0012,E-Bike,64,51,2.0,88500.0,0.9999994526561538,1,Critical,Immediate charge/maintenance before next deployment
V0011,E-Bike,20,54,4.0,114000.0,0.9999994526561538,1,Critical,Immediate charge/maintenance before next deployment
V0010,E-Bike,14,82,0.0,0.0,0.9999994526561538,1,Critical,Immediate charge/maintenance before next deployment
V0009,E-Bike,34,70,5.0,192000.0,0.9999994526561538,1,Critical,Immediate charge/maintenance before next deployment
V0008,E-Bike,73,65,4.0,178500.0,0.9999994526561538,1,Critical,Immediate charge/maintenance before next deployment
V0007,E-Bike,24,42,4.0,154500.0,0.9999994526561538,1,Critical,Immediate charge/maintenance before next deployment
V0006,E-Bike,100,37,4.0,192000.0,0.9999994526561538,1,Critical,Immediate charge/maintenance before next deployment
V0005,E-Bike,93,74,1.0,31500.0,0.9999994526561538,1,Critical,Immediate charge/maintenance before next deployment
V0115,E-Bike,11,30,3.0,87000.0,0.9999927490538691,1,Critical,Immediate charge/maintenance before next deployment
V0292,E-Bike,16,30,3.0,66000.0,0.9999927490538691,1,Critical,Immediate charge/maintenance before next deployment
V0531,E-Bike,14,30,4.0,133500.0,0.9999927490538691,1,Critical,Immediate charge/maintenance before next deployment
V1052,E-Bike,27,30,5.0,198000.0,0.9999790416027335,1,Critical,Immediate charge/maintenance before next deployment
V2037,Shuttle Bus,24,30,7.0,280000.0,0.9870705466415443,1,Critical,Immediate charge/maintenance before next deployment
V0330,E-Bike,42,30,4.0,175500.0,2.7694925220409445e-05,0,Healthy,Continue operation
V1389,E-Bike,57,30,4.0,193500.0,5.4422511172880175e-06,0,Healthy,Continue operation
V0067,E-Bike,25,30,2.0,109500.0,4.069186309714673e-06,0,Watch,Move to charging queue and monitor usage
V1387,E-Bike,20,30,2.0,72000.0,4.069186309714673e-06,0,Watch,Move to charging queue and monitor usage
V1431,E-Bike,87,30,5.0,199500.0,3.4176177128321192e-06,0,Healthy,Continue operation
V1442,E-Bike,45,30,6.0,346500.0,2.1751097254382376e-06,0,Healthy,Continue operation
V1177,E-Bike,37,30,1.0,45000.0,1.497121394706797e-06,0,Watch,Move to charging queue and monitor usage
V1474,E-Bike,55,30,2.0,117000.0,1.497121394706797e-06,0,Healthy,Continue operation
V1559,E-Bike,85,30,2.0,51000.0,1.497121394706797e-06,0,Healthy,Continue operation
V1701,E-Bike,39,30,2.0,61500.0,1.497121394706797e-06,0,Watch,Move to charging queue and monitor usage
V0413,E-Bike,35,30,3.0,138000.0,1.497121394706797e-06,0,Watch,Move to charging queue and monitor usage
V1086,E-Bike,33,30,2.0,100500.0,1.497121394706797e-06,0,Watch,Move to charging queue and monitor usage
V1180,E-Bike,56,30,3.0,144000.0,1.497121394706797e-06,0,Healthy,Continue operation
V1132,E-Bike,77,30,3.0,81000.0,1.497121394706797e-06,0,Healthy,Continue operation
V1327,E-Bike,60,30,6.0,177000.0,1.497121394706797e-06,0,Healthy,Continue operation
V1614,E-Bike,81,30,4.0,136500.0,1.497121394706797e-06,0,Healthy,Continue operation
V1061,E-Bike,72,30,1.0,42000.0,1.497121394706797e-06,0,Healthy,Continue operation
V1091,E-Bike,94,30,3.0,159000.0,1.497121394706797e-06,0,Healthy,Continue operation
V0274,E-Bike,47,30,4.0,99000.0,1.497121394706797e-06,0,Healthy,Continue operation
V0455,E-Bike,40,30,4.0,151500.0,1.497121394706797e-06,0,Healthy,Continue operation
V0591,E-Bike,95,30,2.0,57000.0,1.497121394706797e-06,0,Healthy,Continue operation
V0882,E-Bike,34,30,1.0,9000.0,1.497121394706797e-06,0,Watch,Move to charging queue and monitor usage
V0114,E-Bike,29,30,0.0,0.0,1.497121394706797e-06,0,Watch,Move to charging queue and monitor usage
V0349,E-Bike,60,30,4.0,142500.0,1.497121394706797e-06,0,Healthy,Continue operation
V0222,E-Bike,31,30,1.0,51000.0,1.497121394706797e-06,0,Watch,Move to charging queue and monitor usage
V1877,Shuttle Bus,52,30,6.0,240000.0,1.0074260953525567e-06,0,Healthy,Continue operation
