VehicleID,Type,Battery_Level_Pct,Last_Maintenance_Date,Trip_Count,Total_Revenue,Avg_Fare,Avg_Duration,Peak_Trip_Count,Weekend_Trip_Count,Rain_Trip_Count,Heavy_Rain_Trip_Count,Unique_Start_Stations,Unique_End_Stations,Days_Since_Maintenance,Utilization_Segment,Maintenance_Risk_Level
V0001,E-Bike,46,2025-09-22,2.0,60000.0,30000.0,20.0,0.0,1.0,0.0,0.0,2.0,2.0,38,Low Revenue,Critical
V0002,E-Bike,23,2025-09-02,2.0,97500.0,48750.0,32.5,2.0,0.0,0.0,0.0,2.0,2.0,58,Mid Revenue,Critical
V0003,E-Bike,33,2025-09-17,1.0,7500.0,7500.0,5.0,0.0,0.0,0.0,0.0,1.0,1.0,43,Low Revenue,Critical
V0004,E-Bike,35,2025-09-26,4.0,162000.0,40500.0,27.0,2.0,0.0,3.0,2.0,3.0,3.0,34,Mid Revenue,Critical
V0005,E-Bike,93,2025-08-17,1.0,31500.0,31500.0,21.0,0.0,0.0,0.0,0.0,1.0,1.0,74,Low Revenue,Critical
V0006,E-Bike,100,2025-09-23,4.0,192000.0,48000.0,32.0,2.0,1.0,0.0,0.0,4.0,3.0,37,High Revenue,Critical
V0007,E-Bike,24,2025-09-18,4.0,154500.0,38625.0,25.75,2.0,2.0,2.0,2.0,3.0,4.0,42,Mid Revenue,Critical
V0008,E-Bike,73,2025-08-26,4.0,178500.0,44625.0,29.75,1.0,0.0,1.0,0.0,3.0,3.0,65,Mid Revenue,Critical
V0009,E-Bike,34,2025-08-21,5.0,192000.0,38400.0,25.6,3.0,2.0,2.0,1.0,4.0,4.0,70,High Revenue,Critical
V0010,E-Bike,14,2025-08-09,0.0,0.0,0.0,0.0,0.0,0.0,0.0,0.0,0.0,0.0,82,Low Revenue,Critical
V0011,E-Bike,20,2025-09-06,4.0,114000.0,28500.0,19.0,3.0,0.0,0.0,0.0,4.0,4.0,54,Mid Revenue,Critical
V0012,E-Bike,64,2025-09-09,2.0,88500.0,44250.0,29.5,0.0,2.0,0.0,0.0,1.0,2.0,51,Mid Revenue,Critical
V0013,E-Bike,35,2025-08-14,1.0,34500.0,34500.0,23.0,0.0,0.0,0.0,0.0,1.0,1.0,77,Low Revenue,Critical
V0014,E-Bike,18,2025-09-05,2.0,61500.0,30750.0,20.5,0.0,1.0,0.0,0.0,1.0,1.0,55,Low Revenue,Critical
V0015,E-Bike,66,2025-09-12,4.0,129000.0,32250.0,21.5,1.0,1.0,3.0,2.0,3.0,4.0,48,Mid Revenue,Critical
V0016,E-Bike,100,2025-08-14,2.0,67500.0,33750.0,22.5,2.0,0.0,1.0,1.0,2.0,2.0,77,Low Revenue,Critical
V0017,E-Bike,63,2025-08-15,7.0,252000.0,36000.0,24.0,4.0,2.0,2.0,1.0,5.0,6.0,76,High Revenue,Critical
V0018,E-Bike,15,2025-08-27,4.0,108000.0,27000.0,18.0,1.0,1.0,0.0,0.0,3.0,3.0,64,Mid Revenue,Critical
V0019,E-Bike,98,2025-08-04,3.0,117000.0,39000.0,26.0,1.0,1.0,0.0,0.0,3.0,3.0,87,Mid Revenue,Critical
V0020,E-Bike,54,2025-08-26,4.0,181500.0,45375.0,30.25,1.0,1.0,1.0,0.0,3.0,2.0,65,Mid Revenue,Critical
V0021,E-Bike,39,2025-08-21,1.0,37500.0,37500.0,25.0,0.0,0.0,0.0,0.0,1.0,1.0,70,Low Revenue,Critical
V0022,E-Bike,28,2025-09-12,7.0,193500.0,27642.85714285714,18.428571428571427,1.0,1.0,0.0,0.0,4.0,5.0,48,High Revenue,Critical
V0023,E-Bike,28,2025-08-03,7.0,237000.0,33857.142857142855,22.571428571428573,3.0,2.0,0.0,0.0,5.0,5.0,88,High Revenue,Critical
V0024,E-Bike,64,2025-08-25,1.0,7500.0,7500.0,5.0,1.0,0.0,0.0,0.0,1.0,1.0,66,Low Revenue,Critical
V0025,E-Bike,83,2025-09-13,2.0,73500.0,36750.0,24.5,2.0,1.0,1.0,1.0,2.0,2.0,47,Low Revenue,Critical
V0026,E-Bike,47,2025-08-22,4.0,192000.0,48000.0,32.0,1.0,0.0,2.0,1.0,3.0,4.0,69,High Revenue,Critical
V0027,E-Bike,43,2025-09-10,2.0,94500.0,47250.0,31.5,1.0,1.0,0.0,0.0,2.0,1.0,50,Mid Revenue,Critical
V0028,E-Bike,100,2025-08-16,3.0,136500.0,45500.0,30.333333333333332,3.0,1.0,0.0,0.0,3.0,3.0,75,Mid Revenue,Critical
V0029,E-Bike,10,2025-09-15,1.0,60000.0,60000.0,40.0,1.0,1.0,0.0,0.0,1.0,1.0,45,Low Revenue,Critical
V0030,E-Bike,96,2025-08-13,4.0,109500.0,27375.0,18.25,3.0,2.0,1.0,1.0,3.0,4.0,78,Mid Revenue,Critical
V0031,E-Bike,45,2025-09-07,3.0,117000.0,39000.0,26.0,1.0,1.0,0.0,0.0,3.0,3.0,53,Mid Revenue,Critical
V0032,E-Bike,54,2025-09-27,3.0,66000.0,22000.0,14.666666666666666,1.0,2.0,1.0,0.0,1.0,2.0,33,Low Revenue,Critical
V0033,E-Bike,56,2025-09-21,4.0,90000.0,22500.0,15.0,1.0,0.0,0.0,0.0,4.0,4.0,39,Mid Revenue,Critical
V0034,E-Bike,28,2025-09-12,4.0,153000.0,38250.0,25.5,4.0,1.0,0.0,0.0,3.0,3.0,48,Mid Revenue,Critical
V0035,E-Bike,20,2025-08-16,2.0,79500.0,39750.0,26.5,2.0,1.0,0.0,0.0,2.0,1.0,75,Mid Revenue,Critical
V0036,E-Bike,92,2025-08-20,2.0,81000.0,40500.0,27.0,1.0,1.0,0.0,0.0,2.0,1.0,71,Mid Revenue,Critical
V0037,E-Bike,61,2025-09-25,4.0,93000.0,23250.0,15.5,0.0,1.0,1.0,1.0,3.0,4.0,35,Mid Revenue,Critical
V0038,E-Bike,59,2025-09-08,7.0,222000.0,31714.285714285714,21.142857142857142,3.0,0.0,2.0,0.0,5.0,4.0,52,High Revenue,Critical
V0039,E-Bike,96,2025-09-06,4.0,118500.0,29625.0,19.75,2.0,0.0,1.0,0.0,3.0,3.0,54,Mid Revenue,Critical
V0040,E-Bike,82,2025-09-19,2.0,82500.0,41250.0,27.5,2.0,1.0,1.0,1.0,2.0,1.0,41,Mid Revenue,Critical
V0041,E-Bike,27,2025-09-28,5.0,267000.0,53400.0,35.6,1.0,1.0,2.0,2.0,3.0,4.0,32,High Revenue,Critical
V0042,E-Bike,84,2025-09-05,1.0,30000.0,30000.0,20.0,1.0,0.0,0.0,0.0,1.0,1.0,55,Low Revenue,Critical
V0043,E-Bike,77,2025-08-13,3.0,162000.0,54000.0,36.0,0.0,2.0,0.0,0.0,3.0,3.0,78,Mid Revenue,Critical
V0044,E-Bike,22,2025-08-21,8.0,334500.0,41812.5,27.875,3.0,2.0,3.0,1.0,5.0,5.0,70,High Revenue,Critical
V0045,E-Bike,74,2025-09-19,4.0,159000.0,39750.0,26.5,1.0,0.0,1.0,1.0,4.0,4.0,41,Mid Revenue,Critical
V0046,E-Bike,82,2025-09-21,6.0,166500.0,27750.0,18.5,2.0,2.0,3.0,1.0,4.0,4.0,39,Mid Revenue,Critical
V0047,E-Bike,42,2025-08-18,2.0,63000.0,31500.0,21.0,0.0,1.0,0.0,0.0,2.0,2.0,73,Low Revenue,Critical
V0048,E-Bike,73,2025-08-23,2.0,96000.0,48000.0,32.0,1.0,0.0,0.0,0.0,2.0,2.0,68,Mid Revenue,Critical
V0049,E-Bike,56,2025-09-18,4.0,130500.0,32625.0,21.75,1.0,0.0,1.0,1.0,2.0,4.0,42,Mid Revenue,Critical
V0050,E-Bike,76,2025-09-02,2.0,88500.0,44250.0,29.5,2.0,2.0,0.0,0.0,2.0,2.0,58,Mid Revenue,Critical
V0051,E-Bike,76,2025-09-09,4.0,157500.0,39375.0,26.25,3.0,1.0,2.0,1.0,4.0,4.0,51,Mid Revenue,Critical
V0052,E-Bike,78,2025-09-12,2.0,69000.0,34500.0,23.0,2.0,0.0,0.0,0.0,1.0,2.0,48,Low Revenue,Critical
V0053,E-Bike,69,2025-08-28,2.0,76500.0,38250.0,25.5,1.0,0.0,0.0,0.0,2.0,2.0,63,Mid Revenue,Critical
V0054,E-Bike,94,2025-08-22,2.0,70500.0,35250.0,23.5,1.0,0.0,0.0,0.0,2.0,2.0,69,Low Revenue,Critical
V0055,E-Bike,10,2025-08-31,2.0,57000.0,28500.0,19.0,1.0,1.0,1.0,0.0,2.0,1.0,60,Low Revenue,Critical
V0056,E-Bike,66,2025-09-20,7.0,267000.0,38142.857142857145,25.428571428571427,3.0,3.0,2.0,0.0,5.0,4.0,40,High Revenue,Critical
V0057,E-Bike,73,2025-08-28,5.0,199500.0,39900.0,26.6,4.0,2.0,1.0,1.0,4.0,5.0,63,High Revenue,Critical
V0058,E-Bike,98,2025-09-26,5.0,237000.0,47400.0,31.6,2.0,2.0,4.0,2.0,4.0,4.0,34,High Revenue,Critical
V0059,E-Bike,10,2025-09-03,5.0,157500.0,31500.0,21.0,3.0,1.0,1.0,0.0,5.0,3.0,57,Mid Revenue,Critical
V0060,E-Bike,84,2025-08-06,4.0,159000.0,39750.0,26.5,2.0,1.0,0.0,0.0,3.0,3.0,85,Mid Revenue,Critical
V0061,E-Bike,77,2025-09-20,4.0,127500.0,31875.0,21.25,1.0,0.0,0.0,0.0,3.0,4.0,40,Mid Revenue,Critical
V0062,E-Bike,91,2025-08-04,5.0,184500.0,36900.0,24.6,2.0,0.0,1.0,0.0,4.0,4.0,87,Mid Revenue,Critical
V0063,E-Bike,33,2025-08-06,6.0,246000.0,41000.0,27.333333333333332,4.0,3.0,0.0,0.0,4.0,5.0,85,High Revenue,Critical
V0064,E-Bike,60,2025-08-25,2.0,117000.0,58500.0,39.0,1.0,1.0,2.0,1.0,1.0,2.0,66,Mid Revenue,Critical
V0065,E-Bike,16,2025-08-31,2.0,54000.0,27000.0,18.0,0.0,1.0,1.0,0.0,2.0,2.0,60,Low Revenue,Critical
V0066,E-Bike,91,2025-08-25,2.0,85500.0,42750.0,28.5,0.0,1.0,0.0,0.0,2.0,2.0,66,Mid Revenue,Critical
V0067,E-Bike,25,2025-09-30,2.0,109500.0,54750.0,36.5,1.0,1.0,1.0,0.0,1.0,1.0,30,Mid Revenue,Watch
V0068,E-Bike,35,2025-08-26,3.0,85500.0,28500.0,19.0,1.0,2.0,1.0,1.0,2.0,3.0,65,Mid Revenue,Critical
V0069,E-Bike,90,2025-08-18,3.0,115500.0,38500.0,25.666666666666668,2.0,1.0,0.0,0.0,3.0,2.0,73,Mid Revenue,Critical
V0070,E-Bike,68,2025-09-20,1.0,52500.0,52500.0,35.0,0.0,0.0,0.0,0.0,1.0,1.0,40,Low Revenue,Critical
V0071,E-Bike,59,2025-08-25,1.0,55500.0,55500.0,37.0,0.0,1.0,0.0,0.0,1.0,1.0,66,Low Revenue,Critical
V0072,E-Bike,66,2025-09-07,7.0,310500.0,44357.142857142855,29.571428571428573,3.0,3.0,1.0,1.0,7.0,5.0,53,High Revenue,Critical
V0073,E-Bike,73,2025-08-14,3.0,147000.0,49000.0,32.666666666666664,1.0,1.0,1.0,0.0,3.0,3.0,77,Mid Revenue,Critical
V0074,E-Bike,83,2025-08-30,1.0,36000.0,36000.0,24.0,0.0,1.0,0.0,0.0,1.0,1.0,61,Low Revenue,Critical
V0075,E-Bike,71,2025-09-22,3.0,132000.0,44000.0,29.333333333333332,2.0,0.0,1.0,1.0,3.0,2.0,38,Mid Revenue,Critical
V0076,E-Bike,29,2025-08-03,3.0,112500.0,37500.0,25.0,1.0,0.0,1.0,1.0,2.0,3.0,88,Mid Revenue,Critical
V0077,E-Bike,64,2025-08-18,4.0,160500.0,40125.0,26.75,2.0,1.0,1.0,1.0,4.0,3.0,73,Mid Revenue,Critical
V0078,E-Bike,60,2025-09-10,8.0,282000.0,35250.0,23.5,2.0,2.0,2.0,2.0,6.0,5.0,50,High Revenue,Critical
V0079,E-Bike,53,2025-09-17,4.0,100500.0,25125.0,16.75,2.0,1.0,0.0,0.0,4.0,4.0,43,Mid Revenue,Critical
V0080,E-Bike,23,2025-09-19,5.0,184500.0,36900.0,24.6,2.0,2.0,1.0,1.0,4.0,4.0,41,Mid Revenue,Critical
V0081,E-Bike,93,2025-08-18,2.0,51000.0,25500.0,17.0,1.0,1.0,1.0,0.0,2.0,1.0,73,Low Revenue,Critical
V0082,E-Bike,71,2025-09-05,4.0,151500.0,37875.0,25.25,1.0,0.0,0.0,0.0,3.0,4.0,55,Mid Revenue,Critical
V0083,E-Bike,92,2025-09-02,5.0,178500.0,35700.0,23.8,2.0,3.0,0.0,0.0,5.0,4.0,58,Mid Revenue,Critical
V0084,E-Bike,83,2025-09-13,4.0,126000.0,31500.0,21.0,1.0,2.0,0.0,0.0,4.0,2.0,47,Mid Revenue,Critical
V0085,E-Bike,52,2025-08-03,3.0,154500.0,51500.0,34.333333333333336,2.0,1.0,0.0,0.0,3.0,2.0,88,Mid Revenue,Critical
V0086,E-Bike,65,2025-09-07,2.0,100500.0,50250.0,33.5,0.0,1.0,1.0,0.0,2.0,2.0,53,Mid Revenue,Critical
V0087,E-Bike,84,2025-09-17,3.0,81000.0,27000.0,18.0,2.0,1.0,1.0,0.0,3.0,3.0,43,Mid Revenue,Critical
V0088,E-Bike,100,2025-08-06,2.0,88500.0,44250.0,29.5,0.0,2.0,1.0,1.0,2.0,2.0,85,Mid Revenue,Critical
V0089,E-Bike,63,2025-09-06,1.0,21000.0,21000.0,14.0,1.0,0.0,0.0,0.0,1.0,1.0,54,Low Revenue,Critical
V0090,E-Bike,70,2025-09-13,1.0,57000.0,57000.0,38.0,1.0,0.0,0.0,0.0,1.0,1.0,47,Low Revenue,Critical
V0091,E-Bike,51,2025-08-28,2.0,76500.0,38250.0,25.5,0.0,0.0,0.0,0.0,2.0,2.0,63,Mid Revenue,Critical
V0092,E-Bike,31,2025-09-18,5.0,181500.0,36300.0,24.2,0.0,1.0,0.0,0.0,3.0,4.0,42,Mid Revenue,Critical
V0093,E-Bike,14,2025-08-17,6.0,144000.0,24000.0,16.0,2.0,3.0,3.0,3.0,5.0,4.0,74,Mid Revenue,Critical
V0094,E-Bike,14,2025-09-07,1.0,31500.0,31500.0,21.0,1.0,1.0,0.0,0.0,1.0,1.0,53,Low Revenue,Critical
V0095,E-Bike,12,2025-08-06,2.0,66000.0,33000.0,22.0,0.0,0.0,0.0,0.0,2.0,2.0,85,Low Revenue,Critical
V0096,E-Bike,27,2025-08-08,1.0,10500.0,10500.0,7.0,0.0,0.0,0.0,0.0,1.0,1.0,83,Low Revenue,Critical
V0097,E-Bike,71,2025-08-12,4.0,148500.0,37125.0,24.75,4.0,1.0,0.0,0.0,3.0,3.0,79,Mid Revenue,Critical
V0098,E-Bike,71,2025-08-05,2.0,73500.0,36750.0,24.5,1.0,1.0,0.0,0.0,2.0,2.0,86,Low Revenue,Critical
V0099,E-Bike,36,2025-08-26,0.0,0.0,0.0,0.0,0.0,0.0,0.0,0.0,0.0,0.0,65,Low Revenue,Critical
V0100,E-Bike,14,2025-08-13,2.0,78000.0,39000.0,26.0,2.0,1.0,0.0,0.0,1.0,1.0,78,Mid Revenue,Critical
V0101,E-Bike,42,2025-08-29,2.0,82500.0,41250.0,27.5,1.0,2.0,0.0,0.0,2.0,2.0,62,Mid Revenue,Critical
V0102,E-Bike,17,2025-08-18,5.0,226500.0,45300.0,30.2,2.0,2.0,0.0,0.0,3.0,3.0,73,High Revenue,Critical
V0103,E-Bike,67,2025-08-13,6.0,267000.0,44500.0,29.666666666666668,2.0,2.0,2.0,1.0,4.0,4.0,78,High Revenue,Critical
V0104,E-Bike,63,2025-08-17,2.0,121500.0,60750.0,40.5,0.0,0.0,0.0,0.0,2.0,2.0,74,Mid Revenue,Critical
V0105,E-Bike,73,2025-09-27,3.0,138000.0,46000.0,30.666666666666668,0.0,1.0,0.0,0.0,2.0,3.0,33,Mid Revenue,Critical
V0106,E-Bike,54,2025-08-16,4.0,127500.0,31875.0,21.25,3.0,0.0,1.0,0.0,3.0,4.0,75,Mid Revenue,Critical
V0107,E-Bike,99,2025-08-26,4.0,102000.0,25500.0,17.0,4.0,1.0,0.0,0.0,4.0,3.0,65,Mid Revenue,Critical
V0108,E-Bike,19,2025-08-04,5.0,135000.0,27000.0,18.0,4.0,2.0,1.0,0.0,4.0,4.0,87,Mid Revenue,Critical
V0109,E-Bike,100,2025-09-03,3.0,112500.0,37500.0,25.0,1.0,1.0,0.0,0.0,2.0,3.0,57,Mid Revenue,Critical
V0110,E-Bike,23,2025-08-02,3.0,184500.0,61500.0,41.0,2.0,1.0,0.0,0.0,3.0,2.0,89,Mid Revenue,Critical
V0111,E-Bike,98,2025-08-11,2.0,106500.0,53250.0,35.5,0.0,1.0,2.0,2.0,2.0,2.0,80,Mid Revenue,Critical
V0112,E-Bike,63,2025-08-13,4.0,97500.0,24375.0,16.25,1.0,2.0,0.0,0.0,4.0,4.0,78,Mid Revenue,Critical
V0113,E-Bike,55,2025-08-19,4.0,112500.0,28125.0,18.75,2.0,0.0,0.0,0.0,3.0,4.0,72,Mid Revenue,Critical
V0114,E-Bike,29,2025-09-30,0.0,0.0,0.0,0.0,0.0,0.0,0.0,0.0,0.0,0.0,30,Low Revenue,Watch
V0115,E-Bike,11,2025-09-30,3.0,87000.0,29000.0,19.333333333333332,2.0,0.0,0.0,0.0,3.0,3.0,30,Mid Revenue,Critical
V0116,E-Bike,37,2025-08-03,1.0,61500.0,61500.0,41.0,1.0,1.0,0.0,0.0,1.0,1.0,88,Low Revenue,Critical
V0117,E-Bike,66,2025-08-06,3.0,136500.0,45500.0,30.333333333333332,2.0,1.0,1.0,1.0,3.0,3.0,85,Mid Revenue,Critical
V0118,E-Bike,25,2025-08-23,4.0,166500.0,41625.0,27.75,3.0,2.0,0.0,0.0,3.0,3.0,68,Mid Revenue,Critical
V0119,E-Bike,65,2025-09-24,1.0,31500.0,31500.0,21.0,0.0,0.0,0.0,0.0,1.0,1.0,36,Low Revenue,Critical
V0120,E-Bike,46,2025-08-22,6.0,288000.0,48000.0,32.0,1.0,2.0,1.0,1.0,5.0,4.0,69,High Revenue,Critical
V0121,E-Bike,43,2025-09-23,5.0,163500.0,32700.0,21.8,2.0,1.0,0.0,0.0,5.0,4.0,37,Mid Revenue,Critical
V0122,E-Bike,84,2025-08-07,5.0,189000.0,37800.0,25.2,2.0,2.0,2.0,1.0,4.0,5.0,84,High Revenue,Critical
V0123,E-Bike,85,2025-08-05,5.0,192000.0,38400.0,25.6,2.0,3.0,3.0,1.0,3.0,4.0,86,High Revenue,Critical
V0124,E-Bike,93,2025-08-08,2.0,76500.0,38250.0,25.5,0.0,0.0,1.0,1.0,2.0,1.0,83,Mid Revenue,Critical
V0125,E-Bike,53,2025-09-08,2.0,91500.0,45750.0,30.5,0.0,1.0,1.0,0.0,2.0,2.0,52,Mid Revenue,Critical
V0126,E-Bike,10,2025-09-19,3.0,117000.0,39000.0,26.0,0.0,2.0,0.0,0.0,2.0,2.0,41,Mid Revenue,Critical
V0127,E-Bike,61,2025-08-08,6.0,199500.0,33250.0,22.166666666666668,1.0,1.0,0.0,0.0,4.0,4.0,83,High Revenue,Critical
V0128,E-Bike,61,2025-08-28,5.0,105000.0,21000.0,14.0,4.0,2.0,1.0,0.0,4.0,3.0,63,Mid Revenue,Critical
V0129,E-Bike,65,2025-09-16,3.0,121500.0,40500.0,27.0,2.0,0.0,0.0,0.0,3.0,2.0,44,Mid Revenue,Critical
V0130,E-Bike,31,2025-08-29,4.0,195000.0,48750.0,32.5,1.0,2.0,0.0,0.0,3.0,4.0,62,High Revenue,Critical
V0131,E-Bike,40,2025-09-01,3.0,114000.0,38000.0,25.333333333333332,3.0,1.0,0.0,0.0,3.0,3.0,59,Mid Revenue,Critical
V0132,E-Bike,70,2025-09-03,1.0,51000.0,51000.0,34.0,0.0,0.0,0.0,0.0,1.0,1.0,57,Low Revenue,Critical
V0133,E-Bike,34,2025-08-25,0.0,0.0,0.0,0.0,0.0,0.0,0.0,0.0,0.0,0.0,66,Low Revenue,Critical
V0134,E-Bike,66,2025-09-01,2.0,81000.0,40500.0,27.0,0.0,1.0,1.0,1.0,2.0,2.0,59,Mid Revenue,Critical
V0135,E-Bike,83,2025-09-06,6.0,256500.0,42750.0,28.5,2.0,2.0,0.0,0.0,4.0,5.0,54,High Revenue,Critical
V0136,E-Bike,24,2025-08-29,5.0,193500.0,38700.0,25.8,3.0,2.0,1.0,0.0,3.0,3.0,62,High Revenue,Critical
V0137,E-Bike,65,2025-09-09,1.0,49500.0,49500.0,33.0,1.0,0.0,0.0,0.0,1.0,1.0,51,Low Revenue,Critical
V0138,E-Bike,61,2025-08-31,4.0,99000.0,24750.0,16.5,3.0,0.0,2.0,0.0,3.0,4.0,60,Mid Revenue,Critical
V0139,E-Bike,94,2025-08-25,4.0,169500.0,42375.0,28.25,2.0,3.0,0.0,0.0,3.0,4.0,66,Mid Revenue,Critical
V0140,E-Bike,68,2025-08-22,3.0,100500.0,33500.0,22.333333333333332,2.0,1.0,1.0,0.0,2.0,2.0,69,Mid Revenue,Critical
V0141,E-Bike,29,2025-09-16,4.0,108000.0,27000.0,18.0,3.0,1.0,1.0,0.0,4.0,3.0,44,Mid Revenue,Critical
V0142,E-Bike,91,2025-09-22,3.0,115500.0,38500.0,25.666666666666668,1.0,0.0,1.0,1.0,3.0,3.0,38,Mid Revenue,Critical
V0143,E-Bike,78,2025-09-21,3.0,171000.0,57000.0,38.0,2.0,0.0,2.0,2.0,2.0,3.0,39,Mid Revenue,Critical
V0144,E-Bike,63,2025-08-07,2.0,54000.0,27000.0,18.0,2.0,1.0,0.0,0.0,2.0,2.0,84,Low Revenue,Critical
V0145,E-Bike,68,2025-09-13,5.0,225000.0,45000.0,30.0,1.0,2.0,0.0,0.0,3.0,5.0,47,High Revenue,Critical
V0146,E-Bike,90,2025-08-14,7.0,189000.0,27000.0,18.0,4.0,1.0,0.0,0.0,5.0,4.0,77,High Revenue,Critical
V0147,E-Bike,93,2025-09-22,5.0,229500.0,45900.0,30.6,2.0,3.0,1.0,1.0,4.0,4.0,38,High Revenue,Critical
V0148,E-Bike,82,2025-09-22,6.0,190500.0,31750.0,21.166666666666668,3.0,1.0,1.0,1.0,4.0,6.0,38,High Revenue,Critical
V0149,E-Bike,64,2025-08-08,2.0,103500.0,51750.0,34.5,1.0,0.0,1.0,1.0,2.0,1.0,83,Mid Revenue,Critical
V0150,E-Bike,53,2025-09-13,3.0,79500.0,26500.0,17.666666666666668,2.0,1.0,0.0,0.0,3.0,3.0,47,Mid Revenue,Critical
V0151,E-Bike,94,2025-09-28,5.0,169500.0,33900.0,22.6,1.0,0.0,1.0,1.0,4.0,4.0,32,Mid Revenue,Critical
V0152,E-Bike,43,2025-08-29,10.0,364500.0,36450.0,24.3,4.0,6.0,4.0,2.0,7.0,4.0,62,High Revenue,Critical
V0153,E-Bike,94,2025-08-20,1.0,10500.0,10500.0,7.0,1.0,0.0,0.0,0.0,1.0,1.0,71,Low Revenue,Critical
V0154,E-Bike,13,2025-08-19,3.0,108000.0,36000.0,24.0,1.0,1.0,0.0,0.0,3.0,3.0,72,Mid Revenue,Critical
V0155,E-Bike,51,2025-09-24,4.0,177000.0,44250.0,29.5,2.0,1.0,0.0,0.0,3.0,2.0,36,Mid Revenue,Critical
V0156,E-Bike,41,2025-09-04,7.0,252000.0,36000.0,24.0,4.0,3.0,2.0,1.0,5.0,6.0,56,High Revenue,Critical
V0157,E-Bike,67,2025-09-05,2.0,94500.0,47250.0,31.5,1.0,0.0,0.0,0.0,1.0,2.0,55,Mid Revenue,Critical
V0158,E-Bike,24,2025-09-02,4.0,177000.0,44250.0,29.5,2.0,2.0,2.0,0.0,3.0,3.0,58,Mid Revenue,Critical
V0159,E-Bike,87,2025-08-30,3.0,51000.0,17000.0,11.333333333333334,1.0,0.0,3.0,2.0,3.0,3.0,61,Low Revenue,Critical
V0160,E-Bike,39,2025-09-17,4.0,181500.0,45375.0,30.25,3.0,1.0,1.0,1.0,3.0,4.0,43,Mid Revenue,Critical
V0161,E-Bike,99,2025-09-29,3.0,118500.0,39500.0,26.333333333333332,2.0,1.0,0.0,0.0,3.0,2.0,31,Mid Revenue,Critical
V0162,E-Bike,19,2025-08-21,2.0,70500.0,35250.0,23.5,2.0,0.0,0.0,0.0,2.0,1.0,70,Low Revenue,Critical
V0163,E-Bike,92,2025-08-07,1.0,40500.0,40500.0,27.0,0.0,0.0,0.0,0.0,1.0,1.0,84,Low Revenue,Critical
V0164,E-Bike,63,2025-09-16,4.0,156000.0,39000.0,26.0,2.0,2.0,1.0,1.0,2.0,4.0,44,Mid Revenue,Critical
V0165,E-Bike,45,2025-09-26,5.0,235500.0,47100.0,31.4,2.0,0.0,0.0,0.0,4.0,4.0,34,High Revenue,Critical
V0166,E-Bike,56,2025-08-29,2.0,46500.0,23250.0,15.5,1.0,2.0,0.0,0.0,2.0,2.0,62,Low Revenue,Critical
V0167,E-Bike,59,2025-08-17,4.0,124500.0,31125.0,20.75,1.0,2.0,0.0,0.0,3.0,3.0,74,Mid Revenue,Critical
V0168,E-Bike,19,2025-09-05,0.0,0.0,0.0,0.0,0.0,0.0,0.0,0.0,0.0,0.0,55,Low Revenue,Critical
V0169,E-Bike,68,2025-09-04,2.0,84000.0,42000.0,28.0,1.0,1.0,1.0,1.0,2.0,2.0,56,Mid Revenue,Critical
V0170,E-Bike,61,2025-09-07,2.0,70500.0,35250.0,23.5,1.0,1.0,0.0,0.0,2.0,2.0,53,Low Revenue,Critical
V0171,E-Bike,97,2025-08-31,3.0,106500.0,35500.0,23.666666666666668,1.0,1.0,1.0,0.0,3.0,2.0,60,Mid Revenue,Critical
V0172,E-Bike,55,2025-08-06,0.0,0.0,0.0,0.0,0.0,0.0,0.0,0.0,0.0,0.0,85,Low Revenue,Critical
V0173,E-Bike,88,2025-08-18,3.0,76500.0,25500.0,17.0,2.0,2.0,2.0,1.0,3.0,3.0,73,Mid Revenue,Critical
V0174,E-Bike,42,2025-09-03,5.0,147000.0,29400.0,19.6,1.0,0.0,0.0,0.0,4.0,4.0,57,Mid Revenue,Critical
V0175,E-Bike,97,2025-08-31,6.0,292500.0,48750.0,32.5,3.0,0.0,0.0,0.0,4.0,5.0,60,High Revenue,Critical
V0176,E-Bike,16,2025-08-04,1.0,7500.0,7500.0,5.0,1.0,0.0,1.0,0.0,1.0,1.0,87,Low Revenue,Critical
V0177,E-Bike,21,2025-09-12,9.0,348000.0,38666.666666666664,25.77777777777778,4.0,0.0,1.0,1.0,7.0,7.0,48,High Revenue,Critical
V0178,E-Bike,75,2025-08-20,1.0,22500.0,22500.0,15.0,1.0,1.0,0.0,0.0,1.0,1.0,71,Low Revenue,Critical
V0179,E-Bike,67,2025-08-01,3.0,112500.0,37500.0,25.0,0.0,0.0,0.0,0.0,3.0,3.0,90,Mid Revenue,Critical
V0180,E-Bike,22,2025-08-20,3.0,70500.0,23500.0,15.666666666666666,1.0,1.0,0.0,0.0,3.0,3.0,71,Low Revenue,Critical
V0181,E-Bike,84,2025-08-27,3.0,133500.0,44500.0,29.666666666666668,1.0,0.0,1.0,1.0,2.0,3.0,64,Mid Revenue,Critical
V0182,E-Bike,61,2025-09-28,1.0,42000.0,42000.0,28.0,0.0,0.0,0.0,0.0,1.0,1.0,32,Low Revenue,Critical
V0183,E-Bike,13,2025-08-18,5.0,162000.0,32400.0,21.6,3.0,3.0,1.0,1.0,4.0,4.0,73,Mid Revenue,Critical
V0184,E-Bike,52,2025-09-09,1.0,19500.0,19500.0,13.0,0.0,0.0,0.0,0.0,1.0,1.0,51,Low Revenue,Critical
V0185,E-Bike,51,2025-08-22,2.0,81000.0,40500.0,27.0,1.0,0.0,0.0,0.0,2.0,2.0,69,Mid Revenue,Critical
V0186,E-Bike,93,2025-09-03,3.0,126000.0,42000.0,28.0,3.0,1.0,0.0,0.0,3.0,3.0,57,Mid Revenue,Critical
V0187,E-Bike,45,2025-09-25,0.0,0.0,0.0,0.0,0.0,0.0,0.0,0.0,0.0,0.0,35,Low Revenue,Critical
V0188,E-Bike,33,2025-08-22,3.0,172500.0,57500.0,38.333333333333336,0.0,0.0,2.0,0.0,3.0,3.0,69,Mid Revenue,Critical
V0189,E-Bike,87,2025-08-31,5.0,174000.0,34800.0,23.2,0.0,3.0,2.0,2.0,5.0,5.0,60,Mid Revenue,Critical
V0190,E-Bike,65,2025-09-17,6.0,255000.0,42500.0,28.333333333333332,2.0,1.0,0.0,0.0,5.0,5.0,43,High Revenue,Critical
V0191,E-Bike,60,2025-08-22,1.0,46500.0,46500.0,31.0,0.0,0.0,0.0,0.0,1.0,1.0,69,Low Revenue,Critical
V0192,E-Bike,62,2025-08-17,7.0,238500.0,34071.42857142857,22.714285714285715,1.0,1.0,1.0,1.0,3.0,4.0,74,High Revenue,Critical
V0193,E-Bike,77,2025-09-27,4.0,183000.0,45750.0,30.5,2.0,2.0,1.0,0.0,3.0,3.0,33,Mid Revenue,Critical
V0194,E-Bike,81,2025-09-22,3.0,87000.0,29000.0,19.333333333333332,2.0,0.0,0.0,0.0,3.0,3.0,38,Mid Revenue,Critical
V0195,E-Bike,98,2025-08-27,2.0,45000.0,22500.0,15.0,1.0,0.0,1.0,1.0,2.0,1.0,64,Low Revenue,Critical
V0196,E-Bike,18,2025-08-02,4.0,177000.0,44250.0,29.5,1.0,2.0,1.0,0.0,2.0,3.0,89,Mid Revenue,Critical
V0197,E-Bike,35,2025-09-17,7.0,237000.0,33857.142857142855,22.571428571428573,2.0,1.0,1.0,0.0,6.0,4.0,43,High Revenue,Critical
V0198,E-Bike,17,2025-09-12,2.0,115500.0,57750.0,38.5,0.0,1.0,0.0,0.0,2.0,2.0,48,Mid Revenue,Critical
V0199,E-Bike,75,2025-09-19,4.0,99000.0,24750.0,16.5,3.0,1.0,0.0,0.0,3.0,4.0,41,Mid Revenue,Critical
V0200,E-Bike,68,2025-09-18,6.0,193500.0,32250.0,21.5,2.0,2.0,3.0,1.0,5.0,5.0,42,High Revenue,Critical
V0201,E-Bike,46,2025-08-27,3.0,106500.0,35500.0,23.666666666666668,1.0,1.0,2.0,0.0,2.0,2.0,64,Mid Revenue,Critical
V0202,E-Bike,92,2025-09-01,3.0,97500.0,32500.0,21.666666666666668,2.0,1.0,2.0,0.0,2.0,2.0,59,Mid Revenue,Critical
V0203,E-Bike,97,2025-08-07,1.0,21000.0,21000.0,14.0,0.0,0.0,0.0,0.0,1.0,1.0,84,Low Revenue,Critical
V0204,E-Bike,37,2025-09-20,7.0,271500.0,38785.71428571428,25.857142857142858,3.0,3.0,3.0,1.0,5.0,6.0,40,High Revenue,Critical
V0205,E-Bike,34,2025-08-19,3.0,57000.0,19000.0,12.666666666666666,2.0,1.0,1.0,0.0,3.0,3.0,72,Low Revenue,Critical
V0206,E-Bike,75,2025-08-21,4.0,156000.0,39000.0,26.0,2.0,1.0,0.0,0.0,2.0,4.0,70,Mid Revenue,Critical
V0207,E-Bike,21,2025-08-18,4.0,177000.0,44250.0,29.5,1.0,2.0,3.0,0.0,4.0,3.0,73,Mid Revenue,Critical
V0208,E-Bike,68,2025-08-01,2.0,78000.0,39000.0,26.0,2.0,1.0,0.0,0.0,1.0,2.0,90,Mid Revenue,Critical
V0209,E-Bike,49,2025-09-21,2.0,70500.0,35250.0,23.5,0.0,0.0,0.0,0.0,2.0,2.0,39,Low Revenue,Critical
V0210,E-Bike,35,2025-08-08,2.0,87000.0,43500.0,29.0,0.0,0.0,0.0,0.0,2.0,2.0,83,Mid Revenue,Critical
V0211,E-Bike,23,2025-08-15,3.0,97500.0,32500.0,21.666666666666668,1.0,0.0,1.0,0.0,2.0,3.0,76,Mid Revenue,Critical
V0212,E-Bike,26,2025-09-04,0.0,0.0,0.0,0.0,0.0,0.0,0.0,0.0,0.0,0.0,56,Low Revenue,Critical
V0213,E-Bike,60,2025-09-27,5.0,163500.0,32700.0,21.8,3.0,1.0,1.0,0.0,5.0,4.0,33,Mid Revenue,Critical
V0214,E-Bike,97,2025-08-08,3.0,126000.0,42000.0,28.0,1.0,1.0,0.0,0.0,2.0,3.0,83,Mid Revenue,Critical
V0215,E-Bike,73,2025-09-01,2.0,28500.0,14250.0,9.5,0.0,0.0,1.0,0.0,2.0,2.0,59,Low Revenue,Critical
V0216,E-Bike,30,2025-08-19,3.0,52500.0,17500.0,11.666666666666666,2.0,1.0,1.0,0.0,3.0,3.0,72,Low Revenue,Critical
V0217,E-Bike,98,2025-09-18,6.0,165000.0,27500.0,18.333333333333332,3.0,3.0,0.0,0.0,5.0,4.0,42,Mid Revenue,Critical
V0218,E-Bike,61,2025-08-29,0.0,0.0,0.0,0.0,0.0,0.0,0.0,0.0,0.0,0.0,62,Low Revenue,Critical
V0219,E-Bike,57,2025-08-28,4.0,153000.0,38250.0,25.5,2.0,0.0,0.0,0.0,2.0,2.0,63,Mid Revenue,Critical
V0220,E-Bike,15,2025-08-13,4.0,108000.0,27000.0,18.0,1.0,1.0,2.0,1.0,3.0,4.0,78,Mid Revenue,Critical
V0221,E-Bike,51,2025-08-27,4.0,129000.0,32250.0,21.5,2.0,1.0,1.0,1.0,3.0,3.0,64,Mid Revenue,Critical
V0222,E-Bike,31,2025-09-30,1.0,51000.0,51000.0,34.0,1.0,0.0,0.0,0.0,1.0,1.0,30,Low Revenue,Watch
V0223,E-Bike,87,2025-09-24,3.0,174000.0,58000.0,38.666666666666664,2.0,1.0,0.0,0.0,3.0,2.0,36,Mid Revenue,Critical
V0224,E-Bike,58,2025-08-23,1.0,24000.0,24000.0,16.0,1.0,0.0,0.0,0.0,1.0,1.0,68,Low Revenue,Critical
V0225,E-Bike,55,2025-09-08,5.0,127500.0,25500.0,17.0,2.0,3.0,1.0,0.0,3.0,3.0,52,Mid Revenue,Critical
V0226,E-Bike,59,2025-08-28,4.0,159000.0,39750.0,26.5,2.0,1.0,1.0,0.0,2.0,2.0,63,Mid Revenue,Critical
V0227,E-Bike,85,2025-08-22,6.0,219000.0,36500.0,24.333333333333332,4.0,2.0,0.0,0.0,4.0,5.0,69,High Revenue,Critical
V0228,E-Bike,36,2025-09-24,6.0,190500.0,31750.0,21.166666666666668,3.0,1.0,1.0,1.0,5.0,5.0,36,High Revenue,Critical
V0229,E-Bike,80,2025-08-26,4.0,118500.0,29625.0,19.75,3.0,1.0,1.0,1.0,4.0,3.0,65,Mid Revenue,Critical
V0230,E-Bike,33,2025-08-29,6.0,219000.0,36500.0,24.333333333333332,4.0,1.0,0.0,0.0,3.0,5.0,62,High Revenue,Critical
V0231,E-Bike,22,2025-08-24,2.0,48000.0,24000.0,16.0,0.0,0.0,0.0,0.0,2.0,2.0,67,Low Revenue,Critical
V0232,E-Bike,66,2025-08-31,2.0,91500.0,45750.0,30.5,1.0,2.0,1.0,0.0,2.0,2.0,60,Mid Revenue,Critical
V0233,E-Bike,40,2025-08-06,2.0,60000.0,30000.0,20.0,1.0,2.0,0.0,0.0,2.0,1.0,85,Low Revenue,Critical
V0234,E-Bike,80,2025-09-29,4.0,150000.0,37500.0,25.0,1.0,1.0,0.0,0.0,4.0,3.0,31,Mid Revenue,Critical
V0235,E-Bike,61,2025-09-16,3.0,135000.0,45000.0,30.0,2.0,1.0,1.0,1.0,3.0,1.0,44,Mid Revenue,Critical
V0236,E-Bike,42,2025-08-18,7.0,277500.0,39642.857142857145,26.428571428571427,3.0,1.0,1.0,0.0,4.0,5.0,73,High Revenue,Critical
V0237,E-Bike,81,2025-09-03,3.0,151500.0,50500.0,33.666666666666664,2.0,1.0,0.0,0.0,3.0,3.0,57,Mid Revenue,Critical
V0238,E-Bike,23,2025-08-03,4.0,121500.0,30375.0,20.25,1.0,1.0,0.0,0.0,4.0,4.0,88,Mid Revenue,Critical
V0239,E-Bike,59,2025-08-19,3.0,100500.0,33500.0,22.333333333333332,0.0,1.0,0.0,0.0,2.0,2.0,72,Mid Revenue,Critical
V0240,E-Bike,46,2025-08-13,1.0,28500.0,28500.0,19.0,0.0,0.0,0.0,0.0,1.0,1.0,78,Low Revenue,Critical
V0241,E-Bike,36,2025-09-03,2.0,67500.0,33750.0,22.5,0.0,0.0,0.0,0.0,1.0,2.0,57,Low Revenue,Critical
V0242,E-Bike,74,2025-09-16,1.0,37500.0,37500.0,25.0,1.0,0.0,0.0,0.0,1.0,1.0,44,Low Revenue,Critical
V0243,E-Bike,53,2025-08-21,4.0,132000.0,33000.0,22.0,3.0,3.0,1.0,1.0,3.0,4.0,70,Mid Revenue,Critical
V0244,E-Bike,31,2025-09-10,1.0,42000.0,42000.0,28.0,1.0,0.0,0.0,0.0,1.0,1.0,50,Low Revenue,Critical
V0245,E-Bike,14,2025-09-11,5.0,81000.0,16200.0,10.8,2.0,2.0,2.0,2.0,3.0,3.0,49,Mid Revenue,Critical
V0246,E-Bike,84,2025-08-13,7.0,342000.0,48857.142857142855,32.57142857142857,3.0,1.0,1.0,1.0,5.0,5.0,78,High Revenue,Critical
V0247,E-Bike,34,2025-09-21,6.0,127500.0,21250.0,14.166666666666666,0.0,3.0,0.0,0.0,5.0,5.0,39,Mid Revenue,Critical
V0248,E-Bike,40,2025-08-11,4.0,138000.0,34500.0,23.0,1.0,2.0,0.0,0.0,3.0,4.0,80,Mid Revenue,Critical
V0249,E-Bike,68,2025-08-07,2.0,28500.0,14250.0,9.5,1.0,1.0,0.0,0.0,2.0,2.0,84,Low Revenue,Critical
V0250,E-Bike,54,2025-09-22,1.0,48000.0,48000.0,32.0,0.0,0.0,1.0,1.0,1.0,1.0,38,Low Revenue,Critical
V0251,E-Bike,25,2025-08-24,6.0,234000.0,39000.0,26.0,1.0,4.0,1.0,1.0,5.0,4.0,67,High Revenue,Critical
V0252,E-Bike,53,2025-09-27,3.0,106500.0,35500.0,23.666666666666668,1.0,2.0,1.0,1.0,2.0,3.0,33,Mid Revenue,Critical
V0253,E-Bike,73,2025-09-24,4.0,154500.0,38625.0,25.75,2.0,1.0,1.0,0.0,3.0,3.0,36,Mid Revenue,Critical
V0254,E-Bike,75,2025-08-01,3.0,124500.0,41500.0,27.666666666666668,1.0,0.0,1.0,1.0,2.0,3.0,90,Mid Revenue,Critical
V0255,E-Bike,70,2025-08-06,2.0,79500.0,39750.0,26.5,2.0,1.0,0.0,0.0,2.0,2.0,85,Mid Revenue,Critical
V0256,E-Bike,81,2025-09-18,5.0,193500.0,38700.0,25.8,4.0,0.0,1.0,1.0,3.0,4.0,42,High Revenue,Critical
V0257,E-Bike,82,2025-09-06,4.0,139500.0,34875.0,23.25,1.0,2.0,1.0,1.0,3.0,3.0,54,Mid Revenue,Critical
V0258,E-Bike,81,2025-08-14,5.0,237000.0,47400.0,31.6,2.0,1.0,0.0,0.0,4.0,4.0,77,High Revenue,Critical
V0259,E-Bike,55,2025-08-31,6.0,247500.0,41250.0,27.5,4.0,1.0,1.0,0.0,5.0,4.0,60,High Revenue,Critical
V0260,E-Bike,36,2025-08-26,5.0,123000.0,24600.0,16.4,2.0,2.0,0.0,0.0,3.0,4.0,65,Mid Revenue,Critical
V0261,E-Bike,35,2025-09-20,10.0,382500.0,38250.0,25.5,5.0,3.0,1.0,0.0,7.0,7.0,40,High Revenue,Critical
V0262,E-Bike,45,2025-08-17,3.0,102000.0,34000.0,22.666666666666668,0.0,1.0,0.0,0.0,2.0,3.0,74,Mid Revenue,Critical
V0263,E-Bike,22,2025-09-07,2.0,63000.0,31500.0,21.0,0.0,0.0,0.0,0.0,2.0,2.0,53,Low Revenue,Critical
V0264,E-Bike,64,2025-09-22,4.0,106500.0,26625.0,17.75,1.0,1.0,1.0,0.0,3.0,4.0,38,Mid Revenue,Critical
V0265,E-Bike,27,2025-08-14,6.0,222000.0,37000.0,24.666666666666668,1.0,2.0,1.0,1.0,5.0,5.0,77,High Revenue,Critical
V0266,E-Bike,46,2025-09-10,2.0,75000.0,37500.0,25.0,1.0,1.0,0.0,0.0,2.0,2.0,50,Low Revenue,Critical
V0267,E-Bike,98,2025-08-04,5.0,172500.0,34500.0,23.0,2.0,1.0,1.0,0.0,5.0,3.0,87,Mid Revenue,Critical
V0268,E-Bike,97,2025-08-30,0.0,0.0,0.0,0.0,0.0,0.0,0.0,0.0,0.0,0.0,61,Low Revenue,Critical
V0269,E-Bike,62,2025-08-13,3.0,148500.0,49500.0,33.0,0.0,1.0,1.0,1.0,3.0,3.0,78,Mid Revenue,Critical
V0270,E-Bike,14,2025-08-07,6.0,237000.0,39500.0,26.333333333333332,2.0,3.0,0.0,0.0,3.0,3.0,84,High Revenue,Critical
V0271,E-Bike,34,2025-08-14,3.0,121500.0,40500.0,27.0,1.0,0.0,0.0,0.0,2.0,3.0,77,Mid Revenue,Critical
V0272,E-Bike,48,2025-08-26,4.0,145500.0,36375.0,24.25,2.0,0.0,0.0,0.0,3.0,3.0,65,Mid Revenue,Critical
V0273,E-Bike,49,2025-08-05,2.0,60000.0,30000.0,20.0,2.0,1.0,1.0,0.0,1.0,2.0,86,Low Revenue,Critical
V0274,E-Bike,47,2025-09-30,4.0,99000.0,24750.0,16.5,2.0,1.0,0.0,0.0,4.0,2.0,30,Mid Revenue,Watch
V0275,E-Bike,45,2025-08-25,2.0,57000.0,28500.0,19.0,0.0,0.0,1.0,0.0,2.0,2.0,66,Low Revenue,Critical
V0276,E-Bike,21,2025-09-20,5.0,139500.0,27900.0,18.6,3.0,2.0,3.0,1.0,4.0,4.0,40,Mid Revenue,Critical
V0277,E-Bike,78,2025-08-27,3.0,73500.0,24500.0,16.333333333333332,1.0,0.0,0.0,0.0,3.0,2.0,64,Low Revenue,Critical
V0278,E-Bike,69,2025-08-06,5.0,162000.0,32400.0,21.6,2.0,1.0,0.0,0.0,3.0,3.0,85,Mid Revenue,Critical
V0279,E-Bike,42,2025-09-24,3.0,90000.0,30000.0,20.0,1.0,3.0,1.0,1.0,3.0,3.0,36,Mid Revenue,Critical
V0280,E-Bike,38,2025-08-11,9.0,247500.0,27500.0,18.333333333333332,3.0,1.0,5.0,2.0,6.0,5.0,80,High Revenue,Critical
V0281,E-Bike,66,2025-09-24,0.0,0.0,0.0,0.0,0.0,0.0,0.0,0.0,0.0,0.0,36,Low Revenue,Critical
V0282,E-Bike,76,2025-09-06,1.0,21000.0,21000.0,14.0,1.0,1.0,1.0,0.0,1.0,1.0,54,Low Revenue,Critical
V0283,E-Bike,27,2025-08-17,5.0,156000.0,31200.0,20.8,2.0,2.0,1.0,0.0,5.0,4.0,74,Mid Revenue,Critical
V0284,E-Bike,43,2025-09-04,1.0,16500.0,16500.0,11.0,0.0,0.0,1.0,1.0,1.0,1.0,56,Low Revenue,Critical
V0285,E-Bike,75,2025-08-27,2.0,81000.0,40500.0,27.0,0.0,0.0,0.0,0.0,2.0,2.0,64,Mid Revenue,Critical
V0286,E-Bike,84,2025-08-27,4.0,208500.0,52125.0,34.75,2.0,1.0,1.0,0.0,4.0,3.0,64,High Revenue,Critical
V0287,E-Bike,70,2025-08-03,6.0,154500.0,25750.0,17.166666666666668,1.0,4.0,1.0,1.0,5.0,5.0,88,Mid Revenue,Critical
V0288,E-Bike,84,2025-08-03,2.0,121500.0,60750.0,40.5,2.0,0.0,1.0,1.0,2.0,2.0,88,Mid Revenue,Critical
V0289,E-Bike,34,2025-08-10,0.0,0.0,0.0,0.0,0.0,0.0,0.0,0.0,0.0,0.0,81,Low Revenue,Critical
V0290,E-Bike,13,2025-08-06,1.0,54000.0,54000.0,36.0,1.0,0.0,0.0,0.0,1.0,1.0,85,Low Revenue,Critical
V0291,E-Bike,35,2025-08-07,3.0,154500.0,51500.0,34.333333333333336,0.0,0.0,1.0,0.0,3.0,2.0,84,Mid Revenue,Critical
V0292,E-Bike,16,2025-09-30,3.0,66000.0,22000.0,14.666666666666666,2.0,0.0,0.0,0.0,3.0,2.0,30,Low Revenue,Critical
V0293,E-Bike,25,2025-09-01,1.0,52500.0,52500.0,35.0,0.0,0.0,0.0,0.0,1.0,1.0,59,Low Revenue,Critical
V0294,E-Bike,93,2025-08-10,2.0,66000.0,33000.0,22.0,1.0,2.0,1.0,1.0,2.0,2.0,81,Low Revenue,Critical
V0295,E-Bike,63,2025-08-26,2.0,73500.0,36750.0,24.5,2.0,1.0,0.0,0.0,2.0,2.0,65,Low Revenue,Critical
V0296,E-Bike,73,2025-09-01,2.0,69000.0,34500.0,23.0,1.0,0.0,0.0,0.0,2.0,2.0,59,Low Revenue,Critical
V0297,E-Bike,92,2025-08-17,4.0,145500.0,36375.0,24.25,3.0,1.0,1.0,0.0,3.0,4.0,74,Mid Revenue,Critical
V0298,E-Bike,17,2025-08-27,2.0,112500.0,56250.0,37.5,1.0,1.0,0.0,0.0,2.0,2.0,64,Mid Revenue,Critical
V0299,E-Bike,57,2025-08-17,2.0,97500.0,48750.0,32.5,1.0,0.0,0.0,0.0,2.0,1.0,74,Mid Revenue,Critical
V0300,E-Bike,71,2025-09-02,1.0,21000.0,21000.0,14.0,0.0,0.0,0.0,0.0,1.0,1.0,58,Low Revenue,Critical
V0301,E-Bike,10,2025-08-30,8.0,208500.0,26062.5,17.375,6.0,2.0,1.0,1.0,7.0,5.0,61,High Revenue,Critical
V0302,E-Bike,46,2025-09-02,2.0,72000.0,36000.0,24.0,1.0,0.0,1.0,1.0,2.0,2.0,58,Low Revenue,Critical
V0303,E-Bike,30,2025-09-29,6.0,213000.0,35500.0,23.666666666666668,3.0,1.0,2.0,0.0,5.0,5.0,31,High Revenue,Critical
V0304,E-Bike,99,2025-09-25,3.0,99000.0,33000.0,22.0,1.0,2.0,2.0,1.0,2.0,1.0,35,Mid Revenue,Critical
V0305,E-Bike,78,2025-08-28,3.0,114000.0,38000.0,25.333333333333332,1.0,0.0,0.0,0.0,2.0,3.0,63,Mid Revenue,Critical
V0306,E-Bike,85,2025-08-17,4.0,156000.0,39000.0,26.0,4.0,0.0,2.0,0.0,4.0,2.0,74,Mid Revenue,Critical
V0307,E-Bike,53,2025-09-10,4.0,199500.0,49875.0,33.25,1.0,2.0,1.0,0.0,3.0,4.0,50,High Revenue,Critical
V0308,E-Bike,71,2025-09-23,4.0,142500.0,35625.0,23.75,2.0,2.0,1.0,1.0,4.0,4.0,37,Mid Revenue,Critical
V0309,E-Bike,38,2025-09-20,6.0,199500.0,33250.0,22.166666666666668,3.0,3.0,2.0,1.0,5.0,3.0,40,High Revenue,Critical
V0310,E-Bike,57,2025-09-29,2.0,24000.0,12000.0,8.0,0.0,1.0,1.0,1.0,1.0,2.0,31,Low Revenue,Critical
V0311,E-Bike,39,2025-08-21,4.0,172500.0,43125.0,28.75,2.0,1.0,0.0,0.0,4.0,3.0,70,Mid Revenue,Critical
V0312,E-Bike,17,2025-09-14,3.0,60000.0,20000.0,13.333333333333334,0.0,0.0,0.0,0.0,2.0,3.0,46,Low Revenue,Critical
V0313,E-Bike,19,2025-09-03,1.0,67500.0,67500.0,45.0,0.0,0.0,0.0,0.0,1.0,1.0,57,Low Revenue,Critical
V0314,E-Bike,16,2025-09-15,4.0,132000.0,33000.0,22.0,2.0,0.0,1.0,1.0,3.0,3.0,45,Mid Revenue,Critical
V0315,E-Bike,79,2025-09-27,8.0,276000.0,34500.0,23.0,4.0,5.0,2.0,0.0,5.0,6.0,33,High Revenue,Critical
V0316,E-Bike,56,2025-09-10,5.0,192000.0,38400.0,25.6,4.0,0.0,0.0,0.0,3.0,4.0,50,High Revenue,Critical
V0317,E-Bike,50,2025-08-18,2.0,79500.0,39750.0,26.5,1.0,0.0,0.0,0.0,2.0,2.0,73,Mid Revenue,Critical
V0318,E-Bike,73,2025-09-04,3.0,69000.0,23000.0,15.333333333333334,0.0,1.0,2.0,2.0,3.0,3.0,56,Low Revenue,Critical
V0319,E-Bike,15,2025-08-21,6.0,283500.0,47250.0,31.5,2.0,3.0,2.0,2.0,5.0,6.0,70,High Revenue,Critical
V0320,E-Bike,76,2025-08-18,3.0,157500.0,52500.0,35.0,3.0,1.0,1.0,0.0,3.0,2.0,73,Mid Revenue,Critical
V0321,E-Bike,39,2025-08-25,1.0,9000.0,9000.0,6.0,0.0,1.0,1.0,0.0,1.0,1.0,66,Low Revenue,Critical
V0322,E-Bike,84,2025-09-17,2.0,93000.0,46500.0,31.0,1.0,1.0,0.0,0.0,2.0,2.0,43,Mid Revenue,Critical
V0323,E-Bike,48,2025-08-04,3.0,141000.0,47000.0,31.333333333333332,0.0,0.0,1.0,0.0,3.0,2.0,87,Mid Revenue,Critical
V0324,E-Bike,96,2025-09-14,1.0,24000.0,24000.0,16.0,1.0,1.0,0.0,0.0,1.0,1.0,46,Low Revenue,Critical
V0325,E-Bike,86,2025-08-03,4.0,123000.0,30750.0,20.5,0.0,3.0,0.0,0.0,2.0,4.0,88,Mid Revenue,Critical
V0326,E-Bike,61,2025-08-18,3.0,126000.0,42000.0,28.0,2.0,1.0,1.0,1.0,3.0,2.0,73,Mid Revenue,Critical
V0327,E-Bike,68,2025-08-19,5.0,175500.0,35100.0,23.4,0.0,1.0,1.0,1.0,5.0,4.0,72,Mid Revenue,Critical
V0328,E-Bike,47,2025-09-03,4.0,130500.0,32625.0,21.75,0.0,0.0,1.0,0.0,3.0,3.0,57,Mid Revenue,Critical
V0329,E-Bike,37,2025-09-25,4.0,127500.0,31875.0,21.25,1.0,0.0,1.0,0.0,4.0,4.0,35,Mid Revenue,Critical
V0330,E-Bike,42,2025-09-30,4.0,175500.0,43875.0,29.25,1.0,1.0,2.0,0.0,2.0,4.0,30,Mid Revenue,Watch
V0331,E-Bike,91,2025-08-20,8.0,270000.0,33750.0,22.5,5.0,3.0,4.0,3.0,6.0,4.0,71,High Revenue,Critical
V0332,E-Bike,61,2025-08-15,4.0,171000.0,42750.0,28.5,2.0,0.0,1.0,0.0,4.0,4.0,76,Mid Revenue,Critical
V0333,E-Bike,35,2025-09-21,1.0,33000.0,33000.0,22.0,1.0,0.0,0.0,0.0,1.0,1.0,39,Low Revenue,Critical
V0334,E-Bike,84,2025-09-16,2.0,66000.0,33000.0,22.0,1.0,2.0,1.0,0.0,2.0,2.0,44,Low Revenue,Critical
V0335,E-Bike,84,2025-08-25,3.0,97500.0,32500.0,21.666666666666668,3.0,1.0,0.0,0.0,2.0,3.0,66,Mid Revenue,Critical
V0336,E-Bike,55,2025-08-17,3.0,142500.0,47500.0,31.666666666666668,3.0,1.0,0.0,0.0,2.0,3.0,74,Mid Revenue,Critical
V0337,E-Bike,88,2025-09-01,6.0,189000.0,31500.0,21.0,1.0,2.0,1.0,1.0,5.0,4.0,59,High Revenue,Critical
V0338,E-Bike,71,2025-09-08,2.0,108000.0,54000.0,36.0,1.0,2.0,0.0,0.0,2.0,2.0,52,Mid Revenue,Critical
V0339,E-Bike,61,2025-09-24,1.0,13500.0,13500.0,9.0,1.0,0.0,0.0,0.0,1.0,1.0,36,Low Revenue,Critical
V0340,E-Bike,17,2025-09-23,0.0,0.0,0.0,0.0,0.0,0.0,0.0,0.0,0.0,0.0,37,Low Revenue,Critical
V0341,E-Bike,56,2025-08-15,3.0,129000.0,43000.0,28.666666666666668,1.0,1.0,0.0,0.0,2.0,3.0,76,Mid Revenue,Critical
V0342,E-Bike,36,2025-08-12,3.0,127500.0,42500.0,28.333333333333332,1.0,1.0,1.0,0.0,3.0,3.0,79,Mid Revenue,Critical
V0343,E-Bike,96,2025-08-11,2.0,99000.0,49500.0,33.0,1.0,1.0,1.0,0.0,1.0,2.0,80,Mid Revenue,Critical
V0344,E-Bike,75,2025-08-29,3.0,43500.0,14500.0,9.666666666666666,0.0,1.0,0.0,0.0,2.0,3.0,62,Low Revenue,Critical
V0345,E-Bike,81,2025-08-16,2.0,34500.0,17250.0,11.5,2.0,2.0,0.0,0.0,2.0,2.0,75,Low Revenue,Critical
V0346,E-Bike,55,2025-09-10,3.0,73500.0,24500.0,16.333333333333332,2.0,0.0,1.0,1.0,3.0,2.0,50,Low Revenue,Critical
V0347,E-Bike,86,2025-08-05,7.0,231000.0,33000.0,22.0,4.0,2.0,1.0,0.0,5.0,5.0,86,High Revenue,Critical
V0348,E-Bike,93,2025-08-18,2.0,76500.0,38250.0,25.5,1.0,0.0,1.0,0.0,2.0,2.0,73,Mid Revenue,Critical
V0349,E-Bike,60,2025-09-30,4.0,142500.0,35625.0,23.75,2.0,0.0,0.0,0.0,4.0,3.0,30,Mid Revenue,Watch
V0350,E-Bike,84,2025-09-29,2.0,78000.0,39000.0,26.0,0.0,2.0,0.0,0.0,2.0,2.0,31,Mid Revenue,Critical
V0351,E-Bike,46,2025-08-10,1.0,33000.0,33000.0,22.0,1.0,0.0,0.0,0.0,1.0,1.0,81,Low Revenue,Critical
V0352,E-Bike,59,2025-08-16,5.0,168000.0,33600.0,22.4,2.0,1.0,1.0,0.0,3.0,3.0,75,Mid Revenue,Critical
V0353,E-Bike,62,2025-08-18,2.0,42000.0,21000.0,14.0,1.0,0.0,0.0,0.0,2.0,1.0,73,Low Revenue,Critical
V0354,E-Bike,90,2025-09-17,5.0,132000.0,26400.0,17.6,4.0,2.0,1.0,0.0,5.0,5.0,43,Mid Revenue,Critical
V0355,E-Bike,71,2025-08-27,3.0,145500.0,48500.0,32.333333333333336,2.0,0.0,0.0,0.0,3.0,2.0,64,Mid Revenue,Critical
V0356,E-Bike,70,2025-08-12,4.0,151500.0,37875.0,25.25,2.0,1.0,3.0,3.0,3.0,3.0,79,Mid Revenue,Critical
V0357,E-Bike,85,2025-09-22,2.0,87000.0,43500.0,29.0,2.0,1.0,0.0,0.0,1.0,2.0,38,Mid Revenue,Critical
V0358,E-Bike,14,2025-09-13,4.0,177000.0,44250.0,29.5,0.0,2.0,2.0,0.0,3.0,2.0,47,Mid Revenue,Critical
V0359,E-Bike,40,2025-09-01,4.0,123000.0,30750.0,20.5,3.0,3.0,1.0,0.0,3.0,4.0,59,Mid Revenue,Critical
V0360,E-Bike,62,2025-08-08,4.0,126000.0,31500.0,21.0,2.0,2.0,0.0,0.0,4.0,3.0,83,Mid Revenue,Critical
V0361,E-Bike,60,2025-09-28,1.0,51000.0,51000.0,34.0,0.0,1.0,1.0,1.0,1.0,1.0,32,Low Revenue,Critical
V0362,E-Bike,95,2025-09-19,2.0,99000.0,49500.0,33.0,0.0,1.0,1.0,1.0,2.0,2.0,41,Mid Revenue,Critical
V0363,E-Bike,41,2025-09-07,5.0,210000.0,42000.0,28.0,1.0,3.0,0.0,0.0,5.0,3.0,53,High Revenue,Critical
V0364,E-Bike,13,2025-09-14,1.0,19500.0,19500.0,13.0,1.0,0.0,0.0,0.0,1.0,1.0,46,Low Revenue,Critical
V0365,E-Bike,20,2025-09-13,6.0,211500.0,35250.0,23.5,1.0,4.0,1.0,0.0,4.0,4.0,47,High Revenue,Critical
V0366,E-Bike,36,2025-08-17,3.0,82500.0,27500.0,18.333333333333332,2.0,0.0,0.0,0.0,3.0,2.0,74,Mid Revenue,Critical
V0367,E-Bike,46,2025-08-30,2.0,90000.0,45000.0,30.0,2.0,0.0,1.0,1.0,2.0,2.0,61,Mid Revenue,Critical
V0368,E-Bike,54,2025-08-03,1.0,31500.0,31500.0,21.0,0.0,0.0,1.0,0.0,1.0,1.0,88,Low Revenue,Critical
V0369,E-Bike,92,2025-09-09,4.0,129000.0,32250.0,21.5,3.0,1.0,4.0,2.0,3.0,4.0,51,Mid Revenue,Critical
V0370,E-Bike,98,2025-08-21,4.0,193500.0,48375.0,32.25,3.0,0.0,1.0,1.0,3.0,3.0,70,High Revenue,Critical
V0371,E-Bike,84,2025-09-16,2.0,93000.0,46500.0,31.0,2.0,0.0,1.0,0.0,2.0,2.0,44,Mid Revenue,Critical
V0372,E-Bike,84,2025-08-14,2.0,54000.0,27000.0,18.0,0.0,0.0,1.0,0.0,2.0,2.0,77,Low Revenue,Critical
V0373,E-Bike,11,2025-08-06,2.0,72000.0,36000.0,24.0,1.0,1.0,0.0,0.0,2.0,2.0,85,Low Revenue,Critical
V0374,E-Bike,66,2025-08-20,2.0,78000.0,39000.0,26.0,1.0,0.0,0.0,0.0,2.0,2.0,71,Mid Revenue,Critical
V0375,E-Bike,97,2025-08-23,6.0,196500.0,32750.0,21.833333333333332,4.0,2.0,0.0,0.0,5.0,4.0,68,High Revenue,Critical
V0376,E-Bike,85,2025-09-20,5.0,186000.0,37200.0,24.8,1.0,2.0,1.0,1.0,5.0,3.0,40,High Revenue,Critical
V0377,E-Bike,80,2025-08-07,2.0,81000.0,40500.0,27.0,1.0,0.0,1.0,1.0,2.0,2.0,84,Mid Revenue,Critical
V0378,E-Bike,48,2025-08-29,2.0,72000.0,36000.0,24.0,0.0,0.0,1.0,1.0,2.0,2.0,62,Low Revenue,Critical
V0379,E-Bike,78,2025-09-20,4.0,106500.0,26625.0,17.75,3.0,1.0,0.0,0.0,3.0,3.0,40,Mid Revenue,Critical
V0380,E-Bike,85,2025-09-18,1.0,27000.0,27000.0,18.0,0.0,0.0,0.0,0.0,1.0,1.0,42,Low Revenue,Critical
V0381,E-Bike,15,2025-09-05,6.0,241500.0,40250.0,26.833333333333332,4.0,1.0,2.0,0.0,4.0,4.0,55,High Revenue,Critical
V0382,E-Bike,11,2025-09-21,3.0,162000.0,54000.0,36.0,2.0,0.0,0.0,0.0,3.0,3.0,39,Mid Revenue,Critical
V0383,E-Bike,95,2025-08-09,4.0,204000.0,51000.0,34.0,2.0,2.0,0.0,0.0,3.0,3.0,82,High Revenue,Critical
V0384,E-Bike,78,2025-08-04,2.0,61500.0,30750.0,20.5,0.0,0.0,1.0,1.0,2.0,2.0,87,Low Revenue,Critical
V0385,E-Bike,18,2025-08-07,1.0,10500.0,10500.0,7.0,0.0,0.0,0.0,0.0,1.0,1.0,84,Low Revenue,Critical
V0386,E-Bike,63,2025-08-13,0.0,0.0,0.0,0.0,0.0,0.0,0.0,0.0,0.0,0.0,78,Low Revenue,Critical
V0387,E-Bike,78,2025-08-02,6.0,220500.0,36750.0,24.5,4.0,1.0,1.0,1.0,5.0,5.0,89,High Revenue,Critical
V0388,E-Bike,66,2025-09-26,2.0,46500.0,23250.0,15.5,1.0,1.0,0.0,0.0,1.0,1.0,34,Low Revenue,Critical
V0389,E-Bike,64,2025-08-29,3.0,94500.0,31500.0,21.0,2.0,0.0,1.0,0.0,2.0,3.0,62,Mid Revenue,Critical
V0390,E-Bike,19,2025-08-21,4.0,135000.0,33750.0,22.5,2.0,1.0,1.0,1.0,3.0,4.0,70,Mid Revenue,Critical
V0391,E-Bike,70,2025-09-28,3.0,84000.0,28000.0,18.666666666666668,0.0,1.0,0.0,0.0,1.0,2.0,32,Mid Revenue,Critical
V0392,E-Bike,84,2025-08-16,5.0,129000.0,25800.0,17.2,2.0,3.0,1.0,1.0,4.0,4.0,75,Mid Revenue,Critical
V0393,E-Bike,99,2025-08-07,6.0,273000.0,45500.0,30.333333333333332,3.0,2.0,1.0,1.0,4.0,3.0,84,High Revenue,Critical
V0394,E-Bike,63,2025-08-01,2.0,118500.0,59250.0,39.5,0.0,1.0,1.0,0.0,2.0,2.0,90,Mid Revenue,Critical
V0395,E-Bike,75,2025-09-07,3.0,114000.0,38000.0,25.333333333333332,3.0,2.0,0.0,0.0,3.0,3.0,53,Mid Revenue,Critical
V0396,E-Bike,37,2025-08-26,5.0,252000.0,50400.0,33.6,1.0,0.0,1.0,0.0,4.0,3.0,65,High Revenue,Critical
V0397,E-Bike,60,2025-09-11,1.0,19500.0,19500.0,13.0,0.0,0.0,0.0,0.0,1.0,1.0,49,Low Revenue,Critical
V0398,E-Bike,29,2025-08-11,4.0,157500.0,39375.0,26.25,1.0,1.0,0.0,0.0,4.0,3.0,80,Mid Revenue,Critical
V0399,E-Bike,43,2025-08-10,6.0,189000.0,31500.0,21.0,4.0,1.0,2.0,1.0,5.0,4.0,81,High Revenue,Critical
V0400,E-Bike,92,2025-09-29,3.0,181500.0,60500.0,40.333333333333336,2.0,0.0,0.0,0.0,3.0,3.0,31,Mid Revenue,Critical
V0401,E-Bike,72,2025-08-17,2.0,64500.0,32250.0,21.5,2.0,0.0,0.0,0.0,2.0,2.0,74,Low Revenue,Critical
V0402,E-Bike,97,2025-08-31,1.0,60000.0,60000.0,40.0,1.0,0.0,0.0,0.0,1.0,1.0,60,Low Revenue,Critical
V0403,E-Bike,60,2025-09-07,1.0,46500.0,46500.0,31.0,0.0,0.0,0.0,0.0,1.0,1.0,53,Low Revenue,Critical
V0404,E-Bike,22,2025-08-17,1.0,36000.0,36000.0,24.0,0.0,0.0,0.0,0.0,1.0,1.0,74,Low Revenue,Critical
V0405,E-Bike,34,2025-09-22,4.0,121500.0,30375.0,20.25,3.0,1.0,0.0,0.0,2.0,4.0,38,Mid Revenue,Critical
V0406,E-Bike,58,2025-08-16,3.0,88500.0,29500.0,19.666666666666668,2.0,0.0,0.0,0.0,2.0,3.0,75,Mid Revenue,Critical
V0407,E-Bike,19,2025-08-19,3.0,85500.0,28500.0,19.0,2.0,2.0,1.0,1.0,3.0,3.0,72,Mid Revenue,Critical
V0408,E-Bike,85,2025-08-17,2.0,75000.0,37500.0,25.0,0.0,0.0,0.0,0.0,2.0,2.0,74,Low Revenue,Critical
V0409,E-Bike,29,2025-09-08,4.0,174000.0,43500.0,29.0,2.0,3.0,0.0,0.0,4.0,4.0,52,Mid Revenue,Critical
V0410,E-Bike,50,2025-08-16,5.0,241500.0,48300.0,32.2,2.0,2.0,1.0,0.0,3.0,4.0,75,High Revenue,Critical
V0411,E-Bike,49,2025-08-01,1.0,28500.0,28500.0,19.0,0.0,0.0,1.0,1.0,1.0,1.0,90,Low Revenue,Critical
V0412,E-Bike,29,2025-09-26,2.0,78000.0,39000.0,26.0,2.0,2.0,0.0,0.0,2.0,2.0,34,Mid Revenue,Critical
V0413,E-Bike,35,2025-09-30,3.0,138000.0,46000.0,30.666666666666668,0.0,2.0,0.0,0.0,3.0,3.0,30,Mid Revenue,Watch
V0414,E-Bike,50,2025-09-16,0.0,0.0,0.0,0.0,0.0,0.0,0.0,0.0,0.0,0.0,44,Low Revenue,Critical
V0415,E-Bike,74,2025-09-23,1.0,33000.0,33000.0,22.0,0.0,0.0,0.0,0.0,1.0,1.0,37,Low Revenue,Critical
V0416,E-Bike,70,2025-08-08,6.0,268500.0,44750.0,29.833333333333332,2.0,0.0,1.0,1.0,3.0,6.0,83,High Revenue,Critical
V0417,E-Bike,14,2025-09-05,4.0,154500.0,38625.0,25.75,2.0,1.0,1.0,0.0,4.0,4.0,55,Mid Revenue,Critical
V0418,E-Bike,60,2025-09-07,5.0,255000.0,51000.0,34.0,3.0,1.0,0.0,0.0,2.0,5.0,53,High Revenue,Critical
V0419,E-Bike,73,2025-09-18,7.0,324000.0,46285.71428571428,30.857142857142858,5.0,4.0,1.0,0.0,5.0,5.0,42,High Revenue,Critical
V0420,E-Bike,79,2025-09-12,2.0,64500.0,32250.0,21.5,1.0,0.0,0.0,0.0,2.0,2.0,48,Low Revenue,Critical
V0421,E-Bike,99,2025-08-06,6.0,271500.0,45250.0,30.166666666666668,4.0,1.0,0.0,0.0,5.0,4.0,85,High Revenue,Critical
V0422,E-Bike,37,2025-09-20,2.0,93000.0,46500.0,31.0,1.0,1.0,1.0,1.0,2.0,1.0,40,Mid Revenue,Critical
V0423,E-Bike,99,2025-08-19,1.0,48000.0,48000.0,32.0,1.0,0.0,0.0,0.0,1.0,1.0,72,Low Revenue,Critical
V0424,E-Bike,99,2025-09-23,2.0,75000.0,37500.0,25.0,1.0,0.0,0.0,0.0,2.0,2.0,37,Low Revenue,Critical
V0425,E-Bike,65,2025-09-29,6.0,189000.0,31500.0,21.0,3.0,0.0,2.0,1.0,5.0,5.0,31,High Revenue,Critical
V0426,E-Bike,13,2025-09-11,2.0,54000.0,27000.0,18.0,0.0,1.0,1.0,0.0,2.0,2.0,49,Low Revenue,Critical
V0427,E-Bike,90,2025-08-31,4.0,198000.0,49500.0,33.0,2.0,1.0,0.0,0.0,4.0,3.0,60,High Revenue,Critical
V0428,E-Bike,73,2025-08-10,1.0,15000.0,15000.0,10.0,1.0,0.0,1.0,0.0,1.0,1.0,81,Low Revenue,Critical
V0429,E-Bike,10,2025-09-11,0.0,0.0,0.0,0.0,0.0,0.0,0.0,0.0,0.0,0.0,49,Low Revenue,Critical
V0430,E-Bike,29,2025-09-11,4.0,148500.0,37125.0,24.75,3.0,0.0,2.0,1.0,4.0,3.0,49,Mid Revenue,Critical
V0431,E-Bike,66,2025-08-09,2.0,124500.0,62250.0,41.5,1.0,2.0,0.0,0.0,2.0,2.0,82,Mid Revenue,Critical
V0432,E-Bike,92,2025-08-18,2.0,27000.0,13500.0,9.0,1.0,0.0,0.0,0.0,2.0,2.0,73,Low Revenue,Critical
V0433,E-Bike,88,2025-09-06,4.0,190500.0,47625.0,31.75,1.0,1.0,1.0,1.0,4.0,4.0,54,High Revenue,Critical
V0434,E-Bike,33,2025-08-05,4.0,97500.0,24375.0,16.25,2.0,1.0,0.0,0.0,4.0,3.0,86,Mid Revenue,Critical
V0435,E-Bike,18,2025-09-29,2.0,93000.0,46500.0,31.0,1.0,1.0,2.0,1.0,2.0,2.0,31,Mid Revenue,Critical
V0436,E-Bike,100,2025-09-23,1.0,19500.0,19500.0,13.0,1.0,0.0,0.0,0.0,1.0,1.0,37,Low Revenue,Critical
V0437,E-Bike,48,2025-09-02,5.0,187500.0,37500.0,25.0,1.0,3.0,0.0,0.0,4.0,4.0,58,High Revenue,Critical
V0438,E-Bike,85,2025-08-13,7.0,289500.0,41357.142857142855,27.571428571428573,2.0,2.0,2.0,2.0,6.0,6.0,78,High Revenue,Critical
V0439,E-Bike,93,2025-08-11,7.0,274500.0,39214.28571428572,26.142857142857142,4.0,2.0,2.0,1.0,6.0,4.0,80,High Revenue,Critical
V0440,E-Bike,85,2025-08-02,3.0,121500.0,40500.0,27.0,1.0,0.0,0.0,0.0,2.0,3.0,89,Mid Revenue,Critical
V0441,E-Bike,53,2025-09-08,4.0,147000.0,36750.0,24.5,1.0,1.0,0.0,0.0,4.0,3.0,52,Mid Revenue,Critical
V0442,E-Bike,88,2025-09-18,5.0,219000.0,43800.0,29.2,3.0,4.0,0.0,0.0,4.0,5.0,42,High Revenue,Critical
V0443,E-Bike,91,2025-09-17,6.0,181500.0,30250.0,20.166666666666668,0.0,3.0,2.0,1.0,4.0,4.0,43,Mid Revenue,Critical
V0444,E-Bike,94,2025-09-21,3.0,174000.0,58000.0,38.666666666666664,2.0,2.0,1.0,1.0,3.0,3.0,39,Mid Revenue,Critical
V0445,E-Bike,74,2025-09-06,6.0,177000.0,29500.0,19.666666666666668,2.0,0.0,0.0,0.0,4.0,4.0,54,Mid Revenue,Critical
V0446,E-Bike,37,2025-09-24,1.0,30000.0,30000.0,20.0,0.0,0.0,0.0,0.0,1.0,1.0,36,Low Revenue,Critical
V0447,E-Bike,16,2025-09-21,4.0,109500.0,27375.0,18.25,1.0,1.0,1.0,1.0,3.0,3.0,39,Mid Revenue,Critical
V0448,E-Bike,31,2025-08-09,4.0,148500.0,37125.0,24.75,1.0,1.0,0.0,0.0,4.0,3.0,82,Mid Revenue,Critical
V0449,E-Bike,13,2025-09-20,3.0,156000.0,52000.0,34.666666666666664,2.0,1.0,1.0,1.0,2.0,3.0,40,Mid Revenue,Critical
V0450,E-Bike,64,2025-09-07,3.0,151500.0,50500.0,33.666666666666664,3.0,0.0,0.0,0.0,3.0,2.0,53,Mid Revenue,Critical
V0451,E-Bike,28,2025-08-19,1.0,10500.0,10500.0,7.0,0.0,1.0,0.0,0.0,1.0,1.0,72,Low Revenue,Critical
V0452,E-Bike,89,2025-09-04,7.0,256500.0,36642.857142857145,24.428571428571427,4.0,1.0,1.0,0.0,5.0,5.0,56,High Revenue,Critical
V0453,E-Bike,25,2025-09-20,2.0,84000.0,42000.0,28.0,2.0,0.0,0.0,0.0,2.0,2.0,40,Mid Revenue,Critical
V0454,E-Bike,91,2025-09-13,2.0,118500.0,59250.0,39.5,2.0,0.0,0.0,0.0,2.0,2.0,47,Mid Revenue,Critical
V0455,E-Bike,40,2025-09-30,4.0,151500.0,37875.0,25.25,2.0,1.0,0.0,0.0,4.0,4.0,30,Mid Revenue,Watch
V0456,E-Bike,60,2025-09-18,0.0,0.0,0.0,0.0,0.0,0.0,0.0,0.0,0.0,0.0,42,Low Revenue,Critical
V0457,E-Bike,58,2025-09-04,4.0,118500.0,29625.0,19.75,0.0,1.0,0.0,0.0,3.0,3.0,56,Mid Revenue,Critical
V0458,E-Bike,100,2025-08-24,3.0,108000.0,36000.0,24.0,2.0,1.0,0.0,0.0,3.0,3.0,67,Mid Revenue,Critical
V0459,E-Bike,98,2025-09-14,3.0,136500.0,45500.0,30.333333333333332,1.0,2.0,0.0,0.0,2.0,3.0,46,Mid Revenue,Critical
V0460,E-Bike,63,2025-08-25,1.0,18000.0,18000.0,12.0,1.0,0.0,0.0,0.0,1.0,1.0,66,Low Revenue,Critical
V0461,E-Bike,83,2025-08-13,0.0,0.0,0.0,0.0,0.0,0.0,0.0,0.0,0.0,0.0,78,Low Revenue,Critical
V0462,E-Bike,27,2025-08-09,5.0,138000.0,27600.0,18.4,3.0,2.0,2.0,2.0,3.0,5.0,82,Mid Revenue,Critical
V0463,E-Bike,59,2025-09-06,4.0,124500.0,31125.0,20.75,2.0,2.0,0.0,0.0,2.0,2.0,54,Mid Revenue,Critical
V0464,E-Bike,38,2025-09-01,4.0,187500.0,46875.0,31.25,4.0,2.0,3.0,3.0,4.0,3.0,59,High Revenue,Critical
V0465,E-Bike,78,2025-08-02,7.0,256500.0,36642.857142857145,24.428571428571427,5.0,0.0,1.0,1.0,5.0,4.0,89,High Revenue,Critical
V0466,E-Bike,32,2025-09-10,5.0,181500.0,36300.0,24.2,2.0,2.0,0.0,0.0,3.0,3.0,50,Mid Revenue,Critical
V0467,E-Bike,71,2025-08-20,4.0,120000.0,30000.0,20.0,3.0,2.0,0.0,0.0,4.0,3.0,71,Mid Revenue,Critical
V0468,E-Bike,24,2025-08-07,1.0,45000.0,45000.0,30.0,1.0,0.0,0.0,0.0,1.0,1.0,84,Low Revenue,Critical
V0469,E-Bike,61,2025-08-23,5.0,208500.0,41700.0,27.8,1.0,0.0,2.0,1.0,4.0,4.0,68,High Revenue,Critical
V0470,E-Bike,65,2025-08-01,2.0,96000.0,48000.0,32.0,1.0,2.0,0.0,0.0,2.0,2.0,90,Mid Revenue,Critical
V0471,E-Bike,66,2025-08-25,1.0,7500.0,7500.0,5.0,0.0,1.0,0.0,0.0,1.0,1.0,66,Low Revenue,Critical
V0472,E-Bike,50,2025-09-13,7.0,348000.0,49714.28571428572,33.142857142857146,2.0,1.0,2.0,2.0,5.0,5.0,47,High Revenue,Critical
V0473,E-Bike,43,2025-09-03,4.0,115500.0,28875.0,19.25,1.0,1.0,0.0,0.0,3.0,3.0,57,Mid Revenue,Critical
V0474,E-Bike,36,2025-08-23,4.0,160500.0,40125.0,26.75,1.0,1.0,1.0,1.0,3.0,3.0,68,Mid Revenue,Critical
V0475,E-Bike,60,2025-09-09,1.0,60000.0,60000.0,40.0,1.0,0.0,0.0,0.0,1.0,1.0,51,Low Revenue,Critical
V0476,E-Bike,33,2025-08-25,2.0,82500.0,41250.0,27.5,0.0,0.0,1.0,1.0,2.0,1.0,66,Mid Revenue,Critical
V0477,E-Bike,54,2025-08-29,1.0,58500.0,58500.0,39.0,1.0,0.0,0.0,0.0,1.0,1.0,62,Low Revenue,Critical
V0478,E-Bike,57,2025-09-09,8.0,229500.0,28687.5,19.125,7.0,2.0,3.0,1.0,4.0,6.0,51,High Revenue,Critical
V0479,E-Bike,47,2025-09-20,3.0,124500.0,41500.0,27.666666666666668,0.0,1.0,0.0,0.0,2.0,2.0,40,Mid Revenue,Critical
V0480,E-Bike,15,2025-09-22,5.0,223500.0,44700.0,29.8,2.0,0.0,3.0,1.0,3.0,4.0,38,High Revenue,Critical
V0481,E-Bike,93,2025-09-06,4.0,120000.0,30000.0,20.0,2.0,0.0,1.0,1.0,3.0,3.0,54,Mid Revenue,Critical
V0482,E-Bike,53,2025-09-03,5.0,184500.0,36900.0,24.6,2.0,1.0,2.0,1.0,4.0,3.0,57,Mid Revenue,Critical
V0483,E-Bike,37,2025-08-26,3.0,103500.0,34500.0,23.0,1.0,0.0,1.0,1.0,3.0,2.0,65,Mid Revenue,Critical
V0484,E-Bike,68,2025-08-19,2.0,79500.0,39750.0,26.5,1.0,0.0,0.0,0.0,2.0,2.0,72,Mid Revenue,Critical
V0485,E-Bike,43,2025-08-12,4.0,132000.0,33000.0,22.0,1.0,1.0,2.0,2.0,4.0,4.0,79,Mid Revenue,Critical
V0486,E-Bike,57,2025-09-23,5.0,252000.0,50400.0,33.6,4.0,0.0,0.0,0.0,5.0,5.0,37,High Revenue,Critical
V0487,E-Bike,24,2025-08-20,0.0,0.0,0.0,0.0,0.0,0.0,0.0,0.0,0.0,0.0,71,Low Revenue,Critical
V0488,E-Bike,26,2025-08-03,4.0,165000.0,41250.0,27.5,1.0,0.0,0.0,0.0,3.0,3.0,88,Mid Revenue,Critical
V0489,E-Bike,11,2025-09-29,0.0,0.0,0.0,0.0,0.0,0.0,0.0,0.0,0.0,0.0,31,Low Revenue,Critical
V0490,E-Bike,68,2025-09-08,2.0,75000.0,37500.0,25.0,2.0,1.0,0.0,0.0,2.0,1.0,52,Low Revenue,Critical
V0491,E-Bike,77,2025-09-06,2.0,25500.0,12750.0,8.5,1.0,1.0,0.0,0.0,2.0,2.0,54,Low Revenue,Critical
V0492,E-Bike,87,2025-09-18,2.0,84000.0,42000.0,28.0,2.0,1.0,1.0,1.0,2.0,2.0,42,Mid Revenue,Critical
V0493,E-Bike,59,2025-09-05,5.0,207000.0,41400.0,27.6,3.0,3.0,0.0,0.0,3.0,4.0,55,High Revenue,Critical
V0494,E-Bike,72,2025-09-14,2.0,70500.0,35250.0,23.5,1.0,0.0,0.0,0.0,2.0,2.0,46,Low Revenue,Critical
V0495,E-Bike,46,2025-08-13,3.0,112500.0,37500.0,25.0,3.0,0.0,0.0,0.0,3.0,2.0,78,Mid Revenue,Critical
V0496,E-Bike,97,2025-09-15,7.0,165000.0,23571.428571428572,15.714285714285714,0.0,2.0,1.0,0.0,5.0,5.0,45,Mid Revenue,Critical
V0497,E-Bike,10,2025-09-01,1.0,49500.0,49500.0,33.0,1.0,0.0,0.0,0.0,1.0,1.0,59,Low Revenue,Critical
V0498,E-Bike,60,2025-08-04,7.0,330000.0,47142.857142857145,31.428571428571427,5.0,4.0,0.0,0.0,6.0,5.0,87,High Revenue,Critical
V0499,E-Bike,21,2025-08-04,3.0,52500.0,17500.0,11.666666666666666,1.0,2.0,0.0,0.0,3.0,3.0,87,Low Revenue,Critical
V0500,E-Bike,61,2025-08-01,2.0,34500.0,17250.0,11.5,1.0,1.0,1.0,1.0,2.0,2.0,90,Low Revenue,Critical
V0501,E-Bike,26,2025-08-01,1.0,34500.0,34500.0,23.0,1.0,0.0,1.0,0.0,1.0,1.0,90,Low Revenue,Critical
V0502,E-Bike,54,2025-08-02,2.0,73500.0,36750.0,24.5,0.0,1.0,1.0,0.0,2.0,1.0,89,Low Revenue,Critical
V0503,E-Bike,69,2025-08-02,2.0,49500.0,24750.0,16.5,1.0,1.0,0.0,0.0,2.0,2.0,89,Low Revenue,Critical
V0504,E-Bike,20,2025-08-16,3.0,142500.0,47500.0,31.666666666666668,0.0,1.0,1.0,1.0,2.0,3.0,75,Mid Revenue,Critical
V0505,E-Bike,48,2025-08-08,4.0,136500.0,34125.0,22.75,2.0,2.0,1.0,0.0,4.0,3.0,83,Mid Revenue,Critical
V0506,E-Bike,66,2025-09-01,5.0,256500.0,51300.0,34.2,1.0,2.0,1.0,0.0,4.0,4.0,59,High Revenue,Critical
V0507,E-Bike,11,2025-08-30,3.0,150000.0,50000.0,33.333333333333336,1.0,0.0,0.0,0.0,1.0,2.0,61,Mid Revenue,Critical
V0508,E-Bike,35,2025-09-22,5.0,168000.0,33600.0,22.4,2.0,2.0,0.0,0.0,2.0,4.0,38,Mid Revenue,Critical
V0509,E-Bike,91,2025-09-28,2.0,115500.0,57750.0,38.5,2.0,1.0,0.0,0.0,2.0,2.0,32,Mid Revenue,Critical
V0510,E-Bike,19,2025-09-29,4.0,168000.0,42000.0,28.0,1.0,2.0,1.0,0.0,2.0,4.0,31,Mid Revenue,Critical
V0511,E-Bike,32,2025-09-29,2.0,84000.0,42000.0,28.0,2.0,0.0,2.0,2.0,2.0,2.0,31,Mid Revenue,Critical
V0512,E-Bike,37,2025-08-28,2.0,25500.0,12750.0,8.5,0.0,1.0,1.0,1.0,2.0,1.0,63,Low Revenue,Critical
V0513,E-Bike,98,2025-08-31,1.0,24000.0,24000.0,16.0,1.0,1.0,1.0,1.0,1.0,1.0,60,Low Revenue,Critical
V0514,E-Bike,25,2025-09-21,2.0,66000.0,33000.0,22.0,1.0,1.0,0.0,0.0,2.0,2.0,39,Low Revenue,Critical
V0515,E-Bike,36,2025-09-04,4.0,196500.0,49125.0,32.75,3.0,2.0,0.0,0.0,4.0,3.0,56,High Revenue,Critical
V0516,E-Bike,54,2025-09-09,2.0,63000.0,31500.0,21.0,1.0,1.0,0.0,0.0,2.0,2.0,51,Low Revenue,Critical
V0517,E-Bike,47,2025-08-19,4.0,145500.0,36375.0,24.25,1.0,1.0,1.0,0.0,3.0,4.0,72,Mid Revenue,Critical
V0518,E-Bike,99,2025-08-12,1.0,55500.0,55500.0,37.0,0.0,0.0,0.0,0.0,1.0,1.0,79,Low Revenue,Critical
V0519,E-Bike,15,2025-09-21,2.0,85500.0,42750.0,28.5,0.0,1.0,0.0,0.0,2.0,2.0,39,Mid Revenue,Critical
V0520,E-Bike,75,2025-09-20,1.0,31500.0,31500.0,21.0,1.0,0.0,0.0,0.0,1.0,1.0,40,Low Revenue,Critical
V0521,E-Bike,82,2025-09-23,4.0,118500.0,29625.0,19.75,2.0,3.0,1.0,1.0,3.0,4.0,37,Mid Revenue,Critical
V0522,E-Bike,33,2025-09-09,4.0,178500.0,44625.0,29.75,3.0,1.0,1.0,0.0,3.0,2.0,51,Mid Revenue,Critical
V0523,E-Bike,31,2025-09-29,5.0,190500.0,38100.0,25.4,2.0,1.0,2.0,1.0,5.0,5.0,31,High Revenue,Critical
V0524,E-Bike,29,2025-08-01,4.0,195000.0,48750.0,32.5,2.0,2.0,0.0,0.0,4.0,4.0,90,High Revenue,Critical
V0525,E-Bike,82,2025-08-19,3.0,154500.0,51500.0,34.333333333333336,2.0,2.0,0.0,0.0,3.0,3.0,72,Mid Revenue,Critical
V0526,E-Bike,74,2025-08-19,2.0,45000.0,22500.0,15.0,0.0,0.0,0.0,0.0,1.0,2.0,72,Low Revenue,Critical
V0527,E-Bike,48,2025-08-28,3.0,132000.0,44000.0,29.333333333333332,2.0,0.0,0.0,0.0,3.0,2.0,63,Mid Revenue,Critical
V0528,E-Bike,94,2025-08-10,5.0,198000.0,39600.0,26.4,3.0,1.0,1.0,0.0,4.0,4.0,81,High Revenue,Critical
V0529,E-Bike,77,2025-08-30,5.0,214500.0,42900.0,28.6,2.0,1.0,1.0,0.0,4.0,3.0,61,High Revenue,Critical
V0530,E-Bike,79,2025-08-26,7.0,243000.0,34714.28571428572,23.142857142857142,4.0,4.0,2.0,1.0,4.0,5.0,65,High Revenue,Critical
V0531,E-Bike,14,2025-09-30,4.0,133500.0,33375.0,22.25,2.0,2.0,0.0,0.0,4.0,3.0,30,Mid Revenue,Critical
V0532,E-Bike,40,2025-09-29,3.0,105000.0,35000.0,23.333333333333332,1.0,0.0,0.0,0.0,3.0,3.0,31,Mid Revenue,Critical
V0533,E-Bike,79,2025-08-25,2.0,85500.0,42750.0,28.5,1.0,1.0,1.0,0.0,2.0,2.0,66,Mid Revenue,Critical
V0534,E-Bike,34,2025-08-09,2.0,63000.0,31500.0,21.0,2.0,0.0,1.0,1.0,2.0,2.0,82,Low Revenue,Critical
V0535,E-Bike,83,2025-09-12,6.0,202500.0,33750.0,22.5,5.0,1.0,1.0,0.0,5.0,3.0,48,High Revenue,Critical
V0536,E-Bike,52,2025-08-06,3.0,132000.0,44000.0,29.333333333333332,1.0,0.0,0.0,0.0,3.0,3.0,85,Mid Revenue,Critical
V0537,E-Bike,40,2025-09-18,1.0,52500.0,52500.0,35.0,0.0,1.0,0.0,0.0,1.0,1.0,42,Low Revenue,Critical
V0538,E-Bike,48,2025-08-22,2.0,46500.0,23250.0,15.5,1.0,1.0,0.0,0.0,2.0,2.0,69,Low Revenue,Critical
V0539,E-Bike,38,2025-08-13,8.0,373500.0,46687.5,31.125,4.0,4.0,1.0,0.0,5.0,4.0,78,High Revenue,Critical
V0540,E-Bike,18,2025-08-11,2.0,84000.0,42000.0,28.0,1.0,1.0,0.0,0.0,1.0,2.0,80,Mid Revenue,Critical
V0541,E-Bike,17,2025-08-06,2.0,75000.0,37500.0,25.0,0.0,0.0,1.0,1.0,2.0,2.0,85,Low Revenue,Critical
V0542,E-Bike,98,2025-08-20,6.0,225000.0,37500.0,25.0,4.0,2.0,1.0,1.0,4.0,5.0,71,High Revenue,Critical
V0543,E-Bike,92,2025-08-04,5.0,184500.0,36900.0,24.6,3.0,0.0,0.0,0.0,3.0,4.0,87,Mid Revenue,Critical
V0544,E-Bike,80,2025-08-21,4.0,178500.0,44625.0,29.75,1.0,0.0,0.0,0.0,4.0,3.0,70,Mid Revenue,Critical
V0545,E-Bike,60,2025-08-19,3.0,70500.0,23500.0,15.666666666666666,1.0,2.0,1.0,0.0,2.0,2.0,72,Low Revenue,Critical
V0546,E-Bike,86,2025-08-22,0.0,0.0,0.0,0.0,0.0,0.0,0.0,0.0,0.0,0.0,69,Low Revenue,Critical
V0547,E-Bike,92,2025-09-22,0.0,0.0,0.0,0.0,0.0,0.0,0.0,0.0,0.0,0.0,38,Low Revenue,Critical
V0548,E-Bike,26,2025-08-04,4.0,160500.0,40125.0,26.75,1.0,3.0,0.0,0.0,4.0,4.0,87,Mid Revenue,Critical
V0549,E-Bike,17,2025-08-27,3.0,93000.0,31000.0,20.666666666666668,1.0,1.0,0.0,0.0,3.0,3.0,64,Mid Revenue,Critical
V0550,E-Bike,83,2025-09-20,4.0,142500.0,35625.0,23.75,3.0,2.0,0.0,0.0,4.0,4.0,40,Mid Revenue,Critical
V0551,E-Bike,56,2025-08-11,3.0,109500.0,36500.0,24.333333333333332,1.0,1.0,0.0,0.0,2.0,2.0,80,Mid Revenue,Critical
V0552,E-Bike,54,2025-09-18,6.0,318000.0,53000.0,35.333333333333336,1.0,2.0,0.0,0.0,5.0,4.0,42,High Revenue,Critical
V0553,E-Bike,94,2025-09-26,4.0,139500.0,34875.0,23.25,2.0,0.0,1.0,0.0,3.0,2.0,34,Mid Revenue,Critical
V0554,E-Bike,13,2025-08-20,3.0,139500.0,46500.0,31.0,1.0,0.0,1.0,1.0,2.0,3.0,71,Mid Revenue,Critical
V0555,E-Bike,53,2025-08-16,5.0,243000.0,48600.0,32.4,2.0,0.0,1.0,1.0,4.0,4.0,75,High Revenue,Critical
V0556,E-Bike,54,2025-09-19,2.0,36000.0,18000.0,12.0,0.0,0.0,0.0,0.0,2.0,1.0,41,Low Revenue,Critical
V0557,E-Bike,23,2025-08-10,5.0,184500.0,36900.0,24.6,4.0,2.0,2.0,0.0,4.0,4.0,81,Mid Revenue,Critical
V0558,E-Bike,29,2025-09-10,1.0,48000.0,48000.0,32.0,0.0,0.0,0.0,0.0,1.0,1.0,50,Low Revenue,Critical
V0559,E-Bike,17,2025-08-14,3.0,97500.0,32500.0,21.666666666666668,2.0,1.0,1.0,1.0,3.0,3.0,77,Mid Revenue,Critical
V0560,E-Bike,13,2025-09-19,3.0,111000.0,37000.0,24.666666666666668,1.0,1.0,0.0,0.0,3.0,3.0,41,Mid Revenue,Critical
V0561,E-Bike,50,2025-08-13,7.0,253500.0,36214.28571428572,24.142857142857142,5.0,1.0,0.0,0.0,5.0,6.0,78,High Revenue,Critical
V0562,E-Bike,64,2025-09-13,1.0,22500.0,22500.0,15.0,0.0,1.0,0.0,0.0,1.0,1.0,47,Low Revenue,Critical
V0563,E-Bike,81,2025-08-23,7.0,300000.0,42857.142857142855,28.571428571428573,3.0,1.0,0.0,0.0,5.0,5.0,68,High Revenue,Critical
V0564,E-Bike,57,2025-09-25,5.0,216000.0,43200.0,28.8,1.0,1.0,1.0,1.0,5.0,5.0,35,High Revenue,Critical
V0565,E-Bike,82,2025-09-09,4.0,124500.0,31125.0,20.75,1.0,3.0,1.0,1.0,3.0,4.0,51,Mid Revenue,Critical
V0566,E-Bike,59,2025-08-17,6.0,243000.0,40500.0,27.0,3.0,1.0,0.0,0.0,5.0,5.0,74,High Revenue,Critical
V0567,E-Bike,75,2025-08-31,2.0,117000.0,58500.0,39.0,1.0,2.0,1.0,0.0,2.0,1.0,60,Mid Revenue,Critical
V0568,E-Bike,86,2025-08-30,3.0,97500.0,32500.0,21.666666666666668,2.0,0.0,1.0,1.0,3.0,2.0,61,Mid Revenue,Critical
V0569,E-Bike,35,2025-09-21,4.0,78000.0,19500.0,13.0,1.0,2.0,1.0,0.0,3.0,4.0,39,Mid Revenue,Critical
V0570,E-Bike,11,2025-08-24,3.0,115500.0,38500.0,25.666666666666668,3.0,1.0,0.0,0.0,3.0,3.0,67,Mid Revenue,Critical
V0571,E-Bike,48,2025-08-15,1.0,40500.0,40500.0,27.0,0.0,0.0,0.0,0.0,1.0,1.0,76,Low Revenue,Critical
V0572,E-Bike,15,2025-08-05,3.0,151500.0,50500.0,33.666666666666664,1.0,0.0,1.0,1.0,3.0,3.0,86,Mid Revenue,Critical
V0573,E-Bike,26,2025-09-29,1.0,64500.0,64500.0,43.0,0.0,0.0,1.0,0.0,1.0,1.0,31,Low Revenue,Critical
V0574,E-Bike,56,2025-08-07,3.0,115500.0,38500.0,25.666666666666668,2.0,2.0,0.0,0.0,2.0,2.0,84,Mid Revenue,Critical
V0575,E-Bike,26,2025-08-30,3.0,94500.0,31500.0,21.0,0.0,0.0,2.0,0.0,3.0,2.0,61,Mid Revenue,Critical
V0576,E-Bike,20,2025-08-26,2.0,85500.0,42750.0,28.5,1.0,0.0,0.0,0.0,2.0,2.0,65,Mid Revenue,Critical
V0577,E-Bike,84,2025-09-06,3.0,81000.0,27000.0,18.0,3.0,1.0,0.0,0.0,3.0,3.0,54,Mid Revenue,Critical
V0578,E-Bike,61,2025-08-04,3.0,105000.0,35000.0,23.333333333333332,0.0,1.0,1.0,0.0,2.0,3.0,87,Mid Revenue,Critical
V0579,E-Bike,27,2025-09-14,8.0,301500.0,37687.5,25.125,2.0,2.0,1.0,0.0,5.0,5.0,46,High Revenue,Critical
V0580,E-Bike,38,2025-08-03,4.0,180000.0,45000.0,30.0,3.0,0.0,0.0,0.0,3.0,2.0,88,Mid Revenue,Critical
V0581,E-Bike,52,2025-08-18,2.0,114000.0,57000.0,38.0,2.0,1.0,0.0,0.0,2.0,2.0,73,Mid Revenue,Critical
V0582,E-Bike,73,2025-09-11,2.0,96000.0,48000.0,32.0,1.0,0.0,0.0,0.0,2.0,2.0,49,Mid Revenue,Critical
V0583,E-Bike,54,2025-08-24,3.0,150000.0,50000.0,33.333333333333336,2.0,1.0,0.0,0.0,2.0,3.0,67,Mid Revenue,Critical
V0584,E-Bike,12,2025-09-03,6.0,247500.0,41250.0,27.5,3.0,4.0,2.0,0.0,3.0,4.0,57,High Revenue,Critical
V0585,E-Bike,63,2025-08-09,3.0,76500.0,25500.0,17.0,1.0,1.0,1.0,1.0,3.0,3.0,82,Mid Revenue,Critical
V0586,E-Bike,42,2025-09-13,2.0,75000.0,37500.0,25.0,1.0,1.0,0.0,0.0,1.0,2.0,47,Low Revenue,Critical
V0587,E-Bike,67,2025-09-09,3.0,93000.0,31000.0,20.666666666666668,2.0,2.0,0.0,0.0,3.0,3.0,51,Mid Revenue,Critical
V0588,E-Bike,54,2025-08-02,1.0,67500.0,67500.0,45.0,0.0,0.0,0.0,0.0,1.0,1.0,89,Low Revenue,Critical
V0589,E-Bike,65,2025-08-01,5.0,141000.0,28200.0,18.8,4.0,1.0,0.0,0.0,3.0,4.0,90,Mid Revenue,Critical
V0590,E-Bike,18,2025-08-19,2.0,109500.0,54750.0,36.5,1.0,1.0,1.0,1.0,2.0,2.0,72,Mid Revenue,Critical
V0591,E-Bike,95,2025-09-30,2.0,57000.0,28500.0,19.0,2.0,0.0,0.0,0.0,2.0,2.0,30,Low Revenue,Watch
V0592,E-Bike,25,2025-08-13,2.0,28500.0,14250.0,9.5,1.0,0.0,1.0,0.0,2.0,2.0,78,Low Revenue,Critical
V0593,E-Bike,94,2025-09-29,1.0,25500.0,25500.0,17.0,1.0,0.0,0.0,0.0,1.0,1.0,31,Low Revenue,Critical
V0594,E-Bike,37,2025-09-28,4.0,175500.0,43875.0,29.25,1.0,1.0,1.0,0.0,3.0,3.0,32,Mid Revenue,Critical
V0595,E-Bike,24,2025-09-05,4.0,100500.0,25125.0,16.75,1.0,2.0,1.0,1.0,3.0,4.0,55,Mid Revenue,Critical
V0596,E-Bike,93,2025-09-02,2.0,88500.0,44250.0,29.5,1.0,0.0,1.0,1.0,2.0,2.0,58,Mid Revenue,Critical
V0597,E-Bike,78,2025-08-02,1.0,40500.0,40500.0,27.0,1.0,1.0,0.0,0.0,1.0,1.0,89,Low Revenue,Critical
V0598,E-Bike,94,2025-09-10,3.0,100500.0,33500.0,22.333333333333332,3.0,1.0,0.0,0.0,3.0,3.0,50,Mid Revenue,Critical
V0599,E-Bike,71,2025-09-04,2.0,114000.0,57000.0,38.0,1.0,0.0,0.0,0.0,2.0,2.0,56,Mid Revenue,Critical
V0600,E-Bike,73,2025-09-27,3.0,108000.0,36000.0,24.0,1.0,2.0,0.0,0.0,3.0,3.0,33,Mid Revenue,Critical
V0601,E-Bike,47,2025-08-09,3.0,139500.0,46500.0,31.0,2.0,2.0,0.0,0.0,3.0,1.0,82,Mid Revenue,Critical
V0602,E-Bike,53,2025-09-09,3.0,88500.0,29500.0,19.666666666666668,3.0,0.0,1.0,1.0,3.0,3.0,51,Mid Revenue,Critical
V0603,E-Bike,97,2025-08-19,4.0,169500.0,42375.0,28.25,1.0,1.0,1.0,0.0,4.0,4.0,72,Mid Revenue,Critical
V0604,E-Bike,35,2025-09-28,4.0,160500.0,40125.0,26.75,2.0,2.0,0.0,0.0,4.0,3.0,32,Mid Revenue,Critical
V0605,E-Bike,98,2025-08-29,2.0,94500.0,47250.0,31.5,2.0,0.0,2.0,1.0,2.0,2.0,62,Mid Revenue,Critical
V0606,E-Bike,60,2025-08-25,1.0,57000.0,57000.0,38.0,0.0,1.0,1.0,1.0,1.0,1.0,66,Low Revenue,Critical
V0607,E-Bike,85,2025-09-04,1.0,30000.0,30000.0,20.0,0.0,0.0,0.0,0.0,1.0,1.0,56,Low Revenue,Critical
V0608,E-Bike,62,2025-08-02,5.0,183000.0,36600.0,24.4,3.0,2.0,1.0,1.0,3.0,3.0,89,Mid Revenue,Critical
V0609,E-Bike,97,2025-08-31,3.0,111000.0,37000.0,24.666666666666668,3.0,0.0,0.0,0.0,1.0,3.0,60,Mid Revenue,Critical
V0610,E-Bike,74,2025-08-27,3.0,93000.0,31000.0,20.666666666666668,0.0,0.0,0.0,0.0,3.0,3.0,64,Mid Revenue,Critical
V0611,E-Bike,72,2025-08-09,3.0,132000.0,44000.0,29.333333333333332,1.0,0.0,0.0,0.0,3.0,3.0,82,Mid Revenue,Critical
V0612,E-Bike,71,2025-08-03,5.0,120000.0,24000.0,16.0,3.0,3.0,1.0,1.0,4.0,4.0,88,Mid Revenue,Critical
V0613,E-Bike,25,2025-08-01,2.0,43500.0,21750.0,14.5,1.0,0.0,0.0,0.0,2.0,2.0,90,Low Revenue,Critical
V0614,E-Bike,45,2025-09-22,6.0,153000.0,25500.0,17.0,2.0,2.0,2.0,0.0,5.0,5.0,38,Mid Revenue,Critical
V0615,E-Bike,82,2025-09-22,3.0,120000.0,40000.0,26.666666666666668,2.0,0.0,1.0,1.0,3.0,3.0,38,Mid Revenue,Critical
V0616,E-Bike,100,2025-09-17,2.0,121500.0,60750.0,40.5,0.0,1.0,1.0,1.0,2.0,2.0,43,Mid Revenue,Critical
V0617,E-Bike,58,2025-08-22,7.0,273000.0,39000.0,26.0,3.0,3.0,2.0,1.0,5.0,5.0,69,High Revenue,Critical
V0618,E-Bike,65,2025-09-05,3.0,108000.0,36000.0,24.0,3.0,0.0,1.0,0.0,2.0,3.0,55,Mid Revenue,Critical
V0619,E-Bike,11,2025-09-03,4.0,133500.0,33375.0,22.25,2.0,1.0,2.0,2.0,3.0,4.0,57,Mid Revenue,Critical
V0620,E-Bike,21,2025-08-11,2.0,76500.0,38250.0,25.5,0.0,0.0,1.0,1.0,2.0,2.0,80,Mid Revenue,Critical
V0621,E-Bike,98,2025-08-06,4.0,154500.0,38625.0,25.75,0.0,0.0,2.0,2.0,4.0,3.0,85,Mid Revenue,Critical
V0622,E-Bike,23,2025-08-05,2.0,37500.0,18750.0,12.5,0.0,1.0,0.0,0.0,2.0,1.0,86,Low Revenue,Critical
V0623,E-Bike,92,2025-09-17,4.0,127500.0,31875.0,21.25,3.0,1.0,2.0,2.0,2.0,3.0,43,Mid Revenue,Critical
V0624,E-Bike,39,2025-08-29,3.0,166500.0,55500.0,37.0,2.0,1.0,0.0,0.0,3.0,3.0,62,Mid Revenue,Critical
V0625,E-Bike,76,2025-09-03,4.0,139500.0,34875.0,23.25,2.0,0.0,1.0,0.0,3.0,2.0,57,Mid Revenue,Critical
V0626,E-Bike,84,2025-09-22,2.0,43500.0,21750.0,14.5,1.0,1.0,0.0,0.0,2.0,2.0,38,Low Revenue,Critical
V0627,E-Bike,13,2025-08-29,5.0,183000.0,36600.0,24.4,3.0,2.0,1.0,0.0,4.0,4.0,62,Mid Revenue,Critical
V0628,E-Bike,29,2025-08-02,2.0,57000.0,28500.0,19.0,2.0,1.0,0.0,0.0,2.0,1.0,89,Low Revenue,Critical
V0629,E-Bike,88,2025-08-06,5.0,115500.0,23100.0,15.4,2.0,2.0,2.0,0.0,4.0,4.0,85,Mid Revenue,Critical
V0630,E-Bike,46,2025-09-09,2.0,25500.0,12750.0,8.5,1.0,0.0,1.0,1.0,2.0,2.0,51,Low Revenue,Critical
V0631,E-Bike,39,2025-08-30,4.0,181500.0,45375.0,30.25,3.0,0.0,0.0,0.0,3.0,2.0,61,Mid Revenue,Critical
V0632,E-Bike,75,2025-09-10,6.0,204000.0,34000.0,22.666666666666668,1.0,0.0,2.0,1.0,4.0,5.0,50,High Revenue,Critical
V0633,E-Bike,56,2025-09-14,3.0,142500.0,47500.0,31.666666666666668,3.0,2.0,0.0,0.0,2.0,3.0,46,Mid Revenue,Critical
V0634,E-Bike,26,2025-08-16,1.0,24000.0,24000.0,16.0,0.0,0.0,1.0,0.0,1.0,1.0,75,Low Revenue,Critical
V0635,E-Bike,52,2025-09-25,2.0,63000.0,31500.0,21.0,1.0,1.0,2.0,0.0,2.0,2.0,35,Low Revenue,Critical
V0636,E-Bike,76,2025-08-06,4.0,99000.0,24750.0,16.5,4.0,1.0,0.0,0.0,3.0,3.0,85,Mid Revenue,Critical
V0637,E-Bike,53,2025-08-08,5.0,166500.0,33300.0,22.2,2.0,1.0,1.0,1.0,5.0,4.0,83,Mid Revenue,Critical
V0638,E-Bike,28,2025-08-27,3.0,108000.0,36000.0,24.0,0.0,2.0,0.0,0.0,3.0,2.0,64,Mid Revenue,Critical
V0639,E-Bike,17,2025-08-11,3.0,79500.0,26500.0,17.666666666666668,3.0,0.0,0.0,0.0,3.0,3.0,80,Mid Revenue,Critical
V0640,E-Bike,54,2025-09-25,3.0,120000.0,40000.0,26.666666666666668,2.0,0.0,0.0,0.0,3.0,3.0,35,Mid Revenue,Critical
V0641,E-Bike,95,2025-09-19,2.0,66000.0,33000.0,22.0,0.0,1.0,1.0,1.0,2.0,2.0,41,Low Revenue,Critical
V0642,E-Bike,26,2025-08-04,2.0,69000.0,34500.0,23.0,0.0,2.0,1.0,1.0,2.0,2.0,87,Low Revenue,Critical
V0643,E-Bike,13,2025-09-17,5.0,247500.0,49500.0,33.0,4.0,1.0,1.0,1.0,4.0,4.0,43,High Revenue,Critical
V0644,E-Bike,47,2025-09-17,0.0,0.0,0.0,0.0,0.0,0.0,0.0,0.0,0.0,0.0,43,Low Revenue,Critical
V0645,E-Bike,63,2025-08-31,3.0,124500.0,41500.0,27.666666666666668,2.0,1.0,0.0,0.0,2.0,3.0,60,Mid Revenue,Critical
V0646,E-Bike,19,2025-09-23,3.0,132000.0,44000.0,29.333333333333332,2.0,1.0,1.0,0.0,2.0,2.0,37,Mid Revenue,Critical
V0647,E-Bike,42,2025-08-27,3.0,129000.0,43000.0,28.666666666666668,2.0,1.0,1.0,1.0,2.0,2.0,64,Mid Revenue,Critical
V0648,E-Bike,53,2025-08-16,2.0,28500.0,14250.0,9.5,2.0,0.0,1.0,0.0,2.0,1.0,75,Low Revenue,Critical
V0649,E-Bike,32,2025-09-21,7.0,339000.0,48428.57142857143,32.285714285714285,6.0,2.0,2.0,0.0,5.0,6.0,39,High Revenue,Critical
V0650,E-Bike,30,2025-08-03,5.0,220500.0,44100.0,29.4,3.0,2.0,1.0,1.0,4.0,5.0,88,High Revenue,Critical
V0651,E-Bike,77,2025-08-19,2.0,43500.0,21750.0,14.5,0.0,1.0,0.0,0.0,2.0,2.0,72,Low Revenue,Critical
V0652,E-Bike,19,2025-08-24,1.0,18000.0,18000.0,12.0,1.0,1.0,1.0,0.0,1.0,1.0,67,Low Revenue,Critical
V0653,E-Bike,39,2025-08-07,5.0,213000.0,42600.0,28.4,1.0,1.0,0.0,0.0,3.0,4.0,84,High Revenue,Critical
V0654,E-Bike,93,2025-08-25,2.0,79500.0,39750.0,26.5,1.0,0.0,0.0,0.0,2.0,2.0,66,Mid Revenue,Critical
V0655,E-Bike,89,2025-08-12,2.0,27000.0,13500.0,9.0,0.0,0.0,0.0,0.0,2.0,2.0,79,Low Revenue,Critical
V0656,E-Bike,84,2025-08-18,6.0,211500.0,35250.0,23.5,3.0,3.0,4.0,2.0,3.0,6.0,73,High Revenue,Critical
V0657,E-Bike,42,2025-09-03,2.0,100500.0,50250.0,33.5,1.0,1.0,1.0,0.0,2.0,2.0,57,Mid Revenue,Critical
V0658,E-Bike,24,2025-08-31,4.0,126000.0,31500.0,21.0,2.0,0.0,0.0,0.0,3.0,3.0,60,Mid Revenue,Critical
V0659,E-Bike,55,2025-09-05,5.0,147000.0,29400.0,19.6,2.0,2.0,1.0,0.0,4.0,4.0,55,Mid Revenue,Critical
V0660,E-Bike,74,2025-09-09,3.0,99000.0,33000.0,22.0,1.0,1.0,0.0,0.0,1.0,3.0,51,Mid Revenue,Critical
V0661,E-Bike,27,2025-09-14,2.0,99000.0,49500.0,33.0,2.0,1.0,0.0,0.0,2.0,2.0,46,Mid Revenue,Critical
V0662,E-Bike,98,2025-08-30,5.0,171000.0,34200.0,22.8,3.0,0.0,1.0,0.0,4.0,3.0,61,Mid Revenue,Critical
V0663,E-Bike,93,2025-08-01,3.0,178500.0,59500.0,39.666666666666664,2.0,1.0,0.0,0.0,3.0,3.0,90,Mid Revenue,Critical
V0664,E-Bike,22,2025-09-22,3.0,36000.0,12000.0,8.0,0.0,2.0,0.0,0.0,3.0,3.0,38,Low Revenue,Critical
V0665,E-Bike,88,2025-09-25,2.0,90000.0,45000.0,30.0,1.0,0.0,0.0,0.0,2.0,2.0,35,Mid Revenue,Critical
V0666,E-Bike,79,2025-08-30,5.0,237000.0,47400.0,31.6,1.0,2.0,1.0,1.0,4.0,4.0,61,High Revenue,Critical
V0667,E-Bike,96,2025-08-19,1.0,48000.0,48000.0,32.0,1.0,1.0,1.0,0.0,1.0,1.0,72,Low Revenue,Critical
V0668,E-Bike,60,2025-09-17,6.0,229500.0,38250.0,25.5,5.0,3.0,0.0,0.0,5.0,5.0,43,High Revenue,Critical
V0669,E-Bike,45,2025-09-05,1.0,19500.0,19500.0,13.0,0.0,0.0,1.0,1.0,1.0,1.0,55,Low Revenue,Critical
V0670,E-Bike,94,2025-09-15,3.0,135000.0,45000.0,30.0,0.0,1.0,0.0,0.0,3.0,2.0,45,Mid Revenue,Critical
V0671,E-Bike,31,2025-09-04,3.0,121500.0,40500.0,27.0,1.0,1.0,0.0,0.0,2.0,3.0,56,Mid Revenue,Critical
V0672,E-Bike,15,2025-09-23,1.0,66000.0,66000.0,44.0,0.0,1.0,0.0,0.0,1.0,1.0,37,Low Revenue,Critical
V0673,E-Bike,21,2025-08-17,3.0,151500.0,50500.0,33.666666666666664,2.0,2.0,0.0,0.0,3.0,2.0,74,Mid Revenue,Critical
V0674,E-Bike,55,2025-08-04,3.0,136500.0,45500.0,30.333333333333332,1.0,1.0,1.0,0.0,3.0,3.0,87,Mid Revenue,Critical
V0675,E-Bike,76,2025-08-29,7.0,234000.0,33428.57142857143,22.285714285714285,2.0,2.0,1.0,1.0,3.0,5.0,62,High Revenue,Critical
V0676,E-Bike,14,2025-08-17,2.0,94500.0,47250.0,31.5,2.0,0.0,0.0,0.0,1.0,2.0,74,Mid Revenue,Critical
V0677,E-Bike,12,2025-09-26,6.0,229500.0,38250.0,25.5,2.0,0.0,1.0,1.0,4.0,4.0,34,High Revenue,Critical
V0678,E-Bike,70,2025-09-12,2.0,75000.0,37500.0,25.0,1.0,0.0,0.0,0.0,2.0,1.0,48,Low Revenue,Critical
V0679,E-Bike,45,2025-09-10,6.0,186000.0,31000.0,20.666666666666668,2.0,0.0,1.0,0.0,5.0,4.0,50,High Revenue,Critical
V0680,E-Bike,58,2025-09-22,4.0,159000.0,39750.0,26.5,0.0,0.0,1.0,1.0,4.0,3.0,38,Mid Revenue,Critical
V0681,E-Bike,83,2025-09-01,5.0,226500.0,45300.0,30.2,3.0,2.0,1.0,0.0,4.0,4.0,59,High Revenue,Critical
V0682,E-Bike,14,2025-08-17,3.0,54000.0,18000.0,12.0,1.0,1.0,1.0,0.0,3.0,3.0,74,Low Revenue,Critical
V0683,E-Bike,47,2025-09-25,2.0,90000.0,45000.0,30.0,0.0,0.0,0.0,0.0,2.0,2.0,35,Mid Revenue,Critical
V0684,E-Bike,24,2025-09-05,2.0,111000.0,55500.0,37.0,2.0,0.0,1.0,0.0,2.0,2.0,55,Mid Revenue,Critical
V0685,E-Bike,90,2025-09-22,2.0,82500.0,41250.0,27.5,0.0,0.0,0.0,0.0,2.0,2.0,38,Mid Revenue,Critical
V0686,E-Bike,29,2025-09-14,4.0,85500.0,21375.0,14.25,0.0,3.0,0.0,0.0,3.0,4.0,46,Mid Revenue,Critical
V0687,E-Bike,45,2025-09-03,1.0,36000.0,36000.0,24.0,1.0,0.0,0.0,0.0,1.0,1.0,57,Low Revenue,Critical
V0688,E-Bike,63,2025-08-30,0.0,0.0,0.0,0.0,0.0,0.0,0.0,0.0,0.0,0.0,61,Low Revenue,Critical
V0689,E-Bike,79,2025-08-20,2.0,93000.0,46500.0,31.0,1.0,2.0,0.0,0.0,1.0,2.0,71,Mid Revenue,Critical
V0690,E-Bike,69,2025-08-03,4.0,190500.0,47625.0,31.75,2.0,0.0,1.0,1.0,4.0,3.0,88,High Revenue,Critical
V0691,E-Bike,79,2025-08-14,3.0,138000.0,46000.0,30.666666666666668,0.0,0.0,1.0,0.0,3.0,3.0,77,Mid Revenue,Critical
V0692,E-Bike,55,2025-08-13,3.0,123000.0,41000.0,27.333333333333332,2.0,1.0,1.0,1.0,3.0,2.0,78,Mid Revenue,Critical
V0693,E-Bike,13,2025-09-22,3.0,130500.0,43500.0,29.0,1.0,0.0,0.0,0.0,3.0,3.0,38,Mid Revenue,Critical
V0694,E-Bike,48,2025-09-16,4.0,127500.0,31875.0,21.25,2.0,2.0,0.0,0.0,4.0,4.0,44,Mid Revenue,Critical
V0695,E-Bike,18,2025-09-17,8.0,345000.0,43125.0,28.75,4.0,4.0,1.0,1.0,5.0,6.0,43,High Revenue,Critical
V0696,E-Bike,10,2025-09-16,3.0,115500.0,38500.0,25.666666666666668,3.0,0.0,1.0,1.0,3.0,2.0,44,Mid Revenue,Critical
V0697,E-Bike,34,2025-08-01,6.0,292500.0,48750.0,32.5,3.0,1.0,0.0,0.0,4.0,5.0,90,High Revenue,Critical
V0698,E-Bike,61,2025-09-09,1.0,40500.0,40500.0,27.0,0.0,0.0,0.0,0.0,1.0,1.0,51,Low Revenue,Critical
V0699,E-Bike,33,2025-08-18,1.0,61500.0,61500.0,41.0,0.0,0.0,0.0,0.0,1.0,1.0,73,Low Revenue,Critical
V0700,E-Bike,91,2025-09-14,4.0,130500.0,32625.0,21.75,2.0,2.0,0.0,0.0,3.0,3.0,46,Mid Revenue,Critical
V0701,E-Bike,94,2025-08-20,1.0,33000.0,33000.0,22.0,1.0,1.0,0.0,0.0,1.0,1.0,71,Low Revenue,Critical
V0702,E-Bike,24,2025-09-16,5.0,151500.0,30300.0,20.2,1.0,1.0,1.0,0.0,2.0,5.0,44,Mid Revenue,Critical
V0703,E-Bike,53,2025-09-07,1.0,33000.0,33000.0,22.0,1.0,0.0,1.0,1.0,1.0,1.0,53,Low Revenue,Critical
V0704,E-Bike,84,2025-09-19,2.0,43500.0,21750.0,14.5,1.0,1.0,0.0,0.0,2.0,2.0,41,Low Revenue,Critical
V0705,E-Bike,59,2025-09-03,1.0,57000.0,57000.0,38.0,0.0,1.0,0.0,0.0,1.0,1.0,57,Low Revenue,Critical
V0706,E-Bike,22,2025-09-27,2.0,69000.0,34500.0,23.0,2.0,0.0,0.0,0.0,1.0,2.0,33,Low Revenue,Critical
V0707,E-Bike,40,2025-08-29,4.0,171000.0,42750.0,28.5,4.0,2.0,1.0,0.0,2.0,4.0,62,Mid Revenue,Critical
V0708,E-Bike,45,2025-09-23,4.0,139500.0,34875.0,23.25,0.0,3.0,2.0,1.0,4.0,3.0,37,Mid Revenue,Critical
V0709,E-Bike,24,2025-08-27,4.0,180000.0,45000.0,30.0,1.0,2.0,0.0,0.0,4.0,4.0,64,Mid Revenue,Critical
V0710,E-Bike,45,2025-08-18,2.0,58500.0,29250.0,19.5,1.0,1.0,1.0,1.0,2.0,2.0,73,Low Revenue,Critical
V0711,E-Bike,24,2025-08-13,7.0,268500.0,38357.142857142855,25.571428571428573,4.0,1.0,1.0,0.0,6.0,5.0,78,High Revenue,Critical
V0712,E-Bike,40,2025-09-29,3.0,129000.0,43000.0,28.666666666666668,1.0,0.0,2.0,2.0,3.0,3.0,31,Mid Revenue,Critical
V0713,E-Bike,88,2025-08-06,5.0,234000.0,46800.0,31.2,3.0,0.0,1.0,1.0,3.0,3.0,85,High Revenue,Critical
V0714,E-Bike,20,2025-09-22,1.0,31500.0,31500.0,21.0,1.0,0.0,1.0,1.0,1.0,1.0,38,Low Revenue,Critical
V0715,E-Bike,71,2025-09-14,5.0,148500.0,29700.0,19.8,4.0,1.0,1.0,1.0,3.0,4.0,46,Mid Revenue,Critical
V0716,E-Bike,37,2025-08-26,3.0,106500.0,35500.0,23.666666666666668,1.0,2.0,0.0,0.0,2.0,2.0,65,Mid Revenue,Critical
V0717,E-Bike,27,2025-09-03,2.0,66000.0,33000.0,22.0,1.0,0.0,0.0,0.0,2.0,2.0,57,Low Revenue,Critical
V0718,E-Bike,89,2025-09-20,5.0,159000.0,31800.0,21.2,3.0,2.0,1.0,0.0,4.0,4.0,40,Mid Revenue,Critical
V0719,E-Bike,27,2025-09-05,2.0,73500.0,36750.0,24.5,1.0,0.0,1.0,0.0,2.0,2.0,55,Low Revenue,Critical
V0720,E-Bike,35,2025-08-09,5.0,99000.0,19800.0,13.2,4.0,1.0,3.0,2.0,3.0,4.0,82,Mid Revenue,Critical
V0721,E-Bike,32,2025-08-21,3.0,147000.0,49000.0,32.666666666666664,1.0,1.0,0.0,0.0,3.0,2.0,70,Mid Revenue,Critical
V0722,E-Bike,72,2025-08-22,3.0,87000.0,29000.0,19.333333333333332,0.0,1.0,1.0,1.0,2.0,2.0,69,Mid Revenue,Critical
V0723,E-Bike,68,2025-08-08,3.0,193500.0,64500.0,43.0,2.0,1.0,0.0,0.0,3.0,3.0,83,High Revenue,Critical
V0724,E-Bike,65,2025-09-09,4.0,117000.0,29250.0,19.5,1.0,2.0,2.0,2.0,4.0,4.0,51,Mid Revenue,Critical
V0725,E-Bike,19,2025-09-15,5.0,171000.0,34200.0,22.8,3.0,3.0,1.0,1.0,4.0,3.0,45,Mid Revenue,Critical
V0726,E-Bike,85,2025-08-10,0.0,0.0,0.0,0.0,0.0,0.0,0.0,0.0,0.0,0.0,81,Low Revenue,Critical
V0727,E-Bike,56,2025-09-04,6.0,172500.0,28750.0,19.166666666666668,3.0,3.0,2.0,0.0,6.0,4.0,56,Mid Revenue,Critical
V0728,E-Bike,23,2025-08-07,4.0,117000.0,29250.0,19.5,2.0,1.0,1.0,1.0,3.0,4.0,84,Mid Revenue,Critical
V0729,E-Bike,81,2025-08-13,5.0,178500.0,35700.0,23.8,3.0,0.0,1.0,0.0,3.0,4.0,78,Mid Revenue,Critical
V0730,E-Bike,86,2025-09-18,3.0,118500.0,39500.0,26.333333333333332,1.0,1.0,0.0,0.0,3.0,2.0,42,Mid Revenue,Critical
V0731,E-Bike,21,2025-09-04,3.0,118500.0,39500.0,26.333333333333332,1.0,0.0,2.0,2.0,3.0,3.0,56,Mid Revenue,Critical
V0732,E-Bike,26,2025-09-29,0.0,0.0,0.0,0.0,0.0,0.0,0.0,0.0,0.0,0.0,31,Low Revenue,Critical
V0733,E-Bike,98,2025-09-15,4.0,141000.0,35250.0,23.5,2.0,1.0,0.0,0.0,4.0,4.0,45,Mid Revenue,Critical
V0734,E-Bike,24,2025-08-21,5.0,102000.0,20400.0,13.6,3.0,3.0,0.0,0.0,4.0,2.0,70,Mid Revenue,Critical
V0735,E-Bike,36,2025-08-20,3.0,115500.0,38500.0,25.666666666666668,1.0,1.0,0.0,0.0,3.0,3.0,71,Mid Revenue,Critical
V0736,E-Bike,88,2025-08-26,1.0,28500.0,28500.0,19.0,0.0,0.0,1.0,1.0,1.0,1.0,65,Low Revenue,Critical
V0737,E-Bike,98,2025-09-17,3.0,91500.0,30500.0,20.333333333333332,1.0,1.0,0.0,0.0,3.0,2.0,43,Mid Revenue,Critical
V0738,E-Bike,66,2025-09-15,1.0,27000.0,27000.0,18.0,0.0,0.0,0.0,0.0,1.0,1.0,45,Low Revenue,Critical
V0739,E-Bike,99,2025-09-12,5.0,172500.0,34500.0,23.0,3.0,1.0,1.0,1.0,4.0,4.0,48,Mid Revenue,Critical
V0740,E-Bike,100,2025-09-12,3.0,78000.0,26000.0,17.333333333333332,2.0,0.0,2.0,1.0,3.0,2.0,48,Mid Revenue,Critical
V0741,E-Bike,47,2025-08-02,4.0,195000.0,48750.0,32.5,3.0,1.0,2.0,1.0,4.0,4.0,89,High Revenue,Critical
V0742,E-Bike,32,2025-09-22,6.0,255000.0,42500.0,28.333333333333332,3.0,1.0,4.0,3.0,4.0,4.0,38,High Revenue,Critical
V0743,E-Bike,23,2025-09-13,4.0,177000.0,44250.0,29.5,0.0,1.0,1.0,0.0,4.0,3.0,47,Mid Revenue,Critical
V0744,E-Bike,92,2025-09-06,3.0,93000.0,31000.0,20.666666666666668,1.0,1.0,0.0,0.0,2.0,2.0,54,Mid Revenue,Critical
V0745,E-Bike,64,2025-08-03,3.0,96000.0,32000.0,21.333333333333332,2.0,2.0,0.0,0.0,2.0,3.0,88,Mid Revenue,Critical
V0746,E-Bike,99,2025-09-18,3.0,163500.0,54500.0,36.333333333333336,1.0,0.0,1.0,1.0,3.0,3.0,42,Mid Revenue,Critical
V0747,E-Bike,23,2025-09-27,2.0,78000.0,39000.0,26.0,1.0,0.0,0.0,0.0,2.0,2.0,33,Mid Revenue,Critical
V0748,E-Bike,92,2025-08-01,3.0,100500.0,33500.0,22.333333333333332,1.0,0.0,1.0,0.0,3.0,3.0,90,Mid Revenue,Critical
V0749,E-Bike,28,2025-08-24,3.0,145500.0,48500.0,32.333333333333336,2.0,0.0,0.0,0.0,3.0,2.0,67,Mid Revenue,Critical
V0750,E-Bike,73,2025-08-01,1.0,55500.0,55500.0,37.0,0.0,0.0,1.0,0.0,1.0,1.0,90,Low Revenue,Critical
V0751,E-Bike,85,2025-08-23,3.0,117000.0,39000.0,26.0,2.0,2.0,0.0,0.0,3.0,2.0,68,Mid Revenue,Critical
V0752,E-Bike,74,2025-09-03,2.0,40500.0,20250.0,13.5,0.0,0.0,1.0,0.0,2.0,2.0,57,Low Revenue,Critical
V0753,E-Bike,29,2025-08-29,3.0,106500.0,35500.0,23.666666666666668,2.0,0.0,1.0,1.0,3.0,3.0,62,Mid Revenue,Critical
V0754,E-Bike,36,2025-08-05,3.0,168000.0,56000.0,37.333333333333336,2.0,2.0,0.0,0.0,2.0,3.0,86,Mid Revenue,Critical
V0755,E-Bike,60,2025-09-02,2.0,70500.0,35250.0,23.5,1.0,1.0,0.0,0.0,2.0,2.0,58,Low Revenue,Critical
V0756,E-Bike,77,2025-09-13,4.0,172500.0,43125.0,28.75,2.0,1.0,2.0,1.0,2.0,4.0,47,Mid Revenue,Critical
V0757,E-Bike,49,2025-08-11,2.0,76500.0,38250.0,25.5,2.0,0.0,0.0,0.0,1.0,2.0,80,Mid Revenue,Critical
V0758,E-Bike,11,2025-08-15,4.0,130500.0,32625.0,21.75,1.0,0.0,0.0,0.0,4.0,4.0,76,Mid Revenue,Critical
V0759,E-Bike,34,2025-09-09,7.0,303000.0,43285.71428571428,28.857142857142858,6.0,3.0,2.0,1.0,4.0,4.0,51,High Revenue,Critical
V0760,E-Bike,77,2025-09-26,5.0,186000.0,37200.0,24.8,2.0,2.0,1.0,0.0,4.0,5.0,34,High Revenue,Critical
V0761,E-Bike,79,2025-08-18,2.0,93000.0,46500.0,31.0,1.0,1.0,1.0,1.0,2.0,2.0,73,Mid Revenue,Critical
V0762,E-Bike,52,2025-09-09,3.0,70500.0,23500.0,15.666666666666666,2.0,2.0,1.0,0.0,2.0,3.0,51,Low Revenue,Critical
V0763,E-Bike,80,2025-09-11,1.0,67500.0,67500.0,45.0,0.0,0.0,1.0,1.0,1.0,1.0,49,Low Revenue,Critical
V0764,E-Bike,38,2025-08-06,0.0,0.0,0.0,0.0,0.0,0.0,0.0,0.0,0.0,0.0,85,Low Revenue,Critical
V0765,E-Bike,66,2025-08-14,6.0,259500.0,43250.0,28.833333333333332,4.0,1.0,1.0,0.0,4.0,5.0,77,High Revenue,Critical
V0766,E-Bike,81,2025-08-03,1.0,58500.0,58500.0,39.0,0.0,0.0,0.0,0.0,1.0,1.0,88,Low Revenue,Critical
V0767,E-Bike,78,2025-09-28,3.0,126000.0,42000.0,28.0,1.0,0.0,1.0,0.0,3.0,3.0,32,Mid Revenue,Critical
V0768,E-Bike,51,2025-08-17,4.0,175500.0,43875.0,29.25,4.0,0.0,2.0,1.0,3.0,4.0,74,Mid Revenue,Critical
V0769,E-Bike,55,2025-08-17,3.0,136500.0,45500.0,30.333333333333332,1.0,0.0,0.0,0.0,3.0,2.0,74,Mid Revenue,Critical
V0770,E-Bike,56,2025-09-15,4.0,187500.0,46875.0,31.25,3.0,2.0,2.0,2.0,3.0,4.0,45,High Revenue,Critical
V0771,E-Bike,36,2025-08-04,1.0,15000.0,15000.0,10.0,1.0,0.0,0.0,0.0,1.0,1.0,87,Low Revenue,Critical
V0772,E-Bike,11,2025-09-09,2.0,39000.0,19500.0,13.0,1.0,0.0,0.0,0.0,2.0,2.0,51,Low Revenue,Critical
V0773,E-Bike,35,2025-08-06,1.0,48000.0,48000.0,32.0,1.0,0.0,0.0,0.0,1.0,1.0,85,Low Revenue,Critical
V0774,E-Bike,78,2025-08-18,4.0,241500.0,60375.0,40.25,2.0,3.0,0.0,0.0,3.0,4.0,73,High Revenue,Critical
V0775,E-Bike,25,2025-08-25,4.0,127500.0,31875.0,21.25,1.0,1.0,1.0,1.0,3.0,3.0,66,Mid Revenue,Critical
V0776,E-Bike,42,2025-09-14,10.0,450000.0,45000.0,30.0,6.0,4.0,1.0,0.0,5.0,5.0,46,High Revenue,Critical
V0777,E-Bike,11,2025-08-25,2.0,39000.0,19500.0,13.0,1.0,0.0,0.0,0.0,2.0,2.0,66,Low Revenue,Critical
V0778,E-Bike,27,2025-08-17,4.0,159000.0,39750.0,26.5,2.0,0.0,1.0,0.0,3.0,3.0,74,Mid Revenue,Critical
V0779,E-Bike,45,2025-09-05,1.0,9000.0,9000.0,6.0,1.0,0.0,0.0,0.0,1.0,1.0,55,Low Revenue,Critical
V0780,E-Bike,94,2025-09-27,1.0,46500.0,46500.0,31.0,1.0,0.0,1.0,0.0,1.0,1.0,33,Low Revenue,Critical
V0781,E-Bike,20,2025-08-18,2.0,66000.0,33000.0,22.0,1.0,2.0,0.0,0.0,2.0,2.0,73,Low Revenue,Critical
V0782,E-Bike,17,2025-08-31,1.0,43500.0,43500.0,29.0,0.0,0.0,0.0,0.0,1.0,1.0,60,Low Revenue,Critical
V0783,E-Bike,86,2025-08-09,4.0,136500.0,34125.0,22.75,3.0,0.0,0.0,0.0,3.0,4.0,82,Mid Revenue,Critical
V0784,E-Bike,11,2025-08-22,2.0,79500.0,39750.0,26.5,1.0,2.0,1.0,1.0,2.0,2.0,69,Mid Revenue,Critical
V0785,E-Bike,41,2025-09-18,2.0,27000.0,13500.0,9.0,2.0,1.0,0.0,0.0,2.0,2.0,42,Low Revenue,Critical
V0786,E-Bike,83,2025-09-17,2.0,66000.0,33000.0,22.0,0.0,2.0,1.0,0.0,2.0,1.0,43,Low Revenue,Critical
V0787,E-Bike,19,2025-09-08,5.0,240000.0,48000.0,32.0,4.0,1.0,1.0,1.0,5.0,4.0,52,High Revenue,Critical
V0788,E-Bike,29,2025-09-02,5.0,199500.0,39900.0,26.6,3.0,0.0,0.0,0.0,4.0,4.0,58,High Revenue,Critical
V0789,E-Bike,84,2025-09-10,6.0,154500.0,25750.0,17.166666666666668,1.0,1.0,1.0,0.0,4.0,5.0,50,Mid Revenue,Critical
V0790,E-Bike,93,2025-08-26,3.0,133500.0,44500.0,29.666666666666668,1.0,0.0,0.0,0.0,3.0,2.0,65,Mid Revenue,Critical
V0791,E-Bike,18,2025-09-28,3.0,96000.0,32000.0,21.333333333333332,1.0,1.0,1.0,0.0,3.0,3.0,32,Mid Revenue,Critical
V0792,E-Bike,23,2025-09-11,3.0,97500.0,32500.0,21.666666666666668,3.0,3.0,1.0,1.0,2.0,3.0,49,Mid Revenue,Critical
V0793,E-Bike,74,2025-09-28,4.0,120000.0,30000.0,20.0,2.0,1.0,1.0,1.0,4.0,4.0,32,Mid Revenue,Critical
V0794,E-Bike,96,2025-08-06,1.0,9000.0,9000.0,6.0,0.0,0.0,0.0,0.0,1.0,1.0,85,Low Revenue,Critical
V0795,E-Bike,43,2025-08-02,6.0,183000.0,30500.0,20.333333333333332,4.0,0.0,2.0,2.0,5.0,4.0,89,Mid Revenue,Critical
V0796,E-Bike,23,2025-09-09,1.0,15000.0,15000.0,10.0,0.0,0.0,1.0,0.0,1.0,1.0,51,Low Revenue,Critical
V0797,E-Bike,57,2025-08-28,6.0,235500.0,39250.0,26.166666666666668,4.0,0.0,2.0,0.0,5.0,5.0,63,High Revenue,Critical
V0798,E-Bike,15,2025-08-20,3.0,151500.0,50500.0,33.666666666666664,3.0,1.0,1.0,1.0,2.0,3.0,71,Mid Revenue,Critical
V0799,E-Bike,76,2025-08-20,6.0,267000.0,44500.0,29.666666666666668,4.0,2.0,1.0,0.0,4.0,5.0,71,High Revenue,Critical
V0800,E-Bike,66,2025-09-16,2.0,81000.0,40500.0,27.0,1.0,1.0,0.0,0.0,2.0,2.0,44,Mid Revenue,Critical
V0801,E-Bike,80,2025-09-03,4.0,139500.0,34875.0,23.25,3.0,1.0,2.0,1.0,2.0,4.0,57,Mid Revenue,Critical
V0802,E-Bike,25,2025-09-28,3.0,82500.0,27500.0,18.333333333333332,2.0,0.0,1.0,1.0,3.0,3.0,32,Mid Revenue,Critical
V0803,E-Bike,67,2025-08-22,6.0,246000.0,41000.0,27.333333333333332,2.0,5.0,1.0,0.0,5.0,6.0,69,High Revenue,Critical
V0804,E-Bike,12,2025-08-07,3.0,45000.0,15000.0,10.0,0.0,1.0,1.0,1.0,3.0,2.0,84,Low Revenue,Critical
V0805,E-Bike,71,2025-08-20,2.0,102000.0,51000.0,34.0,0.0,1.0,0.0,0.0,2.0,2.0,71,Mid Revenue,Critical
V0806,E-Bike,94,2025-08-11,2.0,67500.0,33750.0,22.5,1.0,1.0,0.0,0.0,2.0,2.0,80,Low Revenue,Critical
V0807,E-Bike,62,2025-09-06,2.0,85500.0,42750.0,28.5,2.0,1.0,0.0,0.0,2.0,2.0,54,Mid Revenue,Critical
V0808,E-Bike,67,2025-08-26,4.0,111000.0,27750.0,18.5,2.0,0.0,1.0,1.0,2.0,3.0,65,Mid Revenue,Critical
V0809,E-Bike,75,2025-09-06,1.0,18000.0,18000.0,12.0,1.0,0.0,0.0,0.0,1.0,1.0,54,Low Revenue,Critical
V0810,E-Bike,33,2025-09-16,5.0,204000.0,40800.0,27.2,5.0,3.0,0.0,0.0,3.0,5.0,44,High Revenue,Critical
V0811,E-Bike,68,2025-08-05,4.0,144000.0,36000.0,24.0,1.0,2.0,1.0,0.0,2.0,4.0,86,Mid Revenue,Critical
V0812,E-Bike,48,2025-08-27,1.0,52500.0,52500.0,35.0,1.0,1.0,1.0,0.0,1.0,1.0,64,Low Revenue,Critical
V0813,E-Bike,46,2025-09-18,4.0,181500.0,45375.0,30.25,0.0,2.0,0.0,0.0,3.0,3.0,42,Mid Revenue,Critical
V0814,E-Bike,21,2025-08-16,2.0,96000.0,48000.0,32.0,0.0,1.0,0.0,0.0,2.0,2.0,75,Mid Revenue,Critical
V0815,E-Bike,61,2025-09-18,6.0,177000.0,29500.0,19.666666666666668,1.0,1.0,1.0,1.0,5.0,4.0,42,Mid Revenue,Critical
V0816,E-Bike,79,2025-09-21,1.0,49500.0,49500.0,33.0,1.0,1.0,0.0,0.0,1.0,1.0,39,Low Revenue,Critical
V0817,E-Bike,67,2025-09-06,2.0,96000.0,48000.0,32.0,0.0,1.0,0.0,0.0,2.0,2.0,54,Mid Revenue,Critical
V0818,E-Bike,32,2025-09-14,6.0,198000.0,33000.0,22.0,4.0,1.0,2.0,0.0,5.0,3.0,46,High Revenue,Critical
V0819,E-Bike,13,2025-09-17,9.0,313500.0,34833.333333333336,23.22222222222222,3.0,0.0,2.0,1.0,6.0,5.0,43,High Revenue,Critical
V0820,E-Bike,54,2025-09-05,6.0,181500.0,30250.0,20.166666666666668,1.0,2.0,1.0,1.0,4.0,3.0,55,Mid Revenue,Critical
V0821,E-Bike,37,2025-08-16,3.0,148500.0,49500.0,33.0,2.0,2.0,2.0,1.0,2.0,3.0,75,Mid Revenue,Critical
V0822,E-Bike,34,2025-09-23,4.0,195000.0,48750.0,32.5,2.0,0.0,2.0,1.0,4.0,3.0,37,High Revenue,Critical
V0823,E-Bike,68,2025-08-23,2.0,55500.0,27750.0,18.5,0.0,0.0,0.0,0.0,2.0,2.0,68,Low Revenue,Critical
V0824,E-Bike,89,2025-08-01,4.0,123000.0,30750.0,20.5,2.0,3.0,1.0,1.0,3.0,4.0,90,Mid Revenue,Critical
V0825,E-Bike,82,2025-09-03,2.0,52500.0,26250.0,17.5,2.0,1.0,0.0,0.0,2.0,1.0,57,Low Revenue,Critical
V0826,E-Bike,66,2025-09-05,1.0,52500.0,52500.0,35.0,1.0,0.0,0.0,0.0,1.0,1.0,55,Low Revenue,Critical
V0827,E-Bike,46,2025-09-20,2.0,54000.0,27000.0,18.0,0.0,0.0,0.0,0.0,2.0,2.0,40,Low Revenue,Critical
V0828,E-Bike,98,2025-08-25,2.0,49500.0,24750.0,16.5,2.0,1.0,0.0,0.0,2.0,2.0,66,Low Revenue,Critical
V0829,E-Bike,12,2025-08-28,0.0,0.0,0.0,0.0,0.0,0.0,0.0,0.0,0.0,0.0,63,Low Revenue,Critical
V0830,E-Bike,93,2025-08-29,4.0,109500.0,27375.0,18.25,1.0,2.0,1.0,0.0,4.0,4.0,62,Mid Revenue,Critical
V0831,E-Bike,39,2025-09-26,7.0,237000.0,33857.142857142855,22.571428571428573,2.0,1.0,1.0,1.0,5.0,4.0,34,High Revenue,Critical
V0832,E-Bike,11,2025-09-13,3.0,102000.0,34000.0,22.666666666666668,3.0,0.0,2.0,1.0,3.0,3.0,47,Mid Revenue,Critical
V0833,E-Bike,69,2025-08-14,7.0,183000.0,26142.85714285714,17.428571428571427,2.0,1.0,3.0,2.0,4.0,3.0,77,Mid Revenue,Critical
V0834,E-Bike,58,2025-08-05,3.0,100500.0,33500.0,22.333333333333332,1.0,0.0,0.0,0.0,3.0,3.0,86,Mid Revenue,Critical
V0835,E-Bike,36,2025-08-12,4.0,178500.0,44625.0,29.75,3.0,1.0,2.0,0.0,3.0,3.0,79,Mid Revenue,Critical
V0836,E-Bike,37,2025-09-25,6.0,240000.0,40000.0,26.666666666666668,4.0,2.0,2.0,1.0,5.0,5.0,35,High Revenue,Critical
V0837,E-Bike,82,2025-08-09,5.0,219000.0,43800.0,29.2,3.0,1.0,2.0,0.0,4.0,4.0,82,High Revenue,Critical
V0838,E-Bike,74,2025-09-29,1.0,13500.0,13500.0,9.0,0.0,0.0,0.0,0.0,1.0,1.0,31,Low Revenue,Critical
V0839,E-Bike,12,2025-09-19,0.0,0.0,0.0,0.0,0.0,0.0,0.0,0.0,0.0,0.0,41,Low Revenue,Critical
V0840,E-Bike,34,2025-08-24,3.0,102000.0,34000.0,22.666666666666668,1.0,2.0,0.0,0.0,2.0,3.0,67,Mid Revenue,Critical
V0841,E-Bike,51,2025-09-23,0.0,0.0,0.0,0.0,0.0,0.0,0.0,0.0,0.0,0.0,37,Low Revenue,Critical
V0842,E-Bike,84,2025-08-23,1.0,10500.0,10500.0,7.0,1.0,0.0,0.0,0.0,1.0,1.0,68,Low Revenue,Critical
V0843,E-Bike,94,2025-08-22,1.0,37500.0,37500.0,25.0,1.0,1.0,0.0,0.0,1.0,1.0,69,Low Revenue,Critical
V0844,E-Bike,61,2025-09-27,4.0,190500.0,47625.0,31.75,2.0,0.0,0.0,0.0,3.0,2.0,33,High Revenue,Critical
V0845,E-Bike,17,2025-09-21,3.0,144000.0,48000.0,32.0,2.0,1.0,2.0,1.0,3.0,3.0,39,Mid Revenue,Critical
V0846,E-Bike,21,2025-09-27,6.0,181500.0,30250.0,20.166666666666668,2.0,2.0,2.0,0.0,6.0,3.0,33,Mid Revenue,Critical
V0847,E-Bike,73,2025-09-16,1.0,16500.0,16500.0,11.0,0.0,0.0,0.0,0.0,1.0,1.0,44,Low Revenue,Critical
V0848,E-Bike,36,2025-08-12,4.0,223500.0,55875.0,37.25,2.0,2.0,1.0,1.0,2.0,3.0,79,High Revenue,Critical
V0849,E-Bike,46,2025-09-11,6.0,204000.0,34000.0,22.666666666666668,1.0,2.0,2.0,1.0,4.0,4.0,49,High Revenue,Critical
V0850,E-Bike,97,2025-09-16,3.0,138000.0,46000.0,30.666666666666668,1.0,0.0,1.0,0.0,3.0,3.0,44,Mid Revenue,Critical
V0851,E-Bike,76,2025-08-17,2.0,69000.0,34500.0,23.0,2.0,2.0,0.0,0.0,2.0,2.0,74,Low Revenue,Critical
V0852,E-Bike,53,2025-08-05,5.0,235500.0,47100.0,31.4,1.0,0.0,1.0,0.0,4.0,4.0,86,High Revenue,Critical
V0853,E-Bike,86,2025-08-03,2.0,79500.0,39750.0,26.5,1.0,0.0,0.0,0.0,1.0,2.0,88,Mid Revenue,Critical
V0854,E-Bike,54,2025-08-09,2.0,112500.0,56250.0,37.5,1.0,2.0,1.0,0.0,2.0,2.0,82,Mid Revenue,Critical
V0855,E-Bike,29,2025-08-08,5.0,159000.0,31800.0,21.2,3.0,2.0,1.0,1.0,4.0,5.0,83,Mid Revenue,Critical
V0856,E-Bike,73,2025-09-06,4.0,193500.0,48375.0,32.25,1.0,0.0,1.0,0.0,3.0,3.0,54,High Revenue,Critical
V0857,E-Bike,71,2025-09-07,2.0,28500.0,14250.0,9.5,2.0,1.0,0.0,0.0,2.0,2.0,53,Low Revenue,Critical
V0858,E-Bike,14,2025-08-17,3.0,94500.0,31500.0,21.0,2.0,0.0,1.0,1.0,2.0,3.0,74,Mid Revenue,Critical
V0859,E-Bike,71,2025-09-07,4.0,81000.0,20250.0,13.5,2.0,3.0,0.0,0.0,4.0,3.0,53,Mid Revenue,Critical
V0860,E-Bike,26,2025-09-07,2.0,58500.0,29250.0,19.5,1.0,0.0,0.0,0.0,2.0,2.0,53,Low Revenue,Critical
V0861,E-Bike,79,2025-09-02,3.0,97500.0,32500.0,21.666666666666668,2.0,0.0,0.0,0.0,2.0,3.0,58,Mid Revenue,Critical
V0862,E-Bike,60,2025-08-26,1.0,19500.0,19500.0,13.0,0.0,0.0,1.0,0.0,1.0,1.0,65,Low Revenue,Critical
V0863,E-Bike,31,2025-09-02,4.0,129000.0,32250.0,21.5,3.0,2.0,1.0,0.0,4.0,3.0,58,Mid Revenue,Critical
V0864,E-Bike,10,2025-09-13,3.0,94500.0,31500.0,21.0,2.0,0.0,2.0,1.0,3.0,3.0,47,Mid Revenue,Critical
V0865,E-Bike,22,2025-09-07,8.0,324000.0,40500.0,27.0,2.0,1.0,4.0,2.0,6.0,5.0,53,High Revenue,Critical
V0866,E-Bike,64,2025-09-20,4.0,202500.0,50625.0,33.75,2.0,1.0,1.0,1.0,3.0,4.0,40,High Revenue,Critical
V0867,E-Bike,100,2025-09-09,2.0,82500.0,41250.0,27.5,0.0,0.0,1.0,1.0,2.0,2.0,51,Mid Revenue,Critical
V0868,E-Bike,78,2025-08-29,3.0,55500.0,18500.0,12.333333333333334,2.0,1.0,0.0,0.0,3.0,3.0,62,Low Revenue,Critical
V0869,E-Bike,55,2025-08-09,0.0,0.0,0.0,0.0,0.0,0.0,0.0,0.0,0.0,0.0,82,Low Revenue,Critical
V0870,E-Bike,18,2025-08-31,6.0,291000.0,48500.0,32.333333333333336,2.0,1.0,0.0,0.0,5.0,5.0,60,High Revenue,Critical
V0871,E-Bike,23,2025-09-06,2.0,94500.0,47250.0,31.5,2.0,0.0,0.0,0.0,2.0,2.0,54,Mid Revenue,Critical
V0872,E-Bike,89,2025-09-01,5.0,187500.0,37500.0,25.0,3.0,2.0,0.0,0.0,5.0,4.0,59,High Revenue,Critical
V0873,E-Bike,68,2025-08-05,2.0,27000.0,13500.0,9.0,1.0,1.0,0.0,0.0,2.0,2.0,86,Low Revenue,Critical
V0874,E-Bike,83,2025-09-20,2.0,48000.0,24000.0,16.0,1.0,1.0,2.0,0.0,2.0,2.0,40,Low Revenue,Critical
V0875,E-Bike,67,2025-08-26,3.0,123000.0,41000.0,27.333333333333332,3.0,1.0,1.0,1.0,3.0,2.0,65,Mid Revenue,Critical
V0876,E-Bike,75,2025-09-03,3.0,121500.0,40500.0,27.0,1.0,0.0,1.0,0.0,3.0,2.0,57,Mid Revenue,Critical
V0877,E-Bike,44,2025-08-27,1.0,43500.0,43500.0,29.0,0.0,0.0,0.0,0.0,1.0,1.0,64,Low Revenue,Critical
V0878,E-Bike,73,2025-09-16,3.0,139500.0,46500.0,31.0,1.0,0.0,2.0,0.0,3.0,3.0,44,Mid Revenue,Critical
V0879,E-Bike,21,2025-09-26,2.0,27000.0,13500.0,9.0,0.0,1.0,0.0,0.0,2.0,2.0,34,Low Revenue,Critical
V0880,E-Bike,57,2025-09-27,3.0,130500.0,43500.0,29.0,0.0,1.0,1.0,0.0,3.0,3.0,33,Mid Revenue,Critical
V0881,E-Bike,15,2025-08-29,5.0,195000.0,39000.0,26.0,4.0,2.0,1.0,1.0,3.0,5.0,62,High Revenue,Critical
V0882,E-Bike,34,2025-09-30,1.0,9000.0,9000.0,6.0,0.0,0.0,1.0,0.0,1.0,1.0,30,Low Revenue,Watch
V0883,E-Bike,63,2025-09-21,6.0,223500.0,37250.0,24.833333333333332,1.0,2.0,1.0,1.0,5.0,4.0,39,High Revenue,Critical
V0884,E-Bike,99,2025-09-17,3.0,72000.0,24000.0,16.0,2.0,1.0,0.0,0.0,3.0,2.0,43,Low Revenue,Critical
V0885,E-Bike,96,2025-09-03,3.0,132000.0,44000.0,29.333333333333332,0.0,0.0,0.0,0.0,3.0,2.0,57,Mid Revenue,Critical
V0886,E-Bike,22,2025-08-05,4.0,226500.0,56625.0,37.75,1.0,2.0,1.0,0.0,3.0,4.0,86,High Revenue,Critical
V0887,E-Bike,41,2025-09-26,3.0,132000.0,44000.0,29.333333333333332,2.0,0.0,1.0,0.0,2.0,3.0,34,Mid Revenue,Critical
V0888,E-Bike,40,2025-09-09,3.0,114000.0,38000.0,25.333333333333332,1.0,0.0,0.0,0.0,3.0,2.0,51,Mid Revenue,Critical
V0889,E-Bike,57,2025-09-24,2.0,90000.0,45000.0,30.0,1.0,1.0,0.0,0.0,2.0,1.0,36,Mid Revenue,Critical
V0890,E-Bike,54,2025-08-03,3.0,172500.0,57500.0,38.333333333333336,2.0,0.0,1.0,1.0,3.0,2.0,88,Mid Revenue,Critical
V0891,E-Bike,29,2025-08-21,1.0,31500.0,31500.0,21.0,0.0,0.0,0.0,0.0,1.0,1.0,70,Low Revenue,Critical
V0892,E-Bike,83,2025-09-29,3.0,112500.0,37500.0,25.0,1.0,1.0,2.0,0.0,3.0,3.0,31,Mid Revenue,Critical
V0893,E-Bike,83,2025-08-27,1.0,13500.0,13500.0,9.0,1.0,1.0,0.0,0.0,1.0,1.0,64,Low Revenue,Critical
V0894,E-Bike,60,2025-08-08,1.0,22500.0,22500.0,15.0,0.0,0.0,1.0,0.0,1.0,1.0,83,Low Revenue,Critical
V0895,E-Bike,33,2025-08-29,0.0,0.0,0.0,0.0,0.0,0.0,0.0,0.0,0.0,0.0,62,Low Revenue,Critical
V0896,E-Bike,27,2025-08-21,1.0,67500.0,67500.0,45.0,0.0,0.0,0.0,0.0,1.0,1.0,70,Low Revenue,Critical
V0897,E-Bike,27,2025-08-07,5.0,184500.0,36900.0,24.6,3.0,0.0,1.0,0.0,4.0,4.0,84,Mid Revenue,Critical
V0898,E-Bike,95,2025-09-20,3.0,99000.0,33000.0,22.0,2.0,1.0,2.0,1.0,3.0,3.0,40,Mid Revenue,Critical
V0899,E-Bike,86,2025-08-13,4.0,204000.0,51000.0,34.0,2.0,2.0,0.0,0.0,3.0,3.0,78,High Revenue,Critical
V0900,E-Bike,28,2025-09-06,2.0,69000.0,34500.0,23.0,0.0,0.0,0.0,0.0,2.0,2.0,54,Low Revenue,Critical
V0901,E-Bike,23,2025-08-31,1.0,46500.0,46500.0,31.0,0.0,0.0,0.0,0.0,1.0,1.0,60,Low Revenue,Critical
V0902,E-Bike,76,2025-08-23,7.0,289500.0,41357.142857142855,27.571428571428573,3.0,2.0,0.0,0.0,4.0,5.0,68,High Revenue,Critical
V0903,E-Bike,11,2025-08-27,5.0,208500.0,41700.0,27.8,3.0,1.0,0.0,0.0,3.0,4.0,64,High Revenue,Critical
V0904,E-Bike,30,2025-08-26,5.0,250500.0,50100.0,33.4,2.0,3.0,0.0,0.0,4.0,4.0,65,High Revenue,Critical
V0905,E-Bike,98,2025-08-28,2.0,64500.0,32250.0,21.5,2.0,1.0,0.0,0.0,2.0,2.0,63,Low Revenue,Critical
V0906,E-Bike,38,2025-09-01,4.0,148500.0,37125.0,24.75,2.0,1.0,2.0,0.0,4.0,3.0,59,Mid Revenue,Critical
V0907,E-Bike,26,2025-08-08,4.0,111000.0,27750.0,18.5,3.0,1.0,1.0,0.0,3.0,3.0,83,Mid Revenue,Critical
V0908,E-Bike,52,2025-08-22,4.0,75000.0,18750.0,12.5,2.0,0.0,2.0,1.0,4.0,3.0,69,Low Revenue,Critical
V0909,E-Bike,100,2025-09-28,4.0,196500.0,49125.0,32.75,2.0,2.0,0.0,0.0,3.0,3.0,32,High Revenue,Critical
V0910,E-Bike,22,2025-08-12,3.0,106500.0,35500.0,23.666666666666668,1.0,1.0,0.0,0.0,3.0,2.0,79,Mid Revenue,Critical
V0911,E-Bike,81,2025-09-29,5.0,228000.0,45600.0,30.4,2.0,2.0,3.0,3.0,3.0,4.0,31,High Revenue,Critical
V0912,E-Bike,79,2025-09-09,2.0,46500.0,23250.0,15.5,1.0,1.0,1.0,0.0,2.0,1.0,51,Low Revenue,Critical
V0913,E-Bike,46,2025-09-02,3.0,133500.0,44500.0,29.666666666666668,2.0,1.0,1.0,1.0,3.0,3.0,58,Mid Revenue,Critical
V0914,E-Bike,12,2025-08-25,4.0,139500.0,34875.0,23.25,2.0,1.0,0.0,0.0,3.0,3.0,66,Mid Revenue,Critical
V0915,E-Bike,92,2025-08-13,5.0,211500.0,42300.0,28.2,1.0,2.0,2.0,1.0,5.0,4.0,78,High Revenue,Critical
V0916,E-Bike,63,2025-08-26,4.0,91500.0,22875.0,15.25,4.0,2.0,1.0,1.0,3.0,4.0,65,Mid Revenue,Critical
V0917,E-Bike,75,2025-09-10,3.0,81000.0,27000.0,18.0,2.0,1.0,0.0,0.0,2.0,3.0,50,Mid Revenue,Critical
V0918,E-Bike,95,2025-09-28,3.0,69000.0,23000.0,15.333333333333334,1.0,0.0,0.0,0.0,2.0,3.0,32,Low Revenue,Critical
V0919,E-Bike,56,2025-09-28,4.0,120000.0,30000.0,20.0,2.0,3.0,1.0,1.0,4.0,3.0,32,Mid Revenue,Critical
V0920,E-Bike,38,2025-08-15,1.0,48000.0,48000.0,32.0,0.0,1.0,1.0,0.0,1.0,1.0,76,Low Revenue,Critical
V0921,E-Bike,69,2025-08-21,1.0,19500.0,19500.0,13.0,1.0,1.0,1.0,1.0,1.0,1.0,70,Low Revenue,Critical
V0922,E-Bike,36,2025-08-29,4.0,210000.0,52500.0,35.0,0.0,2.0,0.0,0.0,4.0,3.0,62,High Revenue,Critical
V0923,E-Bike,39,2025-09-09,2.0,67500.0,33750.0,22.5,1.0,1.0,0.0,0.0,2.0,2.0,51,Low Revenue,Critical
V0924,E-Bike,56,2025-09-13,4.0,118500.0,29625.0,19.75,3.0,1.0,1.0,0.0,3.0,4.0,47,Mid Revenue,Critical
V0925,E-Bike,89,2025-09-01,2.0,96000.0,48000.0,32.0,1.0,1.0,0.0,0.0,1.0,2.0,59,Mid Revenue,Critical
V0926,E-Bike,47,2025-09-15,6.0,205500.0,34250.0,22.833333333333332,3.0,1.0,3.0,2.0,3.0,5.0,45,High Revenue,Critical
V0927,E-Bike,13,2025-09-10,3.0,147000.0,49000.0,32.666666666666664,1.0,1.0,0.0,0.0,3.0,3.0,50,Mid Revenue,Critical
V0928,E-Bike,12,2025-09-11,7.0,339000.0,48428.57142857143,32.285714285714285,5.0,2.0,1.0,1.0,6.0,5.0,49,High Revenue,Critical
V0929,E-Bike,71,2025-09-06,2.0,51000.0,25500.0,17.0,0.0,0.0,0.0,0.0,2.0,1.0,54,Low Revenue,Critical
V0930,E-Bike,100,2025-08-29,2.0,25500.0,12750.0,8.5,1.0,1.0,0.0,0.0,2.0,2.0,62,Low Revenue,Critical
V0931,E-Bike,90,2025-08-16,3.0,103500.0,34500.0,23.0,2.0,1.0,2.0,0.0,3.0,3.0,75,Mid Revenue,Critical
V0932,E-Bike,63,2025-09-02,4.0,121500.0,30375.0,20.25,2.0,2.0,1.0,0.0,3.0,3.0,58,Mid Revenue,Critical
V0933,E-Bike,87,2025-09-18,4.0,196500.0,49125.0,32.75,0.0,1.0,2.0,1.0,4.0,2.0,42,High Revenue,Critical
V0934,E-Bike,10,2025-09-21,0.0,0.0,0.0,0.0,0.0,0.0,0.0,0.0,0.0,0.0,39,Low Revenue,Critical
V0935,E-Bike,78,2025-08-09,4.0,66000.0,16500.0,11.0,1.0,0.0,0.0,0.0,2.0,4.0,82,Low Revenue,Critical
V0936,E-Bike,27,2025-08-24,3.0,108000.0,36000.0,24.0,1.0,2.0,1.0,0.0,3.0,3.0,67,Mid Revenue,Critical
V0937,E-Bike,50,2025-09-03,4.0,163500.0,40875.0,27.25,2.0,0.0,0.0,0.0,3.0,4.0,57,Mid Revenue,Critical
V0938,E-Bike,37,2025-09-03,1.0,67500.0,67500.0,45.0,1.0,0.0,0.0,0.0,1.0,1.0,57,Low Revenue,Critical
V0939,E-Bike,70,2025-09-01,4.0,204000.0,51000.0,34.0,0.0,1.0,2.0,0.0,2.0,3.0,59,High Revenue,Critical
V0940,E-Bike,60,2025-09-06,1.0,19500.0,19500.0,13.0,0.0,0.0,1.0,0.0,1.0,1.0,54,Low Revenue,Critical
V0941,E-Bike,74,2025-08-30,3.0,141000.0,47000.0,31.333333333333332,0.0,1.0,1.0,0.0,2.0,3.0,61,Mid Revenue,Critical
V0942,E-Bike,21,2025-09-10,3.0,66000.0,22000.0,14.666666666666666,1.0,1.0,0.0,0.0,3.0,3.0,50,Low Revenue,Critical
V0943,E-Bike,81,2025-08-08,2.0,127500.0,63750.0,42.5,1.0,0.0,0.0,0.0,2.0,2.0,83,Mid Revenue,Critical
V0944,E-Bike,90,2025-08-18,2.0,106500.0,53250.0,35.5,0.0,0.0,1.0,0.0,2.0,2.0,73,Mid Revenue,Critical
V0945,E-Bike,68,2025-09-28,2.0,100500.0,50250.0,33.5,0.0,0.0,2.0,1.0,2.0,2.0,32,Mid Revenue,Critical
V0946,E-Bike,23,2025-09-28,3.0,97500.0,32500.0,21.666666666666668,2.0,0.0,0.0,0.0,2.0,2.0,32,Mid Revenue,Critical
V0947,E-Bike,95,2025-08-25,2.0,36000.0,18000.0,12.0,1.0,1.0,0.0,0.0,2.0,2.0,66,Low Revenue,Critical
V0948,E-Bike,40,2025-08-22,0.0,0.0,0.0,0.0,0.0,0.0,0.0,0.0,0.0,0.0,69,Low Revenue,Critical
V0949,E-Bike,35,2025-09-20,7.0,273000.0,39000.0,26.0,4.0,3.0,1.0,1.0,5.0,5.0,40,High Revenue,Critical
V0950,E-Bike,27,2025-09-19,1.0,28500.0,28500.0,19.0,1.0,0.0,1.0,0.0,1.0,1.0,41,Low Revenue,Critical
V0951,E-Bike,46,2025-09-28,3.0,99000.0,33000.0,22.0,1.0,1.0,0.0,0.0,3.0,3.0,32,Mid Revenue,Critical
V0952,E-Bike,80,2025-08-02,2.0,48000.0,24000.0,16.0,1.0,0.0,0.0,0.0,2.0,1.0,89,Low Revenue,Critical
V0953,E-Bike,83,2025-09-20,4.0,205500.0,51375.0,34.25,2.0,1.0,2.0,1.0,3.0,3.0,40,High Revenue,Critical
V0954,E-Bike,12,2025-09-25,1.0,12000.0,12000.0,8.0,1.0,1.0,0.0,0.0,1.0,1.0,35,Low Revenue,Critical
V0955,E-Bike,29,2025-09-13,5.0,150000.0,30000.0,20.0,5.0,4.0,3.0,0.0,4.0,4.0,47,Mid Revenue,Critical
V0956,E-Bike,86,2025-09-08,4.0,195000.0,48750.0,32.5,3.0,1.0,0.0,0.0,4.0,4.0,52,High Revenue,Critical
V0957,E-Bike,35,2025-09-21,3.0,103500.0,34500.0,23.0,2.0,1.0,0.0,0.0,3.0,2.0,39,Mid Revenue,Critical
V0958,E-Bike,14,2025-09-29,5.0,205500.0,41100.0,27.4,4.0,1.0,0.0,0.0,5.0,4.0,31,High Revenue,Critical
V0959,E-Bike,100,2025-09-09,4.0,159000.0,39750.0,26.5,4.0,0.0,1.0,0.0,3.0,3.0,51,Mid Revenue,Critical
V0960,E-Bike,11,2025-09-03,3.0,81000.0,27000.0,18.0,1.0,2.0,1.0,1.0,3.0,3.0,57,Mid Revenue,Critical
V0961,E-Bike,97,2025-08-13,1.0,30000.0,30000.0,20.0,1.0,0.0,0.0,0.0,1.0,1.0,78,Low Revenue,Critical
V0962,E-Bike,98,2025-09-14,2.0,109500.0,54750.0,36.5,1.0,0.0,1.0,1.0,2.0,2.0,46,Mid Revenue,Critical
V0963,E-Bike,62,2025-09-12,5.0,187500.0,37500.0,25.0,2.0,2.0,2.0,2.0,3.0,4.0,48,High Revenue,Critical
V0964,E-Bike,100,2025-09-24,4.0,160500.0,40125.0,26.75,2.0,1.0,2.0,1.0,3.0,3.0,36,Mid Revenue,Critical
V0965,E-Bike,11,2025-08-06,5.0,136500.0,27300.0,18.2,0.0,0.0,0.0,0.0,4.0,3.0,85,Mid Revenue,Critical
V0966,E-Bike,63,2025-09-22,4.0,172500.0,43125.0,28.75,1.0,1.0,0.0,0.0,3.0,4.0,38,Mid Revenue,Critical
V0967,E-Bike,84,2025-08-27,6.0,189000.0,31500.0,21.0,3.0,1.0,1.0,0.0,5.0,5.0,64,High Revenue,Critical
V0968,E-Bike,24,2025-08-04,1.0,9000.0,9000.0,6.0,0.0,0.0,1.0,0.0,1.0,1.0,87,Low Revenue,Critical
V0969,E-Bike,77,2025-08-09,1.0,58500.0,58500.0,39.0,1.0,1.0,0.0,0.0,1.0,1.0,82,Low Revenue,Critical
V0970,E-Bike,96,2025-09-05,2.0,76500.0,38250.0,25.5,0.0,0.0,0.0,0.0,2.0,2.0,55,Mid Revenue,Critical
V0971,E-Bike,59,2025-08-16,5.0,201000.0,40200.0,26.8,2.0,1.0,3.0,1.0,5.0,4.0,75,High Revenue,Critical
V0972,E-Bike,86,2025-09-07,3.0,177000.0,59000.0,39.333333333333336,1.0,1.0,1.0,0.0,3.0,3.0,53,Mid Revenue,Critical
V0973,E-Bike,34,2025-09-26,3.0,94500.0,31500.0,21.0,1.0,1.0,0.0,0.0,2.0,3.0,34,Mid Revenue,Critical
V0974,E-Bike,35,2025-09-27,4.0,120000.0,30000.0,20.0,0.0,2.0,0.0,0.0,4.0,4.0,33,Mid Revenue,Critical
V0975,E-Bike,10,2025-08-23,1.0,25500.0,25500.0,17.0,0.0,0.0,0.0,0.0,1.0,1.0,68,Low Revenue,Critical
V0976,E-Bike,69,2025-09-11,5.0,244500.0,48900.0,32.6,2.0,1.0,1.0,1.0,3.0,4.0,49,High Revenue,Critical
V0977,E-Bike,86,2025-09-10,7.0,277500.0,39642.857142857145,26.428571428571427,3.0,1.0,1.0,0.0,5.0,6.0,50,High Revenue,Critical
V0978,E-Bike,97,2025-08-30,3.0,118500.0,39500.0,26.333333333333332,1.0,1.0,0.0,0.0,2.0,3.0,61,Mid Revenue,Critical
V0979,E-Bike,13,2025-09-06,7.0,259500.0,37071.42857142857,24.714285714285715,2.0,4.0,1.0,0.0,4.0,4.0,54,High Revenue,Critical
V0980,E-Bike,84,2025-08-06,5.0,175500.0,35100.0,23.4,3.0,1.0,2.0,0.0,4.0,4.0,85,Mid Revenue,Critical
V0981,E-Bike,33,2025-09-04,1.0,30000.0,30000.0,20.0,1.0,0.0,0.0,0.0,1.0,1.0,56,Low Revenue,Critical
V0982,E-Bike,72,2025-08-01,5.0,147000.0,29400.0,19.6,5.0,4.0,1.0,0.0,2.0,4.0,90,Mid Revenue,Critical
V0983,E-Bike,74,2025-08-25,4.0,123000.0,30750.0,20.5,0.0,2.0,0.0,0.0,3.0,3.0,66,Mid Revenue,Critical
V0984,E-Bike,54,2025-08-11,3.0,121500.0,40500.0,27.0,1.0,2.0,0.0,0.0,3.0,2.0,80,Mid Revenue,Critical
V0985,E-Bike,82,2025-08-15,4.0,130500.0,32625.0,21.75,1.0,0.0,1.0,1.0,3.0,3.0,76,Mid Revenue,Critical
V0986,E-Bike,18,2025-08-13,5.0,139500.0,27900.0,18.6,3.0,0.0,2.0,1.0,4.0,3.0,78,Mid Revenue,Critical
V0987,E-Bike,94,2025-08-12,4.0,160500.0,40125.0,26.75,2.0,1.0,1.0,1.0,3.0,3.0,79,Mid Revenue,Critical
V0988,E-Bike,84,2025-09-09,2.0,72000.0,36000.0,24.0,1.0,1.0,0.0,0.0,2.0,2.0,51,Low Revenue,Critical
V0989,E-Bike,69,2025-09-17,2.0,69000.0,34500.0,23.0,1.0,0.0,0.0,0.0,2.0,2.0,43,Low Revenue,Critical
V0990,E-Bike,59,2025-09-20,4.0,135000.0,33750.0,22.5,3.0,2.0,0.0,0.0,4.0,3.0,40,Mid Revenue,Critical
V0991,E-Bike,89,2025-08-29,3.0,78000.0,26000.0,17.333333333333332,1.0,1.0,1.0,1.0,3.0,2.0,62,Mid Revenue,Critical
V0992,E-Bike,86,2025-08-08,6.0,289500.0,48250.0,32.166666666666664,1.0,2.0,2.0,0.0,4.0,4.0,83,High Revenue,Critical
V0993,E-Bike,77,2025-08-07,3.0,96000.0,32000.0,21.333333333333332,1.0,1.0,0.0,0.0,1.0,3.0,84,Mid Revenue,Critical
V0994,E-Bike,80,2025-08-11,3.0,58500.0,19500.0,13.0,2.0,2.0,0.0,0.0,3.0,3.0,80,Low Revenue,Critical
V0995,E-Bike,96,2025-08-09,3.0,97500.0,32500.0,21.666666666666668,2.0,0.0,0.0,0.0,3.0,2.0,82,Mid Revenue,Critical
V0996,E-Bike,24,2025-09-01,3.0,117000.0,39000.0,26.0,1.0,0.0,0.0,0.0,3.0,3.0,59,Mid Revenue,Critical
V0997,E-Bike,19,2025-08-07,3.0,124500.0,41500.0,27.666666666666668,0.0,2.0,1.0,0.0,3.0,3.0,84,Mid Revenue,Critical
V0998,E-Bike,73,2025-08-01,3.0,106500.0,35500.0,23.666666666666668,1.0,0.0,1.0,0.0,2.0,2.0,90,Mid Revenue,Critical
V0999,E-Bike,23,2025-08-08,5.0,235500.0,47100.0,31.4,1.0,1.0,1.0,1.0,3.0,4.0,83,High Revenue,Critical
V1000,E-Bike,56,2025-08-13,4.0,196500.0,49125.0,32.75,3.0,0.0,1.0,1.0,3.0,3.0,78,High Revenue,Critical
V1001,E-Bike,98,2025-08-23,3.0,94500.0,31500.0,21.0,2.0,0.0,2.0,0.0,3.0,2.0,68,Mid Revenue,Critical
V1002,E-Bike,34,2025-08-29,0.0,0.0,0.0,0.0,0.0,0.0,0.0,0.0,0.0,0.0,62,Low Revenue,Critical
V1003,E-Bike,31,2025-08-01,4.0,112500.0,28125.0,18.75,2.0,3.0,1.0,0.0,3.0,3.0,90,Mid Revenue,Critical
V1004,E-Bike,76,2025-08-01,3.0,96000.0,32000.0,21.333333333333332,0.0,0.0,0.0,0.0,2.0,3.0,90,Mid Revenue,Critical
V1005,E-Bike,95,2025-09-04,2.0,72000.0,36000.0,24.0,1.0,1.0,1.0,1.0,2.0,2.0,56,Low Revenue,Critical
V1006,E-Bike,46,2025-09-05,2.0,69000.0,34500.0,23.0,0.0,1.0,1.0,1.0,2.0,2.0,55,Low Revenue,Critical
V1007,E-Bike,52,2025-09-28,3.0,66000.0,22000.0,14.666666666666666,2.0,1.0,0.0,0.0,3.0,2.0,32,Low Revenue,Critical
V1008,E-Bike,35,2025-08-02,4.0,186000.0,46500.0,31.0,1.0,2.0,1.0,1.0,3.0,2.0,89,High Revenue,Critical
V1009,E-Bike,100,2025-08-31,3.0,120000.0,40000.0,26.666666666666668,2.0,1.0,1.0,1.0,3.0,2.0,60,Mid Revenue,Critical
V1010,E-Bike,14,2025-09-25,2.0,82500.0,41250.0,27.5,0.0,1.0,0.0,0.0,2.0,2.0,35,Mid Revenue,Critical
V1011,E-Bike,89,2025-09-19,1.0,58500.0,58500.0,39.0,0.0,0.0,0.0,0.0,1.0,1.0,41,Low Revenue,Critical
V1012,E-Bike,71,2025-09-04,5.0,177000.0,35400.0,23.6,2.0,1.0,0.0,0.0,4.0,5.0,56,Mid Revenue,Critical
V1013,E-Bike,49,2025-09-06,2.0,43500.0,21750.0,14.5,0.0,0.0,0.0,0.0,2.0,2.0,54,Low Revenue,Critical
V1014,E-Bike,78,2025-08-15,5.0,187500.0,37500.0,25.0,1.0,2.0,1.0,1.0,4.0,3.0,76,High Revenue,Critical
V1015,E-Bike,74,2025-08-25,4.0,117000.0,29250.0,19.5,1.0,1.0,1.0,0.0,3.0,4.0,66,Mid Revenue,Critical
V1016,E-Bike,69,2025-09-02,3.0,69000.0,23000.0,15.333333333333334,0.0,0.0,0.0,0.0,3.0,3.0,58,Low Revenue,Critical
V1017,E-Bike,68,2025-09-01,3.0,90000.0,30000.0,20.0,2.0,1.0,0.0,0.0,3.0,3.0,59,Mid Revenue,Critical
V1018,E-Bike,86,2025-09-18,6.0,301500.0,50250.0,33.5,0.0,1.0,0.0,0.0,5.0,5.0,42,High Revenue,Critical
V1019,E-Bike,80,2025-09-21,2.0,55500.0,27750.0,18.5,2.0,0.0,0.0,0.0,2.0,2.0,39,Low Revenue,Critical
V1020,E-Bike,76,2025-09-27,3.0,117000.0,39000.0,26.0,1.0,0.0,0.0,0.0,3.0,3.0,33,Mid Revenue,Critical
V1021,E-Bike,35,2025-08-19,1.0,57000.0,57000.0,38.0,0.0,1.0,0.0,0.0,1.0,1.0,72,Low Revenue,Critical
V1022,E-Bike,25,2025-09-13,3.0,75000.0,25000.0,16.666666666666668,1.0,0.0,0.0,0.0,3.0,2.0,47,Low Revenue,Critical
V1023,E-Bike,10,2025-08-08,4.0,136500.0,34125.0,22.75,1.0,0.0,1.0,0.0,3.0,4.0,83,Mid Revenue,Critical
V1024,E-Bike,65,2025-08-14,2.0,34500.0,17250.0,11.5,2.0,1.0,0.0,0.0,2.0,2.0,77,Low Revenue,Critical
V1025,E-Bike,36,2025-08-13,4.0,145500.0,36375.0,24.25,1.0,2.0,2.0,0.0,4.0,4.0,78,Mid Revenue,Critical
V1026,E-Bike,15,2025-08-15,3.0,99000.0,33000.0,22.0,2.0,1.0,1.0,0.0,3.0,2.0,76,Mid Revenue,Critical
V1027,E-Bike,17,2025-09-07,6.0,262500.0,43750.0,29.166666666666668,4.0,2.0,1.0,0.0,4.0,4.0,53,High Revenue,Critical
V1028,E-Bike,21,2025-09-15,4.0,118500.0,29625.0,19.75,1.0,1.0,3.0,2.0,3.0,3.0,45,Mid Revenue,Critical
V1029,E-Bike,10,2025-08-09,2.0,27000.0,13500.0,9.0,1.0,1.0,0.0,0.0,2.0,2.0,82,Low Revenue,Critical
V1030,E-Bike,74,2025-08-29,4.0,144000.0,36000.0,24.0,2.0,2.0,1.0,1.0,3.0,3.0,62,Mid Revenue,Critical
V1031,E-Bike,23,2025-08-20,4.0,87000.0,21750.0,14.5,2.0,2.0,0.0,0.0,3.0,2.0,71,Mid Revenue,Critical
V1032,E-Bike,57,2025-08-14,3.0,108000.0,36000.0,24.0,2.0,0.0,0.0,0.0,2.0,3.0,77,Mid Revenue,Critical
V1033,E-Bike,77,2025-09-01,3.0,112500.0,37500.0,25.0,0.0,0.0,2.0,1.0,2.0,3.0,59,Mid Revenue,Critical
V1034,E-Bike,66,2025-09-29,3.0,63000.0,21000.0,14.0,1.0,0.0,2.0,1.0,3.0,3.0,31,Low Revenue,Critical
V1035,E-Bike,20,2025-09-22,0.0,0.0,0.0,0.0,0.0,0.0,0.0,0.0,0.0,0.0,38,Low Revenue,Critical
V1036,E-Bike,32,2025-08-31,4.0,169500.0,42375.0,28.25,2.0,3.0,2.0,0.0,4.0,3.0,60,Mid Revenue,Critical
V1037,E-Bike,24,2025-08-08,3.0,129000.0,43000.0,28.666666666666668,1.0,0.0,0.0,0.0,3.0,2.0,83,Mid Revenue,Critical
V1038,E-Bike,42,2025-08-07,0.0,0.0,0.0,0.0,0.0,0.0,0.0,0.0,0.0,0.0,84,Low Revenue,Critical
V1039,E-Bike,56,2025-09-05,1.0,25500.0,25500.0,17.0,0.0,0.0,0.0,0.0,1.0,1.0,55,Low Revenue,Critical
V1040,E-Bike,68,2025-08-31,1.0,22500.0,22500.0,15.0,1.0,0.0,0.0,0.0,1.0,1.0,60,Low Revenue,Critical
V1041,E-Bike,76,2025-08-24,1.0,21000.0,21000.0,14.0,0.0,0.0,0.0,0.0,1.0,1.0,67,Low Revenue,Critical
V1042,E-Bike,51,2025-08-31,4.0,198000.0,49500.0,33.0,3.0,1.0,1.0,0.0,3.0,3.0,60,High Revenue,Critical
V1043,E-Bike,29,2025-08-29,6.0,190500.0,31750.0,21.166666666666668,2.0,2.0,0.0,0.0,3.0,4.0,62,High Revenue,Critical
V1044,E-Bike,77,2025-08-25,3.0,144000.0,48000.0,32.0,1.0,1.0,1.0,1.0,2.0,3.0,66,Mid Revenue,Critical
V1045,E-Bike,40,2025-09-13,5.0,174000.0,34800.0,23.2,3.0,2.0,3.0,2.0,4.0,4.0,47,Mid Revenue,Critical
V1046,E-Bike,18,2025-08-05,3.0,127500.0,42500.0,28.333333333333332,3.0,0.0,1.0,1.0,2.0,2.0,86,Mid Revenue,Critical
V1047,E-Bike,47,2025-08-24,2.0,55500.0,27750.0,18.5,2.0,1.0,0.0,0.0,2.0,2.0,67,Low Revenue,Critical
V1048,E-Bike,84,2025-09-07,1.0,7500.0,7500.0,5.0,1.0,0.0,1.0,1.0,1.0,1.0,53,Low Revenue,Critical
V1049,E-Bike,86,2025-08-08,8.0,331500.0,41437.5,27.625,4.0,2.0,2.0,1.0,5.0,4.0,83,High Revenue,Critical
V1050,E-Bike,82,2025-09-08,2.0,76500.0,38250.0,25.5,1.0,0.0,0.0,0.0,2.0,2.0,52,Mid Revenue,Critical
V1051,E-Bike,80,2025-08-02,6.0,180000.0,30000.0,20.0,2.0,1.0,1.0,0.0,3.0,4.0,89,Mid Revenue,Critical
V1052,E-Bike,27,2025-09-30,5.0,198000.0,39600.0,26.4,2.0,1.0,2.0,1.0,3.0,4.0,30,High Revenue,Watch
V1053,E-Bike,16,2025-08-14,1.0,30000.0,30000.0,20.0,0.0,0.0,0.0,0.0,1.0,1.0,77,Low Revenue,Critical
V1054,E-Bike,58,2025-09-28,3.0,93000.0,31000.0,20.666666666666668,3.0,2.0,1.0,0.0,2.0,2.0,32,Mid Revenue,Critical
V1055,E-Bike,62,2025-09-18,1.0,16500.0,16500.0,11.0,1.0,1.0,0.0,0.0,1.0,1.0,42,Low Revenue,Critical
V1056,E-Bike,57,2025-08-30,3.0,123000.0,41000.0,27.333333333333332,2.0,0.0,0.0,0.0,3.0,3.0,61,Mid Revenue,Critical
V1057,E-Bike,81,2025-08-12,2.0,66000.0,33000.0,22.0,2.0,0.0,0.0,0.0,2.0,2.0,79,Low Revenue,Critical
V1058,E-Bike,46,2025-08-01,4.0,123000.0,30750.0,20.5,2.0,1.0,2.0,0.0,4.0,4.0,90,Mid Revenue,Critical
V1059,E-Bike,96,2025-09-24,5.0,169500.0,33900.0,22.6,0.0,2.0,0.0,0.0,4.0,4.0,36,Mid Revenue,Critical
V1060,E-Bike,11,2025-08-21,4.0,150000.0,37500.0,25.0,2.0,0.0,1.0,0.0,4.0,4.0,70,Mid Revenue,Critical
V1061,E-Bike,72,2025-09-30,1.0,42000.0,42000.0,28.0,0.0,0.0,1.0,0.0,1.0,1.0,30,Low Revenue,Watch
V1062,E-Bike,37,2025-09-07,4.0,157500.0,39375.0,26.25,2.0,1.0,1.0,1.0,4.0,3.0,53,Mid Revenue,Critical
V1063,E-Bike,81,2025-08-28,6.0,268500.0,44750.0,29.833333333333332,1.0,0.0,1.0,1.0,5.0,4.0,63,High Revenue,Critical
V1064,E-Bike,69,2025-09-04,3.0,64500.0,21500.0,14.333333333333334,1.0,2.0,0.0,0.0,2.0,3.0,56,Low Revenue,Critical
V1065,E-Bike,67,2025-08-07,4.0,177000.0,44250.0,29.5,0.0,2.0,1.0,1.0,4.0,2.0,84,Mid Revenue,Critical
V1066,E-Bike,60,2025-09-14,7.0,298500.0,42642.857142857145,28.428571428571427,1.0,2.0,1.0,1.0,4.0,5.0,46,High Revenue,Critical
V1067,E-Bike,99,2025-08-18,6.0,111000.0,18500.0,12.333333333333334,3.0,5.0,2.0,1.0,5.0,5.0,73,Mid Revenue,Critical
V1068,E-Bike,59,2025-08-26,3.0,156000.0,52000.0,34.666666666666664,0.0,1.0,0.0,0.0,2.0,3.0,65,Mid Revenue,Critical
V1069,E-Bike,74,2025-08-19,0.0,0.0,0.0,0.0,0.0,0.0,0.0,0.0,0.0,0.0,72,Low Revenue,Critical
V1070,E-Bike,54,2025-08-15,1.0,30000.0,30000.0,20.0,0.0,0.0,1.0,0.0,1.0,1.0,76,Low Revenue,Critical
V1071,E-Bike,91,2025-08-14,3.0,87000.0,29000.0,19.333333333333332,3.0,0.0,1.0,0.0,2.0,2.0,77,Mid Revenue,Critical
V1072,E-Bike,54,2025-08-06,2.0,88500.0,44250.0,29.5,1.0,1.0,0.0,0.0,2.0,2.0,85,Mid Revenue,Critical
V1073,E-Bike,27,2025-09-12,5.0,145500.0,29100.0,19.4,2.0,1.0,0.0,0.0,3.0,4.0,48,Mid Revenue,Critical
V1074,E-Bike,22,2025-08-17,2.0,108000.0,54000.0,36.0,1.0,0.0,0.0,0.0,2.0,2.0,74,Mid Revenue,Critical
V1075,E-Bike,83,2025-08-22,2.0,78000.0,39000.0,26.0,1.0,0.0,0.0,0.0,2.0,2.0,69,Mid Revenue,Critical
V1076,E-Bike,19,2025-08-23,3.0,88500.0,29500.0,19.666666666666668,1.0,2.0,1.0,0.0,3.0,3.0,68,Mid Revenue,Critical
V1077,E-Bike,46,2025-09-08,4.0,213000.0,53250.0,35.5,1.0,2.0,1.0,1.0,4.0,3.0,52,High Revenue,Critical
V1078,E-Bike,51,2025-09-09,3.0,178500.0,59500.0,39.666666666666664,1.0,1.0,1.0,0.0,1.0,2.0,51,Mid Revenue,Critical
V1079,E-Bike,77,2025-09-01,7.0,217500.0,31071.428571428572,20.714285714285715,3.0,3.0,2.0,0.0,5.0,4.0,59,High Revenue,Critical
V1080,E-Bike,66,2025-08-29,3.0,142500.0,47500.0,31.666666666666668,1.0,0.0,0.0,0.0,3.0,3.0,62,Mid Revenue,Critical
V1081,E-Bike,39,2025-09-11,3.0,96000.0,32000.0,21.333333333333332,3.0,1.0,1.0,1.0,2.0,2.0,49,Mid Revenue,Critical
V1082,E-Bike,25,2025-09-08,4.0,121500.0,30375.0,20.25,1.0,1.0,1.0,1.0,3.0,3.0,52,Mid Revenue,Critical
V1083,E-Bike,26,2025-08-29,5.0,139500.0,27900.0,18.6,2.0,0.0,0.0,0.0,4.0,4.0,62,Mid Revenue,Critical
V1084,E-Bike,14,2025-08-07,1.0,43500.0,43500.0,29.0,0.0,0.0,0.0,0.0,1.0,1.0,84,Low Revenue,Critical
V1085,E-Bike,42,2025-09-03,4.0,157500.0,39375.0,26.25,3.0,1.0,0.0,0.0,3.0,3.0,57,Mid Revenue,Critical
V1086,E-Bike,33,2025-09-30,2.0,100500.0,50250.0,33.5,2.0,2.0,0.0,0.0,2.0,1.0,30,Mid Revenue,Watch
V1087,E-Bike,79,2025-08-16,3.0,100500.0,33500.0,22.333333333333332,1.0,1.0,2.0,2.0,3.0,2.0,75,Mid Revenue,Critical
V1088,E-Bike,21,2025-09-18,1.0,46500.0,46500.0,31.0,0.0,0.0,0.0,0.0,1.0,1.0,42,Low Revenue,Critical
V1089,E-Bike,40,2025-09-11,5.0,187500.0,37500.0,25.0,3.0,2.0,1.0,0.0,4.0,5.0,49,High Revenue,Critical
V1090,E-Bike,62,2025-08-08,2.0,130500.0,65250.0,43.5,0.0,1.0,1.0,0.0,2.0,2.0,83,Mid Revenue,Critical
V1091,E-Bike,94,2025-09-30,3.0,159000.0,53000.0,35.333333333333336,1.0,1.0,0.0,0.0,3.0,3.0,30,Mid Revenue,Watch
V1092,E-Bike,85,2025-09-16,4.0,145500.0,36375.0,24.25,0.0,1.0,0.0,0.0,4.0,4.0,44,Mid Revenue,Critical
V1093,E-Bike,54,2025-09-29,5.0,145500.0,29100.0,19.4,1.0,1.0,2.0,0.0,4.0,5.0,31,Mid Revenue,Critical
V1094,E-Bike,35,2025-09-17,6.0,307500.0,51250.0,34.166666666666664,2.0,2.0,0.0,0.0,6.0,5.0,43,High Revenue,Critical
V1095,E-Bike,67,2025-08-30,4.0,186000.0,46500.0,31.0,2.0,1.0,0.0,0.0,4.0,3.0,61,High Revenue,Critical
V1096,E-Bike,54,2025-09-22,0.0,0.0,0.0,0.0,0.0,0.0,0.0,0.0,0.0,0.0,38,Low Revenue,Critical
V1097,E-Bike,71,2025-08-23,5.0,202500.0,40500.0,27.0,2.0,1.0,1.0,1.0,3.0,5.0,68,High Revenue,Critical
V1098,E-Bike,27,2025-08-20,3.0,139500.0,46500.0,31.0,1.0,2.0,1.0,0.0,3.0,3.0,71,Mid Revenue,Critical
V1099,E-Bike,11,2025-09-13,2.0,61500.0,30750.0,20.5,1.0,0.0,0.0,0.0,2.0,2.0,47,Low Revenue,Critical
V1100,E-Bike,79,2025-08-09,2.0,61500.0,30750.0,20.5,1.0,1.0,1.0,0.0,2.0,2.0,82,Low Revenue,Critical
V1101,E-Bike,96,2025-09-17,5.0,166500.0,33300.0,22.2,4.0,2.0,0.0,0.0,4.0,5.0,43,Mid Revenue,Critical
V1102,E-Bike,25,2025-08-04,4.0,90000.0,22500.0,15.0,0.0,0.0,2.0,0.0,3.0,3.0,87,Mid Revenue,Critical
V1103,E-Bike,14,2025-08-13,5.0,210000.0,42000.0,28.0,2.0,3.0,0.0,0.0,4.0,4.0,78,High Revenue,Critical
V1104,E-Bike,50,2025-08-11,2.0,84000.0,42000.0,28.0,1.0,0.0,0.0,0.0,2.0,1.0,80,Mid Revenue,Critical
V1105,E-Bike,70,2025-08-16,4.0,171000.0,42750.0,28.5,2.0,0.0,2.0,1.0,3.0,4.0,75,Mid Revenue,Critical
V1106,E-Bike,34,2025-08-12,6.0,198000.0,33000.0,22.0,3.0,1.0,0.0,0.0,5.0,4.0,79,High Revenue,Critical
V1107,E-Bike,64,2025-08-14,3.0,108000.0,36000.0,24.0,2.0,1.0,0.0,0.0,2.0,3.0,77,Mid Revenue,Critical
V1108,E-Bike,19,2025-08-05,2.0,46500.0,23250.0,15.5,1.0,0.0,0.0,0.0,2.0,2.0,86,Low Revenue,Critical
V1109,E-Bike,28,2025-08-01,4.0,147000.0,36750.0,24.5,2.0,0.0,1.0,1.0,4.0,3.0,90,Mid Revenue,Critical
V1110,E-Bike,97,2025-08-09,1.0,34500.0,34500.0,23.0,1.0,0.0,0.0,0.0,1.0,1.0,82,Low Revenue,Critical
V1111,E-Bike,40,2025-09-08,2.0,90000.0,45000.0,30.0,0.0,0.0,0.0,0.0,2.0,2.0,52,Mid Revenue,Critical
V1112,E-Bike,19,2025-08-06,6.0,217500.0,36250.0,24.166666666666668,4.0,3.0,2.0,1.0,4.0,5.0,85,High Revenue,Critical
V1113,E-Bike,28,2025-08-13,3.0,91500.0,30500.0,20.333333333333332,1.0,1.0,1.0,0.0,3.0,3.0,78,Mid Revenue,Critical
V1114,E-Bike,47,2025-09-16,0.0,0.0,0.0,0.0,0.0,0.0,0.0,0.0,0.0,0.0,44,Low Revenue,Critical
V1115,E-Bike,61,2025-09-19,2.0,90000.0,45000.0,30.0,1.0,0.0,0.0,0.0,2.0,1.0,41,Mid Revenue,Critical
V1116,E-Bike,87,2025-09-28,3.0,57000.0,19000.0,12.666666666666666,2.0,2.0,2.0,2.0,2.0,2.0,32,Low Revenue,Critical
V1117,E-Bike,89,2025-09-15,7.0,207000.0,29571.428571428572,19.714285714285715,3.0,1.0,3.0,1.0,5.0,6.0,45,High Revenue,Critical
V1118,E-Bike,82,2025-08-03,2.0,103500.0,51750.0,34.5,0.0,1.0,0.0,0.0,2.0,2.0,88,Mid Revenue,Critical
V1119,E-Bike,31,2025-09-09,3.0,91500.0,30500.0,20.333333333333332,2.0,1.0,0.0,0.0,1.0,3.0,51,Mid Revenue,Critical
V1120,E-Bike,38,2025-09-06,2.0,78000.0,39000.0,26.0,1.0,1.0,1.0,0.0,2.0,2.0,54,Mid Revenue,Critical
V1121,E-Bike,58,2025-08-18,3.0,132000.0,44000.0,29.333333333333332,3.0,0.0,1.0,1.0,3.0,2.0,73,Mid Revenue,Critical
V1122,E-Bike,92,2025-09-17,3.0,130500.0,43500.0,29.0,0.0,0.0,0.0,0.0,3.0,3.0,43,Mid Revenue,Critical
V1123,E-Bike,91,2025-08-18,3.0,147000.0,49000.0,32.666666666666664,1.0,1.0,1.0,0.0,3.0,2.0,73,Mid Revenue,Critical
V1124,E-Bike,46,2025-09-22,2.0,115500.0,57750.0,38.5,2.0,1.0,0.0,0.0,2.0,2.0,38,Mid Revenue,Critical
V1125,E-Bike,25,2025-09-08,1.0,67500.0,67500.0,45.0,0.0,1.0,0.0,0.0,1.0,1.0,52,Low Revenue,Critical
V1126,E-Bike,47,2025-09-02,6.0,213000.0,35500.0,23.666666666666668,3.0,1.0,0.0,0.0,6.0,5.0,58,High Revenue,Critical
V1127,E-Bike,87,2025-09-20,0.0,0.0,0.0,0.0,0.0,0.0,0.0,0.0,0.0,0.0,40,Low Revenue,Critical
V1128,E-Bike,44,2025-08-26,2.0,34500.0,17250.0,11.5,0.0,1.0,1.0,1.0,2.0,2.0,65,Low Revenue,Critical
V1129,E-Bike,77,2025-09-17,3.0,124500.0,41500.0,27.666666666666668,2.0,0.0,0.0,0.0,3.0,3.0,43,Mid Revenue,Critical
V1130,E-Bike,70,2025-08-03,5.0,220500.0,44100.0,29.4,2.0,2.0,0.0,0.0,3.0,5.0,88,High Revenue,Critical
V1131,E-Bike,30,2025-09-08,3.0,142500.0,47500.0,31.666666666666668,1.0,1.0,1.0,1.0,3.0,3.0,52,Mid Revenue,Critical
V1132,E-Bike,77,2025-09-30,3.0,81000.0,27000.0,18.0,0.0,0.0,1.0,1.0,3.0,3.0,30,Mid Revenue,Watch
V1133,E-Bike,19,2025-08-18,5.0,234000.0,46800.0,31.2,3.0,0.0,1.0,0.0,3.0,3.0,73,High Revenue,Critical
V1134,E-Bike,78,2025-08-02,4.0,135000.0,33750.0,22.5,2.0,1.0,2.0,0.0,3.0,4.0,89,Mid Revenue,Critical
V1135,E-Bike,88,2025-08-11,3.0,148500.0,49500.0,33.0,0.0,2.0,0.0,0.0,2.0,3.0,80,Mid Revenue,Critical
V1136,E-Bike,95,2025-09-12,4.0,184500.0,46125.0,30.75,1.0,0.0,0.0,0.0,4.0,3.0,48,Mid Revenue,Critical
V1137,E-Bike,37,2025-09-24,3.0,97500.0,32500.0,21.666666666666668,2.0,1.0,1.0,0.0,3.0,3.0,36,Mid Revenue,Critical
V1138,E-Bike,57,2025-08-19,2.0,48000.0,24000.0,16.0,0.0,0.0,0.0,0.0,2.0,2.0,72,Low Revenue,Critical
V1139,E-Bike,98,2025-08-05,1.0,40500.0,40500.0,27.0,0.0,1.0,0.0,0.0,1.0,1.0,86,Low Revenue,Critical
V1140,E-Bike,66,2025-08-12,2.0,45000.0,22500.0,15.0,2.0,0.0,1.0,0.0,2.0,1.0,79,Low Revenue,Critical
V1141,E-Bike,58,2025-08-27,1.0,30000.0,30000.0,20.0,0.0,0.0,0.0,0.0,1.0,1.0,64,Low Revenue,Critical
V1142,E-Bike,31,2025-09-22,4.0,154500.0,38625.0,25.75,3.0,1.0,1.0,0.0,3.0,3.0,38,Mid Revenue,Critical
V1143,E-Bike,84,2025-08-29,5.0,178500.0,35700.0,23.8,3.0,2.0,1.0,1.0,3.0,4.0,62,Mid Revenue,Critical
V1144,E-Bike,85,2025-09-27,5.0,238500.0,47700.0,31.8,1.0,1.0,1.0,1.0,5.0,4.0,33,High Revenue,Critical
V1145,E-Bike,57,2025-08-25,4.0,174000.0,43500.0,29.0,2.0,1.0,1.0,0.0,2.0,3.0,66,Mid Revenue,Critical
V1146,E-Bike,28,2025-09-25,2.0,73500.0,36750.0,24.5,2.0,2.0,0.0,0.0,2.0,2.0,35,Low Revenue,Critical
V1147,E-Bike,65,2025-09-29,2.0,55500.0,27750.0,18.5,0.0,0.0,0.0,0.0,2.0,2.0,31,Low Revenue,Critical
V1148,E-Bike,35,2025-08-13,7.0,271500.0,38785.71428571428,25.857142857142858,3.0,2.0,0.0,0.0,4.0,6.0,78,High Revenue,Critical
V1149,E-Bike,31,2025-08-02,3.0,111000.0,37000.0,24.666666666666668,0.0,1.0,1.0,1.0,3.0,2.0,89,Mid Revenue,Critical
V1150,E-Bike,77,2025-08-08,6.0,270000.0,45000.0,30.0,3.0,1.0,1.0,0.0,3.0,4.0,83,High Revenue,Critical
V1151,E-Bike,73,2025-08-27,4.0,120000.0,30000.0,20.0,0.0,2.0,1.0,0.0,3.0,3.0,64,Mid Revenue,Critical
V1152,E-Bike,56,2025-09-23,2.0,81000.0,40500.0,27.0,1.0,1.0,0.0,0.0,1.0,2.0,37,Mid Revenue,Critical
V1153,E-Bike,26,2025-09-05,5.0,207000.0,41400.0,27.6,4.0,0.0,0.0,0.0,4.0,5.0,55,High Revenue,Critical
V1154,E-Bike,28,2025-09-13,3.0,157500.0,52500.0,35.0,2.0,3.0,0.0,0.0,3.0,2.0,47,Mid Revenue,Critical
V1155,E-Bike,70,2025-09-24,1.0,13500.0,13500.0,9.0,0.0,0.0,0.0,0.0,1.0,1.0,36,Low Revenue,Critical
V1156,E-Bike,39,2025-09-28,0.0,0.0,0.0,0.0,0.0,0.0,0.0,0.0,0.0,0.0,32,Low Revenue,Critical
V1157,E-Bike,34,2025-09-27,2.0,69000.0,34500.0,23.0,1.0,0.0,1.0,0.0,2.0,2.0,33,Low Revenue,Critical
V1158,E-Bike,94,2025-09-13,1.0,25500.0,25500.0,17.0,0.0,1.0,0.0,0.0,1.0,1.0,47,Low Revenue,Critical
V1159,E-Bike,77,2025-08-17,3.0,178500.0,59500.0,39.666666666666664,1.0,2.0,1.0,0.0,2.0,2.0,74,Mid Revenue,Critical
V1160,E-Bike,97,2025-08-28,4.0,187500.0,46875.0,31.25,3.0,1.0,1.0,0.0,3.0,3.0,63,High Revenue,Critical
V1161,E-Bike,97,2025-08-03,0.0,0.0,0.0,0.0,0.0,0.0,0.0,0.0,0.0,0.0,88,Low Revenue,Critical
V1162,E-Bike,11,2025-08-21,3.0,66000.0,22000.0,14.666666666666666,3.0,1.0,0.0,0.0,2.0,2.0,70,Low Revenue,Critical
V1163,E-Bike,27,2025-08-09,0.0,0.0,0.0,0.0,0.0,0.0,0.0,0.0,0.0,0.0,82,Low Revenue,Critical
V1164,E-Bike,28,2025-09-22,2.0,61500.0,30750.0,20.5,1.0,0.0,1.0,1.0,2.0,1.0,38,Low Revenue,Critical
V1165,E-Bike,82,2025-09-15,0.0,0.0,0.0,0.0,0.0,0.0,0.0,0.0,0.0,0.0,45,Low Revenue,Critical
V1166,E-Bike,97,2025-09-14,4.0,156000.0,39000.0,26.0,2.0,2.0,0.0,0.0,4.0,4.0,46,Mid Revenue,Critical
V1167,E-Bike,56,2025-09-10,6.0,156000.0,26000.0,17.333333333333332,2.0,1.0,0.0,0.0,5.0,5.0,50,Mid Revenue,Critical
V1168,E-Bike,73,2025-09-29,5.0,240000.0,48000.0,32.0,1.0,3.0,1.0,1.0,4.0,3.0,31,High Revenue,Critical
V1169,E-Bike,35,2025-09-12,4.0,192000.0,48000.0,32.0,3.0,1.0,1.0,1.0,3.0,4.0,48,High Revenue,Critical
V1170,E-Bike,96,2025-09-09,6.0,154500.0,25750.0,17.166666666666668,4.0,4.0,0.0,0.0,2.0,4.0,51,Mid Revenue,Critical
V1171,E-Bike,95,2025-08-27,4.0,154500.0,38625.0,25.75,3.0,0.0,1.0,0.0,4.0,4.0,64,Mid Revenue,Critical
V1172,E-Bike,67,2025-09-02,4.0,169500.0,42375.0,28.25,1.0,2.0,1.0,0.0,4.0,4.0,58,Mid Revenue,Critical
V1173,E-Bike,29,2025-08-27,3.0,144000.0,48000.0,32.0,2.0,2.0,1.0,0.0,2.0,3.0,64,Mid Revenue,Critical
V1174,E-Bike,85,2025-08-14,2.0,99000.0,49500.0,33.0,1.0,0.0,0.0,0.0,2.0,2.0,77,Mid Revenue,Critical
V1175,E-Bike,60,2025-09-03,2.0,102000.0,51000.0,34.0,2.0,0.0,1.0,0.0,2.0,2.0,57,Mid Revenue,Critical
V1176,E-Bike,55,2025-08-01,4.0,139500.0,34875.0,23.25,1.0,2.0,0.0,0.0,3.0,3.0,90,Mid Revenue,Critical
V1177,E-Bike,37,2025-09-30,1.0,45000.0,45000.0,30.0,0.0,0.0,0.0,0.0,1.0,1.0,30,Low Revenue,Watch
V1178,E-Bike,82,2025-08-05,5.0,136500.0,27300.0,18.2,2.0,2.0,1.0,0.0,3.0,3.0,86,Mid Revenue,Critical
V1179,E-Bike,85,2025-09-28,1.0,39000.0,39000.0,26.0,0.0,0.0,0.0,0.0,1.0,1.0,32,Low Revenue,Critical
V1180,E-Bike,56,2025-09-30,3.0,144000.0,48000.0,32.0,0.0,0.0,0.0,0.0,3.0,1.0,30,Mid Revenue,Watch
V1181,E-Bike,57,2025-08-23,5.0,153000.0,30600.0,20.4,0.0,1.0,1.0,0.0,4.0,4.0,68,Mid Revenue,Critical
V1182,E-Bike,74,2025-09-22,4.0,156000.0,39000.0,26.0,2.0,1.0,0.0,0.0,4.0,3.0,38,Mid Revenue,Critical
V1183,E-Bike,62,2025-09-17,4.0,168000.0,42000.0,28.0,1.0,3.0,3.0,1.0,3.0,4.0,43,Mid Revenue,Critical
V1184,E-Bike,47,2025-09-29,8.0,382500.0,47812.5,31.875,4.0,2.0,1.0,0.0,6.0,3.0,31,High Revenue,Critical
V1185,E-Bike,90,2025-08-09,2.0,105000.0,52500.0,35.0,0.0,0.0,1.0,0.0,2.0,2.0,82,Mid Revenue,Critical
V1186,E-Bike,52,2025-08-19,3.0,54000.0,18000.0,12.0,3.0,1.0,0.0,0.0,3.0,2.0,72,Low Revenue,Critical
V1187,E-Bike,40,2025-08-29,4.0,75000.0,18750.0,12.5,0.0,0.0,1.0,1.0,4.0,4.0,62,Low Revenue,Critical
V1188,E-Bike,84,2025-08-27,5.0,214500.0,42900.0,28.6,4.0,1.0,1.0,1.0,4.0,3.0,64,High Revenue,Critical
V1189,E-Bike,43,2025-08-20,3.0,133500.0,44500.0,29.666666666666668,3.0,0.0,1.0,0.0,3.0,3.0,71,Mid Revenue,Critical
V1190,E-Bike,61,2025-09-08,4.0,136500.0,34125.0,22.75,2.0,1.0,0.0,0.0,4.0,3.0,52,Mid Revenue,Critical
V1191,E-Bike,50,2025-08-19,1.0,34500.0,34500.0,23.0,1.0,1.0,0.0,0.0,1.0,1.0,72,Low Revenue,Critical
V1192,E-Bike,99,2025-09-07,4.0,207000.0,51750.0,34.5,1.0,2.0,0.0,0.0,4.0,3.0,53,High Revenue,Critical
V1193,E-Bike,84,2025-09-16,3.0,114000.0,38000.0,25.333333333333332,1.0,1.0,1.0,1.0,3.0,3.0,44,Mid Revenue,Critical
V1194,E-Bike,81,2025-09-11,2.0,76500.0,38250.0,25.5,1.0,1.0,1.0,0.0,2.0,2.0,49,Mid Revenue,Critical
V1195,E-Bike,17,2025-08-11,4.0,144000.0,36000.0,24.0,1.0,1.0,1.0,0.0,3.0,3.0,80,Mid Revenue,Critical
V1196,E-Bike,90,2025-09-02,2.0,123000.0,61500.0,41.0,1.0,0.0,0.0,0.0,2.0,2.0,58,Mid Revenue,Critical
V1197,E-Bike,41,2025-09-29,4.0,153000.0,38250.0,25.5,3.0,0.0,1.0,0.0,2.0,3.0,31,Mid Revenue,Critical
V1198,E-Bike,20,2025-09-16,4.0,130500.0,32625.0,21.75,2.0,0.0,0.0,0.0,4.0,3.0,44,Mid Revenue,Critical
V1199,E-Bike,57,2025-09-15,3.0,148500.0,49500.0,33.0,1.0,0.0,1.0,0.0,3.0,3.0,45,Mid Revenue,Critical
V1200,E-Bike,92,2025-08-23,3.0,88500.0,29500.0,19.666666666666668,2.0,1.0,0.0,0.0,3.0,3.0,68,Mid Revenue,Critical
V1201,E-Bike,52,2025-08-29,3.0,132000.0,44000.0,29.333333333333332,1.0,0.0,1.0,0.0,2.0,3.0,62,Mid Revenue,Critical
V1202,E-Bike,48,2025-09-10,4.0,135000.0,33750.0,22.5,1.0,0.0,1.0,1.0,3.0,4.0,50,Mid Revenue,Critical
V1203,E-Bike,63,2025-09-27,1.0,46500.0,46500.0,31.0,1.0,1.0,0.0,0.0,1.0,1.0,33,Low Revenue,Critical
V1204,E-Bike,94,2025-08-23,4.0,177000.0,44250.0,29.5,2.0,0.0,1.0,0.0,4.0,3.0,68,Mid Revenue,Critical
V1205,E-Bike,84,2025-09-10,3.0,154500.0,51500.0,34.333333333333336,0.0,1.0,0.0,0.0,3.0,2.0,50,Mid Revenue,Critical
V1206,E-Bike,37,2025-08-05,1.0,28500.0,28500.0,19.0,0.0,0.0,0.0,0.0,1.0,1.0,86,Low Revenue,Critical
V1207,E-Bike,34,2025-09-26,3.0,81000.0,27000.0,18.0,3.0,1.0,1.0,1.0,2.0,3.0,34,Mid Revenue,Critical
V1208,E-Bike,12,2025-08-12,3.0,136500.0,45500.0,30.333333333333332,2.0,0.0,0.0,0.0,2.0,3.0,79,Mid Revenue,Critical
V1209,E-Bike,71,2025-09-29,3.0,75000.0,25000.0,16.666666666666668,0.0,0.0,1.0,1.0,3.0,2.0,31,Low Revenue,Critical
V1210,E-Bike,13,2025-09-10,1.0,7500.0,7500.0,5.0,1.0,0.0,1.0,0.0,1.0,1.0,50,Low Revenue,Critical
V1211,E-Bike,92,2025-08-31,2.0,55500.0,27750.0,18.5,0.0,0.0,0.0,0.0,2.0,2.0,60,Low Revenue,Critical
V1212,E-Bike,62,2025-09-02,1.0,37500.0,37500.0,25.0,1.0,0.0,0.0,0.0,1.0,1.0,58,Low Revenue,Critical
V1213,E-Bike,91,2025-08-19,2.0,112500.0,56250.0,37.5,1.0,1.0,1.0,1.0,2.0,2.0,72,Mid Revenue,Critical
V1214,E-Bike,55,2025-08-26,3.0,94500.0,31500.0,21.0,0.0,1.0,0.0,0.0,3.0,3.0,65,Mid Revenue,Critical
V1215,E-Bike,98,2025-08-14,2.0,97500.0,48750.0,32.5,1.0,1.0,0.0,0.0,2.0,2.0,77,Mid Revenue,Critical
V1216,E-Bike,44,2025-09-27,1.0,43500.0,43500.0,29.0,1.0,0.0,1.0,1.0,1.0,1.0,33,Low Revenue,Critical
V1217,E-Bike,54,2025-08-07,2.0,46500.0,23250.0,15.5,2.0,0.0,0.0,0.0,2.0,2.0,84,Low Revenue,Critical
V1218,E-Bike,24,2025-09-16,6.0,282000.0,47000.0,31.333333333333332,2.0,0.0,1.0,1.0,4.0,4.0,44,High Revenue,Critical
V1219,E-Bike,67,2025-09-28,0.0,0.0,0.0,0.0,0.0,0.0,0.0,0.0,0.0,0.0,32,Low Revenue,Critical
V1220,E-Bike,39,2025-08-20,4.0,133500.0,33375.0,22.25,2.0,2.0,1.0,1.0,3.0,3.0,71,Mid Revenue,Critical
V1221,E-Bike,86,2025-09-21,3.0,154500.0,51500.0,34.333333333333336,2.0,0.0,2.0,1.0,3.0,3.0,39,Mid Revenue,Critical
V1222,E-Bike,46,2025-09-15,3.0,115500.0,38500.0,25.666666666666668,3.0,0.0,2.0,1.0,2.0,3.0,45,Mid Revenue,Critical
V1223,E-Bike,41,2025-08-17,4.0,204000.0,51000.0,34.0,3.0,0.0,1.0,0.0,3.0,4.0,74,High Revenue,Critical
V1224,E-Bike,67,2025-08-13,5.0,144000.0,28800.0,19.2,1.0,1.0,0.0,0.0,5.0,4.0,78,Mid Revenue,Critical
V1225,E-Bike,94,2025-08-18,2.0,66000.0,33000.0,22.0,0.0,0.0,0.0,0.0,2.0,2.0,73,Low Revenue,Critical
V1226,E-Bike,52,2025-08-14,2.0,73500.0,36750.0,24.5,1.0,1.0,1.0,0.0,2.0,2.0,77,Low Revenue,Critical
V1227,E-Bike,35,2025-09-04,5.0,171000.0,34200.0,22.8,4.0,1.0,1.0,1.0,4.0,4.0,56,Mid Revenue,Critical
V1228,E-Bike,52,2025-08-24,1.0,7500.0,7500.0,5.0,0.0,1.0,0.0,0.0,1.0,1.0,67,Low Revenue,Critical
V1229,E-Bike,97,2025-09-29,2.0,69000.0,34500.0,23.0,1.0,1.0,0.0,0.0,2.0,2.0,31,Low Revenue,Critical
V1230,E-Bike,77,2025-09-11,1.0,54000.0,54000.0,36.0,1.0,1.0,0.0,0.0,1.0,1.0,49,Low Revenue,Critical
V1231,E-Bike,14,2025-09-24,2.0,94500.0,47250.0,31.5,1.0,0.0,0.0,0.0,2.0,2.0,36,Mid Revenue,Critical
V1232,E-Bike,12,2025-08-13,3.0,48000.0,16000.0,10.666666666666666,1.0,1.0,0.0,0.0,2.0,3.0,78,Low Revenue,Critical
V1233,E-Bike,34,2025-09-01,4.0,136500.0,34125.0,22.75,3.0,2.0,0.0,0.0,3.0,4.0,59,Mid Revenue,Critical
V1234,E-Bike,46,2025-08-27,2.0,91500.0,45750.0,30.5,1.0,1.0,2.0,1.0,2.0,2.0,64,Mid Revenue,Critical
V1235,E-Bike,67,2025-09-15,3.0,139500.0,46500.0,31.0,1.0,1.0,1.0,0.0,2.0,2.0,45,Mid Revenue,Critical
V1236,E-Bike,28,2025-09-28,6.0,228000.0,38000.0,25.333333333333332,5.0,2.0,1.0,0.0,3.0,4.0,32,High Revenue,Critical
V1237,E-Bike,11,2025-08-06,2.0,99000.0,49500.0,33.0,2.0,0.0,0.0,0.0,2.0,1.0,85,Mid Revenue,Critical
V1238,E-Bike,41,2025-09-25,3.0,118500.0,39500.0,26.333333333333332,1.0,1.0,0.0,0.0,3.0,3.0,35,Mid Revenue,Critical
V1239,E-Bike,92,2025-09-18,5.0,141000.0,28200.0,18.8,0.0,0.0,1.0,1.0,3.0,5.0,42,Mid Revenue,Critical
V1240,E-Bike,83,2025-08-02,3.0,105000.0,35000.0,23.333333333333332,1.0,2.0,0.0,0.0,3.0,2.0,89,Mid Revenue,Critical
V1241,E-Bike,83,2025-09-24,3.0,100500.0,33500.0,22.333333333333332,2.0,1.0,1.0,0.0,3.0,3.0,36,Mid Revenue,Critical
V1242,E-Bike,24,2025-08-08,2.0,94500.0,47250.0,31.5,1.0,2.0,0.0,0.0,2.0,2.0,83,Mid Revenue,Critical
V1243,E-Bike,31,2025-09-01,5.0,169500.0,33900.0,22.6,1.0,3.0,2.0,0.0,3.0,4.0,59,Mid Revenue,Critical
V1244,E-Bike,43,2025-09-27,5.0,165000.0,33000.0,22.0,4.0,3.0,1.0,1.0,3.0,4.0,33,Mid Revenue,Critical
V1245,E-Bike,75,2025-09-27,4.0,96000.0,24000.0,16.0,0.0,1.0,0.0,0.0,4.0,3.0,33,Mid Revenue,Critical
V1246,E-Bike,86,2025-08-21,3.0,132000.0,44000.0,29.333333333333332,2.0,0.0,0.0,0.0,3.0,3.0,70,Mid Revenue,Critical
V1247,E-Bike,61,2025-09-17,5.0,151500.0,30300.0,20.2,3.0,2.0,1.0,0.0,4.0,4.0,43,Mid Revenue,Critical
V1248,E-Bike,63,2025-09-14,4.0,63000.0,15750.0,10.5,1.0,0.0,1.0,0.0,3.0,2.0,46,Low Revenue,Critical
V1249,E-Bike,81,2025-08-14,6.0,250500.0,41750.0,27.833333333333332,2.0,3.0,2.0,0.0,4.0,5.0,77,High Revenue,Critical
V1250,E-Bike,91,2025-08-21,2.0,55500.0,27750.0,18.5,1.0,0.0,0.0,0.0,2.0,2.0,70,Low Revenue,Critical
V1251,E-Bike,63,2025-08-09,5.0,190500.0,38100.0,25.4,3.0,1.0,1.0,1.0,5.0,5.0,82,High Revenue,Critical
V1252,E-Bike,95,2025-08-07,3.0,148500.0,49500.0,33.0,2.0,2.0,0.0,0.0,3.0,3.0,84,Mid Revenue,Critical
V1253,E-Bike,97,2025-08-13,5.0,184500.0,36900.0,24.6,2.0,1.0,3.0,3.0,4.0,3.0,78,Mid Revenue,Critical
V1254,E-Bike,73,2025-08-16,2.0,69000.0,34500.0,23.0,1.0,1.0,0.0,0.0,1.0,2.0,75,Low Revenue,Critical
V1255,E-Bike,37,2025-09-26,1.0,9000.0,9000.0,6.0,0.0,0.0,0.0,0.0,1.0,1.0,34,Low Revenue,Critical
V1256,E-Bike,10,2025-09-10,4.0,163500.0,40875.0,27.25,3.0,1.0,2.0,0.0,3.0,4.0,50,Mid Revenue,Critical
V1257,E-Bike,50,2025-08-06,3.0,100500.0,33500.0,22.333333333333332,1.0,0.0,0.0,0.0,2.0,3.0,85,Mid Revenue,Critical
V1258,E-Bike,62,2025-09-06,3.0,90000.0,30000.0,20.0,1.0,1.0,1.0,0.0,3.0,2.0,54,Mid Revenue,Critical
V1259,E-Bike,10,2025-09-05,3.0,103500.0,34500.0,23.0,1.0,1.0,2.0,0.0,2.0,2.0,55,Mid Revenue,Critical
V1260,E-Bike,60,2025-09-28,7.0,172500.0,24642.85714285714,16.428571428571427,2.0,1.0,2.0,1.0,7.0,5.0,32,Mid Revenue,Critical
V1261,E-Bike,38,2025-08-17,0.0,0.0,0.0,0.0,0.0,0.0,0.0,0.0,0.0,0.0,74,Low Revenue,Critical
V1262,E-Bike,67,2025-09-26,3.0,78000.0,26000.0,17.333333333333332,1.0,2.0,0.0,0.0,3.0,2.0,34,Mid Revenue,Critical
V1263,E-Bike,60,2025-08-17,4.0,151500.0,37875.0,25.25,2.0,3.0,1.0,1.0,4.0,4.0,74,Mid Revenue,Critical
V1264,E-Bike,16,2025-08-15,3.0,102000.0,34000.0,22.666666666666668,2.0,1.0,1.0,1.0,2.0,2.0,76,Mid Revenue,Critical
V1265,E-Bike,78,2025-08-21,5.0,115500.0,23100.0,15.4,3.0,2.0,0.0,0.0,4.0,4.0,70,Mid Revenue,Critical
V1266,E-Bike,96,2025-08-15,3.0,66000.0,22000.0,14.666666666666666,1.0,0.0,1.0,0.0,3.0,3.0,76,Low Revenue,Critical
V1267,E-Bike,24,2025-08-10,3.0,99000.0,33000.0,22.0,2.0,0.0,0.0,0.0,2.0,3.0,81,Mid Revenue,Critical
V1268,E-Bike,36,2025-09-29,5.0,222000.0,44400.0,29.6,2.0,2.0,1.0,0.0,5.0,5.0,31,High Revenue,Critical
V1269,E-Bike,70,2025-08-12,1.0,37500.0,37500.0,25.0,0.0,0.0,0.0,0.0,1.0,1.0,79,Low Revenue,Critical
V1270,E-Bike,68,2025-09-13,4.0,145500.0,36375.0,24.25,4.0,0.0,1.0,1.0,3.0,3.0,47,Mid Revenue,Critical
V1271,E-Bike,81,2025-09-12,6.0,201000.0,33500.0,22.333333333333332,3.0,1.0,2.0,1.0,3.0,4.0,48,High Revenue,Critical
V1272,E-Bike,21,2025-08-25,4.0,141000.0,35250.0,23.5,3.0,1.0,0.0,0.0,2.0,4.0,66,Mid Revenue,Critical
V1273,E-Bike,11,2025-08-20,7.0,238500.0,34071.42857142857,22.714285714285715,2.0,2.0,0.0,0.0,4.0,6.0,71,High Revenue,Critical
V1274,E-Bike,62,2025-09-03,2.0,48000.0,24000.0,16.0,2.0,0.0,0.0,0.0,2.0,2.0,57,Low Revenue,Critical
V1275,E-Bike,51,2025-08-25,3.0,88500.0,29500.0,19.666666666666668,2.0,0.0,1.0,1.0,3.0,3.0,66,Mid Revenue,Critical
V1276,E-Bike,89,2025-09-22,2.0,69000.0,34500.0,23.0,1.0,0.0,1.0,0.0,2.0,2.0,38,Low Revenue,Critical
V1277,E-Bike,22,2025-08-19,3.0,84000.0,28000.0,18.666666666666668,1.0,1.0,2.0,0.0,3.0,2.0,72,Mid Revenue,Critical
V1278,E-Bike,63,2025-09-06,1.0,61500.0,61500.0,41.0,1.0,0.0,0.0,0.0,1.0,1.0,54,Low Revenue,Critical
V1279,E-Bike,10,2025-09-19,3.0,99000.0,33000.0,22.0,2.0,1.0,1.0,0.0,3.0,3.0,41,Mid Revenue,Critical
V1280,E-Bike,22,2025-09-29,6.0,321000.0,53500.0,35.666666666666664,1.0,1.0,1.0,1.0,5.0,4.0,31,High Revenue,Critical
V1281,E-Bike,66,2025-08-10,1.0,9000.0,9000.0,6.0,0.0,0.0,0.0,0.0,1.0,1.0,81,Low Revenue,Critical
V1282,E-Bike,57,2025-08-27,4.0,129000.0,32250.0,21.5,1.0,2.0,1.0,0.0,4.0,3.0,64,Mid Revenue,Critical
V1283,E-Bike,93,2025-09-02,3.0,88500.0,29500.0,19.666666666666668,0.0,1.0,0.0,0.0,3.0,2.0,58,Mid Revenue,Critical
V1284,E-Bike,70,2025-08-23,4.0,106500.0,26625.0,17.75,2.0,1.0,0.0,0.0,4.0,4.0,68,Mid Revenue,Critical
V1285,E-Bike,49,2025-08-02,3.0,124500.0,41500.0,27.666666666666668,2.0,0.0,1.0,1.0,2.0,2.0,89,Mid Revenue,Critical
V1286,E-Bike,42,2025-09-21,1.0,19500.0,19500.0,13.0,1.0,0.0,0.0,0.0,1.0,1.0,39,Low Revenue,Critical
V1287,E-Bike,11,2025-08-17,5.0,204000.0,40800.0,27.2,0.0,2.0,1.0,0.0,4.0,4.0,74,High Revenue,Critical
V1288,E-Bike,38,2025-09-20,4.0,145500.0,36375.0,24.25,2.0,3.0,1.0,0.0,4.0,2.0,40,Mid Revenue,Critical
V1289,E-Bike,75,2025-09-27,3.0,82500.0,27500.0,18.333333333333332,1.0,0.0,0.0,0.0,2.0,3.0,33,Mid Revenue,Critical
V1290,E-Bike,70,2025-09-06,4.0,181500.0,45375.0,30.25,3.0,2.0,1.0,0.0,4.0,3.0,54,Mid Revenue,Critical
V1291,E-Bike,91,2025-08-15,2.0,84000.0,42000.0,28.0,1.0,1.0,2.0,0.0,2.0,1.0,76,Mid Revenue,Critical
V1292,E-Bike,39,2025-09-08,3.0,156000.0,52000.0,34.666666666666664,2.0,0.0,1.0,1.0,3.0,3.0,52,Mid Revenue,Critical
V1293,E-Bike,12,2025-09-23,3.0,96000.0,32000.0,21.333333333333332,0.0,1.0,1.0,1.0,3.0,3.0,37,Mid Revenue,Critical
V1294,E-Bike,50,2025-09-05,5.0,217500.0,43500.0,29.0,1.0,2.0,0.0,0.0,4.0,3.0,55,High Revenue,Critical
V1295,E-Bike,19,2025-09-26,2.0,105000.0,52500.0,35.0,2.0,1.0,0.0,0.0,1.0,2.0,34,Mid Revenue,Critical
V1296,E-Bike,94,2025-09-02,2.0,82500.0,41250.0,27.5,0.0,1.0,0.0,0.0,1.0,1.0,58,Mid Revenue,Critical
V1297,E-Bike,49,2025-08-03,4.0,174000.0,43500.0,29.0,2.0,1.0,0.0,0.0,2.0,2.0,88,Mid Revenue,Critical
V1298,E-Bike,53,2025-09-04,1.0,58500.0,58500.0,39.0,0.0,1.0,0.0,0.0,1.0,1.0,56,Low Revenue,Critical
V1299,E-Bike,15,2025-09-18,3.0,153000.0,51000.0,34.0,1.0,2.0,1.0,1.0,3.0,2.0,42,Mid Revenue,Critical
V1300,E-Bike,38,2025-09-14,4.0,94500.0,23625.0,15.75,1.0,3.0,1.0,1.0,3.0,4.0,46,Mid Revenue,Critical
V1301,E-Bike,71,2025-08-28,3.0,123000.0,41000.0,27.333333333333332,2.0,1.0,1.0,1.0,3.0,3.0,63,Mid Revenue,Critical
V1302,E-Bike,64,2025-09-23,4.0,202500.0,50625.0,33.75,0.0,3.0,0.0,0.0,3.0,3.0,37,High Revenue,Critical
V1303,E-Bike,43,2025-08-16,1.0,24000.0,24000.0,16.0,1.0,0.0,0.0,0.0,1.0,1.0,75,Low Revenue,Critical
V1304,E-Bike,53,2025-08-11,2.0,91500.0,45750.0,30.5,0.0,0.0,0.0,0.0,2.0,1.0,80,Mid Revenue,Critical
V1305,E-Bike,88,2025-09-15,5.0,154500.0,30900.0,20.6,3.0,3.0,0.0,0.0,4.0,3.0,45,Mid Revenue,Critical
V1306,E-Bike,15,2025-09-18,7.0,186000.0,26571.428571428572,17.714285714285715,2.0,3.0,2.0,1.0,2.0,5.0,42,High Revenue,Critical
V1307,E-Bike,64,2025-08-01,3.0,63000.0,21000.0,14.0,3.0,1.0,1.0,1.0,3.0,3.0,90,Low Revenue,Critical
V1308,E-Bike,37,2025-09-11,1.0,57000.0,57000.0,38.0,0.0,1.0,1.0,1.0,1.0,1.0,49,Low Revenue,Critical
V1309,E-Bike,86,2025-09-10,3.0,142500.0,47500.0,31.666666666666668,1.0,1.0,0.0,0.0,2.0,2.0,50,Mid Revenue,Critical
V1310,E-Bike,29,2025-08-18,5.0,195000.0,39000.0,26.0,3.0,3.0,1.0,1.0,4.0,4.0,73,High Revenue,Critical
V1311,E-Bike,57,2025-08-29,5.0,223500.0,44700.0,29.8,2.0,1.0,2.0,0.0,5.0,3.0,62,High Revenue,Critical
V1312,E-Bike,36,2025-09-14,1.0,49500.0,49500.0,33.0,0.0,0.0,0.0,0.0,1.0,1.0,46,Low Revenue,Critical
V1313,E-Bike,67,2025-09-01,8.0,216000.0,27000.0,18.0,1.0,1.0,2.0,2.0,6.0,6.0,59,High Revenue,Critical
V1314,E-Bike,81,2025-09-27,5.0,205500.0,41100.0,27.4,1.0,1.0,1.0,1.0,4.0,5.0,33,High Revenue,Critical
V1315,E-Bike,49,2025-09-17,1.0,27000.0,27000.0,18.0,0.0,0.0,0.0,0.0,1.0,1.0,43,Low Revenue,Critical
V1316,E-Bike,55,2025-08-14,5.0,201000.0,40200.0,26.8,1.0,0.0,0.0,0.0,4.0,3.0,77,High Revenue,Critical
V1317,E-Bike,55,2025-09-01,3.0,81000.0,27000.0,18.0,2.0,0.0,1.0,1.0,2.0,1.0,59,Mid Revenue,Critical
V1318,E-Bike,87,2025-08-27,2.0,54000.0,27000.0,18.0,2.0,1.0,0.0,0.0,2.0,2.0,64,Low Revenue,Critical
V1319,E-Bike,44,2025-08-22,4.0,192000.0,48000.0,32.0,1.0,0.0,0.0,0.0,4.0,4.0,69,High Revenue,Critical
V1320,E-Bike,29,2025-08-21,2.0,103500.0,51750.0,34.5,2.0,2.0,0.0,0.0,2.0,2.0,70,Mid Revenue,Critical
V1321,E-Bike,24,2025-09-08,2.0,78000.0,39000.0,26.0,1.0,0.0,0.0,0.0,2.0,2.0,52,Mid Revenue,Critical
V1322,E-Bike,95,2025-09-08,4.0,160500.0,40125.0,26.75,1.0,1.0,2.0,1.0,3.0,4.0,52,Mid Revenue,Critical
V1323,E-Bike,26,2025-09-02,4.0,169500.0,42375.0,28.25,2.0,0.0,1.0,1.0,4.0,2.0,58,Mid Revenue,Critical
V1324,E-Bike,22,2025-08-10,4.0,124500.0,31125.0,20.75,1.0,1.0,0.0,0.0,4.0,4.0,81,Mid Revenue,Critical
V1325,E-Bike,32,2025-09-06,3.0,96000.0,32000.0,21.333333333333332,2.0,1.0,1.0,0.0,3.0,3.0,54,Mid Revenue,Critical
V1326,E-Bike,57,2025-09-13,5.0,217500.0,43500.0,29.0,4.0,3.0,2.0,2.0,3.0,4.0,47,High Revenue,Critical
V1327,E-Bike,60,2025-09-30,6.0,177000.0,29500.0,19.666666666666668,2.0,1.0,0.0,0.0,5.0,4.0,30,Mid Revenue,Watch
V1328,E-Bike,69,2025-09-07,3.0,64500.0,21500.0,14.333333333333334,1.0,0.0,1.0,1.0,2.0,3.0,53,Low Revenue,Critical
V1329,E-Bike,83,2025-09-03,5.0,130500.0,26100.0,17.4,3.0,2.0,1.0,1.0,5.0,3.0,57,Mid Revenue,Critical
V1330,E-Bike,47,2025-08-27,3.0,138000.0,46000.0,30.666666666666668,1.0,1.0,0.0,0.0,2.0,2.0,64,Mid Revenue,Critical
V1331,E-Bike,13,2025-08-22,4.0,154500.0,38625.0,25.75,3.0,2.0,0.0,0.0,4.0,3.0,69,Mid Revenue,Critical
V1332,E-Bike,80,2025-08-30,5.0,153000.0,30600.0,20.4,1.0,2.0,0.0,0.0,5.0,4.0,61,Mid Revenue,Critical
V1333,E-Bike,62,2025-08-01,4.0,150000.0,37500.0,25.0,1.0,2.0,0.0,0.0,4.0,4.0,90,Mid Revenue,Critical
V1334,E-Bike,80,2025-08-15,4.0,165000.0,41250.0,27.5,1.0,0.0,0.0,0.0,3.0,3.0,76,Mid Revenue,Critical
V1335,E-Bike,44,2025-08-22,1.0,22500.0,22500.0,15.0,1.0,0.0,0.0,0.0,1.0,1.0,69,Low Revenue,Critical
V1336,E-Bike,82,2025-08-24,2.0,121500.0,60750.0,40.5,1.0,0.0,2.0,1.0,2.0,2.0,67,Mid Revenue,Critical
V1337,E-Bike,27,2025-08-05,4.0,192000.0,48000.0,32.0,1.0,2.0,3.0,1.0,3.0,4.0,86,High Revenue,Critical
V1338,E-Bike,45,2025-09-17,8.0,354000.0,44250.0,29.5,3.0,2.0,2.0,1.0,4.0,5.0,43,High Revenue,Critical
V1339,E-Bike,13,2025-09-29,5.0,192000.0,38400.0,25.6,2.0,0.0,0.0,0.0,4.0,4.0,31,High Revenue,Critical
V1340,E-Bike,27,2025-08-27,5.0,247500.0,49500.0,33.0,3.0,0.0,2.0,0.0,3.0,5.0,64,High Revenue,Critical
V1341,E-Bike,85,2025-08-08,4.0,148500.0,37125.0,24.75,2.0,2.0,0.0,0.0,3.0,3.0,83,Mid Revenue,Critical
V1342,E-Bike,93,2025-09-08,3.0,75000.0,25000.0,16.666666666666668,2.0,0.0,0.0,0.0,3.0,2.0,52,Low Revenue,Critical
V1343,E-Bike,66,2025-08-21,3.0,123000.0,41000.0,27.333333333333332,1.0,1.0,0.0,0.0,3.0,3.0,70,Mid Revenue,Critical
V1344,E-Bike,63,2025-09-15,2.0,54000.0,27000.0,18.0,0.0,0.0,0.0,0.0,2.0,2.0,45,Low Revenue,Critical
V1345,E-Bike,56,2025-09-28,0.0,0.0,0.0,0.0,0.0,0.0,0.0,0.0,0.0,0.0,32,Low Revenue,Critical
V1346,E-Bike,84,2025-09-06,2.0,100500.0,50250.0,33.5,2.0,2.0,0.0,0.0,2.0,2.0,54,Mid Revenue,Critical
V1347,E-Bike,19,2025-08-11,2.0,106500.0,53250.0,35.5,1.0,0.0,1.0,0.0,2.0,2.0,80,Mid Revenue,Critical
V1348,E-Bike,86,2025-09-04,1.0,39000.0,39000.0,26.0,0.0,0.0,0.0,0.0,1.0,1.0,56,Low Revenue,Critical
V1349,E-Bike,93,2025-09-16,2.0,96000.0,48000.0,32.0,1.0,1.0,0.0,0.0,2.0,2.0,44,Mid Revenue,Critical
V1350,E-Bike,64,2025-08-11,7.0,295500.0,42214.28571428572,28.142857142857142,4.0,3.0,0.0,0.0,4.0,6.0,80,High Revenue,Critical
V1351,E-Bike,69,2025-08-01,1.0,46500.0,46500.0,31.0,1.0,1.0,0.0,0.0,1.0,1.0,90,Low Revenue,Critical
V1352,E-Bike,20,2025-08-29,2.0,84000.0,42000.0,28.0,0.0,0.0,0.0,0.0,2.0,2.0,62,Mid Revenue,Critical
V1353,E-Bike,82,2025-08-01,5.0,198000.0,39600.0,26.4,3.0,2.0,2.0,0.0,2.0,4.0,90,High Revenue,Critical
V1354,E-Bike,54,2025-08-17,5.0,220500.0,44100.0,29.4,2.0,0.0,0.0,0.0,4.0,4.0,74,High Revenue,Critical
V1355,E-Bike,66,2025-08-09,4.0,181500.0,45375.0,30.25,3.0,4.0,1.0,0.0,4.0,3.0,82,Mid Revenue,Critical
V1356,E-Bike,98,2025-09-27,9.0,276000.0,30666.666666666668,20.444444444444443,4.0,3.0,2.0,0.0,5.0,5.0,33,High Revenue,Critical
V1357,E-Bike,52,2025-08-10,4.0,93000.0,23250.0,15.5,2.0,3.0,1.0,1.0,3.0,4.0,81,Mid Revenue,Critical
V1358,E-Bike,63,2025-08-30,2.0,69000.0,34500.0,23.0,0.0,0.0,0.0,0.0,2.0,2.0,61,Low Revenue,Critical
V1359,E-Bike,77,2025-09-24,4.0,150000.0,37500.0,25.0,2.0,1.0,1.0,1.0,3.0,4.0,36,Mid Revenue,Critical
V1360,E-Bike,25,2025-08-10,2.0,25500.0,12750.0,8.5,1.0,0.0,1.0,1.0,1.0,2.0,81,Low Revenue,Critical
V1361,E-Bike,43,2025-09-29,3.0,63000.0,21000.0,14.0,0.0,0.0,1.0,0.0,3.0,3.0,31,Low Revenue,Critical
V1362,E-Bike,77,2025-08-27,3.0,133500.0,44500.0,29.666666666666668,0.0,1.0,1.0,1.0,3.0,2.0,64,Mid Revenue,Critical
V1363,E-Bike,46,2025-09-12,0.0,0.0,0.0,0.0,0.0,0.0,0.0,0.0,0.0,0.0,48,Low Revenue,Critical
V1364,E-Bike,41,2025-09-15,3.0,136500.0,45500.0,30.333333333333332,0.0,1.0,1.0,1.0,3.0,3.0,45,Mid Revenue,Critical
V1365,E-Bike,21,2025-09-16,2.0,85500.0,42750.0,28.5,0.0,1.0,1.0,1.0,2.0,2.0,44,Mid Revenue,Critical
V1366,E-Bike,15,2025-09-10,4.0,144000.0,36000.0,24.0,0.0,1.0,1.0,1.0,4.0,3.0,50,Mid Revenue,Critical
V1367,E-Bike,38,2025-08-15,5.0,174000.0,34800.0,23.2,1.0,3.0,2.0,1.0,4.0,3.0,76,Mid Revenue,Critical
V1368,E-Bike,28,2025-08-18,5.0,162000.0,32400.0,21.6,3.0,2.0,0.0,0.0,4.0,4.0,73,Mid Revenue,Critical
V1369,E-Bike,27,2025-09-07,3.0,160500.0,53500.0,35.666666666666664,1.0,1.0,1.0,0.0,3.0,2.0,53,Mid Revenue,Critical
V1370,E-Bike,27,2025-08-02,4.0,159000.0,39750.0,26.5,2.0,3.0,0.0,0.0,4.0,4.0,89,Mid Revenue,Critical
V1371,E-Bike,34,2025-08-05,3.0,132000.0,44000.0,29.333333333333332,2.0,1.0,0.0,0.0,2.0,2.0,86,Mid Revenue,Critical
V1372,E-Bike,36,2025-09-17,5.0,175500.0,35100.0,23.4,2.0,0.0,1.0,1.0,5.0,4.0,43,Mid Revenue,Critical
V1373,E-Bike,38,2025-09-22,3.0,145500.0,48500.0,32.333333333333336,2.0,0.0,1.0,0.0,3.0,3.0,38,Mid Revenue,Critical
V1374,E-Bike,14,2025-08-26,5.0,160500.0,32100.0,21.4,2.0,1.0,2.0,2.0,4.0,4.0,65,Mid Revenue,Critical
V1375,E-Bike,19,2025-08-14,0.0,0.0,0.0,0.0,0.0,0.0,0.0,0.0,0.0,0.0,77,Low Revenue,Critical
V1376,E-Bike,30,2025-08-26,2.0,57000.0,28500.0,19.0,0.0,0.0,0.0,0.0,2.0,2.0,65,Low Revenue,Critical
V1377,E-Bike,49,2025-09-24,2.0,48000.0,24000.0,16.0,0.0,1.0,0.0,0.0,2.0,2.0,36,Low Revenue,Critical
V1378,E-Bike,62,2025-08-12,2.0,78000.0,39000.0,26.0,1.0,0.0,0.0,0.0,2.0,2.0,79,Mid Revenue,Critical
V1379,E-Bike,32,2025-08-05,1.0,43500.0,43500.0,29.0,1.0,0.0,0.0,0.0,1.0,1.0,86,Low Revenue,Critical
V1380,E-Bike,75,2025-08-19,1.0,37500.0,37500.0,25.0,0.0,0.0,1.0,1.0,1.0,1.0,72,Low Revenue,Critical
V1381,E-Bike,43,2025-09-26,3.0,96000.0,32000.0,21.333333333333332,1.0,0.0,0.0,0.0,2.0,3.0,34,Mid Revenue,Critical
V1382,E-Bike,95,2025-08-12,5.0,151500.0,30300.0,20.2,2.0,1.0,2.0,1.0,5.0,5.0,79,Mid Revenue,Critical
V1383,E-Bike,74,2025-08-18,4.0,100500.0,25125.0,16.75,2.0,2.0,0.0,0.0,3.0,4.0,73,Mid Revenue,Critical
V1384,E-Bike,14,2025-09-15,4.0,195000.0,48750.0,32.5,1.0,2.0,0.0,0.0,4.0,4.0,45,High Revenue,Critical
V1385,E-Bike,35,2025-08-15,1.0,21000.0,21000.0,14.0,0.0,0.0,0.0,0.0,1.0,1.0,76,Low Revenue,Critical
V1386,E-Bike,31,2025-09-03,4.0,135000.0,33750.0,22.5,0.0,2.0,2.0,1.0,4.0,4.0,57,Mid Revenue,Critical
V1387,E-Bike,20,2025-09-30,2.0,72000.0,36000.0,24.0,2.0,0.0,0.0,0.0,2.0,2.0,30,Low Revenue,Watch
V1388,E-Bike,58,2025-09-25,1.0,51000.0,51000.0,34.0,1.0,0.0,0.0,0.0,1.0,1.0,35,Low Revenue,Critical
V1389,E-Bike,57,2025-09-30,4.0,193500.0,48375.0,32.25,2.0,1.0,0.0,0.0,4.0,3.0,30,High Revenue,Watch
V1390,E-Bike,51,2025-09-10,2.0,72000.0,36000.0,24.0,1.0,1.0,0.0,0.0,2.0,2.0,50,Low Revenue,Critical
V1391,E-Bike,46,2025-09-28,5.0,147000.0,29400.0,19.6,2.0,3.0,1.0,0.0,3.0,4.0,32,Mid Revenue,Critical
V1392,E-Bike,43,2025-08-02,5.0,132000.0,26400.0,17.6,3.0,1.0,0.0,0.0,4.0,4.0,89,Mid Revenue,Critical
V1393,E-Bike,63,2025-08-15,2.0,75000.0,37500.0,25.0,1.0,1.0,0.0,0.0,2.0,2.0,76,Low Revenue,Critical
V1394,E-Bike,39,2025-08-27,2.0,46500.0,23250.0,15.5,1.0,2.0,1.0,0.0,2.0,2.0,64,Low Revenue,Critical
V1395,E-Bike,80,2025-08-21,4.0,183000.0,45750.0,30.5,4.0,2.0,1.0,0.0,4.0,2.0,70,Mid Revenue,Critical
V1396,E-Bike,19,2025-09-24,0.0,0.0,0.0,0.0,0.0,0.0,0.0,0.0,0.0,0.0,36,Low Revenue,Critical
V1397,E-Bike,62,2025-09-02,3.0,91500.0,30500.0,20.333333333333332,0.0,1.0,2.0,1.0,2.0,2.0,58,Mid Revenue,Critical
V1398,E-Bike,76,2025-09-12,1.0,63000.0,63000.0,42.0,1.0,0.0,0.0,0.0,1.0,1.0,48,Low Revenue,Critical
V1399,E-Bike,80,2025-08-20,2.0,88500.0,44250.0,29.5,1.0,1.0,0.0,0.0,2.0,2.0,71,Mid Revenue,Critical
V1400,E-Bike,85,2025-09-15,2.0,66000.0,33000.0,22.0,1.0,0.0,0.0,0.0,1.0,2.0,45,Low Revenue,Critical
V1401,E-Bike,29,2025-09-21,5.0,150000.0,30000.0,20.0,2.0,0.0,0.0,0.0,4.0,5.0,39,Mid Revenue,Critical
V1402,E-Bike,12,2025-08-27,4.0,93000.0,23250.0,15.5,2.0,0.0,0.0,0.0,3.0,4.0,64,Mid Revenue,Critical
V1403,E-Bike,97,2025-08-24,3.0,100500.0,33500.0,22.333333333333332,1.0,0.0,2.0,1.0,2.0,2.0,67,Mid Revenue,Critical
V1404,E-Bike,22,2025-08-21,5.0,180000.0,36000.0,24.0,2.0,1.0,0.0,0.0,4.0,5.0,70,Mid Revenue,Critical
V1405,E-Bike,73,2025-09-25,4.0,159000.0,39750.0,26.5,2.0,2.0,0.0,0.0,3.0,4.0,35,Mid Revenue,Critical
V1406,E-Bike,94,2025-08-09,6.0,270000.0,45000.0,30.0,2.0,3.0,1.0,1.0,5.0,3.0,82,High Revenue,Critical
V1407,E-Bike,83,2025-08-12,7.0,232500.0,33214.28571428572,22.142857142857142,2.0,0.0,1.0,0.0,6.0,5.0,79,High Revenue,Critical
V1408,E-Bike,95,2025-08-17,4.0,177000.0,44250.0,29.5,1.0,2.0,1.0,1.0,3.0,3.0,74,Mid Revenue,Critical
V1409,E-Bike,37,2025-09-21,3.0,96000.0,32000.0,21.333333333333332,1.0,0.0,1.0,1.0,2.0,3.0,39,Mid Revenue,Critical
V1410,E-Bike,27,2025-09-04,7.0,201000.0,28714.285714285714,19.142857142857142,2.0,4.0,3.0,3.0,5.0,6.0,56,High Revenue,Critical
V1411,E-Bike,15,2025-08-30,6.0,255000.0,42500.0,28.333333333333332,1.0,2.0,2.0,0.0,4.0,4.0,61,High Revenue,Critical
V1412,E-Bike,53,2025-08-18,4.0,180000.0,45000.0,30.0,3.0,0.0,1.0,1.0,3.0,3.0,73,Mid Revenue,Critical
V1413,E-Bike,52,2025-09-08,2.0,129000.0,64500.0,43.0,1.0,0.0,0.0,0.0,2.0,2.0,52,Mid Revenue,Critical
V1414,E-Bike,57,2025-09-25,2.0,60000.0,30000.0,20.0,1.0,1.0,0.0,0.0,2.0,2.0,35,Low Revenue,Critical
V1415,E-Bike,71,2025-08-27,2.0,82500.0,41250.0,27.5,1.0,0.0,0.0,0.0,2.0,1.0,64,Mid Revenue,Critical
V1416,E-Bike,38,2025-08-10,3.0,117000.0,39000.0,26.0,1.0,2.0,0.0,0.0,2.0,3.0,81,Mid Revenue,Critical
V1417,E-Bike,69,2025-09-02,9.0,279000.0,31000.0,20.666666666666668,6.0,4.0,3.0,1.0,6.0,6.0,58,High Revenue,Critical
V1418,E-Bike,15,2025-08-14,6.0,291000.0,48500.0,32.333333333333336,3.0,0.0,2.0,1.0,6.0,4.0,77,High Revenue,Critical
V1419,E-Bike,26,2025-08-04,3.0,160500.0,53500.0,35.666666666666664,2.0,2.0,1.0,1.0,3.0,3.0,87,Mid Revenue,Critical
V1420,E-Bike,68,2025-08-23,4.0,142500.0,35625.0,23.75,1.0,2.0,1.0,0.0,2.0,4.0,68,Mid Revenue,Critical
V1421,E-Bike,42,2025-09-26,3.0,157500.0,52500.0,35.0,1.0,0.0,0.0,0.0,3.0,3.0,34,Mid Revenue,Critical
V1422,E-Bike,64,2025-08-30,3.0,148500.0,49500.0,33.0,1.0,0.0,1.0,0.0,3.0,3.0,61,Mid Revenue,Critical
V1423,E-Bike,45,2025-08-10,2.0,94500.0,47250.0,31.5,1.0,0.0,0.0,0.0,2.0,2.0,81,Mid Revenue,Critical
V1424,E-Bike,65,2025-09-27,3.0,37500.0,12500.0,8.333333333333334,2.0,1.0,1.0,0.0,3.0,3.0,33,Low Revenue,Critical
V1425,E-Bike,34,2025-08-10,4.0,174000.0,43500.0,29.0,3.0,1.0,2.0,1.0,3.0,4.0,81,Mid Revenue,Critical
V1426,E-Bike,60,2025-09-13,1.0,64500.0,64500.0,43.0,1.0,0.0,0.0,0.0,1.0,1.0,47,Low Revenue,Critical
V1427,E-Bike,40,2025-08-11,5.0,244500.0,48900.0,32.6,1.0,3.0,0.0,0.0,3.0,4.0,80,High Revenue,Critical
V1428,E-Bike,81,2025-08-09,4.0,181500.0,45375.0,30.25,0.0,1.0,0.0,0.0,4.0,3.0,82,Mid Revenue,Critical
V1429,E-Bike,60,2025-08-16,6.0,229500.0,38250.0,25.5,4.0,3.0,1.0,0.0,4.0,3.0,75,High Revenue,Critical
V1430,E-Bike,81,2025-08-25,2.0,33000.0,16500.0,11.0,1.0,0.0,1.0,1.0,2.0,2.0,66,Low Revenue,Critical
V1431,E-Bike,87,2025-09-30,5.0,199500.0,39900.0,26.6,5.0,1.0,1.0,0.0,4.0,4.0,30,High Revenue,Watch
V1432,E-Bike,29,2025-09-11,3.0,94500.0,31500.0,21.0,0.0,1.0,0.0,0.0,3.0,3.0,49,Mid Revenue,Critical
V1433,E-Bike,74,2025-08-17,3.0,163500.0,54500.0,36.333333333333336,1.0,0.0,1.0,0.0,3.0,3.0,74,Mid Revenue,Critical
V1434,E-Bike,53,2025-09-27,2.0,97500.0,48750.0,32.5,1.0,1.0,1.0,1.0,2.0,2.0,33,Mid Revenue,Critical
V1435,E-Bike,19,2025-08-21,6.0,223500.0,37250.0,24.833333333333332,4.0,1.0,2.0,2.0,4.0,4.0,70,High Revenue,Critical
V1436,E-Bike,78,2025-08-31,5.0,184500.0,36900.0,24.6,1.0,2.0,1.0,0.0,4.0,2.0,60,Mid Revenue,Critical
V1437,E-Bike,22,2025-08-22,2.0,42000.0,21000.0,14.0,2.0,0.0,1.0,0.0,1.0,2.0,69,Low Revenue,Critical
V1438,E-Bike,36,2025-09-25,2.0,51000.0,25500.0,17.0,0.0,0.0,1.0,1.0,2.0,2.0,35,Low Revenue,Critical
V1439,E-Bike,61,2025-08-22,6.0,229500.0,38250.0,25.5,4.0,4.0,0.0,0.0,5.0,6.0,69,High Revenue,Critical
V1440,E-Bike,54,2025-08-19,3.0,111000.0,37000.0,24.666666666666668,3.0,1.0,0.0,0.0,3.0,3.0,72,Mid Revenue,Critical
V1441,E-Bike,93,2025-08-31,5.0,232500.0,46500.0,31.0,2.0,1.0,2.0,2.0,4.0,5.0,60,High Revenue,Critical
V1442,E-Bike,45,2025-09-30,6.0,346500.0,57750.0,38.5,3.0,2.0,0.0,0.0,5.0,5.0,30,High Revenue,Watch
V1443,E-Bike,25,2025-09-27,5.0,193500.0,38700.0,25.8,3.0,3.0,0.0,0.0,5.0,3.0,33,High Revenue,Critical
V1444,E-Bike,56,2025-09-17,7.0,304500.0,43500.0,29.0,4.0,0.0,3.0,2.0,6.0,5.0,43,High Revenue,Critical
V1445,E-Bike,30,2025-08-17,1.0,48000.0,48000.0,32.0,1.0,1.0,1.0,1.0,1.0,1.0,74,Low Revenue,Critical
V1446,E-Bike,30,2025-08-29,6.0,202500.0,33750.0,22.5,3.0,0.0,2.0,0.0,2.0,6.0,62,High Revenue,Critical
V1447,E-Bike,18,2025-08-17,3.0,151500.0,50500.0,33.666666666666664,0.0,0.0,0.0,0.0,3.0,3.0,74,Mid Revenue,Critical
V1448,E-Bike,100,2025-08-27,3.0,81000.0,27000.0,18.0,1.0,0.0,2.0,1.0,2.0,2.0,64,Mid Revenue,Critical
V1449,E-Bike,64,2025-08-28,4.0,123000.0,30750.0,20.5,3.0,2.0,0.0,0.0,4.0,3.0,63,Mid Revenue,Critical
V1450,E-Bike,11,2025-08-28,3.0,141000.0,47000.0,31.333333333333332,2.0,1.0,0.0,0.0,2.0,3.0,63,Mid Revenue,Critical
V1451,E-Bike,58,2025-09-29,3.0,76500.0,25500.0,17.0,1.0,0.0,0.0,0.0,3.0,1.0,31,Mid Revenue,Critical
V1452,E-Bike,73,2025-08-29,5.0,106500.0,21300.0,14.2,1.0,0.0,1.0,0.0,5.0,3.0,62,Mid Revenue,Critical
V1453,E-Bike,51,2025-09-21,3.0,132000.0,44000.0,29.333333333333332,1.0,2.0,1.0,0.0,3.0,2.0,39,Mid Revenue,Critical
V1454,E-Bike,50,2025-08-28,3.0,75000.0,25000.0,16.666666666666668,0.0,0.0,1.0,1.0,3.0,2.0,63,Low Revenue,Critical
V1455,E-Bike,60,2025-09-02,3.0,129000.0,43000.0,28.666666666666668,1.0,1.0,1.0,1.0,3.0,3.0,58,Mid Revenue,Critical
V1456,E-Bike,75,2025-09-08,2.0,70500.0,35250.0,23.5,0.0,1.0,0.0,0.0,2.0,2.0,52,Low Revenue,Critical
V1457,E-Bike,51,2025-09-11,3.0,114000.0,38000.0,25.333333333333332,1.0,1.0,2.0,1.0,3.0,3.0,49,Mid Revenue,Critical
V1458,E-Bike,97,2025-09-22,3.0,99000.0,33000.0,22.0,1.0,1.0,1.0,1.0,3.0,3.0,38,Mid Revenue,Critical
V1459,E-Bike,37,2025-09-28,1.0,66000.0,66000.0,44.0,1.0,1.0,0.0,0.0,1.0,1.0,32,Low Revenue,Critical
V1460,E-Bike,15,2025-08-12,6.0,213000.0,35500.0,23.666666666666668,3.0,1.0,2.0,2.0,5.0,5.0,79,High Revenue,Critical
V1461,E-Bike,68,2025-08-02,2.0,73500.0,36750.0,24.5,1.0,0.0,0.0,0.0,2.0,1.0,89,Low Revenue,Critical
V1462,E-Bike,39,2025-08-19,2.0,51000.0,25500.0,17.0,1.0,1.0,0.0,0.0,2.0,2.0,72,Low Revenue,Critical
V1463,E-Bike,62,2025-08-28,2.0,111000.0,55500.0,37.0,1.0,1.0,1.0,1.0,2.0,2.0,63,Mid Revenue,Critical
V1464,E-Bike,24,2025-09-18,2.0,93000.0,46500.0,31.0,0.0,0.0,0.0,0.0,2.0,2.0,42,Mid Revenue,Critical
V1465,E-Bike,68,2025-08-30,4.0,163500.0,40875.0,27.25,4.0,2.0,1.0,0.0,3.0,4.0,61,Mid Revenue,Critical
V1466,E-Bike,86,2025-09-26,4.0,168000.0,42000.0,28.0,2.0,2.0,0.0,0.0,3.0,4.0,34,Mid Revenue,Critical
V1467,E-Bike,23,2025-08-06,2.0,87000.0,43500.0,29.0,1.0,0.0,1.0,0.0,2.0,2.0,85,Mid Revenue,Critical
V1468,E-Bike,79,2025-08-18,2.0,109500.0,54750.0,36.5,1.0,1.0,0.0,0.0,2.0,2.0,73,Mid Revenue,Critical
V1469,E-Bike,69,2025-08-01,4.0,88500.0,22125.0,14.75,1.0,1.0,1.0,1.0,3.0,3.0,90,Mid Revenue,Critical
V1470,E-Bike,42,2025-08-30,5.0,217500.0,43500.0,29.0,2.0,1.0,0.0,0.0,4.0,4.0,61,High Revenue,Critical
V1471,E-Bike,68,2025-08-29,1.0,13500.0,13500.0,9.0,0.0,1.0,1.0,1.0,1.0,1.0,62,Low Revenue,Critical
V1472,E-Bike,81,2025-08-20,0.0,0.0,0.0,0.0,0.0,0.0,0.0,0.0,0.0,0.0,71,Low Revenue,Critical
V1473,E-Bike,96,2025-09-22,4.0,118500.0,29625.0,19.75,2.0,1.0,0.0,0.0,4.0,3.0,38,Mid Revenue,Critical
V1474,E-Bike,55,2025-09-30,2.0,117000.0,58500.0,39.0,1.0,2.0,0.0,0.0,2.0,1.0,30,Mid Revenue,Watch
V1475,E-Bike,54,2025-08-09,6.0,144000.0,24000.0,16.0,1.0,1.0,0.0,0.0,3.0,4.0,82,Mid Revenue,Critical
V1476,E-Bike,35,2025-08-30,6.0,241500.0,40250.0,26.833333333333332,2.0,2.0,1.0,0.0,4.0,4.0,61,High Revenue,Critical
V1477,E-Bike,68,2025-09-19,0.0,0.0,0.0,0.0,0.0,0.0,0.0,0.0,0.0,0.0,41,Low Revenue,Critical
V1478,E-Bike,40,2025-08-26,3.0,108000.0,36000.0,24.0,1.0,1.0,0.0,0.0,3.0,2.0,65,Mid Revenue,Critical
V1479,E-Bike,30,2025-09-04,3.0,124500.0,41500.0,27.666666666666668,2.0,0.0,0.0,0.0,3.0,2.0,56,Mid Revenue,Critical
V1480,E-Bike,94,2025-09-03,6.0,298500.0,49750.0,33.166666666666664,1.0,2.0,1.0,0.0,6.0,6.0,57,High Revenue,Critical
V1481,E-Bike,88,2025-08-22,0.0,0.0,0.0,0.0,0.0,0.0,0.0,0.0,0.0,0.0,69,Low Revenue,Critical
V1482,E-Bike,76,2025-08-03,6.0,213000.0,35500.0,23.666666666666668,2.0,1.0,0.0,0.0,3.0,4.0,88,High Revenue,Critical
V1483,E-Bike,13,2025-09-09,2.0,52500.0,26250.0,17.5,0.0,0.0,0.0,0.0,2.0,2.0,51,Low Revenue,Critical
V1484,E-Bike,68,2025-08-21,3.0,163500.0,54500.0,36.333333333333336,1.0,1.0,0.0,0.0,3.0,3.0,70,Mid Revenue,Critical
V1485,E-Bike,47,2025-09-20,1.0,46500.0,46500.0,31.0,0.0,0.0,0.0,0.0,1.0,1.0,40,Low Revenue,Critical
V1486,E-Bike,44,2025-09-02,3.0,82500.0,27500.0,18.333333333333332,2.0,0.0,0.0,0.0,3.0,2.0,58,Mid Revenue,Critical
V1487,E-Bike,85,2025-08-22,5.0,277500.0,55500.0,37.0,4.0,3.0,1.0,0.0,4.0,4.0,69,High Revenue,Critical
V1488,E-Bike,71,2025-09-19,1.0,42000.0,42000.0,28.0,0.0,0.0,0.0,0.0,1.0,1.0,41,Low Revenue,Critical
V1489,E-Bike,27,2025-08-30,3.0,126000.0,42000.0,28.0,1.0,0.0,0.0,0.0,3.0,2.0,61,Mid Revenue,Critical
V1490,E-Bike,18,2025-08-22,0.0,0.0,0.0,0.0,0.0,0.0,0.0,0.0,0.0,0.0,69,Low Revenue,Critical
V1491,E-Bike,38,2025-08-05,2.0,126000.0,63000.0,42.0,0.0,2.0,0.0,0.0,1.0,2.0,86,Mid Revenue,Critical
V1492,E-Bike,80,2025-09-13,5.0,162000.0,32400.0,21.6,3.0,3.0,1.0,1.0,4.0,5.0,47,Mid Revenue,Critical
V1493,E-Bike,75,2025-09-17,1.0,25500.0,25500.0,17.0,0.0,1.0,0.0,0.0,1.0,1.0,43,Low Revenue,Critical
V1494,E-Bike,100,2025-08-16,2.0,91500.0,45750.0,30.5,2.0,0.0,0.0,0.0,2.0,2.0,75,Mid Revenue,Critical
V1495,E-Bike,72,2025-08-02,3.0,72000.0,24000.0,16.0,2.0,0.0,0.0,0.0,3.0,3.0,89,Low Revenue,Critical
V1496,E-Bike,64,2025-08-19,4.0,96000.0,24000.0,16.0,1.0,3.0,0.0,0.0,4.0,3.0,72,Mid Revenue,Critical
V1497,E-Bike,80,2025-08-07,2.0,34500.0,17250.0,11.5,2.0,0.0,0.0,0.0,2.0,2.0,84,Low Revenue,Critical
V1498,E-Bike,78,2025-09-18,3.0,88500.0,29500.0,19.666666666666668,2.0,1.0,1.0,1.0,3.0,3.0,42,Mid Revenue,Critical
V1499,E-Bike,23,2025-08-07,4.0,189000.0,47250.0,31.5,1.0,1.0,1.0,1.0,4.0,3.0,84,High Revenue,Critical
V1500,E-Bike,65,2025-08-12,1.0,63000.0,63000.0,42.0,1.0,0.0,1.0,1.0,1.0,1.0,79,Low Revenue,Critical
V1501,E-Bike,68,2025-08-14,2.0,58500.0,29250.0,19.5,1.0,0.0,0.0,0.0,2.0,2.0,77,Low Revenue,Critical
V1502,E-Bike,16,2025-09-18,3.0,58500.0,19500.0,13.0,0.0,1.0,1.0,1.0,2.0,2.0,42,Low Revenue,Critical
V1503,E-Bike,92,2025-09-18,2.0,18000.0,9000.0,6.0,0.0,0.0,0.0,0.0,2.0,2.0,42,Low Revenue,Critical
V1504,E-Bike,59,2025-08-04,6.0,151500.0,25250.0,16.833333333333332,5.0,1.0,0.0,0.0,5.0,3.0,87,Mid Revenue,Critical
V1505,E-Bike,84,2025-09-14,1.0,9000.0,9000.0,6.0,0.0,1.0,0.0,0.0,1.0,1.0,46,Low Revenue,Critical
V1506,E-Bike,35,2025-09-27,2.0,40500.0,20250.0,13.5,2.0,2.0,0.0,0.0,2.0,2.0,33,Low Revenue,Critical
V1507,E-Bike,17,2025-08-25,3.0,136500.0,45500.0,30.333333333333332,2.0,1.0,1.0,0.0,3.0,3.0,66,Mid Revenue,Critical
V1508,E-Bike,55,2025-09-20,3.0,144000.0,48000.0,32.0,2.0,0.0,0.0,0.0,3.0,3.0,40,Mid Revenue,Critical
V1509,E-Bike,17,2025-08-25,3.0,144000.0,48000.0,32.0,2.0,1.0,0.0,0.0,2.0,3.0,66,Mid Revenue,Critical
V1510,E-Bike,16,2025-09-05,4.0,105000.0,26250.0,17.5,2.0,1.0,1.0,1.0,4.0,3.0,55,Mid Revenue,Critical
V1511,E-Bike,28,2025-08-08,5.0,255000.0,51000.0,34.0,2.0,3.0,0.0,0.0,5.0,4.0,83,High Revenue,Critical
V1512,E-Bike,49,2025-09-20,3.0,103500.0,34500.0,23.0,1.0,0.0,2.0,2.0,2.0,3.0,40,Mid Revenue,Critical
V1513,E-Bike,46,2025-08-18,2.0,52500.0,26250.0,17.5,2.0,0.0,1.0,0.0,2.0,2.0,73,Low Revenue,Critical
V1514,E-Bike,44,2025-08-19,4.0,148500.0,37125.0,24.75,2.0,1.0,0.0,0.0,4.0,3.0,72,Mid Revenue,Critical
V1515,E-Bike,30,2025-09-26,5.0,186000.0,37200.0,24.8,2.0,3.0,2.0,1.0,4.0,2.0,34,High Revenue,Critical
V1516,E-Bike,76,2025-09-03,2.0,72000.0,36000.0,24.0,0.0,0.0,0.0,0.0,2.0,2.0,57,Low Revenue,Critical
V1517,E-Bike,31,2025-08-02,4.0,163500.0,40875.0,27.25,2.0,1.0,0.0,0.0,4.0,3.0,89,Mid Revenue,Critical
V1518,E-Bike,10,2025-08-28,4.0,153000.0,38250.0,25.5,1.0,1.0,2.0,2.0,2.0,3.0,63,Mid Revenue,Critical
V1519,E-Bike,33,2025-08-23,3.0,81000.0,27000.0,18.0,2.0,2.0,0.0,0.0,2.0,3.0,68,Mid Revenue,Critical
V1520,E-Bike,100,2025-09-23,3.0,78000.0,26000.0,17.333333333333332,3.0,2.0,0.0,0.0,3.0,2.0,37,Mid Revenue,Critical
V1521,E-Bike,32,2025-09-27,2.0,126000.0,63000.0,42.0,1.0,1.0,0.0,0.0,2.0,2.0,33,Mid Revenue,Critical
V1522,E-Bike,96,2025-08-02,4.0,196500.0,49125.0,32.75,3.0,0.0,0.0,0.0,3.0,4.0,89,High Revenue,Critical
V1523,E-Bike,20,2025-09-19,7.0,304500.0,43500.0,29.0,0.0,2.0,3.0,2.0,5.0,5.0,41,High Revenue,Critical
V1524,E-Bike,13,2025-09-08,1.0,42000.0,42000.0,28.0,0.0,1.0,0.0,0.0,1.0,1.0,52,Low Revenue,Critical
V1525,E-Bike,49,2025-08-01,1.0,10500.0,10500.0,7.0,1.0,0.0,1.0,1.0,1.0,1.0,90,Low Revenue,Critical
V1526,E-Bike,43,2025-09-06,3.0,120000.0,40000.0,26.666666666666668,0.0,1.0,1.0,1.0,3.0,3.0,54,Mid Revenue,Critical
V1527,E-Bike,60,2025-09-29,2.0,66000.0,33000.0,22.0,1.0,0.0,0.0,0.0,2.0,2.0,31,Low Revenue,Critical
V1528,E-Bike,53,2025-09-15,4.0,196500.0,49125.0,32.75,2.0,1.0,0.0,0.0,3.0,4.0,45,High Revenue,Critical
V1529,E-Bike,42,2025-09-08,1.0,10500.0,10500.0,7.0,0.0,0.0,0.0,0.0,1.0,1.0,52,Low Revenue,Critical
V1530,E-Bike,42,2025-08-22,0.0,0.0,0.0,0.0,0.0,0.0,0.0,0.0,0.0,0.0,69,Low Revenue,Critical
V1531,E-Bike,31,2025-08-30,7.0,292500.0,41785.71428571428,27.857142857142858,3.0,2.0,0.0,0.0,5.0,4.0,61,High Revenue,Critical
V1532,E-Bike,42,2025-09-10,2.0,63000.0,31500.0,21.0,0.0,0.0,1.0,1.0,2.0,2.0,50,Low Revenue,Critical
V1533,E-Bike,28,2025-09-08,3.0,148500.0,49500.0,33.0,2.0,0.0,1.0,0.0,2.0,3.0,52,Mid Revenue,Critical
V1534,E-Bike,28,2025-09-07,8.0,301500.0,37687.5,25.125,5.0,4.0,3.0,3.0,5.0,5.0,53,High Revenue,Critical
V1535,E-Bike,98,2025-08-03,2.0,64500.0,32250.0,21.5,0.0,2.0,0.0,0.0,2.0,2.0,88,Low Revenue,Critical
V1536,E-Bike,94,2025-08-30,4.0,115500.0,28875.0,19.25,2.0,1.0,0.0,0.0,3.0,4.0,61,Mid Revenue,Critical
V1537,E-Bike,16,2025-08-21,3.0,111000.0,37000.0,24.666666666666668,3.0,1.0,1.0,1.0,3.0,3.0,70,Mid Revenue,Critical
V1538,E-Bike,82,2025-09-18,2.0,43500.0,21750.0,14.5,1.0,1.0,2.0,2.0,2.0,2.0,42,Low Revenue,Critical
V1539,E-Bike,97,2025-09-18,2.0,73500.0,36750.0,24.5,1.0,0.0,1.0,1.0,2.0,2.0,42,Low Revenue,Critical
V1540,E-Bike,88,2025-09-02,3.0,108000.0,36000.0,24.0,3.0,0.0,1.0,1.0,2.0,2.0,58,Mid Revenue,Critical
V1541,E-Bike,85,2025-08-05,2.0,48000.0,24000.0,16.0,1.0,2.0,1.0,1.0,1.0,2.0,86,Low Revenue,Critical
V1542,E-Bike,25,2025-08-01,5.0,172500.0,34500.0,23.0,2.0,0.0,1.0,1.0,4.0,4.0,90,Mid Revenue,Critical
V1543,E-Bike,85,2025-08-19,3.0,142500.0,47500.0,31.666666666666668,1.0,2.0,1.0,1.0,3.0,2.0,72,Mid Revenue,Critical
V1544,E-Bike,13,2025-09-11,4.0,162000.0,40500.0,27.0,1.0,1.0,1.0,0.0,4.0,3.0,49,Mid Revenue,Critical
V1545,E-Bike,14,2025-09-28,5.0,187500.0,37500.0,25.0,0.0,3.0,0.0,0.0,4.0,4.0,32,High Revenue,Critical
V1546,E-Bike,75,2025-09-03,0.0,0.0,0.0,0.0,0.0,0.0,0.0,0.0,0.0,0.0,57,Low Revenue,Critical
V1547,E-Bike,99,2025-09-27,2.0,52500.0,26250.0,17.5,0.0,1.0,0.0,0.0,2.0,2.0,33,Low Revenue,Critical
V1548,E-Bike,41,2025-08-06,0.0,0.0,0.0,0.0,0.0,0.0,0.0,0.0,0.0,0.0,85,Low Revenue,Critical
V1549,E-Bike,16,2025-09-18,4.0,192000.0,48000.0,32.0,2.0,2.0,2.0,1.0,3.0,3.0,42,High Revenue,Critical
V1550,E-Bike,57,2025-08-01,4.0,184500.0,46125.0,30.75,2.0,1.0,2.0,1.0,3.0,4.0,90,Mid Revenue,Critical
V1551,E-Bike,88,2025-08-11,7.0,361500.0,51642.857142857145,34.42857142857143,4.0,1.0,1.0,0.0,6.0,6.0,80,High Revenue,Critical
V1552,E-Bike,40,2025-09-01,5.0,175500.0,35100.0,23.4,2.0,2.0,2.0,2.0,5.0,3.0,59,Mid Revenue,Critical
V1553,E-Bike,19,2025-08-22,2.0,67500.0,33750.0,22.5,2.0,1.0,0.0,0.0,2.0,2.0,69,Low Revenue,Critical
V1554,E-Bike,46,2025-08-05,5.0,220500.0,44100.0,29.4,2.0,3.0,0.0,0.0,4.0,4.0,86,High Revenue,Critical
V1555,E-Bike,67,2025-08-07,3.0,118500.0,39500.0,26.333333333333332,1.0,1.0,1.0,0.0,3.0,3.0,84,Mid Revenue,Critical
V1556,E-Bike,70,2025-08-13,4.0,144000.0,36000.0,24.0,1.0,1.0,3.0,2.0,3.0,3.0,78,Mid Revenue,Critical
V1557,E-Bike,100,2025-08-19,4.0,159000.0,39750.0,26.5,2.0,1.0,2.0,0.0,3.0,3.0,72,Mid Revenue,Critical
V1558,E-Bike,50,2025-09-10,2.0,61500.0,30750.0,20.5,0.0,0.0,0.0,0.0,2.0,2.0,50,Low Revenue,Critical
V1559,E-Bike,85,2025-09-30,2.0,51000.0,25500.0,17.0,0.0,0.0,1.0,1.0,2.0,2.0,30,Low Revenue,Watch
V1560,E-Bike,52,2025-08-22,3.0,91500.0,30500.0,20.333333333333332,2.0,0.0,0.0,0.0,3.0,3.0,69,Mid Revenue,Critical
V1561,E-Bike,79,2025-09-24,0.0,0.0,0.0,0.0,0.0,0.0,0.0,0.0,0.0,0.0,36,Low Revenue,Critical
V1562,E-Bike,66,2025-08-02,3.0,163500.0,54500.0,36.333333333333336,2.0,2.0,0.0,0.0,3.0,2.0,89,Mid Revenue,Critical
V1563,E-Bike,83,2025-08-24,2.0,19500.0,9750.0,6.5,1.0,0.0,0.0,0.0,2.0,2.0,67,Low Revenue,Critical
V1564,E-Bike,76,2025-08-15,5.0,144000.0,28800.0,19.2,3.0,2.0,3.0,2.0,3.0,3.0,76,Mid Revenue,Critical
V1565,E-Bike,93,2025-08-17,5.0,213000.0,42600.0,28.4,0.0,2.0,1.0,0.0,5.0,5.0,74,High Revenue,Critical
V1566,E-Bike,47,2025-09-07,5.0,151500.0,30300.0,20.2,2.0,2.0,1.0,0.0,5.0,4.0,53,Mid Revenue,Critical
V1567,E-Bike,52,2025-09-26,4.0,139500.0,34875.0,23.25,2.0,1.0,2.0,1.0,4.0,3.0,34,Mid Revenue,Critical
V1568,E-Bike,18,2025-09-06,2.0,45000.0,22500.0,15.0,1.0,0.0,0.0,0.0,2.0,1.0,54,Low Revenue,Critical
V1569,E-Bike,63,2025-08-15,3.0,69000.0,23000.0,15.333333333333334,1.0,0.0,2.0,2.0,2.0,3.0,76,Low Revenue,Critical
V1570,E-Bike,47,2025-09-04,2.0,60000.0,30000.0,20.0,0.0,2.0,0.0,0.0,2.0,2.0,56,Low Revenue,Critical
V1571,E-Bike,33,2025-08-05,4.0,114000.0,28500.0,19.0,4.0,1.0,1.0,1.0,3.0,3.0,86,Mid Revenue,Critical
V1572,E-Bike,45,2025-09-25,2.0,121500.0,60750.0,40.5,1.0,0.0,2.0,2.0,2.0,2.0,35,Mid Revenue,Critical
V1573,E-Bike,17,2025-08-31,5.0,150000.0,30000.0,20.0,1.0,2.0,0.0,0.0,4.0,3.0,60,Mid Revenue,Critical
V1574,E-Bike,100,2025-09-11,2.0,103500.0,51750.0,34.5,1.0,0.0,1.0,1.0,2.0,2.0,49,Mid Revenue,Critical
V1575,E-Bike,29,2025-08-03,3.0,118500.0,39500.0,26.333333333333332,0.0,1.0,2.0,2.0,2.0,2.0,88,Mid Revenue,Critical
V1576,E-Bike,61,2025-09-16,4.0,88500.0,22125.0,14.75,2.0,0.0,0.0,0.0,4.0,3.0,44,Mid Revenue,Critical
V1577,E-Bike,98,2025-08-21,2.0,118500.0,59250.0,39.5,0.0,0.0,0.0,0.0,2.0,2.0,70,Mid Revenue,Critical
V1578,E-Bike,89,2025-09-06,3.0,126000.0,42000.0,28.0,1.0,2.0,1.0,1.0,3.0,3.0,54,Mid Revenue,Critical
V1579,E-Bike,53,2025-08-08,0.0,0.0,0.0,0.0,0.0,0.0,0.0,0.0,0.0,0.0,83,Low Revenue,Critical
V1580,E-Bike,86,2025-08-11,4.0,168000.0,42000.0,28.0,2.0,2.0,0.0,0.0,4.0,4.0,80,Mid Revenue,Critical
V1581,E-Bike,27,2025-09-15,3.0,73500.0,24500.0,16.333333333333332,1.0,1.0,0.0,0.0,3.0,3.0,45,Low Revenue,Critical
V1582,E-Bike,68,2025-09-22,5.0,178500.0,35700.0,23.8,3.0,1.0,2.0,1.0,5.0,4.0,38,Mid Revenue,Critical
V1583,E-Bike,69,2025-08-24,1.0,30000.0,30000.0,20.0,0.0,0.0,0.0,0.0,1.0,1.0,67,Low Revenue,Critical
V1584,E-Bike,42,2025-08-20,1.0,7500.0,7500.0,5.0,0.0,0.0,1.0,1.0,1.0,1.0,71,Low Revenue,Critical
V1585,E-Bike,47,2025-08-19,2.0,85500.0,42750.0,28.5,0.0,0.0,0.0,0.0,2.0,2.0,72,Mid Revenue,Critical
V1586,E-Bike,91,2025-08-23,5.0,208500.0,41700.0,27.8,1.0,1.0,0.0,0.0,4.0,4.0,68,High Revenue,Critical
V1587,E-Bike,43,2025-09-14,1.0,37500.0,37500.0,25.0,0.0,0.0,0.0,0.0,1.0,1.0,46,Low Revenue,Critical
V1588,E-Bike,51,2025-08-25,4.0,109500.0,27375.0,18.25,1.0,1.0,2.0,2.0,4.0,3.0,66,Mid Revenue,Critical
V1589,E-Bike,21,2025-09-12,1.0,51000.0,51000.0,34.0,0.0,1.0,0.0,0.0,1.0,1.0,48,Low Revenue,Critical
V1590,E-Bike,65,2025-08-21,3.0,93000.0,31000.0,20.666666666666668,2.0,0.0,1.0,0.0,2.0,3.0,70,Mid Revenue,Critical
V1591,E-Bike,22,2025-09-12,2.0,76500.0,38250.0,25.5,0.0,0.0,1.0,1.0,2.0,2.0,48,Mid Revenue,Critical
V1592,E-Bike,39,2025-09-05,3.0,133500.0,44500.0,29.666666666666668,2.0,0.0,2.0,0.0,2.0,3.0,55,Mid Revenue,Critical
V1593,E-Bike,66,2025-09-14,3.0,136500.0,45500.0,30.333333333333332,1.0,1.0,0.0,0.0,3.0,2.0,46,Mid Revenue,Critical
V1594,E-Bike,77,2025-09-08,3.0,55500.0,18500.0,12.333333333333334,0.0,0.0,1.0,0.0,2.0,3.0,52,Low Revenue,Critical
V1595,E-Bike,30,2025-08-18,3.0,124500.0,41500.0,27.666666666666668,1.0,1.0,0.0,0.0,3.0,3.0,73,Mid Revenue,Critical
V1596,E-Bike,17,2025-08-17,2.0,93000.0,46500.0,31.0,0.0,1.0,1.0,1.0,1.0,2.0,74,Mid Revenue,Critical
V1597,E-Bike,46,2025-08-02,2.0,66000.0,33000.0,22.0,1.0,1.0,2.0,2.0,2.0,2.0,89,Low Revenue,Critical
V1598,E-Bike,47,2025-08-19,3.0,58500.0,19500.0,13.0,1.0,2.0,1.0,0.0,3.0,2.0,72,Low Revenue,Critical
V1599,E-Bike,82,2025-09-05,1.0,66000.0,66000.0,44.0,0.0,0.0,0.0,0.0,1.0,1.0,55,Low Revenue,Critical
V1600,E-Bike,65,2025-08-22,4.0,213000.0,53250.0,35.5,1.0,0.0,1.0,0.0,4.0,3.0,69,High Revenue,Critical
V1601,E-Bike,87,2025-08-07,1.0,7500.0,7500.0,5.0,1.0,1.0,0.0,0.0,1.0,1.0,84,Low Revenue,Critical
V1602,E-Bike,26,2025-09-29,2.0,66000.0,33000.0,22.0,2.0,1.0,0.0,0.0,2.0,2.0,31,Low Revenue,Critical
V1603,E-Bike,30,2025-09-20,1.0,49500.0,49500.0,33.0,0.0,0.0,0.0,0.0,1.0,1.0,40,Low Revenue,Critical
V1604,E-Bike,36,2025-08-08,3.0,112500.0,37500.0,25.0,0.0,1.0,0.0,0.0,2.0,2.0,83,Mid Revenue,Critical
V1605,E-Bike,40,2025-09-07,2.0,25500.0,12750.0,8.5,0.0,1.0,0.0,0.0,2.0,2.0,53,Low Revenue,Critical
V1606,E-Bike,73,2025-09-09,4.0,139500.0,34875.0,23.25,1.0,2.0,0.0,0.0,4.0,2.0,51,Mid Revenue,Critical
V1607,E-Bike,98,2025-09-02,3.0,81000.0,27000.0,18.0,3.0,1.0,0.0,0.0,3.0,3.0,58,Mid Revenue,Critical
V1608,E-Bike,83,2025-09-28,3.0,127500.0,42500.0,28.333333333333332,1.0,0.0,1.0,1.0,2.0,3.0,32,Mid Revenue,Critical
V1609,E-Bike,67,2025-08-03,1.0,24000.0,24000.0,16.0,0.0,0.0,0.0,0.0,1.0,1.0,88,Low Revenue,Critical
V1610,E-Bike,67,2025-09-15,1.0,54000.0,54000.0,36.0,1.0,0.0,0.0,0.0,1.0,1.0,45,Low Revenue,Critical
V1611,E-Bike,62,2025-08-30,5.0,190500.0,38100.0,25.4,2.0,0.0,4.0,2.0,4.0,5.0,61,High Revenue,Critical
V1612,E-Bike,82,2025-09-25,1.0,13500.0,13500.0,9.0,0.0,0.0,0.0,0.0,1.0,1.0,35,Low Revenue,Critical
V1613,E-Bike,72,2025-08-26,6.0,241500.0,40250.0,26.833333333333332,1.0,1.0,2.0,1.0,5.0,4.0,65,High Revenue,Critical
V1614,E-Bike,81,2025-09-30,4.0,136500.0,34125.0,22.75,2.0,1.0,1.0,1.0,3.0,3.0,30,Mid Revenue,Watch
V1615,E-Bike,29,2025-09-03,3.0,144000.0,48000.0,32.0,0.0,1.0,1.0,1.0,3.0,1.0,57,Mid Revenue,Critical
V1616,E-Bike,65,2025-08-21,4.0,93000.0,23250.0,15.5,3.0,1.0,1.0,1.0,4.0,4.0,70,Mid Revenue,Critical
V1617,E-Bike,21,2025-09-24,4.0,183000.0,45750.0,30.5,2.0,1.0,1.0,0.0,4.0,3.0,36,Mid Revenue,Critical
V1618,E-Bike,34,2025-08-07,3.0,127500.0,42500.0,28.333333333333332,3.0,0.0,1.0,0.0,3.0,3.0,84,Mid Revenue,Critical
V1619,E-Bike,48,2025-08-20,2.0,70500.0,35250.0,23.5,2.0,0.0,0.0,0.0,2.0,2.0,71,Low Revenue,Critical
V1620,E-Bike,29,2025-09-22,6.0,187500.0,31250.0,20.833333333333332,2.0,4.0,0.0,0.0,3.0,5.0,38,High Revenue,Critical
V1621,E-Bike,61,2025-09-01,6.0,133500.0,22250.0,14.833333333333334,6.0,1.0,3.0,1.0,3.0,6.0,59,Mid Revenue,Critical
V1622,E-Bike,93,2025-08-23,7.0,208500.0,29785.714285714286,19.857142857142858,5.0,3.0,1.0,1.0,4.0,5.0,68,High Revenue,Critical
V1623,E-Bike,13,2025-08-10,2.0,82500.0,41250.0,27.5,0.0,0.0,0.0,0.0,2.0,1.0,81,Mid Revenue,Critical
V1624,E-Bike,13,2025-08-19,2.0,82500.0,41250.0,27.5,2.0,0.0,0.0,0.0,2.0,2.0,72,Mid Revenue,Critical
V1625,E-Bike,98,2025-09-16,2.0,49500.0,24750.0,16.5,2.0,1.0,0.0,0.0,2.0,2.0,44,Low Revenue,Critical
V1626,E-Bike,50,2025-09-24,6.0,262500.0,43750.0,29.166666666666668,4.0,2.0,0.0,0.0,4.0,3.0,36,High Revenue,Critical
V1627,E-Bike,99,2025-09-20,3.0,64500.0,21500.0,14.333333333333334,1.0,1.0,2.0,2.0,3.0,2.0,40,Low Revenue,Critical
V1628,E-Bike,45,2025-09-11,2.0,106500.0,53250.0,35.5,1.0,1.0,1.0,1.0,2.0,2.0,49,Mid Revenue,Critical
V1629,E-Bike,56,2025-09-25,6.0,181500.0,30250.0,20.166666666666668,3.0,2.0,1.0,0.0,4.0,5.0,35,Mid Revenue,Critical
V1630,E-Bike,96,2025-08-01,4.0,180000.0,45000.0,30.0,4.0,0.0,0.0,0.0,3.0,4.0,90,Mid Revenue,Critical
V1631,E-Bike,34,2025-09-11,2.0,25500.0,12750.0,8.5,2.0,0.0,0.0,0.0,2.0,2.0,49,Low Revenue,Critical
V1632,E-Bike,44,2025-08-14,1.0,24000.0,24000.0,16.0,0.0,1.0,0.0,0.0,1.0,1.0,77,Low Revenue,Critical
V1633,E-Bike,68,2025-08-04,6.0,210000.0,35000.0,23.333333333333332,5.0,2.0,3.0,2.0,5.0,6.0,87,High Revenue,Critical
V1634,E-Bike,61,2025-08-24,4.0,172500.0,43125.0,28.75,1.0,3.0,1.0,1.0,4.0,3.0,67,Mid Revenue,Critical
V1635,E-Bike,13,2025-08-03,4.0,118500.0,29625.0,19.75,1.0,1.0,3.0,3.0,3.0,3.0,88,Mid Revenue,Critical
V1636,E-Bike,39,2025-08-26,5.0,228000.0,45600.0,30.4,1.0,0.0,4.0,2.0,4.0,3.0,65,High Revenue,Critical
V1637,E-Bike,81,2025-08-29,1.0,52500.0,52500.0,35.0,0.0,0.0,0.0,0.0,1.0,1.0,62,Low Revenue,Critical
V1638,E-Bike,32,2025-08-04,3.0,76500.0,25500.0,17.0,0.0,1.0,0.0,0.0,3.0,3.0,87,Mid Revenue,Critical
V1639,E-Bike,37,2025-08-10,3.0,135000.0,45000.0,30.0,2.0,0.0,0.0,0.0,2.0,3.0,81,Mid Revenue,Critical
V1640,E-Bike,59,2025-09-04,3.0,97500.0,32500.0,21.666666666666668,2.0,1.0,0.0,0.0,3.0,3.0,56,Mid Revenue,Critical
V1641,E-Bike,67,2025-09-23,8.0,301500.0,37687.5,25.125,3.0,3.0,0.0,0.0,4.0,5.0,37,High Revenue,Critical
V1642,E-Bike,100,2025-08-30,4.0,126000.0,31500.0,21.0,2.0,1.0,1.0,0.0,4.0,3.0,61,Mid Revenue,Critical
V1643,E-Bike,36,2025-08-27,2.0,81000.0,40500.0,27.0,1.0,0.0,0.0,0.0,2.0,2.0,64,Mid Revenue,Critical
V1644,E-Bike,26,2025-09-26,8.0,253500.0,31687.5,21.125,3.0,4.0,3.0,2.0,5.0,5.0,34,High Revenue,Critical
V1645,E-Bike,94,2025-08-09,3.0,126000.0,42000.0,28.0,2.0,2.0,2.0,2.0,3.0,3.0,82,Mid Revenue,Critical
V1646,E-Bike,78,2025-09-13,2.0,121500.0,60750.0,40.5,2.0,1.0,0.0,0.0,2.0,1.0,47,Mid Revenue,Critical
V1647,E-Bike,90,2025-09-19,1.0,36000.0,36000.0,24.0,1.0,0.0,0.0,0.0,1.0,1.0,41,Low Revenue,Critical
V1648,E-Bike,45,2025-09-05,3.0,105000.0,35000.0,23.333333333333332,2.0,2.0,0.0,0.0,2.0,2.0,55,Mid Revenue,Critical
V1649,E-Bike,13,2025-08-27,3.0,102000.0,34000.0,22.666666666666668,2.0,0.0,1.0,1.0,3.0,2.0,64,Mid Revenue,Critical
V1650,E-Bike,96,2025-08-07,2.0,114000.0,57000.0,38.0,2.0,2.0,1.0,1.0,2.0,1.0,84,Mid Revenue,Critical
V1651,E-Bike,45,2025-08-24,0.0,0.0,0.0,0.0,0.0,0.0,0.0,0.0,0.0,0.0,67,Low Revenue,Critical
V1652,E-Bike,78,2025-09-05,2.0,91500.0,45750.0,30.5,1.0,1.0,0.0,0.0,2.0,2.0,55,Mid Revenue,Critical
V1653,E-Bike,27,2025-08-23,1.0,64500.0,64500.0,43.0,0.0,1.0,0.0,0.0,1.0,1.0,68,Low Revenue,Critical
V1654,E-Bike,73,2025-09-23,3.0,81000.0,27000.0,18.0,1.0,1.0,1.0,0.0,2.0,3.0,37,Mid Revenue,Critical
V1655,E-Bike,80,2025-09-27,2.0,43500.0,21750.0,14.5,0.0,0.0,0.0,0.0,1.0,2.0,33,Low Revenue,Critical
V1656,E-Bike,47,2025-09-09,2.0,61500.0,30750.0,20.5,1.0,0.0,0.0,0.0,1.0,2.0,51,Low Revenue,Critical
V1657,E-Bike,37,2025-08-16,3.0,69000.0,23000.0,15.333333333333334,2.0,1.0,1.0,0.0,2.0,3.0,75,Low Revenue,Critical
V1658,E-Bike,97,2025-09-03,3.0,112500.0,37500.0,25.0,0.0,0.0,0.0,0.0,3.0,2.0,57,Mid Revenue,Critical
V1659,E-Bike,79,2025-09-02,6.0,147000.0,24500.0,16.333333333333332,4.0,2.0,0.0,0.0,5.0,4.0,58,Mid Revenue,Critical
V1660,E-Bike,18,2025-09-08,3.0,130500.0,43500.0,29.0,2.0,1.0,2.0,1.0,3.0,2.0,52,Mid Revenue,Critical
V1661,E-Bike,37,2025-08-27,5.0,214500.0,42900.0,28.6,4.0,2.0,0.0,0.0,4.0,4.0,64,High Revenue,Critical
V1662,E-Bike,86,2025-09-19,4.0,126000.0,31500.0,21.0,2.0,0.0,0.0,0.0,4.0,4.0,41,Mid Revenue,Critical
V1663,E-Bike,11,2025-08-25,1.0,28500.0,28500.0,19.0,0.0,0.0,0.0,0.0,1.0,1.0,66,Low Revenue,Critical
V1664,E-Bike,43,2025-08-26,8.0,316500.0,39562.5,26.375,6.0,3.0,2.0,2.0,4.0,4.0,65,High Revenue,Critical
V1665,E-Bike,70,2025-09-07,2.0,100500.0,50250.0,33.5,1.0,1.0,0.0,0.0,2.0,2.0,53,Mid Revenue,Critical
V1666,E-Bike,98,2025-08-01,2.0,109500.0,54750.0,36.5,0.0,0.0,1.0,0.0,2.0,2.0,90,Mid Revenue,Critical
V1667,E-Bike,98,2025-09-10,3.0,124500.0,41500.0,27.666666666666668,0.0,1.0,1.0,1.0,3.0,3.0,50,Mid Revenue,Critical
V1668,E-Bike,53,2025-08-04,4.0,157500.0,39375.0,26.25,3.0,1.0,0.0,0.0,3.0,4.0,87,Mid Revenue,Critical
V1669,E-Bike,43,2025-09-08,4.0,127500.0,31875.0,21.25,3.0,2.0,0.0,0.0,3.0,3.0,52,Mid Revenue,Critical
V1670,E-Bike,88,2025-09-24,2.0,34500.0,17250.0,11.5,1.0,1.0,2.0,2.0,2.0,2.0,36,Low Revenue,Critical
V1671,E-Bike,84,2025-08-19,3.0,133500.0,44500.0,29.666666666666668,3.0,0.0,0.0,0.0,3.0,3.0,72,Mid Revenue,Critical
V1672,E-Bike,13,2025-09-17,1.0,15000.0,15000.0,10.0,0.0,0.0,0.0,0.0,1.0,1.0,43,Low Revenue,Critical
V1673,E-Bike,56,2025-09-23,4.0,159000.0,39750.0,26.5,2.0,1.0,0.0,0.0,3.0,3.0,37,Mid Revenue,Critical
V1674,E-Bike,80,2025-09-04,2.0,106500.0,53250.0,35.5,1.0,1.0,0.0,0.0,2.0,2.0,56,Mid Revenue,Critical
V1675,E-Bike,49,2025-08-17,0.0,0.0,0.0,0.0,0.0,0.0,0.0,0.0,0.0,0.0,74,Low Revenue,Critical
V1676,E-Bike,31,2025-09-16,5.0,238500.0,47700.0,31.8,2.0,4.0,1.0,0.0,4.0,5.0,44,High Revenue,Critical
V1677,E-Bike,82,2025-09-09,1.0,9000.0,9000.0,6.0,0.0,0.0,0.0,0.0,1.0,1.0,51,Low Revenue,Critical
V1678,E-Bike,75,2025-09-09,4.0,130500.0,32625.0,21.75,3.0,1.0,1.0,1.0,3.0,3.0,51,Mid Revenue,Critical
V1679,E-Bike,18,2025-08-19,7.0,280500.0,40071.42857142857,26.714285714285715,2.0,2.0,1.0,0.0,5.0,4.0,72,High Revenue,Critical
V1680,E-Bike,29,2025-09-03,4.0,181500.0,45375.0,30.25,0.0,2.0,1.0,1.0,4.0,3.0,57,Mid Revenue,Critical
V1681,E-Bike,22,2025-08-08,5.0,144000.0,28800.0,19.2,4.0,1.0,2.0,0.0,5.0,3.0,83,Mid Revenue,Critical
V1682,E-Bike,10,2025-09-22,2.0,123000.0,61500.0,41.0,1.0,0.0,1.0,0.0,2.0,2.0,38,Mid Revenue,Critical
V1683,E-Bike,62,2025-08-21,2.0,31500.0,15750.0,10.5,1.0,1.0,2.0,1.0,2.0,2.0,70,Low Revenue,Critical
V1684,E-Bike,49,2025-08-23,2.0,69000.0,34500.0,23.0,1.0,0.0,1.0,1.0,2.0,2.0,68,Low Revenue,Critical
V1685,E-Bike,84,2025-09-15,1.0,64500.0,64500.0,43.0,0.0,0.0,0.0,0.0,1.0,1.0,45,Low Revenue,Critical
V1686,E-Bike,94,2025-08-02,2.0,69000.0,34500.0,23.0,1.0,1.0,1.0,0.0,2.0,2.0,89,Low Revenue,Critical
V1687,E-Bike,78,2025-09-28,1.0,13500.0,13500.0,9.0,0.0,1.0,0.0,0.0,1.0,1.0,32,Low Revenue,Critical
V1688,E-Bike,79,2025-08-15,2.0,49500.0,24750.0,16.5,1.0,2.0,0.0,0.0,2.0,2.0,76,Low Revenue,Critical
V1689,E-Bike,96,2025-09-14,3.0,136500.0,45500.0,30.333333333333332,0.0,0.0,0.0,0.0,3.0,3.0,46,Mid Revenue,Critical
V1690,E-Bike,57,2025-09-15,1.0,16500.0,16500.0,11.0,0.0,0.0,0.0,0.0,1.0,1.0,45,Low Revenue,Critical
V1691,E-Bike,62,2025-09-16,1.0,28500.0,28500.0,19.0,1.0,0.0,1.0,0.0,1.0,1.0,44,Low Revenue,Critical
V1692,E-Bike,99,2025-08-18,2.0,76500.0,38250.0,25.5,1.0,0.0,1.0,0.0,1.0,2.0,73,Mid Revenue,Critical
V1693,E-Bike,100,2025-09-17,5.0,172500.0,34500.0,23.0,3.0,0.0,0.0,0.0,3.0,4.0,43,Mid Revenue,Critical
V1694,E-Bike,86,2025-09-28,3.0,156000.0,52000.0,34.666666666666664,0.0,1.0,1.0,0.0,3.0,2.0,32,Mid Revenue,Critical
V1695,E-Bike,56,2025-09-09,5.0,198000.0,39600.0,26.4,4.0,1.0,2.0,2.0,3.0,4.0,51,High Revenue,Critical
V1696,E-Bike,52,2025-09-29,3.0,82500.0,27500.0,18.333333333333332,3.0,0.0,2.0,1.0,3.0,3.0,31,Mid Revenue,Critical
V1697,E-Bike,78,2025-09-03,3.0,100500.0,33500.0,22.333333333333332,2.0,2.0,0.0,0.0,2.0,3.0,57,Mid Revenue,Critical
V1698,E-Bike,63,2025-08-13,1.0,10500.0,10500.0,7.0,1.0,0.0,0.0,0.0,1.0,1.0,78,Low Revenue,Critical
V1699,E-Bike,62,2025-08-17,3.0,171000.0,57000.0,38.0,0.0,0.0,1.0,0.0,2.0,3.0,74,Mid Revenue,Critical
V1700,E-Bike,41,2025-08-28,1.0,48000.0,48000.0,32.0,0.0,0.0,0.0,0.0,1.0,1.0,63,Low Revenue,Critical
V1701,E-Bike,39,2025-09-30,2.0,61500.0,30750.0,20.5,1.0,2.0,0.0,0.0,2.0,2.0,30,Low Revenue,Watch
V1702,E-Bike,38,2025-09-04,3.0,124500.0,41500.0,27.666666666666668,2.0,2.0,1.0,0.0,1.0,2.0,56,Mid Revenue,Critical
V1703,E-Bike,95,2025-08-12,2.0,94500.0,47250.0,31.5,1.0,1.0,0.0,0.0,2.0,2.0,79,Mid Revenue,Critical
V1704,E-Bike,26,2025-09-22,3.0,120000.0,40000.0,26.666666666666668,0.0,1.0,0.0,0.0,3.0,3.0,38,Mid Revenue,Critical
V1705,E-Bike,52,2025-08-14,2.0,106500.0,53250.0,35.5,2.0,0.0,0.0,0.0,2.0,2.0,77,Mid Revenue,Critical
V1706,E-Bike,73,2025-08-12,1.0,12000.0,12000.0,8.0,1.0,0.0,0.0,0.0,1.0,1.0,79,Low Revenue,Critical
V1707,E-Bike,55,2025-08-03,4.0,153000.0,38250.0,25.5,2.0,0.0,0.0,0.0,3.0,3.0,88,Mid Revenue,Critical
V1708,E-Bike,22,2025-08-11,6.0,240000.0,40000.0,26.666666666666668,4.0,0.0,1.0,1.0,5.0,3.0,80,High Revenue,Critical
V1709,E-Bike,43,2025-08-16,2.0,70500.0,35250.0,23.5,0.0,1.0,0.0,0.0,2.0,2.0,75,Low Revenue,Critical
V1710,E-Bike,87,2025-09-16,2.0,66000.0,33000.0,22.0,1.0,1.0,0.0,0.0,2.0,2.0,44,Low Revenue,Critical
V1711,E-Bike,27,2025-08-13,4.0,99000.0,24750.0,16.5,4.0,0.0,1.0,1.0,3.0,4.0,78,Mid Revenue,Critical
V1712,E-Bike,45,2025-08-11,2.0,85500.0,42750.0,28.5,1.0,0.0,1.0,0.0,2.0,2.0,80,Mid Revenue,Critical
V1713,E-Bike,97,2025-09-19,2.0,54000.0,27000.0,18.0,2.0,0.0,0.0,0.0,2.0,2.0,41,Low Revenue,Critical
V1714,E-Bike,71,2025-08-01,4.0,142500.0,35625.0,23.75,2.0,2.0,0.0,0.0,3.0,3.0,90,Mid Revenue,Critical
V1715,E-Bike,54,2025-09-04,5.0,231000.0,46200.0,30.8,3.0,0.0,1.0,0.0,3.0,3.0,56,High Revenue,Critical
V1716,E-Bike,86,2025-09-09,2.0,36000.0,18000.0,12.0,0.0,0.0,0.0,0.0,2.0,2.0,51,Low Revenue,Critical
V1717,E-Bike,60,2025-08-24,3.0,45000.0,15000.0,10.0,1.0,1.0,1.0,0.0,2.0,2.0,67,Low Revenue,Critical
V1718,E-Bike,58,2025-09-05,4.0,127500.0,31875.0,21.25,1.0,1.0,3.0,0.0,4.0,3.0,55,Mid Revenue,Critical
V1719,E-Bike,70,2025-09-28,3.0,141000.0,47000.0,31.333333333333332,1.0,1.0,1.0,0.0,3.0,3.0,32,Mid Revenue,Critical
V1720,E-Bike,76,2025-09-23,4.0,177000.0,44250.0,29.5,1.0,3.0,1.0,0.0,4.0,4.0,37,Mid Revenue,Critical
V1721,E-Bike,83,2025-09-22,1.0,19500.0,19500.0,13.0,0.0,0.0,0.0,0.0,1.0,1.0,38,Low Revenue,Critical
V1722,E-Bike,84,2025-08-31,8.0,262500.0,32812.5,21.875,6.0,0.0,1.0,0.0,4.0,4.0,60,High Revenue,Critical
V1723,E-Bike,95,2025-08-08,4.0,166500.0,41625.0,27.75,2.0,1.0,2.0,2.0,3.0,3.0,83,Mid Revenue,Critical
V1724,E-Bike,17,2025-08-23,4.0,151500.0,37875.0,25.25,2.0,0.0,2.0,0.0,4.0,4.0,68,Mid Revenue,Critical
V1725,E-Bike,40,2025-08-21,4.0,117000.0,29250.0,19.5,2.0,1.0,0.0,0.0,4.0,3.0,70,Mid Revenue,Critical
V1726,E-Bike,82,2025-09-16,3.0,115500.0,38500.0,25.666666666666668,3.0,3.0,1.0,1.0,2.0,2.0,44,Mid Revenue,Critical
V1727,E-Bike,26,2025-08-03,8.0,282000.0,35250.0,23.5,4.0,2.0,3.0,2.0,5.0,4.0,88,High Revenue,Critical
V1728,E-Bike,28,2025-09-05,3.0,82500.0,27500.0,18.333333333333332,2.0,1.0,0.0,0.0,2.0,3.0,55,Mid Revenue,Critical
V1729,E-Bike,13,2025-09-27,1.0,42000.0,42000.0,28.0,0.0,0.0,1.0,0.0,1.0,1.0,33,Low Revenue,Critical
V1730,E-Bike,67,2025-09-27,2.0,25500.0,12750.0,8.5,0.0,0.0,0.0,0.0,2.0,1.0,33,Low Revenue,Critical
V1731,E-Bike,93,2025-09-09,5.0,247500.0,49500.0,33.0,3.0,2.0,1.0,1.0,4.0,5.0,51,High Revenue,Critical
V1732,E-Bike,48,2025-09-04,7.0,222000.0,31714.285714285714,21.142857142857142,3.0,2.0,3.0,2.0,6.0,3.0,56,High Revenue,Critical
V1733,E-Bike,58,2025-08-31,5.0,199500.0,39900.0,26.6,2.0,2.0,1.0,1.0,3.0,2.0,60,High Revenue,Critical
V1734,E-Bike,53,2025-08-02,2.0,99000.0,49500.0,33.0,1.0,1.0,0.0,0.0,2.0,1.0,89,Mid Revenue,Critical
V1735,E-Bike,50,2025-08-23,1.0,67500.0,67500.0,45.0,0.0,0.0,0.0,0.0,1.0,1.0,68,Low Revenue,Critical
V1736,E-Bike,84,2025-09-11,3.0,100500.0,33500.0,22.333333333333332,2.0,1.0,1.0,0.0,2.0,3.0,49,Mid Revenue,Critical
V1737,E-Bike,75,2025-09-19,0.0,0.0,0.0,0.0,0.0,0.0,0.0,0.0,0.0,0.0,41,Low Revenue,Critical
V1738,E-Bike,74,2025-09-19,5.0,166500.0,33300.0,22.2,1.0,2.0,1.0,1.0,3.0,4.0,41,Mid Revenue,Critical
V1739,E-Bike,51,2025-08-13,3.0,112500.0,37500.0,25.0,0.0,2.0,0.0,0.0,2.0,2.0,78,Mid Revenue,Critical
V1740,E-Bike,72,2025-09-17,2.0,37500.0,18750.0,12.5,2.0,1.0,0.0,0.0,2.0,2.0,43,Low Revenue,Critical
V1741,E-Bike,25,2025-08-10,4.0,148500.0,37125.0,24.75,2.0,1.0,0.0,0.0,4.0,3.0,81,Mid Revenue,Critical
V1742,E-Bike,40,2025-08-07,5.0,196500.0,39300.0,26.2,2.0,2.0,0.0,0.0,4.0,5.0,84,High Revenue,Critical
V1743,E-Bike,53,2025-09-06,3.0,145500.0,48500.0,32.333333333333336,1.0,1.0,1.0,1.0,3.0,3.0,54,Mid Revenue,Critical
V1744,E-Bike,37,2025-09-29,1.0,40500.0,40500.0,27.0,0.0,0.0,0.0,0.0,1.0,1.0,31,Low Revenue,Critical
V1745,E-Bike,69,2025-09-07,3.0,123000.0,41000.0,27.333333333333332,1.0,1.0,1.0,1.0,2.0,3.0,53,Mid Revenue,Critical
V1746,E-Bike,93,2025-08-01,1.0,57000.0,57000.0,38.0,1.0,0.0,0.0,0.0,1.0,1.0,90,Low Revenue,Critical
V1747,E-Bike,44,2025-08-30,4.0,159000.0,39750.0,26.5,1.0,2.0,0.0,0.0,3.0,3.0,61,Mid Revenue,Critical
V1748,E-Bike,33,2025-08-19,1.0,10500.0,10500.0,7.0,0.0,0.0,0.0,0.0,1.0,1.0,72,Low Revenue,Critical
V1749,E-Bike,14,2025-08-12,5.0,156000.0,31200.0,20.8,2.0,2.0,2.0,0.0,4.0,4.0,79,Mid Revenue,Critical
V1750,E-Bike,56,2025-09-29,1.0,64500.0,64500.0,43.0,0.0,1.0,1.0,1.0,1.0,1.0,31,Low Revenue,Critical
V1751,E-Bike,97,2025-09-11,3.0,177000.0,59000.0,39.333333333333336,1.0,0.0,0.0,0.0,3.0,1.0,49,Mid Revenue,Critical
V1752,E-Bike,68,2025-08-21,2.0,106500.0,53250.0,35.5,1.0,1.0,0.0,0.0,2.0,2.0,70,Mid Revenue,Critical
V1753,E-Bike,43,2025-08-12,2.0,75000.0,37500.0,25.0,1.0,2.0,0.0,0.0,2.0,2.0,79,Low Revenue,Critical
V1754,E-Bike,27,2025-08-27,6.0,309000.0,51500.0,34.333333333333336,3.0,2.0,1.0,0.0,6.0,4.0,64,High Revenue,Critical
V1755,E-Bike,66,2025-09-03,1.0,48000.0,48000.0,32.0,0.0,0.0,0.0,0.0,1.0,1.0,57,Low Revenue,Critical
V1756,E-Bike,27,2025-08-15,2.0,91500.0,45750.0,30.5,1.0,0.0,0.0,0.0,2.0,2.0,76,Mid Revenue,Critical
V1757,E-Bike,97,2025-09-20,0.0,0.0,0.0,0.0,0.0,0.0,0.0,0.0,0.0,0.0,40,Low Revenue,Critical
V1758,E-Bike,61,2025-08-06,4.0,135000.0,33750.0,22.5,1.0,1.0,1.0,1.0,3.0,3.0,85,Mid Revenue,Critical
V1759,E-Bike,38,2025-08-17,1.0,39000.0,39000.0,26.0,1.0,0.0,0.0,0.0,1.0,1.0,74,Low Revenue,Critical
V1760,E-Bike,87,2025-08-03,2.0,112500.0,56250.0,37.5,0.0,0.0,1.0,0.0,2.0,1.0,88,Mid Revenue,Critical
V1761,E-Bike,76,2025-09-21,7.0,273000.0,39000.0,26.0,1.0,4.0,4.0,3.0,5.0,5.0,39,High Revenue,Critical
V1762,E-Bike,15,2025-08-05,1.0,28500.0,28500.0,19.0,1.0,1.0,1.0,0.0,1.0,1.0,86,Low Revenue,Critical
V1763,E-Bike,97,2025-08-29,3.0,54000.0,18000.0,12.0,2.0,0.0,0.0,0.0,3.0,3.0,62,Low Revenue,Critical
V1764,E-Bike,56,2025-08-16,3.0,64500.0,21500.0,14.333333333333334,2.0,0.0,1.0,1.0,3.0,3.0,75,Low Revenue,Critical
V1765,E-Bike,74,2025-08-16,5.0,165000.0,33000.0,22.0,3.0,1.0,1.0,0.0,4.0,3.0,75,Mid Revenue,Critical
V1766,E-Bike,17,2025-09-17,1.0,31500.0,31500.0,21.0,1.0,0.0,0.0,0.0,1.0,1.0,43,Low Revenue,Critical
V1767,E-Bike,94,2025-08-15,3.0,112500.0,37500.0,25.0,2.0,1.0,0.0,0.0,1.0,3.0,76,Mid Revenue,Critical
V1768,E-Bike,54,2025-08-30,3.0,108000.0,36000.0,24.0,3.0,2.0,1.0,0.0,2.0,2.0,61,Mid Revenue,Critical
V1769,E-Bike,90,2025-08-04,6.0,181500.0,30250.0,20.166666666666668,2.0,2.0,1.0,1.0,4.0,4.0,87,Mid Revenue,Critical
V1770,E-Bike,33,2025-09-06,2.0,85500.0,42750.0,28.5,2.0,0.0,0.0,0.0,2.0,2.0,54,Mid Revenue,Critical
V1771,E-Bike,87,2025-09-27,3.0,117000.0,39000.0,26.0,1.0,0.0,2.0,1.0,2.0,3.0,33,Mid Revenue,Critical
V1772,E-Bike,35,2025-08-30,2.0,63000.0,31500.0,21.0,0.0,1.0,1.0,1.0,2.0,2.0,61,Low Revenue,Critical
V1773,E-Bike,38,2025-09-28,4.0,222000.0,55500.0,37.0,3.0,2.0,1.0,1.0,3.0,3.0,32,High Revenue,Critical
V1774,E-Bike,70,2025-09-19,2.0,48000.0,24000.0,16.0,2.0,0.0,0.0,0.0,2.0,2.0,41,Low Revenue,Critical
V1775,E-Bike,87,2025-09-26,1.0,46500.0,46500.0,31.0,0.0,0.0,1.0,1.0,1.0,1.0,34,Low Revenue,Critical
V1776,E-Bike,84,2025-09-19,3.0,87000.0,29000.0,19.333333333333332,1.0,0.0,1.0,0.0,2.0,2.0,41,Mid Revenue,Critical
V1777,E-Bike,60,2025-09-28,2.0,109500.0,54750.0,36.5,0.0,0.0,0.0,0.0,1.0,2.0,32,Mid Revenue,Critical
V1778,E-Bike,35,2025-08-11,5.0,208500.0,41700.0,27.8,3.0,0.0,0.0,0.0,4.0,4.0,80,High Revenue,Critical
V1779,E-Bike,71,2025-09-19,6.0,292500.0,48750.0,32.5,1.0,0.0,0.0,0.0,4.0,6.0,41,High Revenue,Critical
V1780,E-Bike,72,2025-08-29,4.0,79500.0,19875.0,13.25,1.0,2.0,1.0,0.0,3.0,3.0,62,Mid Revenue,Critical
V1781,E-Bike,15,2025-09-25,5.0,229500.0,45900.0,30.6,3.0,1.0,1.0,0.0,4.0,3.0,35,High Revenue,Critical
V1782,E-Bike,100,2025-08-13,2.0,70500.0,35250.0,23.5,1.0,0.0,0.0,0.0,2.0,2.0,78,Low Revenue,Critical
V1783,E-Bike,79,2025-08-04,4.0,193500.0,48375.0,32.25,3.0,0.0,1.0,0.0,3.0,4.0,87,High Revenue,Critical
V1784,E-Bike,45,2025-08-26,2.0,52500.0,26250.0,17.5,0.0,1.0,0.0,0.0,2.0,2.0,65,Low Revenue,Critical
V1785,E-Bike,88,2025-09-06,6.0,223500.0,37250.0,24.833333333333332,3.0,2.0,5.0,1.0,5.0,3.0,54,High Revenue,Critical
V1786,E-Bike,22,2025-09-05,7.0,217500.0,31071.428571428572,20.714285714285715,5.0,3.0,1.0,0.0,5.0,4.0,55,High Revenue,Critical
V1787,E-Bike,44,2025-08-13,1.0,27000.0,27000.0,18.0,1.0,0.0,1.0,1.0,1.0,1.0,78,Low Revenue,Critical
V1788,E-Bike,12,2025-09-24,1.0,18000.0,18000.0,12.0,0.0,0.0,1.0,0.0,1.0,1.0,36,Low Revenue,Critical
V1789,E-Bike,84,2025-08-21,1.0,24000.0,24000.0,16.0,0.0,0.0,0.0,0.0,1.0,1.0,70,Low Revenue,Critical
V1790,E-Bike,82,2025-09-09,2.0,99000.0,49500.0,33.0,1.0,1.0,0.0,0.0,2.0,2.0,51,Mid Revenue,Critical
V1791,E-Bike,25,2025-09-13,3.0,127500.0,42500.0,28.333333333333332,2.0,1.0,0.0,0.0,1.0,1.0,47,Mid Revenue,Critical
V1792,E-Bike,33,2025-09-10,1.0,63000.0,63000.0,42.0,0.0,1.0,0.0,0.0,1.0,1.0,50,Low Revenue,Critical
V1793,E-Bike,37,2025-09-17,3.0,133500.0,44500.0,29.666666666666668,0.0,2.0,1.0,0.0,3.0,3.0,43,Mid Revenue,Critical
V1794,E-Bike,68,2025-09-28,3.0,115500.0,38500.0,25.666666666666668,2.0,1.0,0.0,0.0,3.0,2.0,32,Mid Revenue,Critical
V1795,E-Bike,21,2025-08-09,3.0,108000.0,36000.0,24.0,1.0,0.0,0.0,0.0,2.0,3.0,82,Mid Revenue,Critical
V1796,E-Bike,65,2025-08-10,6.0,216000.0,36000.0,24.0,5.0,3.0,2.0,0.0,5.0,4.0,81,High Revenue,Critical
V1797,E-Bike,51,2025-09-18,2.0,67500.0,33750.0,22.5,1.0,2.0,0.0,0.0,2.0,2.0,42,Low Revenue,Critical
V1798,E-Bike,93,2025-08-30,4.0,139500.0,34875.0,23.25,0.0,1.0,1.0,1.0,2.0,3.0,61,Mid Revenue,Critical
V1799,E-Bike,13,2025-09-06,6.0,210000.0,35000.0,23.333333333333332,4.0,2.0,1.0,0.0,5.0,4.0,54,High Revenue,Critical
V1800,E-Bike,77,2025-09-05,2.0,58500.0,29250.0,19.5,1.0,1.0,0.0,0.0,1.0,2.0,55,Low Revenue,Critical
V1801,E-Bike,48,2025-08-20,3.0,163500.0,54500.0,36.333333333333336,1.0,1.0,1.0,0.0,1.0,3.0,71,Mid Revenue,Critical
V1802,E-Bike,45,2025-08-01,2.0,64500.0,32250.0,21.5,1.0,0.0,1.0,1.0,1.0,2.0,90,Low Revenue,Critical
V1803,E-Bike,22,2025-08-04,3.0,54000.0,18000.0,12.0,0.0,1.0,1.0,0.0,2.0,2.0,87,Low Revenue,Critical
V1804,E-Bike,64,2025-09-28,7.0,198000.0,28285.714285714286,18.857142857142858,3.0,2.0,2.0,1.0,4.0,5.0,32,High Revenue,Critical
V1805,E-Bike,78,2025-08-24,5.0,160500.0,32100.0,21.4,1.0,2.0,1.0,1.0,4.0,2.0,67,Mid Revenue,Critical
V1806,E-Bike,78,2025-09-17,2.0,82500.0,41250.0,27.5,2.0,1.0,0.0,0.0,2.0,2.0,43,Mid Revenue,Critical
V1807,E-Bike,82,2025-08-08,2.0,75000.0,37500.0,25.0,1.0,1.0,1.0,0.0,1.0,2.0,83,Low Revenue,Critical
V1808,E-Bike,35,2025-08-16,1.0,16500.0,16500.0,11.0,0.0,0.0,0.0,0.0,1.0,1.0,75,Low Revenue,Critical
V1809,E-Bike,38,2025-08-31,3.0,109500.0,36500.0,24.333333333333332,1.0,1.0,1.0,1.0,3.0,3.0,60,Mid Revenue,Critical
V1810,E-Bike,33,2025-08-21,6.0,256500.0,42750.0,28.5,6.0,1.0,1.0,1.0,4.0,6.0,70,High Revenue,Critical
V1811,E-Bike,12,2025-08-16,3.0,120000.0,40000.0,26.666666666666668,2.0,2.0,2.0,1.0,3.0,3.0,75,Mid Revenue,Critical
V1812,E-Bike,55,2025-09-15,5.0,148500.0,29700.0,19.8,2.0,1.0,0.0,0.0,3.0,4.0,45,Mid Revenue,Critical
V1813,E-Bike,79,2025-08-05,7.0,250500.0,35785.71428571428,23.857142857142858,2.0,3.0,0.0,0.0,4.0,6.0,86,High Revenue,Critical
V1814,E-Bike,80,2025-08-26,3.0,136500.0,45500.0,30.333333333333332,1.0,1.0,0.0,0.0,2.0,3.0,65,Mid Revenue,Critical
V1815,E-Bike,64,2025-09-12,1.0,27000.0,27000.0,18.0,0.0,0.0,0.0,0.0,1.0,1.0,48,Low Revenue,Critical
V1816,E-Bike,15,2025-09-26,1.0,39000.0,39000.0,26.0,1.0,0.0,0.0,0.0,1.0,1.0,34,Low Revenue,Critical
V1817,E-Bike,14,2025-08-22,1.0,43500.0,43500.0,29.0,1.0,0.0,0.0,0.0,1.0,1.0,69,Low Revenue,Critical
V1818,E-Bike,13,2025-08-26,4.0,142500.0,35625.0,23.75,3.0,2.0,2.0,1.0,4.0,3.0,65,Mid Revenue,Critical
V1819,E-Bike,50,2025-09-24,3.0,123000.0,41000.0,27.333333333333332,1.0,2.0,0.0,0.0,2.0,3.0,36,Mid Revenue,Critical
V1820,E-Bike,33,2025-08-18,2.0,88500.0,44250.0,29.5,0.0,0.0,1.0,1.0,2.0,2.0,73,Mid Revenue,Critical
V1821,E-Bike,45,2025-08-02,1.0,19500.0,19500.0,13.0,0.0,0.0,0.0,0.0,1.0,1.0,89,Low Revenue,Critical
V1822,E-Bike,29,2025-08-14,2.0,46500.0,23250.0,15.5,1.0,0.0,0.0,0.0,2.0,1.0,77,Low Revenue,Critical
V1823,E-Bike,77,2025-09-08,6.0,235500.0,39250.0,26.166666666666668,3.0,1.0,2.0,1.0,5.0,4.0,52,High Revenue,Critical
V1824,E-Bike,47,2025-08-03,5.0,139500.0,27900.0,18.6,0.0,3.0,2.0,1.0,4.0,3.0,88,Mid Revenue,Critical
V1825,E-Bike,84,2025-09-02,4.0,205500.0,51375.0,34.25,2.0,1.0,2.0,0.0,4.0,3.0,58,High Revenue,Critical
V1826,E-Bike,90,2025-09-20,1.0,28500.0,28500.0,19.0,0.0,0.0,0.0,0.0,1.0,1.0,40,Low Revenue,Critical
V1827,E-Bike,53,2025-09-26,4.0,111000.0,27750.0,18.5,2.0,2.0,1.0,0.0,3.0,4.0,34,Mid Revenue,Critical
V1828,E-Bike,39,2025-09-15,3.0,145500.0,48500.0,32.333333333333336,1.0,1.0,0.0,0.0,3.0,2.0,45,Mid Revenue,Critical
V1829,E-Bike,72,2025-08-25,3.0,81000.0,27000.0,18.0,2.0,2.0,1.0,1.0,3.0,3.0,66,Mid Revenue,Critical
V1830,E-Bike,96,2025-08-08,0.0,0.0,0.0,0.0,0.0,0.0,0.0,0.0,0.0,0.0,83,Low Revenue,Critical
V1831,E-Bike,51,2025-09-20,2.0,130500.0,65250.0,43.5,2.0,1.0,1.0,1.0,2.0,2.0,40,Mid Revenue,Critical
V1832,E-Bike,84,2025-08-18,2.0,27000.0,13500.0,9.0,2.0,0.0,1.0,1.0,2.0,2.0,73,Low Revenue,Critical
V1833,E-Bike,80,2025-09-23,5.0,162000.0,32400.0,21.6,3.0,0.0,2.0,1.0,3.0,4.0,37,Mid Revenue,Critical
V1834,E-Bike,74,2025-08-12,1.0,42000.0,42000.0,28.0,0.0,1.0,0.0,0.0,1.0,1.0,79,Low Revenue,Critical
V1835,E-Bike,80,2025-09-15,6.0,295500.0,49250.0,32.833333333333336,3.0,3.0,3.0,1.0,4.0,3.0,45,High Revenue,Critical
V1836,E-Bike,97,2025-08-02,4.0,169500.0,42375.0,28.25,0.0,1.0,1.0,1.0,3.0,4.0,89,Mid Revenue,Critical
V1837,E-Bike,76,2025-09-24,7.0,265500.0,37928.57142857143,25.285714285714285,7.0,2.0,1.0,1.0,4.0,6.0,36,High Revenue,Critical
V1838,E-Bike,39,2025-09-29,5.0,180000.0,36000.0,24.0,3.0,1.0,2.0,1.0,3.0,4.0,31,Mid Revenue,Critical
V1839,E-Bike,48,2025-09-24,4.0,177000.0,44250.0,29.5,4.0,0.0,2.0,1.0,4.0,3.0,36,Mid Revenue,Critical
V1840,E-Bike,23,2025-08-19,6.0,289500.0,48250.0,32.166666666666664,2.0,1.0,2.0,2.0,6.0,4.0,72,High Revenue,Critical
V1841,E-Bike,16,2025-08-26,7.0,255000.0,36428.57142857143,24.285714285714285,2.0,2.0,2.0,0.0,4.0,4.0,65,High Revenue,Critical
V1842,E-Bike,36,2025-09-12,6.0,192000.0,32000.0,21.333333333333332,3.0,2.0,0.0,0.0,3.0,4.0,48,High Revenue,Critical
V1843,E-Bike,10,2025-08-10,0.0,0.0,0.0,0.0,0.0,0.0,0.0,0.0,0.0,0.0,81,Low Revenue,Critical
V1844,E-Bike,71,2025-08-24,0.0,0.0,0.0,0.0,0.0,0.0,0.0,0.0,0.0,0.0,67,Low Revenue,Critical
V1845,E-Bike,48,2025-08-25,3.0,135000.0,45000.0,30.0,3.0,3.0,0.0,0.0,2.0,2.0,66,Mid Revenue,Critical
V1846,E-Bike,15,2025-09-12,4.0,145500.0,36375.0,24.25,1.0,0.0,0.0,0.0,2.0,4.0,48,Mid Revenue,Critical
V1847,E-Bike,23,2025-09-22,5.0,127500.0,25500.0,17.0,3.0,2.0,1.0,1.0,5.0,5.0,38,Mid Revenue,Critical
V1848,E-Bike,58,2025-08-10,2.0,58500.0,29250.0,19.5,2.0,0.0,0.0,0.0,2.0,2.0,81,Low Revenue,Critical
V1849,E-Bike,43,2025-08-05,2.0,84000.0,42000.0,28.0,1.0,0.0,0.0,0.0,2.0,1.0,86,Mid Revenue,Critical
V1850,E-Bike,69,2025-08-07,3.0,178500.0,59500.0,39.666666666666664,1.0,0.0,2.0,0.0,3.0,3.0,84,Mid Revenue,Critical
V1851,Shuttle Bus,19,2025-08-27,3.0,120000.0,40000.0,75.66666666666667,1.0,1.0,0.0,0.0,3.0,3.0,64,Mid Revenue,Critical
V1852,Shuttle Bus,13,2025-09-07,9.0,360000.0,40000.0,68.22222222222223,2.0,4.0,0.0,0.0,3.0,5.0,53,High Revenue,Critical
V1853,Shuttle Bus,82,2025-08-01,5.0,200000.0,40000.0,60.0,2.0,1.0,0.0,0.0,4.0,4.0,90,High Revenue,Critical
V1854,Shuttle Bus,93,2025-09-26,10.0,400000.0,40000.0,59.8,5.0,4.0,3.0,2.0,7.0,6.0,34,High Revenue,Critical
V1855,Shuttle Bus,67,2025-09-18,5.0,200000.0,40000.0,58.2,2.0,1.0,1.0,1.0,4.0,4.0,42,High Revenue,Critical
V1856,Shuttle Bus,57,2025-09-02,5.0,200000.0,40000.0,60.2,2.0,1.0,1.0,0.0,2.0,5.0,58,High Revenue,Critical
V1857,Shuttle Bus,42,2025-08-08,5.0,200000.0,40000.0,69.2,2.0,2.0,0.0,0.0,5.0,4.0,83,High Revenue,Critical
V1858,Shuttle Bus,73,2025-08-09,5.0,200000.0,40000.0,54.0,1.0,1.0,1.0,1.0,4.0,4.0,82,High Revenue,Critical
V1859,Shuttle Bus,10,2025-08-24,5.0,200000.0,40000.0,68.8,1.0,1.0,1.0,1.0,3.0,3.0,67,High Revenue,Critical
V1860,Shuttle Bus,34,2025-08-19,3.0,120000.0,40000.0,51.333333333333336,1.0,1.0,0.0,0.0,2.0,2.0,72,Mid Revenue,Critical
V1861,Shuttle Bus,62,2025-08-13,4.0,160000.0,40000.0,54.25,3.0,1.0,1.0,1.0,3.0,3.0,78,Mid Revenue,Critical
V1862,Shuttle Bus,48,2025-08-17,5.0,200000.0,40000.0,64.0,3.0,1.0,2.0,1.0,4.0,4.0,74,High Revenue,Critical
V1863,Shuttle Bus,47,2025-08-01,5.0,200000.0,40000.0,59.8,3.0,1.0,1.0,0.0,3.0,3.0,90,High Revenue,Critical
V1864,Shuttle Bus,30,2025-08-16,4.0,160000.0,40000.0,52.25,1.0,0.0,0.0,0.0,4.0,3.0,75,Mid Revenue,Critical
V1865,Shuttle Bus,59,2025-08-20,6.0,240000.0,40000.0,61.333333333333336,1.0,3.0,2.0,0.0,6.0,4.0,71,High Revenue,Critical
V1866,Shuttle Bus,14,2025-09-19,9.0,360000.0,40000.0,54.55555555555556,6.0,3.0,1.0,1.0,6.0,5.0,41,High Revenue,Critical
V1867,Shuttle Bus,90,2025-09-12,6.0,240000.0,40000.0,66.0,3.0,2.0,1.0,1.0,5.0,5.0,48,High Revenue,Critical
V1868,Shuttle Bus,41,2025-08-26,12.0,480000.0,40000.0,52.833333333333336,5.0,4.0,1.0,1.0,6.0,7.0,65,High Revenue,Critical
V1869,Shuttle Bus,21,2025-08-27,4.0,160000.0,40000.0,51.25,1.0,0.0,1.0,0.0,3.0,4.0,64,Mid Revenue,Critical
V1870,Shuttle Bus,80,2025-09-27,6.0,240000.0,40000.0,62.0,3.0,2.0,0.0,0.0,5.0,5.0,33,High Revenue,Critical
V1871,Shuttle Bus,70,2025-08-08,4.0,160000.0,40000.0,54.0,1.0,1.0,1.0,1.0,4.0,3.0,83,Mid Revenue,Critical
V1872,Shuttle Bus,10,2025-08-14,8.0,320000.0,40000.0,62.125,4.0,2.0,0.0,0.0,7.0,6.0,77,High Revenue,Critical
V1873,Shuttle Bus,35,2025-09-24,9.0,360000.0,40000.0,63.333333333333336,6.0,0.0,3.0,1.0,6.0,3.0,36,High Revenue,Critical
V1874,Shuttle Bus,95,2025-09-16,4.0,160000.0,40000.0,65.25,1.0,0.0,1.0,1.0,2.0,3.0,44,Mid Revenue,Critical
V1875,Shuttle Bus,13,2025-08-28,5.0,200000.0,40000.0,70.0,1.0,2.0,2.0,0.0,5.0,4.0,63,High Revenue,Critical
V1876,Shuttle Bus,12,2025-09-19,6.0,240000.0,40000.0,56.166666666666664,1.0,0.0,1.0,1.0,5.0,4.0,41,High Revenue,Critical
V1877,Shuttle Bus,52,2025-09-30,6.0,240000.0,40000.0,68.5,3.0,2.0,0.0,0.0,4.0,5.0,30,High Revenue,Watch
V1878,Shuttle Bus,74,2025-08-15,8.0,320000.0,40000.0,66.0,5.0,3.0,4.0,1.0,4.0,6.0,76,High Revenue,Critical
V1879,Shuttle Bus,70,2025-08-06,6.0,240000.0,40000.0,52.833333333333336,3.0,2.0,3.0,2.0,4.0,5.0,85,High Revenue,Critical
V1880,Shuttle Bus,98,2025-09-17,5.0,200000.0,40000.0,62.8,1.0,1.0,0.0,0.0,2.0,4.0,43,High Revenue,Critical
V1881,Shuttle Bus,37,2025-09-27,6.0,240000.0,40000.0,61.0,3.0,2.0,1.0,0.0,5.0,4.0,33,High Revenue,Critical
V1882,Shuttle Bus,97,2025-08-14,8.0,320000.0,40000.0,65.875,3.0,2.0,1.0,0.0,4.0,5.0,77,High Revenue,Critical
V1883,Shuttle Bus,99,2025-09-01,6.0,240000.0,40000.0,69.83333333333333,3.0,2.0,2.0,0.0,4.0,5.0,59,High Revenue,Critical
V1884,Shuttle Bus,87,2025-08-15,8.0,320000.0,40000.0,65.625,1.0,3.0,4.0,2.0,5.0,6.0,76,High Revenue,Critical
V1885,Shuttle Bus,31,2025-08-19,5.0,200000.0,40000.0,60.6,3.0,1.0,3.0,0.0,4.0,3.0,72,High Revenue,Critical
V1886,Shuttle Bus,16,2025-08-16,8.0,320000.0,40000.0,65.625,4.0,3.0,2.0,1.0,5.0,5.0,75,High Revenue,Critical
V1887,Shuttle Bus,12,2025-08-27,6.0,240000.0,40000.0,65.83333333333333,1.0,1.0,2.0,1.0,5.0,5.0,64,High Revenue,Critical
V1888,Shuttle Bus,92,2025-09-19,0.0,0.0,0.0,0.0,0.0,0.0,0.0,0.0,0.0,0.0,41,Low Revenue,Critical
V1889,Shuttle Bus,67,2025-08-28,8.0,320000.0,40000.0,55.625,3.0,3.0,1.0,0.0,5.0,6.0,63,High Revenue,Critical
V1890,Shuttle Bus,98,2025-09-04,6.0,240000.0,40000.0,63.333333333333336,4.0,3.0,1.0,1.0,5.0,6.0,56,High Revenue,Critical
V1891,Shuttle Bus,47,2025-09-12,7.0,280000.0,40000.0,57.42857142857143,4.0,4.0,0.0,0.0,5.0,4.0,48,High Revenue,Critical
V1892,Shuttle Bus,39,2025-09-15,4.0,160000.0,40000.0,58.75,1.0,2.0,0.0,0.0,3.0,3.0,45,Mid Revenue,Critical
V1893,Shuttle Bus,58,2025-08-30,7.0,280000.0,40000.0,54.57142857142857,3.0,2.0,4.0,3.0,7.0,6.0,61,High Revenue,Critical
V1894,Shuttle Bus,73,2025-09-10,3.0,120000.0,40000.0,47.0,1.0,1.0,2.0,0.0,2.0,3.0,50,Mid Revenue,Critical
V1895,Shuttle Bus,52,2025-09-14,3.0,120000.0,40000.0,57.333333333333336,0.0,0.0,0.0,0.0,3.0,2.0,46,Mid Revenue,Critical
V1896,Shuttle Bus,54,2025-09-25,5.0,200000.0,40000.0,58.0,3.0,1.0,0.0,0.0,3.0,4.0,35,High Revenue,Critical
V1897,Shuttle Bus,83,2025-08-12,7.0,280000.0,40000.0,70.28571428571429,3.0,3.0,0.0,0.0,5.0,4.0,79,High Revenue,Critical
V1898,Shuttle Bus,81,2025-08-22,3.0,120000.0,40000.0,75.0,1.0,1.0,1.0,1.0,3.0,3.0,69,Mid Revenue,Critical
V1899,Shuttle Bus,12,2025-09-25,4.0,160000.0,40000.0,67.0,4.0,1.0,2.0,1.0,3.0,3.0,35,Mid Revenue,Critical
V1900,Shuttle Bus,89,2025-08-19,7.0,280000.0,40000.0,70.71428571428571,5.0,0.0,1.0,1.0,5.0,5.0,72,High Revenue,Critical
V1901,Shuttle Bus,18,2025-09-04,8.0,320000.0,40000.0,46.75,2.0,3.0,4.0,2.0,5.0,5.0,56,High Revenue,Critical
V1902,Shuttle Bus,27,2025-08-10,5.0,200000.0,40000.0,67.4,3.0,3.0,0.0,0.0,4.0,4.0,81,High Revenue,Critical
V1903,Shuttle Bus,30,2025-08-16,3.0,120000.0,40000.0,76.66666666666667,1.0,2.0,0.0,0.0,2.0,2.0,75,Mid Revenue,Critical
V1904,Shuttle Bus,89,2025-09-06,6.0,240000.0,40000.0,58.5,0.0,1.0,1.0,0.0,5.0,5.0,54,High Revenue,Critical
V1905,Shuttle Bus,32,2025-08-29,4.0,160000.0,40000.0,66.0,2.0,1.0,1.0,1.0,3.0,4.0,62,Mid Revenue,Critical
V1906,Shuttle Bus,13,2025-09-26,12.0,480000.0,40000.0,60.833333333333336,10.0,1.0,1.0,1.0,6.0,6.0,34,High Revenue,Critical
V1907,Shuttle Bus,58,2025-09-09,6.0,240000.0,40000.0,71.5,3.0,0.0,1.0,0.0,4.0,4.0,51,High Revenue,Critical
V1908,Shuttle Bus,38,2025-09-10,3.0,120000.0,40000.0,36.0,3.0,2.0,1.0,1.0,3.0,3.0,50,Mid Revenue,Critical
V1909,Shuttle Bus,11,2025-09-18,5.0,200000.0,40000.0,65.2,2.0,2.0,1.0,1.0,3.0,3.0,42,High Revenue,Critical
V1910,Shuttle Bus,97,2025-08-05,8.0,320000.0,40000.0,60.125,5.0,2.0,1.0,1.0,6.0,6.0,86,High Revenue,Critical
V1911,Shuttle Bus,79,2025-08-04,5.0,200000.0,40000.0,61.4,2.0,2.0,2.0,0.0,3.0,4.0,87,High Revenue,Critical
V1912,Shuttle Bus,75,2025-09-20,8.0,320000.0,40000.0,64.625,3.0,4.0,0.0,0.0,6.0,5.0,40,High Revenue,Critical
V1913,Shuttle Bus,62,2025-09-17,6.0,240000.0,40000.0,53.5,3.0,2.0,1.0,1.0,4.0,4.0,43,High Revenue,Critical
V1914,Shuttle Bus,66,2025-08-12,8.0,320000.0,40000.0,59.25,3.0,1.0,2.0,1.0,5.0,5.0,79,High Revenue,Critical
V1915,Shuttle Bus,23,2025-08-07,3.0,120000.0,40000.0,63.0,2.0,0.0,0.0,0.0,2.0,3.0,84,Mid Revenue,Critical
V1916,Shuttle Bus,63,2025-08-20,6.0,240000.0,40000.0,48.5,1.0,3.0,3.0,3.0,5.0,5.0,71,High Revenue,Critical
V1917,Shuttle Bus,13,2025-08-15,6.0,240000.0,40000.0,60.5,2.0,2.0,1.0,1.0,4.0,3.0,76,High Revenue,Critical
V1918,Shuttle Bus,61,2025-09-17,5.0,200000.0,40000.0,45.0,4.0,3.0,1.0,1.0,3.0,3.0,43,High Revenue,Critical
V1919,Shuttle Bus,10,2025-08-17,3.0,120000.0,40000.0,63.333333333333336,2.0,0.0,2.0,1.0,3.0,2.0,74,Mid Revenue,Critical
V1920,Shuttle Bus,65,2025-09-12,11.0,440000.0,40000.0,67.36363636363636,8.0,2.0,2.0,1.0,6.0,5.0,48,High Revenue,Critical
V1921,Shuttle Bus,90,2025-08-10,4.0,160000.0,40000.0,67.5,3.0,1.0,0.0,0.0,4.0,3.0,81,Mid Revenue,Critical
V1922,Shuttle Bus,98,2025-09-21,8.0,320000.0,40000.0,70.25,2.0,2.0,1.0,1.0,5.0,6.0,39,High Revenue,Critical
V1923,Shuttle Bus,39,2025-09-13,6.0,240000.0,40000.0,57.833333333333336,2.0,0.0,1.0,0.0,5.0,5.0,47,High Revenue,Critical
V1924,Shuttle Bus,40,2025-09-01,4.0,160000.0,40000.0,59.0,1.0,1.0,0.0,0.0,4.0,2.0,59,Mid Revenue,Critical
V1925,Shuttle Bus,55,2025-08-12,8.0,320000.0,40000.0,50.0,4.0,3.0,3.0,3.0,6.0,6.0,79,High Revenue,Critical
V1926,Shuttle Bus,97,2025-08-12,9.0,360000.0,40000.0,67.66666666666667,3.0,4.0,1.0,0.0,6.0,6.0,79,High Revenue,Critical
V1927,Shuttle Bus,41,2025-09-24,9.0,360000.0,40000.0,65.55555555555556,4.0,2.0,3.0,2.0,5.0,6.0,36,High Revenue,Critical
V1928,Shuttle Bus,39,2025-09-26,7.0,280000.0,40000.0,58.857142857142854,4.0,1.0,1.0,0.0,6.0,5.0,34,High Revenue,Critical
V1929,Shuttle Bus,70,2025-08-04,5.0,200000.0,40000.0,53.6,0.0,0.0,3.0,0.0,3.0,4.0,87,High Revenue,Critical
V1930,Shuttle Bus,75,2025-09-11,5.0,200000.0,40000.0,71.8,0.0,1.0,0.0,0.0,4.0,3.0,49,High Revenue,Critical
V1931,Shuttle Bus,40,2025-09-21,3.0,120000.0,40000.0,75.33333333333333,2.0,0.0,2.0,0.0,2.0,2.0,39,Mid Revenue,Critical
V1932,Shuttle Bus,36,2025-09-08,5.0,200000.0,40000.0,62.0,2.0,0.0,2.0,1.0,4.0,4.0,52,High Revenue,Critical
V1933,Shuttle Bus,94,2025-09-19,9.0,360000.0,40000.0,55.55555555555556,3.0,4.0,3.0,1.0,5.0,6.0,41,High Revenue,Critical
V1934,Shuttle Bus,36,2025-08-17,2.0,80000.0,40000.0,55.5,2.0,0.0,0.0,0.0,2.0,2.0,74,Mid Revenue,Critical
V1935,Shuttle Bus,31,2025-08-22,8.0,320000.0,40000.0,56.25,2.0,3.0,3.0,1.0,6.0,5.0,69,High Revenue,Critical
V1936,Shuttle Bus,74,2025-08-23,3.0,120000.0,40000.0,48.333333333333336,0.0,2.0,0.0,0.0,3.0,3.0,68,Mid Revenue,Critical
V1937,Shuttle Bus,28,2025-09-29,3.0,120000.0,40000.0,59.333333333333336,2.0,2.0,1.0,0.0,2.0,3.0,31,Mid Revenue,Critical
V1938,Shuttle Bus,66,2025-08-24,4.0,160000.0,40000.0,71.0,1.0,1.0,1.0,0.0,4.0,2.0,67,Mid Revenue,Critical
V1939,Shuttle Bus,24,2025-09-23,3.0,120000.0,40000.0,60.333333333333336,1.0,1.0,1.0,0.0,3.0,2.0,37,Mid Revenue,Critical
V1940,Shuttle Bus,47,2025-08-22,4.0,160000.0,40000.0,71.75,2.0,1.0,0.0,0.0,2.0,4.0,69,Mid Revenue,Critical
V1941,Shuttle Bus,47,2025-09-24,3.0,120000.0,40000.0,46.0,1.0,0.0,0.0,0.0,3.0,3.0,36,Mid Revenue,Critical
V1942,Shuttle Bus,91,2025-09-25,7.0,280000.0,40000.0,48.142857142857146,2.0,2.0,2.0,1.0,5.0,5.0,35,High Revenue,Critical
V1943,Shuttle Bus,57,2025-08-29,11.0,440000.0,40000.0,64.0909090909091,5.0,1.0,3.0,1.0,5.0,7.0,62,High Revenue,Critical
V1944,Shuttle Bus,80,2025-09-16,3.0,120000.0,40000.0,58.666666666666664,1.0,2.0,2.0,1.0,2.0,3.0,44,Mid Revenue,Critical
V1945,Shuttle Bus,28,2025-08-10,3.0,120000.0,40000.0,58.0,2.0,1.0,1.0,1.0,2.0,2.0,81,Mid Revenue,Critical
V1946,Shuttle Bus,67,2025-09-22,3.0,120000.0,40000.0,46.666666666666664,1.0,1.0,2.0,0.0,3.0,3.0,38,Mid Revenue,Critical
V1947,Shuttle Bus,68,2025-08-15,3.0,120000.0,40000.0,47.666666666666664,2.0,1.0,0.0,0.0,2.0,2.0,76,Mid Revenue,Critical
V1948,Shuttle Bus,26,2025-08-12,5.0,200000.0,40000.0,62.4,4.0,1.0,1.0,1.0,4.0,4.0,79,High Revenue,Critical
V1949,Shuttle Bus,48,2025-08-05,9.0,360000.0,40000.0,61.888888888888886,4.0,0.0,1.0,0.0,7.0,6.0,86,High Revenue,Critical
V1950,Shuttle Bus,53,2025-08-21,4.0,160000.0,40000.0,62.0,1.0,1.0,0.0,0.0,3.0,3.0,70,Mid Revenue,Critical
V1951,Shuttle Bus,30,2025-09-06,6.0,240000.0,40000.0,53.166666666666664,2.0,1.0,1.0,1.0,5.0,4.0,54,High Revenue,Critical
V1952,Shuttle Bus,59,2025-08-26,6.0,240000.0,40000.0,59.166666666666664,4.0,2.0,0.0,0.0,4.0,5.0,65,High Revenue,Critical
V1953,Shuttle Bus,48,2025-08-16,4.0,160000.0,40000.0,64.5,0.0,1.0,2.0,0.0,4.0,2.0,75,Mid Revenue,Critical
V1954,Shuttle Bus,37,2025-08-22,7.0,280000.0,40000.0,66.57142857142857,1.0,2.0,2.0,0.0,5.0,5.0,69,High Revenue,Critical
V1955,Shuttle Bus,81,2025-09-14,8.0,320000.0,40000.0,64.0,1.0,1.0,4.0,1.0,6.0,6.0,46,High Revenue,Critical
V1956,Shuttle Bus,17,2025-09-19,4.0,160000.0,40000.0,57.75,1.0,2.0,1.0,1.0,2.0,4.0,41,Mid Revenue,Critical
V1957,Shuttle Bus,62,2025-09-01,6.0,240000.0,40000.0,55.5,4.0,2.0,2.0,0.0,4.0,5.0,59,High Revenue,Critical
V1958,Shuttle Bus,57,2025-09-19,8.0,320000.0,40000.0,66.25,4.0,4.0,0.0,0.0,6.0,6.0,41,High Revenue,Critical
V1959,Shuttle Bus,33,2025-09-28,5.0,200000.0,40000.0,57.8,2.0,1.0,2.0,2.0,3.0,4.0,32,High Revenue,Critical
V1960,Shuttle Bus,17,2025-09-28,5.0,200000.0,40000.0,71.6,2.0,1.0,0.0,0.0,5.0,3.0,32,High Revenue,Critical
V1961,Shuttle Bus,65,2025-08-12,2.0,80000.0,40000.0,74.5,0.0,2.0,1.0,1.0,2.0,2.0,79,Mid Revenue,Critical
V1962,Shuttle Bus,99,2025-08-12,9.0,360000.0,40000.0,68.55555555555556,4.0,1.0,1.0,0.0,5.0,5.0,79,High Revenue,Critical
V1963,Shuttle Bus,14,2025-09-11,8.0,320000.0,40000.0,65.125,6.0,1.0,3.0,1.0,6.0,5.0,49,High Revenue,Critical
V1964,Shuttle Bus,80,2025-08-11,7.0,280000.0,40000.0,62.42857142857143,3.0,1.0,1.0,0.0,5.0,5.0,80,High Revenue,Critical
V1965,Shuttle Bus,22,2025-09-29,9.0,360000.0,40000.0,62.888888888888886,5.0,3.0,1.0,1.0,5.0,6.0,31,High Revenue,Critical
V1966,Shuttle Bus,59,2025-08-09,7.0,280000.0,40000.0,58.142857142857146,3.0,1.0,2.0,2.0,4.0,5.0,82,High Revenue,Critical
V1967,Shuttle Bus,20,2025-09-03,9.0,360000.0,40000.0,56.44444444444444,2.0,4.0,2.0,2.0,6.0,4.0,57,High Revenue,Critical
V1968,Shuttle Bus,22,2025-09-01,6.0,240000.0,40000.0,63.166666666666664,1.0,1.0,1.0,1.0,4.0,5.0,59,High Revenue,Critical
V1969,Shuttle Bus,47,2025-09-02,5.0,200000.0,40000.0,62.4,3.0,1.0,2.0,2.0,4.0,4.0,58,High Revenue,Critical
V1970,Shuttle Bus,83,2025-09-24,2.0,80000.0,40000.0,59.0,2.0,0.0,2.0,0.0,2.0,2.0,36,Mid Revenue,Critical
V1971,Shuttle Bus,62,2025-09-27,3.0,120000.0,40000.0,53.0,2.0,1.0,0.0,0.0,3.0,3.0,33,Mid Revenue,Critical
V1972,Shuttle Bus,44,2025-08-04,4.0,160000.0,40000.0,67.5,0.0,2.0,1.0,0.0,3.0,3.0,87,Mid Revenue,Critical
V1973,Shuttle Bus,59,2025-09-15,4.0,160000.0,40000.0,65.25,2.0,3.0,1.0,0.0,3.0,4.0,45,Mid Revenue,Critical
V1974,Shuttle Bus,45,2025-08-13,12.0,480000.0,40000.0,60.166666666666664,4.0,3.0,2.0,1.0,6.0,5.0,78,High Revenue,Critical
V1975,Shuttle Bus,67,2025-08-18,5.0,200000.0,40000.0,64.8,1.0,2.0,1.0,0.0,4.0,4.0,73,High Revenue,Critical
V1976,Shuttle Bus,35,2025-08-20,12.0,480000.0,40000.0,57.5,6.0,5.0,2.0,1.0,7.0,7.0,71,High Revenue,Critical
V1977,Shuttle Bus,17,2025-08-19,7.0,280000.0,40000.0,52.285714285714285,4.0,1.0,1.0,0.0,6.0,4.0,72,High Revenue,Critical
V1978,Shuttle Bus,24,2025-09-10,6.0,240000.0,40000.0,61.0,1.0,1.0,1.0,1.0,6.0,4.0,50,High Revenue,Critical
V1979,Shuttle Bus,34,2025-09-13,4.0,160000.0,40000.0,50.25,3.0,1.0,0.0,0.0,3.0,4.0,47,Mid Revenue,Critical
V1980,Shuttle Bus,16,2025-09-23,2.0,80000.0,40000.0,42.5,0.0,0.0,0.0,0.0,1.0,2.0,37,Mid Revenue,Critical
V1981,Shuttle Bus,40,2025-09-24,6.0,240000.0,40000.0,59.833333333333336,2.0,2.0,0.0,0.0,4.0,4.0,36,High Revenue,Critical
V1982,Shuttle Bus,26,2025-08-20,6.0,240000.0,40000.0,47.333333333333336,3.0,3.0,2.0,1.0,4.0,3.0,71,High Revenue,Critical
V1983,Shuttle Bus,43,2025-09-03,11.0,440000.0,40000.0,59.72727272727273,7.0,3.0,0.0,0.0,7.0,6.0,57,High Revenue,Critical
V1984,Shuttle Bus,29,2025-08-22,0.0,0.0,0.0,0.0,0.0,0.0,0.0,0.0,0.0,0.0,69,Low Revenue,Critical
V1985,Shuttle Bus,71,2025-09-16,8.0,320000.0,40000.0,64.75,2.0,3.0,1.0,1.0,5.0,6.0,44,High Revenue,Critical
V1986,Shuttle Bus,45,2025-08-20,4.0,160000.0,40000.0,72.75,2.0,2.0,0.0,0.0,3.0,3.0,71,Mid Revenue,Critical
V1987,Shuttle Bus,19,2025-09-05,9.0,360000.0,40000.0,66.11111111111111,2.0,2.0,4.0,3.0,2.0,5.0,55,High Revenue,Critical
V1988,Shuttle Bus,78,2025-08-28,5.0,200000.0,40000.0,42.8,3.0,0.0,1.0,0.0,2.0,4.0,63,High Revenue,Critical
V1989,Shuttle Bus,26,2025-08-22,6.0,240000.0,40000.0,69.16666666666667,4.0,1.0,1.0,1.0,4.0,3.0,69,High Revenue,Critical
V1990,Shuttle Bus,96,2025-09-13,7.0,280000.0,40000.0,59.0,3.0,0.0,5.0,2.0,5.0,5.0,47,High Revenue,Critical
V1991,Shuttle Bus,40,2025-08-06,6.0,240000.0,40000.0,62.333333333333336,2.0,1.0,1.0,1.0,3.0,5.0,85,High Revenue,Critical
V1992,Shuttle Bus,77,2025-08-10,8.0,320000.0,40000.0,70.875,3.0,0.0,3.0,3.0,6.0,5.0,81,High Revenue,Critical
V1993,Shuttle Bus,71,2025-08-19,4.0,160000.0,40000.0,65.75,2.0,1.0,2.0,1.0,4.0,3.0,72,Mid Revenue,Critical
V1994,Shuttle Bus,69,2025-09-21,5.0,200000.0,40000.0,66.6,2.0,1.0,2.0,1.0,4.0,3.0,39,High Revenue,Critical
V1995,Shuttle Bus,71,2025-09-13,14.0,560000.0,40000.0,58.785714285714285,5.0,7.0,0.0,0.0,7.0,6.0,47,High Revenue,Critical
V1996,Shuttle Bus,48,2025-09-16,5.0,200000.0,40000.0,56.4,4.0,4.0,2.0,2.0,4.0,3.0,44,High Revenue,Critical
V1997,Shuttle Bus,24,2025-08-07,6.0,240000.0,40000.0,58.5,1.0,3.0,1.0,1.0,4.0,5.0,84,High Revenue,Critical
V1998,Shuttle Bus,50,2025-08-17,8.0,320000.0,40000.0,62.375,3.0,1.0,0.0,0.0,5.0,5.0,74,High Revenue,Critical
V1999,Shuttle Bus,81,2025-08-24,9.0,360000.0,40000.0,66.33333333333333,4.0,2.0,5.0,4.0,5.0,5.0,67,High Revenue,Critical
V2000,Shuttle Bus,73,2025-09-26,8.0,320000.0,40000.0,57.75,5.0,1.0,0.0,0.0,3.0,4.0,34,High Revenue,Critical
V2001,Shuttle Bus,88,2025-08-08,7.0,280000.0,40000.0,59.57142857142857,3.0,0.0,1.0,1.0,5.0,4.0,83,High Revenue,Critical
V2002,Shuttle Bus,15,2025-08-11,5.0,200000.0,40000.0,75.0,2.0,0.0,0.0,0.0,4.0,5.0,80,High Revenue,Critical
V2003,Shuttle Bus,16,2025-08-04,8.0,320000.0,40000.0,66.25,2.0,2.0,1.0,1.0,7.0,6.0,87,High Revenue,Critical
V2004,Shuttle Bus,24,2025-09-14,14.0,560000.0,40000.0,58.142857142857146,7.0,2.0,4.0,3.0,8.0,7.0,46,High Revenue,Critical
V2005,Shuttle Bus,69,2025-09-02,6.0,240000.0,40000.0,61.5,4.0,0.0,2.0,1.0,4.0,4.0,58,High Revenue,Critical
V2006,Shuttle Bus,65,2025-08-01,10.0,400000.0,40000.0,69.6,5.0,3.0,2.0,1.0,7.0,7.0,90,High Revenue,Critical
V2007,Shuttle Bus,21,2025-08-16,8.0,320000.0,40000.0,61.75,5.0,2.0,3.0,1.0,6.0,6.0,75,High Revenue,Critical
V2008,Shuttle Bus,28,2025-08-31,2.0,80000.0,40000.0,49.0,1.0,1.0,0.0,0.0,1.0,2.0,60,Mid Revenue,Critical
V2009,Shuttle Bus,82,2025-09-11,10.0,400000.0,40000.0,64.1,2.0,4.0,0.0,0.0,4.0,5.0,49,High Revenue,Critical
V2010,Shuttle Bus,11,2025-08-29,9.0,360000.0,40000.0,52.888888888888886,6.0,3.0,3.0,0.0,7.0,5.0,62,High Revenue,Critical
V2011,Shuttle Bus,27,2025-08-30,7.0,280000.0,40000.0,59.142857142857146,2.0,2.0,3.0,2.0,6.0,5.0,61,High Revenue,Critical
V2012,Shuttle Bus,93,2025-08-11,8.0,320000.0,40000.0,63.75,4.0,2.0,1.0,1.0,3.0,5.0,80,High Revenue,Critical
V2013,Shuttle Bus,98,2025-08-10,2.0,80000.0,40000.0,69.5,1.0,2.0,0.0,0.0,2.0,2.0,81,Mid Revenue,Critical
V2014,Shuttle Bus,26,2025-08-04,3.0,120000.0,40000.0,75.33333333333333,0.0,1.0,0.0,0.0,2.0,2.0,87,Mid Revenue,Critical
V2015,Shuttle Bus,36,2025-08-17,6.0,240000.0,40000.0,56.5,2.0,1.0,0.0,0.0,3.0,3.0,74,High Revenue,Critical
V2016,Shuttle Bus,89,2025-09-11,5.0,200000.0,40000.0,76.2,3.0,0.0,1.0,1.0,3.0,4.0,49,High Revenue,Critical
V2017,Shuttle Bus,89,2025-08-23,5.0,200000.0,40000.0,49.4,4.0,1.0,0.0,0.0,4.0,3.0,68,High Revenue,Critical
V2018,Shuttle Bus,42,2025-08-09,2.0,80000.0,40000.0,62.5,1.0,0.0,0.0,0.0,2.0,1.0,82,Mid Revenue,Critical
V2019,Shuttle Bus,39,2025-09-19,4.0,160000.0,40000.0,69.75,2.0,2.0,0.0,0.0,3.0,4.0,41,Mid Revenue,Critical
V2020,Shuttle Bus,16,2025-09-05,8.0,320000.0,40000.0,54.875,4.0,4.0,1.0,1.0,6.0,6.0,55,High Revenue,Critical
V2021,Shuttle Bus,35,2025-09-05,9.0,360000.0,40000.0,54.44444444444444,5.0,3.0,0.0,0.0,6.0,5.0,55,High Revenue,Critical
V2022,Shuttle Bus,48,2025-08-19,2.0,80000.0,40000.0,54.0,1.0,0.0,0.0,0.0,2.0,2.0,72,Mid Revenue,Critical
V2023,Shuttle Bus,42,2025-09-09,6.0,240000.0,40000.0,64.5,3.0,0.0,0.0,0.0,4.0,5.0,51,High Revenue,Critical
V2024,Shuttle Bus,89,2025-09-10,5.0,200000.0,40000.0,54.2,3.0,2.0,3.0,1.0,5.0,3.0,50,High Revenue,Critical
V2025,Shuttle Bus,99,2025-09-06,6.0,240000.0,40000.0,58.833333333333336,3.0,2.0,2.0,1.0,4.0,5.0,54,High Revenue,Critical
V2026,Shuttle Bus,96,2025-08-19,9.0,360000.0,40000.0,60.22222222222222,4.0,5.0,2.0,1.0,6.0,6.0,72,High Revenue,Critical
V2027,Shuttle Bus,12,2025-09-19,6.0,240000.0,40000.0,59.5,3.0,1.0,1.0,1.0,5.0,4.0,41,High Revenue,Critical
V2028,Shuttle Bus,76,2025-09-03,2.0,80000.0,40000.0,38.0,1.0,0.0,0.0,0.0,2.0,2.0,57,Mid Revenue,Critical
V2029,Shuttle Bus,100,2025-08-26,4.0,160000.0,40000.0,56.0,2.0,1.0,3.0,1.0,4.0,4.0,65,Mid Revenue,Critical
V2030,Shuttle Bus,11,2025-09-29,4.0,160000.0,40000.0,61.75,2.0,1.0,2.0,0.0,3.0,4.0,31,Mid Revenue,Critical
V2031,Shuttle Bus,88,2025-09-13,9.0,360000.0,40000.0,55.77777777777778,5.0,5.0,2.0,1.0,5.0,5.0,47,High Revenue,Critical
V2032,Shuttle Bus,98,2025-09-06,10.0,400000.0,40000.0,53.8,6.0,2.0,4.0,2.0,5.0,7.0,54,High Revenue,Critical
V2033,Shuttle Bus,75,2025-08-24,5.0,200000.0,40000.0,59.8,3.0,1.0,1.0,0.0,4.0,4.0,67,High Revenue,Critical
V2034,Shuttle Bus,73,2025-09-11,8.0,320000.0,40000.0,62.875,6.0,3.0,0.0,0.0,5.0,5.0,49,High Revenue,Critical
V2035,Shuttle Bus,26,2025-08-21,4.0,160000.0,40000.0,48.0,0.0,1.0,0.0,0.0,4.0,4.0,70,Mid Revenue,Critical
V2036,Shuttle Bus,60,2025-08-03,6.0,240000.0,40000.0,70.0,5.0,1.0,1.0,1.0,5.0,4.0,88,High Revenue,Critical
V2037,Shuttle Bus,24,2025-09-30,7.0,280000.0,40000.0,50.42857142857143,2.0,3.0,1.0,1.0,5.0,5.0,30,High Revenue,Watch
V2038,Shuttle Bus,92,2025-08-06,5.0,200000.0,40000.0,46.0,2.0,1.0,1.0,0.0,3.0,4.0,85,High Revenue,Critical
V2039,Shuttle Bus,99,2025-08-28,10.0,400000.0,40000.0,62.9,5.0,4.0,2.0,1.0,5.0,7.0,63,High Revenue,Critical
V2040,Shuttle Bus,32,2025-09-01,11.0,440000.0,40000.0,60.18181818181818,3.0,3.0,5.0,2.0,7.0,6.0,59,High Revenue,Critical
V2041,Shuttle Bus,17,2025-08-14,8.0,320000.0,40000.0,70.0,4.0,3.0,1.0,1.0,5.0,6.0,77,High Revenue,Critical
V2042,Shuttle Bus,22,2025-08-21,4.0,160000.0,40000.0,69.25,1.0,0.0,1.0,0.0,2.0,3.0,70,Mid Revenue,Critical
V2043,Shuttle Bus,83,2025-09-17,3.0,120000.0,40000.0,45.666666666666664,1.0,1.0,1.0,1.0,2.0,3.0,43,Mid Revenue,Critical
V2044,Shuttle Bus,10,2025-08-13,7.0,280000.0,40000.0,68.14285714285714,5.0,2.0,1.0,1.0,5.0,5.0,78,High Revenue,Critical
V2045,Shuttle Bus,81,2025-09-27,8.0,320000.0,40000.0,54.875,6.0,2.0,5.0,4.0,5.0,6.0,33,High Revenue,Critical
V2046,Shuttle Bus,18,2025-08-11,3.0,120000.0,40000.0,41.0,1.0,1.0,1.0,1.0,2.0,3.0,80,Mid Revenue,Critical
V2047,Shuttle Bus,82,2025-09-13,9.0,360000.0,40000.0,58.44444444444444,5.0,4.0,3.0,0.0,5.0,5.0,47,High Revenue,Critical
V2048,Shuttle Bus,41,2025-09-29,12.0,480000.0,40000.0,63.916666666666664,5.0,1.0,3.0,1.0,5.0,7.0,31,High Revenue,Critical
V2049,Shuttle Bus,25,2025-08-10,8.0,320000.0,40000.0,58.875,3.0,1.0,2.0,0.0,4.0,4.0,81,High Revenue,Critical
V2050,Shuttle Bus,47,2025-08-07,9.0,360000.0,40000.0,48.0,6.0,0.0,3.0,2.0,7.0,5.0,84,High Revenue,Critical
V2051,Shuttle Bus,96,2025-09-11,6.0,240000.0,40000.0,63.166666666666664,3.0,0.0,1.0,1.0,5.0,4.0,49,High Revenue,Critical
V2052,Shuttle Bus,88,2025-09-16,6.0,240000.0,40000.0,67.33333333333333,4.0,2.0,1.0,0.0,5.0,4.0,44,High Revenue,Critical
V2053,Shuttle Bus,100,2025-09-28,4.0,160000.0,40000.0,40.75,2.0,1.0,3.0,1.0,4.0,4.0,32,Mid Revenue,Critical
V2054,Shuttle Bus,79,2025-09-21,9.0,360000.0,40000.0,60.44444444444444,4.0,2.0,3.0,1.0,6.0,5.0,39,High Revenue,Critical
V2055,Shuttle Bus,20,2025-09-19,9.0,360000.0,40000.0,60.44444444444444,5.0,1.0,0.0,0.0,6.0,6.0,41,High Revenue,Critical
V2056,Shuttle Bus,41,2025-09-04,8.0,320000.0,40000.0,45.25,6.0,3.0,2.0,0.0,5.0,6.0,56,High Revenue,Critical
V2057,Shuttle Bus,60,2025-09-05,5.0,200000.0,40000.0,62.0,1.0,1.0,1.0,1.0,3.0,4.0,55,High Revenue,Critical
V2058,Shuttle Bus,98,2025-08-13,9.0,360000.0,40000.0,53.77777777777778,2.0,2.0,0.0,0.0,6.0,7.0,78,High Revenue,Critical
V2059,Shuttle Bus,58,2025-08-01,2.0,80000.0,40000.0,57.5,2.0,0.0,1.0,0.0,2.0,1.0,90,Mid Revenue,Critical
V2060,Shuttle Bus,94,2025-09-09,10.0,400000.0,40000.0,59.5,5.0,4.0,2.0,1.0,6.0,7.0,51,High Revenue,Critical
V2061,Shuttle Bus,12,2025-09-25,4.0,160000.0,40000.0,59.0,2.0,3.0,0.0,0.0,3.0,3.0,35,Mid Revenue,Critical
V2062,Shuttle Bus,61,2025-08-12,5.0,200000.0,40000.0,73.6,3.0,2.0,1.0,1.0,5.0,4.0,79,High Revenue,Critical
V2063,Shuttle Bus,12,2025-09-07,6.0,240000.0,40000.0,66.83333333333333,4.0,1.0,1.0,0.0,4.0,4.0,53,High Revenue,Critical
V2064,Shuttle Bus,23,2025-09-13,7.0,280000.0,40000.0,69.0,4.0,2.0,0.0,0.0,6.0,3.0,47,High Revenue,Critical
V2065,Shuttle Bus,74,2025-09-12,6.0,240000.0,40000.0,58.833333333333336,3.0,2.0,0.0,0.0,4.0,6.0,48,High Revenue,Critical
V2066,Shuttle Bus,60,2025-08-28,7.0,280000.0,40000.0,49.857142857142854,3.0,3.0,3.0,1.0,5.0,7.0,63,High Revenue,Critical
V2067,Shuttle Bus,37,2025-09-06,4.0,160000.0,40000.0,67.25,2.0,2.0,2.0,1.0,4.0,3.0,54,Mid Revenue,Critical
V2068,Shuttle Bus,75,2025-09-10,5.0,200000.0,40000.0,57.2,2.0,1.0,1.0,1.0,3.0,5.0,50,High Revenue,Critical
V2069,Shuttle Bus,66,2025-09-28,8.0,320000.0,40000.0,62.375,6.0,5.0,3.0,1.0,6.0,7.0,32,High Revenue,Critical
V2070,Shuttle Bus,30,2025-09-05,4.0,160000.0,40000.0,78.75,2.0,0.0,0.0,0.0,3.0,4.0,55,Mid Revenue,Critical
V2071,Shuttle Bus,90,2025-09-18,4.0,160000.0,40000.0,62.75,1.0,1.0,0.0,0.0,2.0,3.0,42,Mid Revenue,Critical
V2072,Shuttle Bus,18,2025-08-25,12.0,480000.0,40000.0,54.083333333333336,7.0,4.0,1.0,1.0,5.0,7.0,66,High Revenue,Critical
V2073,Shuttle Bus,85,2025-09-25,11.0,440000.0,40000.0,61.72727272727273,5.0,3.0,3.0,1.0,5.0,6.0,35,High Revenue,Critical
V2074,Shuttle Bus,24,2025-09-01,2.0,80000.0,40000.0,73.5,1.0,0.0,0.0,0.0,2.0,2.0,59,Mid Revenue,Critical
V2075,Shuttle Bus,73,2025-08-28,1.0,40000.0,40000.0,66.0,1.0,0.0,0.0,0.0,1.0,1.0,63,Low Revenue,Critical
V2076,Shuttle Bus,28,2025-09-16,2.0,80000.0,40000.0,68.5,0.0,0.0,1.0,0.0,2.0,1.0,44,Mid Revenue,Critical
V2077,Shuttle Bus,21,2025-09-24,4.0,160000.0,40000.0,55.75,1.0,0.0,1.0,1.0,3.0,3.0,36,Mid Revenue,Critical
V2078,Shuttle Bus,68,2025-08-28,4.0,160000.0,40000.0,53.25,2.0,0.0,1.0,0.0,4.0,4.0,63,Mid Revenue,Critical
V2079,Shuttle Bus,61,2025-09-15,5.0,200000.0,40000.0,66.8,2.0,2.0,1.0,1.0,3.0,4.0,45,High Revenue,Critical
V2080,Shuttle Bus,92,2025-08-13,5.0,200000.0,40000.0,75.4,3.0,3.0,2.0,1.0,3.0,5.0,78,High Revenue,Critical
V2081,Shuttle Bus,66,2025-08-24,5.0,200000.0,40000.0,62.8,3.0,3.0,1.0,0.0,4.0,4.0,67,High Revenue,Critical
V2082,Shuttle Bus,51,2025-08-08,7.0,280000.0,40000.0,57.857142857142854,3.0,3.0,0.0,0.0,5.0,5.0,83,High Revenue,Critical
V2083,Shuttle Bus,19,2025-08-31,7.0,280000.0,40000.0,58.714285714285715,1.0,3.0,2.0,1.0,6.0,5.0,60,High Revenue,Critical
V2084,Shuttle Bus,22,2025-09-12,2.0,80000.0,40000.0,71.0,1.0,0.0,0.0,0.0,2.0,2.0,48,Mid Revenue,Critical
V2085,Shuttle Bus,99,2025-09-15,5.0,200000.0,40000.0,63.6,0.0,2.0,0.0,0.0,3.0,3.0,45,High Revenue,Critical
V2086,Shuttle Bus,71,2025-09-13,5.0,200000.0,40000.0,68.4,1.0,1.0,0.0,0.0,4.0,3.0,47,High Revenue,Critical
V2087,Shuttle Bus,39,2025-09-03,3.0,120000.0,40000.0,47.333333333333336,1.0,1.0,2.0,1.0,3.0,3.0,57,Mid Revenue,Critical
V2088,Shuttle Bus,81,2025-08-11,7.0,280000.0,40000.0,66.0,2.0,2.0,1.0,1.0,5.0,4.0,80,High Revenue,Critical
V2089,Shuttle Bus,42,2025-09-19,8.0,320000.0,40000.0,58.125,3.0,1.0,1.0,0.0,6.0,5.0,41,High Revenue,Critical
V2090,Shuttle Bus,61,2025-08-13,6.0,240000.0,40000.0,54.333333333333336,2.0,2.0,0.0,0.0,6.0,4.0,78,High Revenue,Critical
V2091,Shuttle Bus,91,2025-08-01,7.0,280000.0,40000.0,72.14285714285714,4.0,0.0,0.0,0.0,5.0,5.0,90,High Revenue,Critical
V2092,Shuttle Bus,100,2025-09-01,7.0,280000.0,40000.0,59.285714285714285,3.0,1.0,0.0,0.0,4.0,4.0,59,High Revenue,Critical
V2093,Shuttle Bus,87,2025-08-25,6.0,240000.0,40000.0,55.0,1.0,2.0,1.0,0.0,4.0,4.0,66,High Revenue,Critical
V2094,Shuttle Bus,86,2025-08-08,3.0,120000.0,40000.0,60.333333333333336,2.0,1.0,1.0,1.0,2.0,3.0,83,Mid Revenue,Critical
V2095,Shuttle Bus,31,2025-08-06,6.0,240000.0,40000.0,58.666666666666664,2.0,1.0,1.0,1.0,4.0,5.0,85,High Revenue,Critical
V2096,Shuttle Bus,92,2025-09-06,4.0,160000.0,40000.0,53.0,2.0,1.0,0.0,0.0,3.0,3.0,54,Mid Revenue,Critical
V2097,Shuttle Bus,85,2025-09-02,3.0,120000.0,40000.0,67.0,1.0,0.0,0.0,0.0,3.0,2.0,58,Mid Revenue,Critical
V2098,Shuttle Bus,74,2025-09-16,8.0,320000.0,40000.0,52.25,5.0,3.0,0.0,0.0,6.0,5.0,44,High Revenue,Critical
V2099,Shuttle Bus,69,2025-09-13,7.0,280000.0,40000.0,64.71428571428571,4.0,1.0,0.0,0.0,6.0,4.0,47,High Revenue,Critical
V2100,Shuttle Bus,45,2025-09-10,9.0,360000.0,40000.0,64.77777777777777,5.0,5.0,1.0,1.0,6.0,7.0,50,High Revenue,Critical
